-8.54741668701172,31.6720066070557,-0.0175697095692158,0.0151010155677795
-8.29476356506348,31.6751270294189,-0.016271211206913,0.0151564329862595
-8.04148101806641,31.6781520843506,-0.0178026780486107,0.0151554942131042
-7.78803157806396,31.6810436248779,-0.0199163872748613,0.0150544494390488
-7.53492593765259,31.6837635040283,-0.0201439820230007,0.0149166882038116
-7.28227806091309,31.6863479614258,-0.0179515015333891,0.0148410499095917
-7.02966260910034,31.688943862915,-0.0153942154720426,0.0148973315954208
-6.77647590637207,31.6916027069092,-0.0153582207858562,0.0149471610784531
-6.52287626266479,31.6943302154541,-0.0170729458332062,0.0148826092481613
-6.26907348632812,31.6971740722656,-0.0195277761667967,0.0147594213485718
-6.01503038406372,31.7001495361328,-0.022889781743288,0.0146363973617554
-5.76118803024292,31.7031631469727,-0.0250676888972521,0.014503687620163
-5.50806617736816,31.706090927124,-0.0236025750637054,0.014426127076149
-5.25546312332153,31.7089519500732,-0.0194745883345604,0.0144861042499542
-5.0024881362915,31.7118549346924,-0.0168952699750662,0.0146683901548386
-4.74863624572754,31.7148571014404,-0.0182310957461596,0.0148395150899887
-4.49454784393311,31.7178649902344,-0.0204491876065731,0.0148889869451523
-4.24100875854492,31.7208290100098,-0.0198634061962366,0.0147983580827713
-3.98803305625916,31.7238750457764,-0.016428017988801,0.0146284997463226
-3.73519611358643,31.7270526885986,-0.0121376626193523,0.0145231932401657
-3.48218655586243,31.7303104400635,-0.00844727735966444,0.0145213752985001
-3.2288670539856,31.7334861755371,-0.00599102582782507,0.0144837945699692
-2.9750657081604,31.7364921569824,-0.00555943325161934,0.0143340080976486
-2.72062468528748,31.7394104003906,-0.00786569621413946,0.0142034143209457
-2.46556758880615,31.7423572540283,-0.0127850389108062,0.0142281800508499
-2.2100145816803,31.7453479766846,-0.0197448246181011,0.0142831355333328
-1.95449495315552,31.7483978271484,-0.0263022370636463,0.0141944736242294
-1.69954979419708,31.7515392303467,-0.0299764666706324,0.0140528380870819
-1.44548285007477,31.7548160552979,-0.0293953567743301,0.0140218883752823
-1.19210481643677,31.757999420166,-0.0254516266286373,0.0140713155269623
-0.938697755336761,31.7609710693359,-0.0214374680072069,0.0140851885080338
-0.684730410575867,31.7639656066895,-0.0197669137269258,0.0140903890132904
-0.430211693048477,31.767110824585,-0.0203835982829332,0.014146476984024
-0.175561100244522,31.7702922821045,-0.0213744267821312,0.0142150968313217
0.0790472701191902,31.7734260559082,-0.0219503603875637,0.0142080783843994
0.333505988121033,31.7766265869141,-0.0216282811015844,0.0141391903162003
0.587602078914642,31.779878616333,-0.0194548591971397,0.0140418261289597
0.841454327106476,31.7831783294678,-0.0159748941659927,0.0139684826135635
1.09545969963074,31.7865753173828,-0.0129744969308376,0.0139490216970444
1.3500143289566,31.7899627685547,-0.0122226998209953,0.013987123966217
1.60515296459198,31.7931346893311,-0.0138624366372824,0.0140783190727234
1.86065113544464,31.7961444854736,-0.0168787594884634,0.0141339302062988
2.11615610122681,31.799201965332,-0.0196923073381186,0.0140610337257385
2.37101006507874,31.8023319244385,-0.0193850826472044,0.0138835310935974
2.62510967254639,31.8056125640869,-0.0155183756724,0.0137474089860916
2.87920832633972,31.8091716766357,-0.0114414021372795,0.0136711150407791
3.13407206535339,31.8127117156982,-0.0105353910475969,0.0135984569787979
3.38925528526306,31.8159770965576,-0.0108195981010795,0.01351298391819
3.64421081542969,31.8191165924072,-0.0098854061216116,0.0135175287723541
3.89940309524536,31.8224563598633,-0.00977000501006842,0.0136482566595078
4.15522289276123,31.8260631561279,-0.0121780736371875,0.0138161778450012
4.41097354888916,31.8297309875488,-0.0140552371740341,0.013989195227623
4.66618490219116,31.8333568572998,-0.0133558670058846,0.014133483171463
4.92109107971191,31.8367538452148,-0.0111138978973031,0.014230877161026
5.17603445053101,31.8400573730469,-0.00882090628147125,0.0142009407281876
6.96238327026367,31.8647613525391,0.00562298996374011,0.0141583234071732
7.21777486801147,31.8681392669678,0.007681870367378,0.0141046643257141
-8.54505443572998,31.422966003418,-0.0120620988309383,0.0150221735239029
-8.29247856140137,31.4260082244873,-0.0103831766173244,0.0150763988494873
-8.03935623168945,31.4289226531982,-0.0111384205520153,0.0150528997182846
-7.78610134124756,31.4317150115967,-0.0123080825433135,0.0149174928665161
-7.53304386138916,31.4343757629395,-0.0123036280274391,0.0147425979375839
-7.28002834320068,31.4370059967041,-0.0118757542222738,0.0146433562040329
-7.02658414840698,31.4397525787354,-0.0132835851982236,0.0147291868925095
-6.77259635925293,31.4425354003906,-0.0170658957213163,0.0148458033800125
-6.51871204376221,31.4452381134033,-0.0201177336275578,0.0148430019617081
-6.26514673233032,31.4479141235352,-0.0214152187108994,0.0147585570812225
-6.01152038574219,31.4507160186768,-0.0227756127715111,0.0146641433238983
-5.75793790817261,31.453634262085,-0.0236994419246912,0.014556348323822
-5.50482892990112,31.4565544128418,-0.0221587177366018,0.0144708752632141
-5.25209856033325,31.4594783782959,-0.0186131577938795,0.0144864618778229
-4.99908208847046,31.4624938964844,-0.0162118822336197,0.0145967900753021
-4.74536418914795,31.4656028747559,-0.0168952941894531,0.0146800428628922
-4.49140548706055,31.468656539917,-0.0184865165501833,0.0146439671516418
-4.23772096633911,31.4715747833252,-0.0185664463788271,0.0145218670368195
-3.98423981666565,31.474458694458,-0.017476124688983,0.0144093036651611
-3.73077321052551,31.4774188995361,-0.0161008853465319,0.0143987983465195
-3.47753024101257,31.4805335998535,-0.0134679600596428,0.0144535154104233
-3.22460985183716,31.4836864471436,-0.00912852492183447,0.0144182443618774
-2.97137117385864,31.4867172241211,-0.00606135698035359,0.01425701379776
-2.71701622009277,31.4896221160889,-0.00794756412506104,0.0141198635101318
-2.46167230606079,31.4925651550293,-0.0141683090478182,0.0141263157129288
-2.20605850219727,31.4955997467041,-0.0213843323290348,0.014163538813591
-1.95091736316681,31.4986743927002,-0.0261777080595493,0.0140922665596008
-1.69650721549988,31.5017642974854,-0.0273781213909388,0.0140039175748825
-1.44273734092712,31.5049362182617,-0.025423051789403,0.0140044242143631
-1.18927705287933,31.5080871582031,-0.0218420680612326,0.0140305608510971
-0.935569763183594,31.5111598968506,-0.0191817786544561,0.0139935463666916
-0.681329488754272,31.5142955780029,-0.0187346637248993,0.0139534771442413
-0.426706373691559,31.5174655914307,-0.0198061242699623,0.0139888674020767
-0.172111958265305,31.5205192565918,-0.0205234866589308,0.014064684510231
0.0822790265083313,31.5234775543213,-0.0200988966971636,0.0140944421291351
0.336461633443832,31.5265865325928,-0.0185150671750307,0.014061450958252
0.590528547763824,31.5298538208008,-0.0161960180848837,0.0139725208282471
0.84480482339859,31.5331935882568,-0.0146058788523078,0.0138910263776779
1.09937822818756,31.5365829467773,-0.0141333714127541,0.0138676315546036
1.35409557819366,31.5399303436279,-0.0140869757160544,0.0138894617557526
1.60881471633911,31.5430717468262,-0.0138301961123943,0.0139330923557281
1.86362397670746,31.5460624694824,-0.0137566300109029,0.0139404684305191
2.11863541603088,31.5491104125977,-0.0143622495234013,0.0138761252164841
2.37336325645447,31.5522403717041,-0.0134855564683676,0.0137707740068436
2.62759232521057,31.5555191040039,-0.0101849362254143,0.0137190818786621
2.88193917274475,31.559024810791,-0.00719591369852424,0.0137086361646652
3.13707756996155,31.5624675750732,-0.00748956110328436,0.0136915743350983
3.39242935180664,31.5656547546387,-0.00850291457027197,0.0136762261390686
3.64734745025635,31.5687713623047,-0.00738828862085938,0.0137453973293304
3.90238952636719,31.5720958709717,-0.00660107797011733,0.0138852894306183
4.15826606750488,31.5756359100342,-0.00924546644091606,0.0139897465705872
4.41442680358887,31.579195022583,-0.0129010528326035,0.0140469819307327
4.67010259628296,31.5827236175537,-0.0142068797722459,0.0140855461359024
4.92512893676758,31.5861186981201,-0.0124680893495679,0.0141101181507111
5.17983198165894,31.5894069671631,-0.00911173224449158,0.0140821039676666
6.96651029586792,31.6138515472412,0.00404790323227644,0.0140766054391861
7.22221565246582,31.6171836853027,0.004786292091012,0.0140095055103302
-8.54151344299316,31.1737384796143,-0.0123007912188768,0.0149496346712112
-8.28898811340332,31.1767272949219,-0.0103588560596108,0.0150358974933624
-8.03560829162598,31.1795215606689,-0.0123383589088917,0.0150151252746582
-7.78243446350098,31.1824131011963,-0.0130969164893031,0.0149308741092682
-7.52915573120117,31.1850509643555,-0.0141368610784411,0.014794185757637
-7.27605438232422,31.1877136230469,-0.0140985520556569,0.0146989971399307
-7.02244567871094,31.1905059814453,-0.0162706729024649,0.0147450417280197
-6.76861429214478,31.1932945251465,-0.0192782245576382,0.0148171782493591
-6.51492404937744,31.19606590271,-0.0213762708008289,0.0148134380578995
-6.26157999038696,31.1987495422363,-0.0215974450111389,0.0147388279438019
-6.00832271575928,31.2015590667725,-0.0211834199726582,0.0146783739328384
-5.75490713119507,31.2043724060059,-0.0212986040860415,0.0145794451236725
-5.50188970565796,31.2072944641113,-0.0193098671734333,0.0145042389631271
-5.24892425537109,31.2101497650146,-0.0168613605201244,0.0144897848367691
-4.99573278427124,31.2131290435791,-0.0152665842324495,0.0145317614078522
-4.74200105667114,31.2162456512451,-0.0159978121519089,0.0145467966794968
-4.4879994392395,31.2192230224609,-0.0177719444036484,0.0144841074943542
-4.23419570922852,31.222131729126,-0.018390167504549,0.0143820196390152
-3.98045420646667,31.2250118255615,-0.0184956286102533,0.0143218487501144
-3.72683453559875,31.2279186248779,-0.0178107935935259,0.0143103748559952
-3.47343254089355,31.2309303283691,-0.0158939938992262,0.0143595933914185
-3.22025227546692,31.2340259552002,-0.0127346096560359,0.0143305361270905
-2.96678280830383,31.2370262145996,-0.0107071315869689,0.0142009705305099
-2.71259117126465,31.2399253845215,-0.011808062903583,0.0140496045351028
-2.4578754901886,31.2428741455078,-0.0150999454781413,0.0140251815319061
-2.20280456542969,31.2459411621094,-0.0197930056601763,0.0140773355960846
-1.94811975955963,31.2489833831787,-0.0224707331508398,0.0140033662319183
-1.69396352767944,31.2520294189453,-0.0224938243627548,0.0139521658420563
-1.4401775598526,31.2552013397217,-0.0206009559333324,0.0139603018760681
-1.18646395206451,31.2583122253418,-0.018165547400713,0.0139874368906021
-0.93262791633606,31.2613792419434,-0.0160776898264885,0.0139398276805878
-0.678264677524567,31.2645492553711,-0.0161745678633451,0.0138718485832214
-0.42363315820694,31.2676982879639,-0.0172679889947176,0.0138978660106659
-0.169202104210854,31.27073097229,-0.017229376360774,0.0139334350824356
0.0852347388863564,31.2736988067627,-0.0169971622526646,0.0139809250831604
0.339566946029663,31.2767601013184,-0.0160732492804527,0.0139512121677399
0.593891978263855,31.2800025939941,-0.0148993926122785,0.013902023434639
0.848341047763824,31.2832183837891,-0.014067642390728,0.0138317495584488
1.10289895534515,31.2865047454834,-0.0135063380002975,0.0138065665960312
1.35768389701843,31.2898044586182,-0.0137429041787982,0.0138142108917236
1.61222422122955,31.2929172515869,-0.0126675236970186,0.013822928071022
1.86688828468323,31.2959804534912,-0.0119277853518724,0.0138269364833832
2.12169861793518,31.2990818023682,-0.0116219772025943,0.0137643814086914
2.37631702423096,31.3022480010986,-0.0102451359853148,0.0137076824903488
2.63062834739685,31.3054504394531,-0.00729364017024636,0.0136833786964417
2.88511729240417,31.3088874816895,-0.00491850124672055,0.013713076710701
3.14043426513672,31.3122711181641,-0.00598446233198047,0.0137187987565994
3.39551663398743,31.3155269622803,-0.00579532003030181,0.0137318074703217
3.65052485466003,31.3186511993408,-0.0050618820823729,0.0137832313776016
3.9054069519043,31.3219871520996,-0.00355686317197978,0.0138654857873917
4.16116142272949,31.3254299163818,-0.00565365981310606,0.0139299780130386
4.41716241836548,31.3288497924805,-0.00859964359551668,0.0139608532190323
4.67263603210449,31.33225440979,-0.00901814177632332,0.013973280787468
4.92789459228516,31.3355846405029,-0.00827840995043516,0.0139719396829605
5.18293428421021,31.3389053344727,-0.00637137610465288,0.0139615386724472
5.43776512145996,31.3422336578369,-0.00335064739920199,0.0139560103416443
5.69268560409546,31.3455829620361,-0.000507803692016751,0.0139063447713852
5.94762563705444,31.3490180969238,0.00246149348095059,0.0139387845993042
6.20288562774658,31.3525276184082,0.00425919611006975,0.0139999240636826
6.45861721038818,31.3560962677002,0.00424440624192357,0.0140263587236404
6.7146897315979,31.3595714569092,0.00298568583093584,0.0140412598848343
6.97082138061523,31.3628845214844,0.00170000724028796,0.014023631811142
7.22689723968506,31.3661403656006,0.000876496196724474,0.013952374458313
-8.53736305236816,30.9244346618652,-0.0155137712135911,0.0148600935935974
-8.28481960296631,30.927375793457,-0.0136358821764588,0.0149997472763062
-8.03177165985107,30.930233001709,-0.0139858238399029,0.0149707198143005
-7.77891206741333,30.9330444335938,-0.0132018318399787,0.0149433314800262
-7.52583026885986,30.9357032775879,-0.0132725862786174,0.014829620718956
-7.27259254455566,30.9384117126465,-0.0138717638328671,0.014775350689888
-7.01843214035034,30.9411869049072,-0.01867082901299,0.0147954374551773
-6.76393461227417,30.9440269470215,-0.024838550016284,0.0148297995328903
-6.51053762435913,30.9468994140625,-0.0255041550844908,0.0147827714681625
-6.25788974761963,30.9495506286621,-0.0223787985742092,0.0146864950656891
-6.00528383255005,30.9524116516113,-0.0188468974083662,0.0146531015634537
-5.75205326080322,30.9552040100098,-0.0180704295635223,0.0146012753248215
-5.49894189834595,30.9580211639404,-0.0165093559771776,0.0145587772130966
-5.24565744400024,30.960880279541,-0.015554515644908,0.0144792497158051
-4.99229860305786,30.9638957977295,-0.0147299924865365,0.0144731104373932
-4.7387056350708,30.9669609069824,-0.0147879887372255,0.0144272744655609
-4.48485708236694,30.9698791503906,-0.0158255007117987,0.0143102556467056
-4.23105716705322,30.9727363586426,-0.016410605981946,0.014163464307785
-3.97694659233093,30.9756565093994,-0.0182212311774492,0.0141413956880569
-3.72251677513123,30.9784526824951,-0.0212929304689169,0.0142133980989456
-3.46870088577271,30.9814071655273,-0.0212735086679459,0.014300137758255
-3.21586179733276,30.9844951629639,-0.0164966937154531,0.0142362117767334
-2.96301651000977,30.9874973297119,-0.0115476259961724,0.0140972286462784
-2.70901823043823,30.9903354644775,-0.0117312716320157,0.0139421075582504
-2.45385122299194,30.9932155609131,-0.017084302380681,0.0139182955026627
-2.19890809059143,30.9963359832764,-0.0211611147969961,0.0139382928609848
-1.94502317905426,30.9994373321533,-0.0201395284384489,0.0139088183641434
-1.69131207466125,31.0023860931396,-0.0181047655642033,0.0139387100934982
-1.43774282932281,31.0054607391357,-0.0152081120759249,0.0139875710010529
-1.1838002204895,31.0085411071777,-0.0138076851144433,0.0139644593000412
-0.929421722888947,31.0116195678711,-0.0141781764104962,0.0138705372810364
-0.675057828426361,31.0148963928223,-0.0142593216150999,0.0137794613838196
-0.420576751232147,31.0181503295898,-0.0146514205262065,0.0138087123632431
-0.166046991944313,31.0210418701172,-0.0150439804419875,0.0138464868068695
0.088447317481041,31.0238456726074,-0.0150548052042723,0.0138927400112152
0.342712104320526,31.0268363952637,-0.013809273019433,0.0139055848121643
0.59694242477417,31.0301265716553,-0.0121920499950647,0.013847678899765
0.851731598377228,31.0333728790283,-0.0128710074350238,0.0137603580951691
1.1067019701004,31.0366535186768,-0.0141389863565564,0.0137279480695724
1.36152672767639,31.0398540496826,-0.0145314875990152,0.013730600476265
1.61575055122375,31.0429630279541,-0.0120199834927917,0.0136942863464355
1.8699141740799,31.0459690093994,-0.00903161615133286,0.0136524885892868
2.12462568283081,31.0490322113037,-0.00827102269977331,0.0136311054229736
2.3792941570282,31.0521774291992,-0.0071015115827322,0.0136439353227615
2.63369250297546,31.0554122924805,-0.00452129961922765,0.0136492699384689
2.88814091682434,31.058837890625,-0.00195133301895112,0.0136868059635162
3.14341259002686,31.0621776580811,-0.00280352565459907,0.0137288421392441
3.39870762825012,31.0653781890869,-0.00353512959554791,0.0137749314308167
3.65382671356201,31.0685367584229,-0.00327315018512309,0.0138600170612335
3.90851807594299,31.0718936920166,-0.000915980199351907,0.0139472186565399
4.16382074356079,31.0753040313721,-0.00102180009707808,0.0139244645833969
4.41970825195312,31.0786037445068,-0.00346145080402493,0.0138415396213531
4.67553424835205,31.081937789917,-0.00540492869913578,0.0137871950864792
4.93098783493042,31.0852298736572,-0.00550179881975055,0.013801708817482
5.18603467941284,31.0885219573975,-0.0036119082942605,0.0138313621282578
5.44093656539917,31.091869354248,-0.000885057845152915,0.0138672739267349
5.69604825973511,31.0951957702637,0.00114646309521049,0.0138884484767914
5.95130491256714,31.0985412597656,0.00276366341859102,0.013939842581749
6.20685005187988,31.101921081543,0.00335027556866407,0.0139749050140381
6.4626636505127,31.1053619384766,0.0030029765330255,0.0139853954315186
6.71901559829712,31.1087455749512,0.000567465031053871,0.0139443576335907
6.97504425048828,31.1120643615723,-0.000255859864410013,0.0139403790235519
7.23128652572632,31.1152439117432,-0.0017684530466795,0.0138938874006271
-8.5328197479248,30.6751861572266,-0.020649703219533,0.014771580696106
-8.28013324737549,30.6780891418457,-0.0194343440234661,0.0149540305137634
-8.02717113494873,30.6809253692627,-0.0193352121859789,0.0149106979370117
-7.77445363998413,30.6838569641113,-0.017836844548583,0.0149572491645813
-7.52158117294312,30.6866359710693,-0.0168685913085938,0.0148997008800507
-7.26827239990234,30.689266204834,-0.0177809689193964,0.0148829966783524
-7.01387929916382,30.6919612884521,-0.0236661732196808,0.0148604363203049
-6.75929594039917,30.6947078704834,-0.0302143152803183,0.0147901624441147
-6.50632333755493,30.6976795196533,-0.0288208108395338,0.0146837830543518
-6.25436067581177,30.700439453125,-0.0224041156470776,0.0145682990550995
-6.00242137908936,30.7033443450928,-0.015681579709053,0.0145440101623535
-5.74944400787354,30.706127166748,-0.0136891035363078,0.0145318061113358
-5.49615669250488,30.7088394165039,-0.012951435521245,0.0145077556371689
-5.24245357513428,30.7116775512695,-0.0139574808999896,0.0144168585538864
-4.98890686035156,30.7145767211914,-0.0140016842633486,0.0143873393535614
-4.73526954650879,30.7175102233887,-0.0142490928992629,0.014342337846756
-4.48137760162354,30.7203578948975,-0.0154694253578782,0.0142625421285629
-4.22761106491089,30.7232322692871,-0.0158762782812119,0.014153391122818
-3.97346425056458,30.7262210845947,-0.0178346037864685,0.0141032040119171
-3.71875262260437,30.7291145324707,-0.0221984721720219,0.0141143053770065
-3.46456122398376,30.732307434082,-0.023899732157588,0.0142059773206711
-3.21169495582581,30.7352447509766,-0.0192225892096758,0.0141392052173615
-2.95910215377808,30.7381191253662,-0.0130771370604634,0.0139917284250259
-2.70500516891479,30.7408256530762,-0.0136916041374207,0.0138316601514816
-2.44994688034058,30.7436618804932,-0.0185160413384438,0.0138074904680252
-2.19551610946655,30.7467555999756,-0.0202099923044443,0.0138372480869293
-1.94214332103729,30.7499179840088,-0.0168141573667526,0.0138282924890518
-1.68884599208832,30.7529430389404,-0.0128663675859571,0.0138963758945465
-1.43514335155487,30.7558689117432,-0.0105693014338613,0.0139592289924622
-1.18073081970215,30.758846282959,-0.0113019766286016,0.013905793428421
-0.926051557064056,30.7619094848633,-0.0130256991833448,0.0137677639722824
-0.671753108501434,30.7652111053467,-0.0127889616414905,0.0136739015579224
-0.417535752058029,30.768461227417,-0.0119652580469847,0.0137298405170441
-0.163081288337708,30.7712898254395,-0.0120000541210175,0.0137920379638672
0.0916259959340096,30.7740612030029,-0.0129570532590151,0.0138245522975922
0.346094280481339,30.7770290374756,-0.0126111982390285,0.0138395875692368
0.600449442863464,30.7803249359131,-0.0115359351038933,0.0137666910886765
0.855207562446594,30.7835674285889,-0.0120547190308571,0.0136944353580475
1.11020576953888,30.7866840362549,-0.0134279662743211,0.0136505216360092
1.36519622802734,30.7898540496826,-0.0145409256219864,0.0135987251996994
1.61953508853912,30.7929916381836,-0.0125211337581277,0.0135312080383301
1.87356162071228,30.7960777282715,-0.00889852922409773,0.013517826795578
2.12796449661255,30.7990379333496,-0.00674425018951297,0.0135771185159683
2.38267469406128,30.8022174835205,-0.00574201205745339,0.0136146545410156
2.6371009349823,30.8054428100586,-0.00326562090776861,0.0135647654533386
2.8913881778717,30.8088092803955,3.39613761752844e-05,0.0135637819766998
3.14633321762085,30.8120975494385,0.00063909578602761,0.0136221498250961
3.40184497833252,30.8153018951416,-0.0010324704926461,0.0137153118848801
3.65711259841919,30.8185997009277,-0.00140436319634318,0.0137926787137985
3.91182374954224,30.821964263916,0.000882745487615466,0.0138625651597977
4.16695642471313,30.8252334594727,0.00153544219210744,0.01382015645504
4.42250156402588,30.8283729553223,0.000605730398092419,0.0137123167514801
4.67819404602051,30.8316307067871,-0.000743711832910776,0.0136588215827942
4.93375587463379,30.8349609375,-0.00130047125276178,0.0136937946081161
5.18904209136963,30.8382816314697,-0.000439017981989309,0.0137398838996887
5.44431495666504,30.8416423797607,0.000697497394867241,0.0137926489114761
5.69983863830566,30.8449993133545,0.000962907797656953,0.0138099938631058
5.95551681518555,30.8482570648193,0.000781898619607091,0.0138518512248993
6.21129035949707,30.8515815734863,0.000408370571676642,0.0138675570487976
6.46678447723389,30.855001449585,0.0014575804816559,0.0138251334428787
6.72239828109741,30.8583679199219,0.00220905127935112,0.0138442814350128
6.97872018814087,30.8615207672119,0.000146452657645568,0.0138627290725708
7.23493242263794,30.8646144866943,-0.00122215237934142,0.0138652324676514
-8.52801036834717,30.4260425567627,-0.02709642611444,0.0146818161010742
-8.27501487731934,30.4289360046387,-0.0273406561464071,0.0148974657058716
-8.02257823944092,30.4317665100098,-0.0246644970029593,0.0148565173149109
-7.76981687545776,30.4347324371338,-0.0233466774225235,0.0148774385452271
-7.51716804504395,30.437572479248,-0.0212682820856571,0.0148215293884277
-7.26414585113525,30.4402275085449,-0.0207719299942255,0.0147918164730072
-7.01018047332764,30.4428844451904,-0.0245804078876972,0.0147752314805984
-6.75581407546997,30.4454784393311,-0.0300658512860537,0.0147086977958679
-6.5028657913208,30.4484710693359,-0.0285380221903324,0.0145882815122604
-6.25089168548584,30.4513320922852,-0.0221530832350254,0.0144801437854767
-5.99909496307373,30.4542694091797,-0.0147297540679574,0.0144472569227219
-5.74628639221191,30.4569931030273,-0.0119193671271205,0.0144298821687698
-5.4928822517395,30.4596481323242,-0.0117162568494678,0.0144023001194
-5.23904180526733,30.4624309539795,-0.0133522376418114,0.0143047571182251
-4.98536825180054,30.4652900695801,-0.013971452601254,0.0142787247896194
-4.73162841796875,30.4681701660156,-0.0146788135170937,0.0142898708581924
-4.47773265838623,30.4709854125977,-0.0158948618918657,0.0142697989940643
-4.2241096496582,30.4738826751709,-0.0156055735424161,0.0141612738370895
-3.97014164924622,30.4769096374512,-0.016706882044673,0.0140645653009415
-3.71558952331543,30.4798183441162,-0.0203068666160107,0.0140181928873062
-3.46144485473633,30.4829158782959,-0.0217725913971663,0.0140785425901413
-3.20825409889221,30.4858245849609,-0.018583569675684,0.0140485614538193
-2.95532917976379,30.4886722564697,-0.0139558436349034,0.0139412879943848
-2.70139646530151,30.491361618042,-0.0137854926288128,0.0138218104839325
-2.44701361656189,30.4942245483398,-0.0154704814776778,0.0137872695922852
-2.19266986846924,30.4972343444824,-0.0167472399771214,0.0137887299060822
-1.93892562389374,30.5003604888916,-0.0150427222251892,0.0137649327516556
-1.68531227111816,30.5033893585205,-0.0125247510150075,0.0137941390275955
-1.43129110336304,30.5062866210938,-0.0116631500422955,0.0138456374406815
-1.17669820785522,30.5092754364014,-0.0131935123354197,0.0138280242681503
-0.922096848487854,30.5123844146729,-0.0145351346582174,0.0137166380882263
-0.668016791343689,30.5155735015869,-0.0132801830768585,0.0136424601078033
-0.41391521692276,30.5186614990234,-0.0119079891592264,0.0137281864881516
-0.159523323178291,30.5215301513672,-0.0116363866254687,0.0137923508882523
0.0949774608016014,30.5243530273438,-0.0116378283128142,0.0137708634138107
0.349360466003418,30.5273056030273,-0.0108874086290598,0.0137103497982025
0.603731095790863,30.5304927825928,-0.00986321270465851,0.013616755604744
0.85837584733963,30.5336952209473,-0.00985369272530079,0.0135872364044189
1.11335492134094,30.5367889404297,-0.0111231515184045,0.0135678648948669
1.36867392063141,30.5399875640869,-0.0136872138828039,0.0134818255901337
1.62321484088898,30.5431289672852,-0.012548454105854,0.0133855491876602
1.87709188461304,30.5462951660156,-0.00823798775672913,0.0133756697177887
2.13114166259766,30.5492362976074,-0.00449298787862062,0.0134710818529129
2.38594508171082,30.5523567199707,-0.00388718489557505,0.0135676264762878
2.64051365852356,30.5555381774902,-0.00202378397807479,0.013465940952301
2.89476990699768,30.5588207244873,0.00143214769195765,0.013433650135994
3.1496274471283,30.562047958374,0.0024424297735095,0.0134922415018082
3.40539073944092,30.565336227417,-0.000317832891596481,0.0135970264673233
3.66084480285645,30.5686168670654,-0.00148870178963989,0.0136981159448624
3.91561436653137,30.5719089508057,0.000563296547625214,0.0137550085783005
4.17074966430664,30.5750350952148,0.0012265028199181,0.0136871039867401
4.42607736587524,30.5781307220459,0.00126610591541976,0.0136579573154449
4.68163442611694,30.5813312530518,0.000525455398019403,0.0136514902114868
4.93706178665161,30.5847053527832,0.00057382887462154,0.013696014881134
5.19256925582886,30.5880699157715,0.000491758401039988,0.0137302726507187
5.44820165634155,30.5914363861084,8.81180967553519e-05,0.0137171149253845
5.70399522781372,30.594762802124,-0.000789754441939294,0.0137067437171936
5.95983982086182,30.5979557037354,-0.00166769861243665,0.01374751329422
6.21535301208496,30.6012535095215,-0.000895021541509777,0.0137534439563751
6.47045564651489,30.6046543121338,0.00185869610868394,0.0137702226638794
6.72563409805298,30.6079502105713,0.00449491804465652,0.013844907283783
6.98146772384644,30.611234664917,0.00453621195629239,0.0138388574123383
7.2375636100769,30.6142807006836,0.00367604871280491,0.0138674378395081
-8.5236291885376,30.1771335601807,-0.0314698442816734,0.0146134197711945
-8.27030086517334,30.1800498962402,-0.0333036407828331,0.0148506760597229
-8.01774120330811,30.1828689575195,-0.031186256557703,0.0148531496524811
-7.76541805267334,30.1856536865234,-0.0277180746197701,0.0147472470998764
-7.51303195953369,30.1884155273438,-0.0243446081876755,0.0146418362855911
-7.26045227050781,30.1910533905029,-0.021695252507925,0.0145690888166428
-7.00700807571411,30.1937713623047,-0.0229806341230869,0.0145666152238846
-6.75300550460815,30.1963768005371,-0.0267095919698477,0.0145969241857529
-6.49984264373779,30.1993160247803,-0.0261883400380611,0.0145592987537384
-6.24745464324951,30.2022361755371,-0.0217593684792519,0.0144771784543991
-5.99522638320923,30.2051582336426,-0.0163665618747473,0.0144793838262558
-5.74258470535278,30.2079029083252,-0.0127366138622165,0.0144707411527634
-5.48931312561035,30.2104911804199,-0.0118822166696191,0.0143902748823166
-5.23553848266602,30.2131423950195,-0.0131856668740511,0.0142212063074112
-4.98160219192505,30.2159271240234,-0.0150224100798368,0.0141743570566177
-4.72767496109009,30.218921661377,-0.0165858305990696,0.0142154544591904
-4.47394847869873,30.2218647003174,-0.016979543492198,0.0141903758049011
-4.22046184539795,30.2247562408447,-0.0160262901335955,0.0140662044286728
-3.96659421920776,30.2276649475098,-0.016635337844491,0.0139345228672028
-3.71225786209106,30.2303867340088,-0.0192062929272652,0.0138771831989288
-3.4581310749054,30.2332954406738,-0.0205688253045082,0.0139254778623581
-3.20483160018921,30.2362060546875,-0.0178647637367249,0.0139366388320923
-2.95178461074829,30.2391242980957,-0.0137797687202692,0.0138830691576004
-2.69833326339722,30.2420101165771,-0.0113605540245771,0.0138084143400192
-2.44410419464111,30.2448596954346,-0.0123184202238917,0.0137669146060944
-2.18957853317261,30.2477264404297,-0.0144159849733114,0.0137151479721069
-1.93537855148315,30.2507305145264,-0.0147867659106851,0.0136635303497314
-1.68134140968323,30.2537059783936,-0.0141893746331334,0.0136165171861649
-1.42701923847198,30.2566318511963,-0.014677464030683,0.0136219561100006
-1.17226707935333,30.2596683502197,-0.0169048700481653,0.0136634856462479
-0.917932569980621,30.2628211975098,-0.0169994663447142,0.0136577636003494
-0.664168953895569,30.2659397125244,-0.0142778363078833,0.0136387199163437
-0.410248994827271,30.2689933776855,-0.0120562622323632,0.0137255191802979
-0.156066924333572,30.271993637085,-0.0108105204999447,0.0137794613838196
0.098115473985672,30.2748928070068,-0.00935144349932671,0.0137173533439636
0.35238578915596,30.2777500152588,-0.00807471014559269,0.013575479388237
0.606880128383636,30.2807598114014,-0.00759041728451848,0.0134522914886475
0.861497819423676,30.2838916778564,-0.00744138285517693,0.0134616643190384
1.11651575565338,30.2869453430176,-0.00886728055775166,0.0134873390197754
1.37191843986511,30.2900772094727,-0.0117870904505253,0.0134365111589432
1.62644040584564,30.29319190979,-0.0105454605072737,0.0133501887321472
1.88018774986267,30.296365737915,-0.0056380657479167,0.0133024305105209
2.13418960571289,30.2994022369385,-0.00166339532006532,0.0133359730243683
2.38888144493103,30.3025341033936,-0.000544575683306903,0.0134271234273911
2.64370441436768,30.3056678771973,0.000208314362680539,0.0133984982967377
2.89847540855408,30.3088474273682,0.00140662014018744,0.0133668184280396
3.15392088890076,30.3120784759521,-0.000153204819071107,0.013432577252388
3.40970802307129,30.3153343200684,-0.00299081136472523,0.0135357826948166
3.66484665870667,30.3185520172119,-0.00275004329159856,0.0136331617832184
3.91958379745483,30.3217449188232,-0.000531583267729729,0.0136632472276688
4.17486429214478,30.3248100280762,-0.000479120179079473,0.0135894417762756
4.43021440505981,30.3279705047607,-0.000513954437337816,0.0135980099439621
4.68574666976929,30.3312129974365,-0.00111968594137579,0.0136413723230362
4.94093704223633,30.3346080780029,-1.89715356100351e-05,0.0137253552675247
5.19618797302246,30.337947845459,0.00103437248617411,0.0137293040752411
5.45191335678101,30.3412685394287,0.000249546981649473,0.0136661678552628
5.70793390274048,30.3445701599121,-0.00159203889779747,0.0136445462703705
5.96369409561157,30.3477973937988,-0.00208249129354954,0.0136654227972031
6.21886777877808,30.3510627746582,0.000172212545294315,0.0136886686086655
6.47355937957764,30.3543319702148,0.00470998464152217,0.0137620717287064
6.72852754592896,30.3577671051025,0.00826065056025982,0.0137819945812225
6.9835991859436,30.3610458374023,0.0115763172507286,0.0139214843511581
7.23959922790527,30.3641147613525,0.0111297927796841,0.0139732360839844
-8.51926517486572,29.9284553527832,-0.0357793755829334,0.0145971477031708
-8.26662635803223,29.931339263916,-0.0342382602393627,0.0148058235645294
-8.0142993927002,29.9339351654053,-0.0309746377170086,0.0147723257541656
-7.76206350326538,29.9366130828857,-0.0270649790763855,0.014661118388176
-7.50951051712036,29.9391670227051,-0.0244758259505033,0.0145152509212494
-7.25687026977539,29.9417839050293,-0.0220950748771429,0.0143806636333466
-7.00374412536621,29.9445877075195,-0.0218320228159428,0.0143743902444839
-6.75022172927856,29.9473285675049,-0.0232428908348083,0.0144876390695572
-6.49683523178101,29.9501247406006,-0.0237751975655556,0.014535129070282
-6.24397945404053,29.9530239105225,-0.0215579979121685,0.0144804120063782
-5.99136638641357,29.9559764862061,-0.0179712418466806,0.0144484490156174
-5.73863697052002,29.958833694458,-0.0147313652560115,0.0144142061471939
-5.48540878295898,29.9614524841309,-0.0136451674625278,0.0143458247184753
-5.23169946670532,29.9639701843262,-0.0146128395572305,0.014255166053772
-4.97779178619385,29.9667453765869,-0.0162891522049904,0.014186292886734
-4.72387075424194,29.9697723388672,-0.0177969634532928,0.0141508877277374
-4.4702262878418,29.9727115631104,-0.0177781339734793,0.0140517950057983
-4.21681594848633,29.9755802154541,-0.0164435524493456,0.0139443278312683
-3.96313571929932,29.9783229827881,-0.01615384593606,0.0138277113437653
-3.70901465415955,29.9809741973877,-0.0176988858729601,0.0137723386287689
-3.45466279983521,29.983715057373,-0.0200885627418756,0.013773500919342
-3.20116591453552,29.9866561889648,-0.0182772185653448,0.0138139128684998
-2.94818258285522,29.9897308349609,-0.0138727445155382,0.0138172209262848
-2.6950798034668,29.9926471710205,-0.00981865450739861,0.0137455612421036
-2.44081234931946,29.9954681396484,-0.0109324920922518,0.0136685967445374
-2.18624258041382,29.9982490539551,-0.0132127963006496,0.0135810375213623
-1.93197774887085,30.0011863708496,-0.0138602470979095,0.0135339200496674
-1.67777705192566,30.0041427612305,-0.0139906881377101,0.0134492218494415
-1.42326474189758,30.0071411132812,-0.015324829146266,0.0134098380804062
-1.16854465007782,30.0101509094238,-0.0173806007951498,0.0135053992271423
-0.914368748664856,30.01318359375,-0.0167284961789846,0.013608530163765
-0.66057687997818,30.0161895751953,-0.014112307690084,0.0136456042528152
-0.406693071126938,30.0192852020264,-0.011703466065228,0.0136500895023346
-0.15255406498909,30.0224075317383,-0.010239246301353,0.0136459916830063
0.101619265973568,30.0253982543945,-0.00871628802269697,0.0135871469974518
0.355936706066132,30.0282440185547,-0.00762955751270056,0.0134764462709427
0.610446810722351,30.0311393737793,-0.00719384755939245,0.0133916288614273
0.864831805229187,30.0341968536377,-0.00597777310758829,0.0134269893169403
1.11964344978333,30.0372142791748,-0.0064584375359118,0.0135007053613663
1.37462544441223,30.0402374267578,-0.00747922249138355,0.0135184824466705
1.62905788421631,30.0433521270752,-0.00582328671589494,0.0134353488683701
1.88291311264038,30.0464916229248,-0.00138333439826965,0.0133190304040909
2.13718891143799,30.0496520996094,0.00138967577368021,0.0132512897253036
2.39196062088013,30.052734375,0.00216935621574521,0.0133143216371536
2.64675569534302,30.05588722229,0.0030637679155916,0.013355016708374
2.90209746360779,30.0590419769287,0.00175809755455703,0.0133719444274902
3.15823554992676,30.0622081756592,-0.0028341596480459,0.0134280174970627
3.41426420211792,30.0653553009033,-0.00670770974829793,0.0134954452514648
3.66932773590088,30.0685005187988,-0.00610783416777849,0.0135883092880249
3.92386031150818,30.0716609954834,-0.00296372966840863,0.0135877728462219
4.17885303497314,30.0748138427734,-0.00162574579007924,0.0135259479284286
4.43428707122803,30.0780353546143,-0.00200072606094182,0.0135316550731659
4.68975782394409,30.0813980102539,-0.00231414474546909,0.0136142373085022
4.94483518600464,30.0847434997559,-0.000697650073561817,0.0136987417936325
5.19965600967407,30.0879707336426,0.00224399357102811,0.0136976540088654
5.45511770248413,30.091178894043,0.00261746090836823,0.0136571675539017
5.71115446090698,30.0943775177002,0.000722736469469965,0.0136875808238983
5.9670352935791,30.0975131988525,-0.000272399949608371,0.0136888027191162
6.22198724746704,30.1006565093994,0.00295322388410568,0.0136938542127609
6.47653293609619,30.1040153503418,0.00813223235309124,0.0137459635734558
6.73128175735474,30.1074085235596,0.0126370275393128,0.0137889236211777
6.98594903945923,30.1107444763184,0.01769426651299,0.0140050053596497
7.24143743515015,30.1138019561768,0.0194407999515533,0.0142219364643097
-8.2645092010498,29.6825904846191,-0.0276373662054539,0.0147140175104141
-8.01210308074951,29.6850337982178,-0.0247531589120626,0.01471246778965
-7.75965976715088,29.6876583099365,-0.0218342207372189,0.0145889818668365
-7.50661516189575,29.6902389526367,-0.0216020606458187,0.0144360512495041
-7.25352382659912,29.6928443908691,-0.0213728845119476,0.0142548382282257
-7.00046491622925,29.6955451965332,-0.0207655038684607,0.0142136067152023
-6.74731111526489,29.6982688903809,-0.0203943941742182,0.0143462717533112
-6.49398231506348,29.7009983062744,-0.0206352286040783,0.0144452005624771
-6.24063920974731,29.7039356231689,-0.0207210816442966,0.0143665820360184
-5.98764705657959,29.7069435119629,-0.0189160015434027,0.0142963081598282
-5.73475503921509,29.7098197937012,-0.0164228677749634,0.014247938990593
-5.48149156570435,29.7124042510986,-0.0154759557917714,0.0141891837120056
-5.22787189483643,29.7148571014404,-0.0159917995333672,0.0141749531030655
-4.9740629196167,29.7175388336182,-0.0171762518584728,0.0141263455152512
-4.72019958496094,29.7204971313477,-0.0183890406042337,0.0140289068222046
-4.46663761138916,29.7234439849854,-0.0179578978568316,0.0138864666223526
-4.21337556838989,29.7262992858887,-0.0159040819853544,0.0137820094823837
-3.95991921424866,29.7289962768555,-0.0145462797954679,0.0137127339839935
-3.70603680610657,29.7317295074463,-0.0149580622091889,0.0136978775262833
-3.45167016983032,29.7345333099365,-0.0173982381820679,0.0136791914701462
-3.19779467582703,29.7374229431152,-0.0173268988728523,0.0137008130550385
-2.94456028938293,29.7404327392578,-0.0140634560957551,0.0136858224868774
-2.69137907028198,29.7433662414551,-0.0103462804108858,0.0135680735111237
-2.4371063709259,29.74609375,-0.011459844186902,0.0134660303592682
-2.18268013000488,29.7488975524902,-0.0130536975339055,0.0134115368127823
-1.92858397960663,29.751838684082,-0.0129023930057883,0.0134160667657852
-1.67462003231049,29.7548198699951,-0.0119251077994704,0.0133680552244186
-1.4202675819397,29.7577781677246,-0.0125077879056334,0.013317808508873
-1.16583061218262,29.7606525421143,-0.0132536552846432,0.0134374350309372
-0.911595940589905,29.7636013031006,-0.0128534371033311,0.0135756731033325
-0.657531499862671,29.7665748596191,-0.0114606460556388,0.0135995745658875
-0.403443455696106,29.7696590423584,-0.00995947234332561,0.0135692209005356
-0.149070113897324,29.7727832794189,-0.00953580159693956,0.0135156512260437
0.105451248586178,29.775806427002,-0.00956251751631498,0.013471245765686
0.359874218702316,29.7786846160889,-0.00892569031566381,0.0134176164865494
0.614048361778259,29.7815570831299,-0.00695178518071771,0.0133829265832901
0.868112623691559,29.7845439910889,-0.00427191657945514,0.0134537369012833
1.12267780303955,29.7875423431396,-0.00362784648314118,0.0134997963905334
1.37716853618622,29.79052734375,-0.0024337840732187,0.0135020464658737
1.63150012493134,29.7936191558838,-0.000314209988573566,0.0134231299161911
1.88573276996613,29.7967185974121,0.00245674070902169,0.0133311450481415
2.14037299156189,29.7998886108398,0.00362493516877294,0.0132569968700409
2.39529490470886,29.8029327392578,0.00375754502601922,0.0132839679718018
2.65018320083618,29.8060970306396,0.00425864616408944,0.0133368074893951
2.90566039085388,29.8092193603516,0.00237539713270962,0.0133837759494781
3.16178822517395,29.8123359680176,-0.00214916979894042,0.0134477615356445
3.41795253753662,29.8154468536377,-0.00659812614321709,0.0134736448526382
3.67340207099915,29.818510055542,-0.00767106702551246,0.0135305523872375
3.92814612388611,29.8216133117676,-0.00542859965935349,0.0135114341974258
4.18282794952393,29.8248863220215,-0.00270406971685588,0.0134835988283157
4.43805742263794,29.8282241821289,-0.00215988862328231,0.013488844037056
4.69344472885132,29.8315658569336,-0.00208863546140492,0.0135501176118851
4.94837236404419,29.8347225189209,0.00019941819482483,0.0136319994926453
5.20293140411377,29.8378791809082,0.00429766625165939,0.0136400312185287
5.45796823501587,29.8410911560059,0.00652725575491786,0.0136849731206894
5.71389007568359,29.8441600799561,0.00514438049867749,0.0137341767549515
5.9699912071228,29.8472290039062,0.00321127334609628,0.0136819928884506
6.22543048858643,29.8502902984619,0.00435270695015788,0.0136319547891617
6.48019313812256,29.8537693023682,0.00861701555550098,0.0136167705059052
6.73476839065552,29.8571357727051,0.0138858910650015,0.0136670172214508
6.98932361602783,29.8605670928955,0.0194391533732414,0.0138757526874542
-8.26254081726074,29.433744430542,-0.0203352887183428,0.0145647823810577
-8.01000022888184,29.4361629486084,-0.0180911384522915,0.0146565586328506
-7.75691175460815,29.4387245178223,-0.0182777438312769,0.014559343457222
-7.50384950637817,29.441370010376,-0.0181170683354139,0.0144247710704803
-7.2507266998291,29.4440670013428,-0.0180221069604158,0.0142327696084976
-6.99774217605591,29.4467353820801,-0.0170440562069416,0.0141685754060745
-6.74446105957031,29.4493827819824,-0.0172655526548624,0.0142506211996078
-6.49082565307617,29.4520320892334,-0.0189541559666395,0.0143219828605652
-6.23724222183228,29.454906463623,-0.0201650243252516,0.0142395347356796
-5.98418712615967,29.457820892334,-0.0186374820768833,0.0141428709030151
-5.73112726211548,29.4606399536133,-0.0169177316129208,0.0140755176544189
-5.47760391235352,29.4632148742676,-0.0171736367046833,0.0140234678983688
-5.22391986846924,29.4657497406006,-0.0179669801145792,0.0139862596988678
-4.97024488449097,29.4683933258057,-0.0184926055371761,0.0139129757881165
-4.71645021438599,29.4712238311768,-0.0193544384092093,0.0138489902019501
-4.46286249160767,29.4741363525391,-0.0190207250416279,0.0137446373701096
-4.20981407165527,29.4770603179932,-0.0159402713179588,0.0136786103248596
-3.95676779747009,29.4798126220703,-0.0126400757580996,0.0136529952287674
-3.70313429832458,29.4826316833496,-0.0118710547685623,0.0136599689722061
-3.44880843162537,29.4855136871338,-0.0141030522063375,0.0136450976133347
-3.1945652961731,29.4883613586426,-0.0157200805842876,0.0136383175849915
-2.9409031867981,29.4912376403809,-0.0144180618226528,0.0135755091905594
-2.68740606307983,29.4941444396973,-0.0121359769254923,0.0134487152099609
-2.43327474594116,29.4968128204346,-0.0125690838322043,0.0133611708879471
-2.1788923740387,29.4996700286865,-0.0139337042346597,0.0133272260427475
-1.92477202415466,29.5025959014893,-0.0138668166473508,0.0133656859397888
-1.67115271091461,29.5055866241455,-0.0112830474972725,0.0133374035358429
-1.41723334789276,29.5084686279297,-0.00986135099083185,0.0133181810379028
-1.16311979293823,29.5112972259521,-0.00911174528300762,0.0134149789810181
-0.908760190010071,29.5141410827637,-0.00926512386649847,0.0135005861520767
-0.65446263551712,29.5170288085938,-0.00891484785825014,0.0134910047054291
-0.400178223848343,29.5200843811035,-0.00828545354306698,0.0134598314762115
-0.145501106977463,29.5231990814209,-0.0092158867046237,0.0134391337633133
0.109279364347458,29.5262451171875,-0.0103893233463168,0.0134256929159164
0.363712251186371,29.5291061401367,-0.00977090373635292,0.0133763402700424
0.617739498615265,29.5319309234619,-0.00711001548916101,0.0133501291275024
0.871604561805725,29.5348739624023,-0.00351129611954093,0.0134129524230957
1.12595295906067,29.5379047393799,-0.00187328201718628,0.0133792459964752
1.38021516799927,29.5409507751465,0.000363629631465301,0.0133142471313477
1.63475406169891,29.5439834594727,0.00157607486471534,0.0132066905498505
1.88926482200623,29.5470314025879,0.00312879029661417,0.0131920576095581
2.14406228065491,29.5501537322998,0.00362079497426748,0.0131966024637222
2.39905118942261,29.5531845092773,0.0034806604962796,0.0132560133934021
2.65395379066467,29.5563163757324,0.00394147960469127,0.0133364945650101
2.90908813476562,29.5593852996826,0.0035973007325083,0.0133837163448334
3.16492462158203,29.5624465942383,0.000377732707420364,0.0134087800979614
3.42104172706604,29.5655269622803,-0.00384468119591475,0.0134193003177643
3.67668652534485,29.5685272216797,-0.00575726106762886,0.0134623050689697
3.93185520172119,29.5715770721436,-0.00535678630694747,0.0134503245353699
4.18667459487915,29.5748920440674,-0.00321062956936657,0.0134604424238205
4.4416561126709,29.5782585144043,-0.00156284123659134,0.0134901702404022
4.69662094116211,29.5814666748047,0.000370068766642362,0.0135079920291901
4.95124340057373,29.5845165252686,0.00400361139327288,0.013526976108551
5.20580959320068,29.587646484375,0.00808433722704649,0.0135375261306763
5.46088361740112,29.5908946990967,0.0101677151396871,0.0136561095714569
5.7167797088623,29.5939521789551,0.00890902895480394,0.0136722773313522
5.97307014465332,29.5970325469971,0.00617375457659364,0.0136041194200516
6.22864389419556,29.6001663208008,0.00675283139571548,0.0135647654533386
6.48374176025391,29.6034317016602,0.00959161296486855,0.0134814083576202
6.73831033706665,29.606990814209,0.0149103226140141,0.0135054886341095
6.99332189559937,29.6105098724365,0.0185289923101664,0.0136945843696594
-8.2599983215332,29.1848278045654,-0.0158242080360651,0.0144505798816681
-8.00720310211182,29.1872730255127,-0.0147987147793174,0.0146471709012985
-7.75405740737915,29.1899185180664,-0.0152483778074384,0.0145849734544754
-7.50056791305542,29.1925487518311,-0.0171261467039585,0.0144287943840027
-7.24749898910522,29.195255279541,-0.0167529787868261,0.0142615139484406
-6.99450874328613,29.1978740692139,-0.0157811027020216,0.0141607522964478
-6.74095916748047,29.2005271911621,-0.0172646883875132,0.0141325891017914
-6.48698377609253,29.2031517028809,-0.0205538868904114,0.014118880033493
-6.2332649230957,29.2059345245361,-0.0223821252584457,0.0140573680400848
-5.98048067092896,29.2087421417236,-0.0195385161787271,0.0139991492033005
-5.72746849060059,29.2114906311035,-0.0175672713667154,0.0139298886060715
-5.47378587722778,29.2141284942627,-0.0185515694320202,0.0138546228408813
-5.22002220153809,29.2167434692383,-0.0196938756853342,0.0137685388326645
-4.9664249420166,29.2194194793701,-0.0198244750499725,0.0136892199516296
-4.71258974075317,29.2221851348877,-0.0208487026393414,0.013656884431839
-4.45912837982178,29.2250556945801,-0.019893167540431,0.0136087983846664
-4.20633316040039,29.2279491424561,-0.0156007139012218,0.0135825723409653
-3.95350933074951,29.2307224273682,-0.0112392222508788,0.0135934501886368
-3.69998025894165,29.2335605621338,-0.00996109191328287,0.0136068016290665
-3.44566321372986,29.2364253997803,-0.0121312197297812,0.0135865658521652
-3.19107604026794,29.2392177581787,-0.0153249390423298,0.0135685950517654
-2.93722724914551,29.2420635223389,-0.014862478710711,0.0135374516248703
-2.68373918533325,29.2449970245361,-0.0125129306688905,0.0134745836257935
-2.4297456741333,29.2476959228516,-0.0122841550037265,0.0134258419275284
-2.17528247833252,29.2505035400391,-0.0139957433566451,0.0133717805147171
-1.9209908246994,29.2533054351807,-0.0146918008103967,0.0133665055036545
-1.66751933097839,29.256275177002,-0.0114035475999117,0.0133814066648483
-1.41371071338654,29.2591228485107,-0.00945006683468819,0.0134253203868866
-1.15954685211182,29.2619895935059,-0.00890579354017973,0.0134816914796829
-0.905019462108612,29.2647724151611,-0.00979890581220388,0.0134370028972626
-0.650734543800354,29.2676334381104,-0.00936493836343288,0.0133639723062515
-0.396606296300888,29.270637512207,-0.00800135731697083,0.0133311897516251
-0.142208203673363,29.273738861084,-0.00764434924349189,0.0133367031812668
0.112519636750221,29.2767143249512,-0.00855844281613827,0.0133482962846756
0.367101460695267,29.2795066833496,-0.00859060604125261,0.0133092552423477
0.621407091617584,29.2823276519775,-0.00715977977961302,0.0132856070995331
0.875228345394135,29.2853240966797,-0.00333958747796714,0.0133097171783447
1.12942433357239,29.2884006500244,-0.000993831548839808,0.0132787674665451
1.38370227813721,29.2914981842041,0.00119522167369723,0.0131895989179611
1.63833808898926,29.2944450378418,0.00199813093058765,0.0130567848682404
1.89296305179596,29.2974834442139,0.00306571344844997,0.0130636990070343
2.14775705337524,29.30055809021,0.00359652983024716,0.0131200700998306
2.40268039703369,29.3035564422607,0.00377192650921643,0.0132158994674683
2.65751981735229,29.3066158294678,0.00453612767159939,0.0132857710123062
2.91256284713745,29.3096179962158,0.00461745960637927,0.013325572013855
3.16820502281189,29.3125953674316,0.00227660313248634,0.0133191645145416
3.42421865463257,29.3155956268311,-0.00147120992187411,0.0133625119924545
3.67960429191589,29.3185272216797,-0.00222713523544371,0.0134207457304001
3.934734582901,29.3215484619141,-0.00164182030130178,0.0134131014347076
4.18970632553101,29.3248138427734,-0.000145680533023551,0.0134207159280777
4.44461679458618,29.328104019165,0.00182773091364652,0.0133839547634125
4.69943237304688,29.3313312530518,0.00442856969311833,0.0133624821901321
4.9539647102356,29.3343753814697,0.00846715550869703,0.0133658051490784
5.20882940292358,29.3374462127686,0.0112648736685514,0.0134431421756744
5.46443843841553,29.3406372070312,0.0110491784289479,0.0135732144117355
5.72047138214111,29.3437442779541,0.00922023225575686,0.0136086195707321
5.97654819488525,29.3468189239502,0.00742624001577497,0.0135693848133087
6.23160839080811,29.349983215332,0.0102349892258644,0.0135460048913956
6.48661708831787,29.3532962799072,0.0134739456698298,0.0134689658880234
6.74104166030884,29.3568286895752,0.0194215476512909,0.0134370177984238
6.99736642837524,29.3604393005371,0.0174329169094563,0.0136050879955292
-8.25607776641846,28.9357242584229,-0.018005084246397,0.0144957900047302
-8.003342628479,28.9383411407471,-0.0166610684245825,0.0146962106227875
-7.75002670288086,28.9410800933838,-0.0179038885980844,0.014603391289711
-7.49683380126953,28.9437046051025,-0.0183253083378077,0.0144333243370056
-7.24368667602539,28.9464130401611,-0.0183016397058964,0.0142895430326462
-6.99047374725342,28.9489822387695,-0.0183688811957836,0.0141363739967346
-6.73669147491455,28.9515228271484,-0.0209381226450205,0.0140229463577271
-6.48261594772339,28.9540710449219,-0.0246719066053629,0.0139859765768051
-6.22914791107178,28.9568786621094,-0.0252740252763033,0.0139390826225281
-5.97659683227539,28.9597949981689,-0.0212904326617718,0.0138820707798004
-5.72374677658081,28.9624996185303,-0.0185222662985325,0.0138133615255356
-5.47018766403198,28.9650955200195,-0.0188964866101742,0.0137718766927719
-5.21631813049316,28.9677734375,-0.0205131135880947,0.0136645287275314
-4.96269464492798,28.9704914093018,-0.0207394566386938,0.0135767906904221
-4.70883846282959,28.9732284545898,-0.0218360256403685,0.0134947001934052
-4.45558547973633,28.9760398864746,-0.0198759865015745,0.0134562253952026
-4.202880859375,28.9789161682129,-0.0151358172297478,0.0134864151477814
-3.95004320144653,28.9817333221436,-0.0108133675530553,0.0135257244110107
-3.69640183448792,28.9845752716064,-0.010033356025815,0.0135351121425629
-3.44218969345093,28.9873313903809,-0.0116913393139839,0.0135063081979752
-3.18783903121948,28.9900722503662,-0.0137622756883502,0.0134990811347961
-2.93406701087952,28.9929809570312,-0.0129217905923724,0.013517364859581
-2.68071365356445,28.9958477020264,-0.00992851238697767,0.0135272741317749
-2.42662024497986,28.9985237121582,-0.0101398499682546,0.013517901301384
-2.1721339225769,29.0012359619141,-0.0119382068514824,0.0133992284536362
-1.91757810115814,29.0039691925049,-0.0138257266953588,0.0133351683616638
-1.6638765335083,29.0068836212158,-0.0115689113736153,0.0133588165044785
-1.40990936756134,29.0097999572754,-0.01031494140625,0.0134427845478058
-1.15561997890472,29.0127182006836,-0.0103157572448254,0.0134784579277039
-0.901133239269257,29.0155086517334,-0.010995214805007,0.0133760571479797
-0.646864414215088,29.018310546875,-0.0104603562504053,0.0132821947336197
-0.392873346805573,29.02126121521,-0.00844681542366743,0.0132214576005936
-0.138895750045776,29.0242767333984,-0.00616006273776293,0.0132497996091843
0.115556098520756,29.0272026062012,-0.00580512918531895,0.0132869035005569
0.370263278484344,29.0300006866455,-0.00638262229040265,0.0133053660392761
0.62496417760849,29.0328330993652,-0.00670925341546535,0.0132974535226822
0.87915176153183,29.0358695983887,-0.00450971070677042,0.0132563710212708
1.13318109512329,29.0389785766602,-0.00139019463676959,0.0132190883159637
1.38745999336243,29.0420246124268,0.000820413639303297,0.0131203085184097
1.64193081855774,29.0449161529541,0.00238499115221202,0.013011708855629
1.89657688140869,29.0479068756104,0.00338254403322935,0.0130161494016647
2.15127277374268,29.0509452819824,0.00437404727563262,0.01308873295784
2.4060206413269,29.0539321899414,0.00535007426515222,0.0131840705871582
2.66092920303345,29.0569896697998,0.0058299065567553,0.0132244229316711
2.91626167297363,29.0600070953369,0.00465441076084971,0.0132264941930771
3.17183566093445,29.062967300415,0.00263812416233122,0.0132306069135666
3.42723727226257,29.0659713745117,0.00160729954950511,0.0133181512355804
3.68237090110779,29.0689086914062,0.00197541597299278,0.0134129971265793
3.93745183944702,29.0718631744385,0.00279155327007174,0.0134138464927673
4.19253873825073,29.0748500823975,0.0037980426568538,0.0133740603923798
4.44739103317261,29.0779571533203,0.00604127300903201,0.0132798105478287
4.70232343673706,29.0811214447021,0.00814815051853657,0.0132446736097336
4.95719337463379,29.0842475891113,0.0107337348163128,0.013253778219223
5.21251201629639,29.0873680114746,0.0115816555917263,0.0133623629808426
5.46841478347778,29.0904598236084,0.0101160798221827,0.0135007500648499
5.72465562820435,29.0935745239258,0.00741167273372412,0.0135902315378189
5.98038196563721,29.0967082977295,0.00715722469612956,0.0136184096336365
6.23478889465332,29.0999145507812,0.0128002855926752,0.013603687286377
6.48959159851074,29.1031818389893,0.0169397816061974,0.0135894566774368
6.743408203125,29.1066455841064,0.0255088247358799,0.0134673416614532
-7.99932861328125,28.689582824707,-0.0192794371396303,0.0146283954381943
-7.74573802947998,28.6923294067383,-0.021816611289978,0.0145139545202255
-7.49287986755371,28.6949882507324,-0.0205931924283504,0.0143924951553345
-7.23982524871826,28.6975765228271,-0.0200972743332386,0.0142815709114075
-6.98642921447754,28.7000503540039,-0.0210160426795483,0.014127179980278
-6.73258972167969,28.7024688720703,-0.0238282699137926,0.0140083581209183
-6.47877311706543,28.7049598693848,-0.0262959320098162,0.0139705687761307
-6.22568225860596,28.7078056335449,-0.0250726137310266,0.0139321088790894
-5.97298288345337,28.7107639312744,-0.0217699948698282,0.0138562917709351
-5.7201681137085,28.7135410308838,-0.0188074912875891,0.0137767046689987
-5.46690511703491,28.7161273956299,-0.0177540276199579,0.013746440410614
-5.21297359466553,28.7187633514404,-0.0196403749287128,0.0137083232402802
-4.9589467048645,28.7215366363525,-0.0217437464743853,0.0136308073997498
-4.70512056350708,28.7242584228516,-0.0226725693792105,0.0134821981191635
-4.45211124420166,28.7270812988281,-0.0195411145687103,0.0133612006902695
-4.19932651519775,28.729907989502,-0.0151507621631026,0.0133827179670334
-3.94627976417542,28.7327117919922,-0.0117800459265709,0.0134792923927307
-3.69256019592285,28.7354793548584,-0.0113387405872345,0.0134914219379425
-3.43869924545288,28.7382049560547,-0.0113335950300097,0.0134442895650864
-3.18481421470642,28.7409992218018,-0.0112181669101119,0.0134358704090118
-2.93122887611389,28.7438201904297,-0.00949284993112087,0.0134711712598801
-2.67783761024475,28.7465801239014,-0.00665629515424371,0.0135305672883987
-2.42374920845032,28.7492961883545,-0.00682616885751486,0.0135341435670853
-2.16944098472595,28.7520923614502,-0.00778402108699083,0.0134129077196121
-1.91505765914917,28.7548542022705,-0.00886246468871832,0.0133243948221207
-1.66080951690674,28.7576866149902,-0.00909519847482443,0.013282835483551
-1.40625,28.760555267334,-0.0105300471186638,0.013320192694664
-1.15191996097565,28.7634105682373,-0.0106904841959476,0.0133332014083862
-0.89771032333374,28.7663154602051,-0.010080854408443,0.0132545232772827
-0.643519997596741,28.7691688537598,-0.00916511565446854,0.0131853669881821
-0.389395475387573,28.7720184326172,-0.00773406820371747,0.0131406038999557
-0.135425195097923,28.7747955322266,-0.00539025710895658,0.0131702870130539
0.119016274809837,28.7775936126709,-0.00496433535590768,0.0132316797971725
0.373669356107712,28.7804431915283,-0.00527384225279093,0.0132768005132675
0.628359973430634,28.7833671569824,-0.00553099019452929,0.0132904946804047
0.882685959339142,28.7864208221436,-0.00392957963049412,0.0132432878017426
1.13680505752563,28.7895545959473,-0.00118809333071113,0.0131997764110565
1.39118266105652,28.7925586700439,0.000605997571256012,0.013159453868866
1.64557707309723,28.7954330444336,0.00253756041638553,0.0130697786808014
1.90013790130615,28.7983360290527,0.00393910286948085,0.0130270421504974
2.15467596054077,28.8013362884521,0.00565548241138458,0.0130736380815506
2.40953612327576,28.8043365478516,0.00615594210103154,0.0131581872701645
2.66478133201599,28.8073959350586,0.0051695117726922,0.0131581872701645
2.92027878761292,28.8105125427246,0.00329136266373098,0.0131221860647202
3.17563223838806,28.8134784698486,0.00227418984286487,0.0131369233131409
3.43059372901917,28.8165168762207,0.00320489052683115,0.0132506191730499
3.68566226959229,28.8194065093994,0.00387966074049473,0.0133772343397141
3.94073820114136,28.8222103118896,0.00473869312554598,0.0133875459432602
4.19569778442383,28.8250255584717,0.0063217943534255,0.013303741812706
4.45045042037964,28.8279838562012,0.00902062281966209,0.0132446736097336
4.7055230140686,28.831127166748,0.0105310706421733,0.0132142603397369
4.9608097076416,28.8342170715332,0.0113256396725774,0.0132495611906052
5.21641397476196,28.8373432159424,0.0109565770253539,0.0133426487445831
5.47244310379028,28.8404159545898,0.00896781496703625,0.0134535729885101
5.72870111465454,28.843448638916,0.00621594302356243,0.0135989636182785
5.98405599594116,28.8465518951416,0.00758757907897234,0.0137054324150085
6.23851251602173,28.8498992919922,0.0130378771573305,0.0136833786964417
6.49319553375244,28.8531436920166,0.0177127979695797,0.0137603282928467
6.74675130844116,28.8565425872803,0.0274195224046707,0.0135502368211746
-7.99530839920044,28.4409523010254,-0.0219392441213131,0.0144043862819672
-7.74195003509521,28.4436588287354,-0.023324390873313,0.0143872052431107
-7.48960113525391,28.4463081359863,-0.0196240432560444,0.0143072158098221
-7.23671007156372,28.4488639831543,-0.0183176659047604,0.0142201334238052
-6.98356294631958,28.4512977600098,-0.0180234704166651,0.0141031444072723
-6.72972059249878,28.4537372589111,-0.0208288878202438,0.0140201151371002
-6.47604370117188,28.4562320709229,-0.0226121749728918,0.0139795690774918
-6.22280502319336,28.4590435028076,-0.0220749508589506,0.0139629691839218
-5.96971464157104,28.4618892669678,-0.0206122621893883,0.0138694047927856
-5.71681213378906,28.4646587371826,-0.0180441085249186,0.0138166695833206
-5.46380710601807,28.4672317504883,-0.015745896846056,0.0137869417667389
-5.20979690551758,28.4698162078857,-0.0179828014224768,0.0137488394975662
-4.95543003082275,28.4725551605225,-0.0216661412268877,0.0136723518371582
-4.70178842544556,28.4753150939941,-0.0217011868953705,0.0134927034378052
-4.44889974594116,28.4781684875488,-0.0179815702140331,0.0133251845836639
-4.19586896896362,28.4809436798096,-0.0147199677303433,0.0132833123207092
-3.94238424301147,28.4836750030518,-0.0133693898096681,0.0133405029773712
-3.68873333930969,28.4863586425781,-0.0125780897215009,0.0133721381425858
-3.4351921081543,28.4890842437744,-0.0110573610290885,0.0133528858423233
-3.18167090415955,28.4918441772461,-0.00922755617648363,0.0133368670940399
-2.92799830436707,28.4945888519287,-0.00788482557982206,0.0133527815341949
-2.67420816421509,28.4973373413086,-0.00686898548156023,0.013382226228714
-2.42026448249817,28.5000648498535,-0.00634411908686161,0.0133929848670959
-2.16627860069275,28.5029125213623,-0.00579420430585742,0.0133247822523117
-1.91230797767639,28.505729675293,-0.00495441537350416,0.0132310837507248
-1.65776348114014,28.5086078643799,-0.00652694143354893,0.0131764709949493
-1.40271198749542,28.5113735198975,-0.0101914824917912,0.0131357312202454
-1.14850556850433,28.5141868591309,-0.00976151973009109,0.0131790339946747
-0.894714713096619,28.5170555114746,-0.0072201699949801,0.0131812393665314
-0.640855371952057,28.5200958251953,-0.00477953581139445,0.0131414830684662
-0.386422991752625,28.5228958129883,-0.0047280085273087,0.0131156295537949
-0.131941869854927,28.5254211425781,-0.0046767950989306,0.0131267011165619
0.122665792703629,28.5280437469482,-0.00497698271647096,0.0131715685129166
0.377256274223328,28.5310020446777,-0.00497821159660816,0.0131788551807404
0.631743311882019,28.5340023040771,-0.00429375329986215,0.0131640881299973
0.886002540588379,28.5370407104492,-0.00236958358436823,0.01312555372715
1.14027345180511,28.5400505065918,-0.00028601213125512,0.013075590133667
1.3947479724884,28.5430374145508,0.00109901768155396,0.0130534470081329
1.64914894104004,28.545934677124,0.0030257145408541,0.0130098462104797
1.90359008312225,28.5488052368164,0.00498498044908047,0.0130054205656052
2.15814352035522,28.5517349243164,0.00665609398856759,0.013065978884697
2.41321969032288,28.5546112060547,0.00622176378965378,0.0131425112485886
2.6688506603241,28.5576877593994,0.00355332274921238,0.0131321102380753
2.92423677444458,28.5608558654785,0.00219516246579587,0.0130837261676788
3.17931699752808,28.5639038085938,0.00240915594622493,0.0130947083234787
3.43413758277893,28.5668697357178,0.00398417748510838,0.0131953060626984
3.68943810462952,28.5697422027588,0.00366442883387208,0.0133053809404373
3.94455027580261,28.5725402832031,0.00438984157517552,0.0133087486028671
4.19925117492676,28.5753726959229,0.00712891994044185,0.0132098197937012
4.45381689071655,28.5782375335693,0.0106652220711112,0.0131567567586899
4.70886945724487,28.5811996459961,0.0122856963425875,0.0132122039794922
4.96424961090088,28.5842533111572,0.0126927644014359,0.0133055448532104
5.21997117996216,28.5874156951904,0.0118366116657853,0.0133821666240692
5.47606086730957,28.5905017852783,0.00960610713809729,0.0133835971355438
5.73221349716187,28.5934600830078,0.00733202090486884,0.0134715437889099
5.98757076263428,28.596622467041,0.00871384050697088,0.0136076062917709
6.24306201934814,28.5997905731201,0.00973277166485786,0.0137461572885513
6.49711847305298,28.6032028198242,0.0171283092349768,0.0138196051120758
6.75059604644775,28.6065559387207,0.0271941591054201,0.0136044472455978
-7.7388334274292,28.1949768066406,-0.0216048955917358,0.0142826288938522
-7.48691940307617,28.1976470947266,-0.0157884135842323,0.0142170637845993
-7.23380613327026,28.2001438140869,-0.0155356917530298,0.0141018182039261
-6.98104047775269,28.202657699585,-0.0133919166401029,0.0140567868947983
-6.72742509841919,28.2051582336426,-0.0150971654802561,0.0140126198530197
-6.47358417510986,28.2076835632324,-0.0176500137895346,0.0139549076557159
-6.21987390518188,28.2103157043457,-0.0193447526544333,0.0139090865850449
-5.96622323989868,28.212926864624,-0.0205253213644028,0.0138338655233383
-5.71319723129272,28.2156600952148,-0.0185151379555464,0.0137885212898254
-5.460289478302,28.2183418273926,-0.0157304704189301,0.0137602388858795
-5.20669460296631,28.2209033966064,-0.0159795247018337,0.0136981606483459
-4.95247077941895,28.2235488891602,-0.0189677830785513,0.0136527568101883
-4.69915866851807,28.2263164520264,-0.0174332652240992,0.0135582089424133
-4.44627571105957,28.2291622161865,-0.013669328764081,0.0134634673595428
-4.19268178939819,28.231954574585,-0.0130284251645207,0.0133430808782578
-3.93861532211304,28.2345733642578,-0.0143719594925642,0.0132471770048141
-3.68507504463196,28.2372303009033,-0.0130361141636968,0.0132240355014801
-3.4315779209137,28.239953994751,-0.0112833753228188,0.0132187902927399
-3.17804360389709,28.2426795959473,-0.00948666501790285,0.0132110267877579
-2.9240870475769,28.2454147338867,-0.0094326538965106,0.0131871551275253
-2.66998505592346,28.2482357025146,-0.00982829090207815,0.0131648629903793
-2.41616678237915,28.2510681152344,-0.00869213603436947,0.0131592750549316
-2.16275668144226,28.2538642883301,-0.00545985950157046,0.0131171643733978
-1.90905237197876,28.2566356658936,-0.00337105989456177,0.0130568444728851
-1.65437293052673,28.2594718933105,-0.00553914112970233,0.0130620300769806
-1.39925682544708,28.2622203826904,-0.00947398040443659,0.0130548924207687
-1.14497721195221,28.2649898529053,-0.00935372430831194,0.0131167769432068
-0.891323983669281,28.2677936553955,-0.00615924643352628,0.0131264179944992
-0.637403070926666,28.270751953125,-0.00397448800504208,0.0130459070205688
-0.382758647203445,28.2734870910645,-0.00485955830663443,0.0130052417516708
-0.127966269850731,28.2760276794434,-0.00619032653048635,0.0130275338888168
0.126646339893341,28.2786903381348,-0.00648318324238062,0.0131064504384995
0.381180137395859,28.2816848754883,-0.00619935570284724,0.0130719989538193
0.635403692722321,28.2846813201904,-0.00430100271478295,0.0130633413791656
0.889468014240265,28.2876396179199,-0.00147529190871865,0.0130364894866943
1.14379966259003,28.290506362915,0.000360786041710526,0.0129775404930115
1.39831399917603,28.2934474945068,0.00159224576782435,0.0129335969686508
1.65277826786041,28.296350479126,0.00326132774353027,0.0129444003105164
1.90721273422241,28.2992706298828,0.00527569744735956,0.0129739344120026
2.16189885139465,28.3021602630615,0.0063832588493824,0.0130439251661301
2.41707801818848,28.3049697875977,0.00551800150424242,0.0131016969680786
2.67258930206299,28.307991027832,0.00340563547797501,0.0130966603755951
2.9279248714447,28.311092376709,0.00229720724746585,0.0130777060985565
3.18297052383423,28.3141021728516,0.00268941395916045,0.013141542673111
3.43801641464233,28.3170413970947,0.00329746399074793,0.0132235586643219
3.69332671165466,28.3199653625488,0.00296073849312961,0.0132637768983841
3.94833993911743,28.3229427337646,0.00414631608873606,0.0132797509431839
4.20315885543823,28.3258571624756,0.0063944417051971,0.0132139772176743
4.45774364471436,28.3287029266357,0.0098741352558136,0.0131856054067612
4.71266269683838,28.331470489502,0.0121019994840026,0.0132481455802917
4.96774005889893,28.3344707489014,0.0138498321175575,0.0133492797613144
5.22343921661377,28.3375587463379,0.0131115177646279,0.0134048312902451
5.47958660125732,28.3405799865723,0.0106540052220225,0.0133408755064011
5.73564291000366,28.3434600830078,0.00881701707839966,0.0133216232061386
5.99088716506958,28.3465976715088,0.0107080647721887,0.0134129822254181
6.24640512466431,28.3498268127441,0.0116289192810655,0.0134891122579575
6.50075483322144,28.3533020019531,0.0177848059684038,0.013639360666275
6.75425815582275,28.3568286895752,0.0277611389756203,0.0135022401809692
-7.73576593399048,27.9462203979492,-0.0196602419018745,0.0141129344701767
-7.48385095596313,27.9488620758057,-0.0138274542987347,0.0141037553548813
-7.23152589797974,27.9514026641846,-0.0097660580649972,0.0140860229730606
-6.97790479660034,27.9538307189941,-0.0117100272327662,0.0139928013086319
-6.72483396530151,27.9563312530518,-0.0107898926362395,0.0139341652393341
-6.47090816497803,27.9588603973389,-0.0137294800952077,0.0138712227344513
-6.21662282943726,27.9614753723145,-0.0181464441120625,0.0138227045536041
-5.9624171257019,27.9640636444092,-0.0219402853399515,0.0137768685817719
-5.70925426483154,27.966796875,-0.0205509699881077,0.0137391686439514
-5.45651721954346,27.9694862365723,-0.0169280860573053,0.0136654227972031
-5.20355558395386,27.972074508667,-0.0141587425023317,0.0135956555604935
-4.95004415512085,27.9746074676514,-0.0137675683945417,0.0135876089334488
-4.6969165802002,27.9773025512695,-0.0113503132015467,0.0135886669158936
-4.44374465942383,27.9801445007324,-0.00892843119800091,0.0135437697172165
-4.18967533111572,27.9828948974609,-0.0104943253099918,0.0133438408374786
-3.93525338172913,27.9855289459229,-0.0134778972715139,0.0131638795137405
-3.68156027793884,27.9882488250732,-0.0128302145749331,0.0131590515375137
-3.42810797691345,27.9909439086914,-0.0108409076929092,0.0131825506687164
-3.17443299293518,27.993579864502,-0.00967254303395748,0.0131896287202835
-2.92027378082275,27.9962158203125,-0.0105291921645403,0.0130753368139267
-2.66591143608093,27.9990177154541,-0.0120989605784416,0.0130226761102676
-2.41206765174866,28.0019359588623,-0.0110484156757593,0.0130027383565903
-2.15875768661499,28.0047454833984,-0.00732380989938974,0.0129665583372116
-1.90523386001587,28.0074157714844,-0.00437477976083755,0.0129699259996414
-1.65072095394135,28.010232925415,-0.00575024029240012,0.0130307078361511
-1.39569425582886,28.0130500793457,-0.00924905855208635,0.0130812674760818
-1.14124417304993,28.0158615112305,-0.00987990945577621,0.0131306946277618
-0.887436628341675,28.0186214447021,-0.00736051704734564,0.013094499707222
-0.633294999599457,28.0212326049805,-0.0061491122469306,0.0129586011171341
-0.378799051046371,28.0239505767822,-0.00632930546998978,0.0128934532403946
-0.124071732163429,28.0266189575195,-0.00733554922044277,0.0129602998495102
0.130465894937515,28.0294933319092,-0.00726046226918697,0.0131167471408844
0.384835451841354,28.032470703125,-0.00620786147192121,0.0130765736103058
0.638762652873993,28.0354423522949,-0.00294947414658964,0.0130525231361389
0.89260470867157,28.0383625030518,0.000897483201697469,0.0130147784948349
1.14696288108826,28.0411586761475,0.00263648643158376,0.0129558444023132
1.40156209468842,28.0439605712891,0.00351042463444173,0.0129224807024002
1.65619277954102,28.0467472076416,0.00445945700630546,0.0129387676715851
1.91084921360016,28.0496501922607,0.00550965452566743,0.0129735022783279
2.16568803787231,28.0525131225586,0.00596376648172736,0.0130225270986557
2.42069149017334,28.0553722381592,0.00590573251247406,0.0130621492862701
2.67577695846558,28.0583019256592,0.00570247415453196,0.0130610764026642
2.93116116523743,28.06130027771,0.00439971219748259,0.0130648016929626
3.18637490272522,28.0642337799072,0.00407321518287063,0.0131280422210693
3.44160223007202,28.0671691894531,0.00390616129152477,0.0131908804178238
3.69673800468445,28.0701675415039,0.00436021387577057,0.0132583528757095
3.95190858840942,28.0732593536377,0.00487711885944009,0.0133208483457565
4.20705556869507,28.0762042999268,0.00571439880877733,0.0132979601621628
4.4618067741394,28.0790748596191,0.00849359668791294,0.013224869966507
4.71663856506348,28.0817699432373,0.0111303264275193,0.0132142603397369
4.97159194946289,28.0846309661865,0.0134440110996366,0.0132778137922287
5.22729825973511,28.0875988006592,0.0126997381448746,0.013345330953598
5.48330068588257,28.0905475616455,0.0108951786532998,0.0133067667484283
5.739098072052,28.0935153961182,0.01020138990134,0.0132654458284378
5.9941291809082,28.0967102050781,0.0130313578993082,0.0132753998041153
6.24961519241333,28.0998210906982,0.0141100268810987,0.0133034288883209
6.50410461425781,28.1032562255859,0.0196834169328213,0.0134528428316116
-7.7324595451355,27.6974658966064,-0.0188779458403587,0.0139008015394211
-7.48008251190186,27.6999607086182,-0.0152460895478725,0.0140410810709
-7.22794723510742,27.7023754119873,-0.0102445306256413,0.0140590965747833
-6.97428035736084,27.7048568725586,-0.0123796686530113,0.0139651149511337
-6.72118330001831,27.7072257995605,-0.0115592991933227,0.0138233304023743
-6.46700716018677,27.709716796875,-0.0156656447798014,0.0137264877557755
-6.21297407150269,27.7123928070068,-0.018847893923521,0.0137078315019608
-5.95914316177368,27.7152194976807,-0.0208354406058788,0.0137390196323395
-5.70550966262817,27.7179985046387,-0.0216512139886618,0.0137011855840683
-5.45258951187134,27.7206268310547,-0.0188670102506876,0.013546496629715
-5.19989728927612,27.7232494354248,-0.0147946514189243,0.0133965760469437
-4.94715452194214,27.725700378418,-0.0107533102855086,0.0133756697177887
-4.69422054290771,27.7283630371094,-0.00740557862445712,0.013450026512146
-4.4409441947937,27.7311363220215,-0.00545580964535475,0.0134206861257553
-4.18687677383423,27.7338848114014,-0.00699362671002746,0.0132115036249161
-3.9324107170105,27.7366104125977,-0.010163452476263,0.0130691379308701
-3.67835116386414,27.7392673492432,-0.0112027516588569,0.0130814611911774
-3.42476296424866,27.7419013977051,-0.00982258375734091,0.0131472796201706
-3.17089581489563,27.7445240020752,-0.00951991882175207,0.0131637454032898
-2.91675710678101,27.7471618652344,-0.010254436172545,0.0130447596311569
-2.66217827796936,27.7498989105225,-0.012797606177628,0.0129789113998413
-2.4080216884613,27.7527732849121,-0.0131607679650187,0.0129791349172592
-2.15443706512451,27.7556171417236,-0.0106687154620886,0.0129808783531189
-1.90076124668121,27.7582511901855,-0.00838385615497828,0.0129914283752441
-1.64623212814331,27.7609958648682,-0.00979785993695259,0.0130338072776794
-1.39139020442963,27.7637329101562,-0.0124155953526497,0.0130536705255508
-1.1371603012085,27.7666187286377,-0.0120072420686483,0.0130512565374374
-0.883411109447479,27.769458770752,-0.00919056124985218,0.0129909962415695
-0.629241049289703,27.7720069885254,-0.0080772303044796,0.012925922870636
-0.375018298625946,27.7745914459229,-0.00698675680905581,0.0128830522298813
-0.120687276124954,27.7772483825684,-0.0061704246327281,0.0129518657922745
0.133554980158806,27.7802715301514,-0.00473650591447949,0.0130887031555176
0.387744575738907,27.7832870483398,-0.00285086571238935,0.0130788236856461
0.641720116138458,27.7862281799316,0.000209930571145378,0.0130835771560669
0.895679771900177,27.7891483306885,0.00354968197643757,0.0130705386400223
1.15004646778107,27.7918720245361,0.0052719390951097,0.0130223482847214
1.40465152263641,27.7946300506592,0.00614112056791782,0.0129695236682892
1.65945243835449,27.7973518371582,0.00635241437703371,0.01297427713871
1.91444456577301,27.8001556396484,0.00593025656417012,0.0130208432674408
2.16931128501892,27.802978515625,0.00628677243366838,0.0130079537630081
2.42411756515503,27.8058319091797,0.00712788617238402,0.0129740387201309
2.67902159690857,27.808650970459,0.00775280641391873,0.0129495114088058
2.9343056678772,27.8115577697754,0.00691463658586144,0.0129936784505844
3.18943619728088,27.8145198822021,0.00697510177269578,0.0130947381258011
3.44464516639709,27.8174781799316,0.00690893270075321,0.0131701827049255
3.70007920265198,27.8204326629639,0.00607347069308162,0.0132488161325455
3.955646276474,27.8234100341797,0.00487571535632014,0.0132849663496017
4.21126651763916,27.8263835906982,0.00366858579218388,0.013261079788208
4.46615171432495,27.8292655944824,0.00589220970869064,0.0131676644086838
4.72099876403809,27.8320426940918,0.00849242880940437,0.0131744593381882
4.97603797912598,27.8349342346191,0.0104645993560553,0.0132259428501129
5.23153781890869,27.8378562927246,0.0106466365978122,0.0132758915424347
5.48712253570557,27.8407230377197,0.0106784291565418,0.0132831484079361
5.74237775802612,27.8437519073486,0.012351555749774,0.013284906744957
5.99722766876221,27.8469085693359,0.0159842818975449,0.0133123248815536
6.25254249572754,27.850004196167,0.0178177617490292,0.0132948160171509
6.50696420669556,27.8533611297607,0.0236968714743853,0.013398677110672
-7.4756293296814,27.4509334564209,-0.0199709106236696,0.0141249597072601
-7.22388935089111,27.4533576965332,-0.0130322678014636,0.0140607208013535
-6.97061920166016,27.4557228088379,-0.0132351722568274,0.0138875246047974
-6.71685743331909,27.4584102630615,-0.015563540160656,0.0137626230716705
-6.46296167373657,27.4609680175781,-0.0182970762252808,0.0136015862226486
-6.20971012115479,27.4636974334717,-0.0177264120429754,0.0135585516691208
-5.95633554458618,27.4664916992188,-0.0175212267786264,0.0136103630065918
-5.70250129699707,27.4692535400391,-0.0192687381058931,0.0136052966117859
-5.44915676116943,27.4719009399414,-0.0184712577611208,0.0134297758340836
-5.19614219665527,27.4745044708252,-0.0158944167196751,0.0132815092802048
-4.94338893890381,27.4769096374512,-0.0118740079924464,0.0132497847080231
-4.69067192077637,27.4795036315918,-0.00747577240690589,0.0133312791585922
-4.43762159347534,27.4821949005127,-0.00443786522373557,0.013287290930748
-4.18388700485229,27.4849548339844,-0.00439117942005396,0.0131040960550308
-3.92954730987549,27.4877433776855,-0.00694981683045626,0.0130130648612976
-3.67533206939697,27.4903736114502,-0.00869379378855228,0.0130352526903152
-3.42127871513367,27.4929256439209,-0.0094543918967247,0.0130943059921265
-3.16712617874146,27.4955196380615,-0.010449237190187,0.0130992829799652
-2.91309213638306,27.4981803894043,-0.0106699159368873,0.013030543923378
-2.65877819061279,27.5009212493896,-0.0119605511426926,0.0129625052213669
-2.40455508232117,27.5037612915039,-0.0126043269410729,0.0129478275775909
-2.15078067779541,27.5065937042236,-0.0109589444473386,0.0130027383565903
-1.89687263965607,27.5092334747314,-0.00971219688653946,0.0130185633897781
-1.64186441898346,27.5118541717529,-0.0132914679124951,0.0130089968442917
-1.38690114021301,27.5145416259766,-0.016428479924798,0.0129566192626953
-1.13300359249115,27.5174999237061,-0.0144677488133311,0.012883648276329
-0.87968385219574,27.5202713012695,-0.00966213643550873,0.0128450393676758
-0.625616908073425,27.522891998291,-0.00805143360048532,0.0128007382154465
-0.371615201234818,27.5255260467529,-0.00593065889552236,0.0127770006656647
-0.117807433009148,27.5282421112061,-0.00272047729231417,0.012856662273407
0.135989010334015,27.531156539917,0.000747682875953615,0.0129928439855576
0.390224546194077,27.5341243743896,0.00244235573336482,0.0130178779363632
0.64457780122757,27.5370121002197,0.00382066494785249,0.0130445659160614
0.898830711841583,27.5398979187012,0.00586379785090685,0.0130418837070465
1.1532986164093,27.5425777435303,0.00715525401756167,0.0130306035280228
1.40793287754059,27.5452632904053,0.00791742000728846,0.0129762440919876
1.6627482175827,27.5480003356934,0.00808788742870092,0.0129619985818863
1.91787815093994,27.5507678985596,0.00707594817504287,0.0130017101764679
2.17274308204651,27.5536022186279,0.00746444007381797,0.0129428952932358
2.42757344245911,27.5563850402832,0.00822412315756083,0.0129012316465378
2.68242454528809,27.559139251709,0.00910735595971346,0.0128701031208038
2.93753790855408,27.5620136260986,0.00904684606939554,0.0129599422216415
3.19274282455444,27.5649700164795,0.00880152452737093,0.0130655467510223
3.44809913635254,27.5678329467773,0.00810970924794674,0.013117641210556
3.70382928848267,27.5706634521484,0.00599790643900633,0.0131805390119553
3.95963621139526,27.5735092163086,0.0037767116446048,0.0131579488515854
4.21542596817017,27.5763874053955,0.00185626547317952,0.013105496764183
4.47027730941772,27.5793209075928,0.00425819959491491,0.013062909245491
4.72504854202271,27.582311630249,0.0072152060456574,0.0131060034036636
4.98014307022095,27.5853309631348,0.0089746518060565,0.0131320506334305
5.23538589477539,27.5882301330566,0.0102996397763491,0.0131271928548813
5.49050617218018,27.5910587310791,0.0123683735728264,0.013173907995224
5.74547624588013,27.5940723419189,0.015294867567718,0.0132426768541336
6.00067186355591,27.5971069335938,0.0174550078809261,0.013288140296936
6.25534963607788,27.6003437042236,0.0220518931746483,0.0133461356163025
6.50960159301758,27.6037101745605,0.0286742337048054,0.0134453773498535
-7.47130870819092,27.201997756958,-0.0240651536732912,0.0141565650701523
-7.22009229660034,27.204776763916,-0.014578141272068,0.013985350728035
-6.96641254425049,27.2072315216064,-0.0167136993259192,0.0137926489114761
-6.71305656433105,27.2099800109863,-0.0170687641948462,0.0136551260948181
-6.45944690704346,27.2125453948975,-0.0184059329330921,0.0134796053171158
-6.20642995834351,27.2152557373047,-0.0166905149817467,0.013387992978096
-5.95321702957153,27.2179851531982,-0.015690989792347,0.0134155005216599
-5.69917297363281,27.2206439971924,-0.0184123795479536,0.0134037435054779
-5.44580554962158,27.2232551574707,-0.0176957547664642,0.0132759809494019
-5.19253778457642,27.2258720397949,-0.0162871517241001,0.0131745189428329
-4.93940210342407,27.2283229827881,-0.0140411667525768,0.0131419599056244
-4.68667030334473,27.230884552002,-0.00968012120574713,0.0132173150777817
-4.43380975723267,27.2334365844727,-0.0057186670601368,0.0132160782814026
-4.18042993545532,27.2360515594482,-0.0039817332290113,0.0131165236234665
-3.92613220214844,27.2387866973877,-0.00631670700386167,0.013041153550148
-3.6718168258667,27.2413921356201,-0.00850129313766956,0.0130497962236404
-3.41754770278931,27.2439498901367,-0.0102381007745862,0.0130791217088699
-3.16350650787354,27.2466354370117,-0.0106863109394908,0.0130983740091324
-2.90968370437622,27.2493495941162,-0.00989987328648567,0.0130739957094193
-2.65567374229431,27.2520618438721,-0.00975897256284952,0.0130157619714737
-2.40160512924194,27.2548389434814,-0.00966714508831501,0.0129654705524445
-2.14768314361572,27.2575931549072,-0.00867880415171385,0.0129860937595367
-1.89354956150055,27.2602348327637,-0.00844461098313332,0.0130069404840469
-1.6383250951767,27.2627849578857,-0.0129885822534561,0.0129432827234268
-1.38349211215973,27.2654094696045,-0.0155023466795683,0.0128609538078308
-1.12957239151001,27.2682361602783,-0.0136167025193572,0.0127796679735184
-0.876046299934387,27.2710742950439,-0.00972465705126524,0.0127400457859039
-0.62175989151001,27.2737922668457,-0.00908334273844957,0.0126789510250092
-0.367865920066833,27.2764320373535,-0.00644398387521505,0.0126416385173798
-0.114431001245975,27.2791481018066,-0.00151718279812485,0.0127402096986771
0.138895556330681,27.2819385528564,0.00409903284162283,0.0128910690546036
0.39306116104126,27.284725189209,0.00613015983253717,0.0129745155572891
0.64771556854248,27.2875595092773,0.00617403769865632,0.0129692852497101
0.90226936340332,27.290412902832,0.00688932277262211,0.0129605084657669
1.15698421001434,27.2931938171387,0.00709965452551842,0.0129216611385345
1.41150176525116,27.2958583831787,0.00841140188276768,0.0128770917654037
1.6661137342453,27.2986068725586,0.00951557699590921,0.0128776878118515
1.92117702960968,27.301399230957,0.00882487837225199,0.0129412710666656
2.1763322353363,27.3042392730713,0.00794716738164425,0.0129324197769165
2.43146586418152,27.3069591522217,0.00738775497302413,0.0129187554121017
2.68632221221924,27.3096790313721,0.00827720202505589,0.0128957629203796
2.94120526313782,27.3125267028809,0.00926236435770988,0.0129467099905014
3.1965491771698,27.3153495788574,0.0084308423101902,0.0130082666873932
3.45202541351318,27.3180980682373,0.00723948981612921,0.0130778700113297
3.70767283439636,27.3208694458008,0.00551984226331115,0.0131569355726242
3.96319818496704,27.3236465454102,0.00455960538238287,0.0130747854709625
4.21881294250488,27.3264579772949,0.00343019189313054,0.013007789850235
4.47364473342896,27.3294677734375,0.0059388130903244,0.0130694508552551
4.72842407226562,27.3326282501221,0.00888164434581995,0.0131247937679291
4.98366594314575,27.3356742858887,0.0100218057632446,0.0131272226572037
5.2388596534729,27.3385467529297,0.0115846637636423,0.0130416303873062
5.49377584457397,27.3413619995117,0.0145601751282811,0.0130514055490494
5.74867963790894,27.3442821502686,0.0177946798503399,0.0131591707468033
6.00368356704712,27.3473777770996,0.0207999553531408,0.0131926685571671
6.25841283798218,27.3505744934082,0.0251932758837938,0.0133360922336578
6.51254844665527,27.3541984558105,0.0323340818285942,0.0134962946176529
-7.21677875518799,26.9566745758057,-0.0138126732781529,0.0138698667287827
-6.96268844604492,26.9591484069824,-0.0178895555436611,0.0137598514556885
-6.70941591262817,26.9616928100586,-0.0178146474063396,0.0136336088180542
-6.45627164840698,26.9641876220703,-0.0169032830744982,0.013546422123909
-6.20304822921753,26.9667778015137,-0.0161474719643593,0.0133946239948273
-5.9494514465332,26.969331741333,-0.0169441737234592,0.0133146345615387
-5.69556331634521,26.971996307373,-0.0188942458480597,0.0132701247930527
-5.44238424301147,26.9746417999268,-0.0172593984752893,0.0131972879171371
-5.18902587890625,26.9771633148193,-0.0162516832351685,0.0131362825632095
-4.93550539016724,26.9796314239502,-0.0157898478209972,0.0131153166294098
-4.68263149261475,26.9821949005127,-0.0120639875531197,0.013161301612854
-4.4298038482666,26.9847068786621,-0.00791591592133045,0.0131716579198837
-4.17667865753174,26.9872398376465,-0.00495516927912831,0.013118177652359
-3.92241597175598,26.9898815155029,-0.00709528895094991,0.0130375176668167
-3.66811776161194,26.9924659729004,-0.00916937924921513,0.0129899233579636
-3.41400170326233,26.9951095581055,-0.0101635670289397,0.0129748582839966
-3.16006588935852,26.9978332519531,-0.0100956037640572,0.0129980444908142
-2.90620756149292,27.0004863739014,-0.00944655761122704,0.012998566031456
-2.65229225158691,27.0031585693359,-0.0088399276137352,0.012973353266716
-2.39862847328186,27.0058403015137,-0.00685467990115285,0.0129448920488358
-2.144855260849,27.0085277557373,-0.00515932217240334,0.0129292011260986
-1.89053690433502,27.011157989502,-0.00575210712850094,0.0129338353872299
-1.63559114933014,27.0137405395508,-0.00899644009768963,0.0128822028636932
-1.38092052936554,27.016321182251,-0.0107468562200665,0.0128515809774399
-1.1267386674881,27.0190830230713,-0.0100387912243605,0.0127946436405182
-0.872661173343658,27.021800994873,-0.00863711722195148,0.0126917660236359
-0.617974817752838,27.0244922637939,-0.00978755857795477,0.0125663578510284
-0.36401030421257,27.0272827148438,-0.00743859726935625,0.0125591903924942
-0.110545985400677,27.0299396514893,-0.00261443224735558,0.0126853436231613
0.142796576023102,27.0326175689697,0.0029601261485368,0.0128351300954819
0.396733164787292,27.0352535247803,0.0060545401647687,0.0128986686468124
0.651237845420837,27.038028717041,0.00680040987208486,0.012885183095932
0.905919373035431,27.0409297943115,0.00696857925504446,0.012843906879425
1.16072475910187,27.0438232421875,0.00680101476609707,0.0128035694360733
1.41527760028839,27.0465793609619,0.00798334740102291,0.0127803236246109
1.66988933086395,27.0492877960205,0.00911713112145662,0.0127982497215271
1.92480885982513,27.0519886016846,0.00909507088363171,0.0128590315580368
2.17999887466431,27.0548343658447,0.00808990094810724,0.0128847509622574
2.43536376953125,27.0576324462891,0.00653255684301257,0.0129172950983047
2.69037842750549,27.0603828430176,0.00674904650077224,0.0129582583904266
2.94533061981201,27.0631217956543,0.00746016995981336,0.0129890143871307
3.20056390762329,27.0657615661621,0.00714833848178387,0.0130083858966827
3.45578718185425,27.068416595459,0.00709896301850677,0.0130380988121033
3.71112966537476,27.0711917877197,0.00674507906660438,0.0130731761455536
3.96631097793579,27.0740642547607,0.00731575349345803,0.0129950791597366
4.22162818908691,27.0768985748291,0.00750882690772414,0.0129732191562653
4.47660303115845,27.079776763916,0.00941147655248642,0.0131068825721741
4.73145914077759,27.082893371582,0.0120400916785002,0.0131895989179611
4.98684644699097,27.085916519165,0.0125668849796057,0.0131842195987701
5.24219655990601,27.0886707305908,0.0134725533425808,0.0130705535411835
5.49716138839722,27.0914516448975,0.0162584781646729,0.0129969716072083
5.75223445892334,27.0943660736084,0.0187840331345797,0.0129445493221283
6.00680637359619,27.0973739624023,0.0236756559461355,0.0130243003368378
6.26161193847656,27.1003475189209,0.0277615170925856,0.0132280588150024
-7.21298599243164,26.7085056304932,-0.0153570733964443,0.013810008764267
-6.95893239974976,26.7109375,-0.019227646291256,0.0137839317321777
-6.70599842071533,26.7133693695068,-0.0175006464123726,0.0136984884738922
-6.45309257507324,26.7158031463623,-0.0154239917173982,0.0135647058486938
-6.19997310638428,26.7183036804199,-0.0141503252089024,0.0134304165840149
-5.9462776184082,26.7208347320557,-0.0153929889202118,0.0132708996534348
-5.69246006011963,26.7234916687012,-0.0169846601784229,0.0132230520248413
-5.43925380706787,26.7260761260986,-0.0154523868113756,0.0131985545158386
-5.18577814102173,26.7285041809082,-0.0149748390540481,0.0131575763225555
-4.93223237991333,26.7309417724609,-0.0146050984039903,0.0131142288446426
-4.67919158935547,26.7335205078125,-0.0116393249481916,0.0130902975797653
-4.42610025405884,26.736026763916,-0.00870121642947197,0.0130996257066727
-4.17292261123657,26.7385997772217,-0.00595375802367926,0.0130905508995056
-3.91866135597229,26.7412376403809,-0.00805746670812368,0.0130410194396973
-3.66451692581177,26.7438259124756,-0.00938302464783192,0.012948751449585
-3.41065263748169,26.7463970184326,-0.00917802751064301,0.0128906071186066
-3.15678739547729,26.7489490509033,-0.00875549297779799,0.0128651708364487
-2.90274739265442,26.7515544891357,-0.00892161391675472,0.0128320157527924
-2.64850401878357,26.7541790008545,-0.00980303343385458,0.0128124505281448
-2.3948380947113,26.7567882537842,-0.0077970689162612,0.0128464549779892
-2.14127206802368,26.7593955993652,-0.00511710066348314,0.0128489136695862
-1.88710629940033,26.7620372772217,-0.00498022604733706,0.0128269791603088
-1.63262498378754,26.7646389007568,-0.00606884714215994,0.0127913653850555
-1.37833189964294,26.7672367095947,-0.00607017846778035,0.0127927660942078
-1.12410056591034,26.7699851989746,-0.00556875579059124,0.0127688050270081
-0.869558691978455,26.7726440429688,-0.0062623112462461,0.012669563293457
-0.614866614341736,26.7753028869629,-0.00741487462073565,0.0126000046730042
-0.360763609409332,26.7779998779297,-0.00566999800503254,0.0126351118087769
-0.106685981154442,26.7807121276855,-0.00359709374606609,0.0127159953117371
0.147262051701546,26.7833251953125,-0.000726627593394369,0.0127760469913483
0.40136992931366,26.7859897613525,0.0016316189430654,0.0127530694007874
0.655430912971497,26.7886753082275,0.00441106595098972,0.0127186626195908
0.909691393375397,26.7915954589844,0.00650253426283598,0.0127013027667999
1.1644059419632,26.7945423126221,0.00677096098661423,0.0127004683017731
1.41914558410645,26.7973117828369,0.0071463119238615,0.0127409398555756
1.67395341396332,26.7999610900879,0.00743500562384725,0.0127731412649155
1.92874193191528,26.8026599884033,0.0080279940739274,0.0127737373113632
2.18379259109497,26.8054733276367,0.00767229124903679,0.0127619504928589
2.43911933898926,26.8083076477051,0.00631209975108504,0.0128359943628311
2.69434714317322,26.8111038208008,0.00561386439949274,0.0129235982894897
2.94959163665771,26.8137664794922,0.00506421504542232,0.0129437744617462
3.20462441444397,26.8162651062012,0.00566860288381577,0.0129559934139252
3.45945191383362,26.8188705444336,0.00739122275263071,0.0129779279232025
3.71436929702759,26.8216590881348,0.00893002841621637,0.0130361765623093
3.9694299697876,26.8246688842773,0.0100515875965357,0.0130241513252258
4.22455930709839,26.8275966644287,0.0110853491351008,0.0130296796560287
4.47954368591309,26.8304214477539,0.0129666505381465,0.0131578594446182
4.73457765579224,26.8332824707031,0.0148417949676514,0.0132861137390137
4.9900074005127,26.836109161377,0.0152053823694587,0.0133212357759476
5.24538135528564,26.8388710021973,0.0160292182117701,0.0132279396057129
5.50070190429688,26.8416843414307,0.0172960963100195,0.0130819231271744
5.75574684143066,26.8444538116455,0.0199670735746622,0.0129500776529312
6.01027774810791,26.84743309021,0.0250596348196268,0.0129119008779526
6.26483154296875,26.850118637085,0.0302512813359499,0.0131260007619858
-7.2084813117981,26.4601726531982,-0.0203286223113537,0.0137630254030228
-6.95496845245361,26.4624366760254,-0.0215676538646221,0.0137415528297424
-6.70254945755005,26.4647598266602,-0.0173478815704584,0.0136602967977524
-6.44973516464233,26.4671592712402,-0.014806023798883,0.0135030299425125
-6.19678544998169,26.4696922302246,-0.0126950973644853,0.0133971124887466
-5.94333124160767,26.4722576141357,-0.01276577077806,0.0132646709680557
-5.68957281112671,26.4748859405518,-0.0140561191365123,0.013218954205513
-5.43605899810791,26.4774723052979,-0.0139553165063262,0.0131957083940506
-5.18263101577759,26.4799480438232,-0.0132278650999069,0.0131339281797409
-4.92937088012695,26.4824180603027,-0.0114893419668078,0.013044998049736
-4.67620182037354,26.4849014282227,-0.00910470634698868,0.0130019187927246
-4.42271041870117,26.4874324798584,-0.00801753997802734,0.01303431391716
-4.1691312789917,26.4899845123291,-0.00712335575371981,0.0130769610404968
-3.91500520706177,26.4926433563232,-0.00856269616633654,0.0130131393671036
-3.66115164756775,26.4951725006104,-0.00850326381623745,0.0128978341817856
-3.4073121547699,26.4975509643555,-0.00815557222813368,0.0128266513347626
-3.15331554412842,26.499963760376,-0.00831439346075058,0.0127828121185303
-2.89889311790466,26.5025253295898,-0.0102230664342642,0.0127129554748535
-2.64440488815308,26.5051784515381,-0.0122056100517511,0.0126495510339737
-2.39067482948303,26.5078163146973,-0.0104609793052077,0.0126913338899612
-2.13726019859314,26.5104904174805,-0.0070499056018889,0.0127650797367096
-1.88348484039307,26.5131187438965,-0.0050870468840003,0.0127750933170319
-1.62924039363861,26.515739440918,-0.00506024062633514,0.0127286612987518
-1.37524545192719,26.5183658599854,-0.00367138627916574,0.0126968771219254
-1.12123715877533,26.5210418701172,-0.00212772749364376,0.0126575231552124
-0.866771936416626,26.5236835479736,-0.00245037814602256,0.0126009434461594
-0.612163424491882,26.5262680053711,-0.00320147280581295,0.0126155316829681
-0.357674151659012,26.528902053833,-0.00318807526491582,0.0127004534006119
-0.103072144091129,26.5315284729004,-0.0034644475672394,0.0127491652965546
0.151487693190575,26.5341053009033,-0.00332853966392577,0.0127086937427521
0.405762642621994,26.5368251800537,-0.00168939563445747,0.0126143842935562
0.659630179405212,26.5395584106445,0.00199558702297509,0.012568935751915
0.913605570793152,26.5424022674561,0.00540052400901914,0.0125783830881119
1.16823577880859,26.5451984405518,0.00607822090387344,0.0126310735940933
1.42335557937622,26.5479145050049,0.00478392327204347,0.0127249211072922
1.67852544784546,26.5505676269531,0.00349091738462448,0.0127445012331009
1.93330550193787,26.5533084869385,0.00415791803970933,0.0127165615558624
2.18806076049805,26.5561618804932,0.0051507605239749,0.012678250670433
2.4429771900177,26.5590515136719,0.00564232794567943,0.0127453953027725
2.69807052612305,26.5618133544922,0.0055687497369945,0.0128538757562637
2.95353364944458,26.5644359588623,0.0040819738060236,0.0128888934850693
3.20873403549194,26.5669021606445,0.0039779101498425,0.0129373967647552
3.46336126327515,26.5695190429688,0.00661216117441654,0.0130019932985306
3.71789360046387,26.5723972320557,0.0098691126331687,0.0130706429481506
3.9728262424469,26.5753746032715,0.0115769691765308,0.0130497664213181
4.22795534133911,26.5782890319824,0.0126360701397061,0.0130398273468018
4.48303890228271,26.5810489654541,0.0141101712360978,0.0131119936704636
4.73801708221436,26.5837631225586,0.0162515640258789,0.0132606774568558
4.99314451217651,26.5865612030029,0.0179555341601372,0.0133638232946396
5.24839067459106,26.5893440246582,0.0193523876368999,0.0133094191551208
5.50409555435181,26.5919914245605,0.0189766194671392,0.0132958739995956
5.75930976867676,26.5948257446289,0.0209379326552153,0.0130579471588135
6.01413154602051,26.5978469848633,0.0248003527522087,0.0128973573446274
-6.95150232315063,26.2136993408203,-0.0215316582471132,0.0135116428136826
-6.69908571243286,26.2159595489502,-0.0172718670219183,0.0134451687335968
-6.44653987884521,26.2184982299805,-0.0134202120825648,0.0133577138185501
-6.19344615936279,26.2210559844971,-0.0119698913767934,0.0132562071084976
-5.94045495986938,26.223653793335,-0.0098154665902257,0.013238713145256
-5.68678665161133,26.226224899292,-0.0106543889269233,0.0132527947425842
-5.43301725387573,26.2287521362305,-0.0117417834699154,0.0132423043251038
-5.17962694168091,26.2313175201416,-0.0108125545084476,0.0131379067897797
-4.92661571502686,26.2338600158691,-0.0078769288957119,0.0130140781402588
-4.67346525192261,26.2362957000732,-0.0053833513520658,0.0129724442958832
-4.41969633102417,26.2387657165527,-0.00557712139561772,0.0129954367876053
-4.16579532623291,26.241247177124,-0.00616409024223685,0.0130130797624588
-3.9118025302887,26.2438182830811,-0.00695467507466674,0.0129266679286957
-3.65802311897278,26.2463359832764,-0.00652331206947565,0.0128571093082428
-3.40406608581543,26.2487030029297,-0.00669680023565888,0.0128261148929596
-3.14986610412598,26.2509479522705,-0.00777328619733453,0.0127384066581726
-2.89536833763123,26.2535037994385,-0.0100024584680796,0.012631818652153
-2.64087009429932,26.2562484741211,-0.0120018012821674,0.0125596970319748
-2.38696527481079,26.2589836120605,-0.0110337035730481,0.0126117765903473
-2.13347411155701,26.2617511749268,-0.00794481486082077,0.0126921236515045
-1.87991392612457,26.2643356323242,-0.00496271997690201,0.0126750022172928
-1.62582683563232,26.2669143676758,-0.00418602116405964,0.0126092135906219
-1.37203621864319,26.2695369720459,-0.00183502805884928,0.0125801861286163
-1.11824417114258,26.2721862792969,0.000721241522114724,0.0125781297683716
-0.863869309425354,26.2747669219971,0.000833856523968279,0.0125487148761749
-0.608948707580566,26.2773208618164,-0.00131290452554822,0.0125720351934433
-0.354082345962524,26.2798862457275,-0.00298405112698674,0.0126810222864151
-0.0993504226207733,26.2824535369873,-0.00381921930238605,0.012723296880722
0.155125230550766,26.2850494384766,-0.00327320978976786,0.0126980096101761
0.40933883190155,26.2877731323242,-0.0013285493478179,0.012618824839592
0.663187325000763,26.290548324585,0.00247001810930669,0.0125739872455597
0.917081952095032,26.2933197021484,0.0062658004462719,0.0126036107540131
1.1716787815094,26.2959690093994,0.00712044490501285,0.0126867890357971
1.42697322368622,26.2985324859619,0.00507283909246325,0.0127412080764771
1.68221747875214,26.301290512085,0.00347587582655251,0.0126710385084152
1.93722534179688,26.3041534423828,0.00315671740099788,0.0126217007637024
2.19208717346191,26.3069820404053,0.00370595837011933,0.0126036107540131
2.44663047790527,26.3097763061523,0.00588498963043094,0.0127237439155579
2.70121288299561,26.3124809265137,0.00810015574097633,0.0128381848335266
2.95646333694458,26.3151149749756,0.00757554639130831,0.0128851979970932
3.21192073822021,26.3176937103271,0.00635896483436227,0.0129199177026749
3.46692252159119,26.3202857971191,0.00736913690343499,0.012986421585083
3.72149181365967,26.3230571746826,0.0104911020025611,0.0130452811717987
3.97639846801758,26.3259048461914,0.0123398480936885,0.0130214840173721
4.23143768310547,26.3287143707275,0.0138191366568208,0.0130040645599365
4.48633337020874,26.331470489502,0.0161359682679176,0.0130161345005035
4.74114036560059,26.334171295166,0.0190476905554533,0.0131280124187469
4.99633646011353,26.3369636535645,0.0204721298068762,0.0132394731044769
5.25166273117065,26.339750289917,0.021543612703681,0.0133603811264038
5.50728321075439,26.342565536499,0.021556070074439,0.0133521109819412
5.76248216629028,26.3454093933105,0.0236041340976954,0.0131258219480515
6.01779890060425,26.3484172821045,0.0253528021275997,0.0129599720239639
-6.94861125946045,25.9650630950928,-0.0187491253018379,0.0131719559431076
-6.69529390335083,25.9671611785889,-0.0187716651707888,0.013212114572525
-6.44279050827026,25.9698333740234,-0.0146866654977202,0.0132073760032654
-6.18969774246216,25.9723682403564,-0.0131998062133789,0.0131555944681168
-5.93710231781006,25.9749603271484,-0.00913229957222939,0.0131751149892807
-5.68352746963501,25.9774436950684,-0.00950124580413103,0.0132115930318832
-5.42966651916504,25.9798793792725,-0.01099550165236,0.0132108926773071
-5.17635774612427,25.9824409484863,-0.00965320970863104,0.0130924433469772
-4.92324781417847,25.9850749969482,-0.00715453270822763,0.0129459351301193
-4.66997718811035,25.9876365661621,-0.00519821466878057,0.0129003971815109
-4.41626739501953,25.9901695251465,-0.00508685596287251,0.0129053890705109
-4.16256237030029,25.9925289154053,-0.00472765509039164,0.0128573030233383
-3.90866661071777,25.9949493408203,-0.00503862462937832,0.0127900242805481
-3.65479731559753,25.9974384307861,-0.00500063551589847,0.0127541571855545
-3.40066647529602,25.9998779296875,-0.00595566304400563,0.0127999484539032
-3.14638662338257,26.0022315979004,-0.00737440027296543,0.0127727091312408
-2.89208173751831,26.0047760009766,-0.00868163723498583,0.0126981884241104
-2.63783550262451,26.0074977874756,-0.00948964152485132,0.0126273185014725
-2.38379955291748,26.0102844238281,-0.00910219922661781,0.0126036256551743
-2.12988829612732,26.0130004882812,-0.00792050641030073,0.0126541256904602
-1.8761214017868,26.0155239105225,-0.00585765764117241,0.0126530528068542
-1.6220760345459,26.0180282592773,-0.00485748844221234,0.0126045346260071
-1.36848151683807,26.0206413269043,-0.00157832680270076,0.0125778466463089
-1.11490178108215,26.0232677459717,0.00197582063265145,0.012576624751091
-0.860638916492462,26.0258045196533,0.00262572825886309,0.01256063580513
-0.605313122272491,26.0283527374268,-0.00133635639213026,0.01255863904953
-0.35008504986763,26.0309066772461,-0.00461834575980902,0.0126124769449234
-0.0955934971570969,26.0335559844971,-0.00433300854638219,0.0126500576734543
0.158362120389938,26.0361557006836,-0.00140767742414027,0.0126904100179672
0.412247717380524,26.0387516021729,0.00204147188924253,0.0126603543758392
0.66633677482605,26.0414218902588,0.0047810017131269,0.0126278102397919
0.920454204082489,26.044095993042,0.0076017021201551,0.0126440227031708
1.17508459091187,26.0467128753662,0.00833263993263245,0.0127107053995132
1.43000936508179,26.0493640899658,0.00796384178102016,0.0126775801181793
1.68514704704285,26.0521831512451,0.00686507765203714,0.0125369429588318
1.94031369686127,26.0549697875977,0.00586109329015017,0.0124939382076263
2.19539284706116,26.057710647583,0.00546870054677129,0.012558713555336
2.45004773139954,26.0603008270264,0.00717866886407137,0.0127162337303162
2.70429062843323,26.0630912780762,0.0109223909676075,0.0128325819969177
2.95929408073425,26.0657806396484,0.0115109188482165,0.012871190905571
3.21470332145691,26.0683898925781,0.0105263506993651,0.0128786712884903
3.47016739845276,26.0709495544434,0.0095242578536272,0.0129102170467377
3.72529435157776,26.0735950469971,0.0102214766666293,0.0129083245992661
3.98027896881104,26.0762996673584,0.0117580769583583,0.0128916800022125
4.23486566543579,26.0790920257568,0.0152453519403934,0.0129060447216034
4.48940515518188,26.081844329834,0.0191400889307261,0.0129203796386719
4.7442307472229,26.0845069885254,0.0219938773661852,0.0129747241735458
4.99985885620117,26.0873374938965,0.0215624552220106,0.0130354762077332
5.25509738922119,26.0901222229004,0.0230389796197414,0.0131348967552185
5.51088571548462,26.0930595397949,0.0223458707332611,0.0132079273462296
5.76538419723511,26.0959987640381,0.0274453591555357,0.0130068808794022
-6.69069957733154,25.718297958374,-0.0241146460175514,0.0131166875362396
-6.43856430053711,25.7212333679199,-0.0182357374578714,0.0131476819515228
-6.18647527694702,25.7239398956299,-0.0119329951703548,0.0131129622459412
-5.93329668045044,25.726469039917,-0.0106092747300863,0.013098731637001
-5.67996883392334,25.7287998199463,-0.00977405160665512,0.013089194893837
-5.42626094818115,25.7310771942139,-0.0105136567726731,0.0130899399518967
-5.17276334762573,25.7335758209229,-0.0100345285609365,0.0130017250776291
-4.9192419052124,25.7362251281738,-0.0094432020559907,0.0128922015428543
-4.66563415527344,25.7388553619385,-0.00903767440468073,0.0128474533557892
-4.41210556030273,25.7414798736572,-0.0080384872853756,0.0127978473901749
-4.15888929367065,25.7439441680908,-0.0053552002646029,0.0126999765634537
-3.90534424781799,25.7463397979736,-0.00399719690904021,0.0126571804285049
-3.65133881568909,25.7487773895264,-0.00456546153873205,0.0127066522836685
-3.39688229560852,25.7512130737305,-0.0070060221478343,0.0127281546592712
-3.14240765571594,25.7536163330078,-0.00929667893797159,0.0126932561397552
-2.88831806182861,25.7560691833496,-0.00957175903022289,0.0127038210630417
-2.63442444801331,25.7586421966553,-0.00871861539781094,0.0126931369304657
-2.38046717643738,25.7613525390625,-0.00793913006782532,0.0126397013664246
-2.1262035369873,25.7640266418457,-0.00835118722170591,0.0126133561134338
-1.87220585346222,25.7665767669678,-0.00731755699962378,0.0125368237495422
-1.61810338497162,25.7690334320068,-0.00654577556997538,0.0124824941158295
-1.36449408531189,25.7715873718262,-0.00330083770677447,0.0125091075897217
-1.11102020740509,25.7742137908936,0.000769937119912356,0.0125691741704941
-0.856951534748077,25.7767486572266,0.00233701406978071,0.0125958025455475
-0.601565718650818,25.779296875,-0.00186730327550322,0.0125918090343475
-0.346119940280914,25.7819061279297,-0.00610560271888971,0.012570321559906
-0.0918399691581726,25.784553527832,-0.00482982536777854,0.0126005262136459
0.161991089582443,25.7872161865234,-0.00131151173263788,0.012660801410675
0.415773957967758,25.78977394104,0.00263037998229265,0.0126399397850037
0.670036911964417,25.7922859191895,0.00461697904393077,0.0125895291566849
0.924273490905762,25.7948665618896,0.0069331806153059,0.0126117467880249
1.17887079715729,25.7974624633789,0.00784345529973507,0.0126383900642395
1.43340802192688,25.8001670837402,0.00923735927790403,0.0126013457775116
1.68824315071106,25.8029766082764,0.00951535534113646,0.0124803930521011
1.9433798789978,25.8056488037109,0.00866853445768356,0.0124119967222214
2.19839811325073,25.8082618713379,0.00857098679989576,0.0124840587377548
2.45330762863159,25.8108539581299,0.00917526800185442,0.0126176327466965
2.7077100276947,25.8136596679688,0.0122376894578338,0.0127038955688477
2.96259546279907,25.8164100646973,0.01337222289294,0.0127808600664139
3.21789932250977,25.8190422058105,0.0128782736137509,0.0127830356359482
3.47362589836121,25.8214645385742,0.0107445688918233,0.0128169357776642
3.72914385795593,25.8239612579346,0.00975385680794716,0.0127946138381958
3.98415732383728,25.8266906738281,0.0111916540190578,0.0127888917922974
4.23843431472778,25.8294658660889,0.0160611364990473,0.0128317922353745
4.49271535873413,25.8322505950928,0.0211128499358892,0.012903019785881
4.74769830703735,25.8349075317383,0.023302162066102,0.0129759609699249
5.00281286239624,25.8375854492188,0.0251300167292356,0.0129480063915253
5.25894355773926,25.8403644561768,0.0227578449994326,0.0129631012678146
5.51510524749756,25.8433570861816,0.0204753298312426,0.0130045413970947
-6.68625736236572,25.4696159362793,-0.0287407003343105,0.0130870491266251
-6.43417453765869,25.4727478027344,-0.0225716456770897,0.0131224393844604
-6.1822304725647,25.4754238128662,-0.0155404256656766,0.0130351334810257
-5.92914915084839,25.477855682373,-0.0137163931503892,0.013000562787056
-5.67623662948608,25.4802398681641,-0.0108764981850982,0.0129508972167969
-5.42274236679077,25.4824810028076,-0.0105719836428761,0.0129439830780029
-5.16905546188354,25.48486328125,-0.010955442674458,0.0128795653581619
-4.9153037071228,25.4874057769775,-0.0114185381680727,0.0128343403339386
-4.66159200668335,25.4900360107422,-0.0114665552973747,0.0127818286418915
-4.40819072723389,25.4926319122314,-0.00983381643891335,0.012702539563179
-4.15485954284668,25.4950923919678,-0.0076572890393436,0.012606218457222
-3.90131616592407,25.4975318908691,-0.00625449698418379,0.0125982612371445
-3.64731669425964,25.5000286102295,-0.00676000397652388,0.0126564055681229
-3.39307713508606,25.5025615692139,-0.00815743766725063,0.0126473754644394
-3.13872981071472,25.5049839019775,-0.00982434581965208,0.0126717835664749
-2.88470530509949,25.5073337554932,-0.00976621080189943,0.0127375423908234
-2.63091206550598,25.5097980499268,-0.00841742102056742,0.0127520859241486
-2.37691974639893,25.5123996734619,-0.00777033716440201,0.0126813352108002
-2.1225483417511,25.5149879455566,-0.00864751543849707,0.0125799179077148
-1.86846053600311,25.5174884796143,-0.00799589417874813,0.0124637186527252
-1.61426305770874,25.5200214385986,-0.00762811955064535,0.0124230235815048
-1.360520362854,25.5225944519043,-0.0049605704843998,0.0124474167823792
-1.10701990127563,25.5251960754395,-0.000977463671006262,0.0125117897987366
-0.853047609329224,25.5277214050293,0.0010624669957906,0.0125282555818558
-0.597803592681885,25.530252456665,-0.00246431073173881,0.0124912708997726
-0.342335224151611,25.5328464508057,-0.00677360733971,0.0124521106481552
-0.0878432989120483,25.5355091094971,-0.00642568012699485,0.0124556422233582
0.166345924139023,25.5381870269775,-0.00449170125648379,0.0125136822462082
0.420294225215912,25.5406246185303,-0.00125830864999443,0.0125154554843903
0.674426019191742,25.5429973602295,0.00135698355734348,0.0124886929988861
0.92843097448349,25.5455341339111,0.00474985176697373,0.0125145614147186
1.1828019618988,25.5482368469238,0.00670764595270157,0.0125568360090256
1.43709182739258,25.5510177612305,0.00923872366547585,0.0125854164361954
1.69167864322662,25.5537128448486,0.0106543889269233,0.0125567764043808
1.94666290283203,25.5562038421631,0.0105150612071157,0.0125140100717545
2.20154166221619,25.5587062835693,0.011064144782722,0.0125078111886978
2.45662331581116,25.5613307952881,0.0109285125508904,0.0125368535518646
2.71169114112854,25.5640602111816,0.0110724531114101,0.0125920325517654
2.9669713973999,25.566801071167,0.0104953590780497,0.0126426815986633
3.22230768203735,25.5694103240967,0.00989270862191916,0.012649342417717
3.47734045982361,25.571949005127,0.0108449868857861,0.0127313435077667
3.73252367973328,25.574499130249,0.0113515965640545,0.0127418488264084
3.9876401424408,25.5771903991699,0.0123643111437559,0.0127553343772888
4.24201393127441,25.5799579620361,0.0168373305350542,0.0128219276666641
4.49645185470581,25.5827560424805,0.021228913217783,0.0129005014896393
4.75166702270508,25.585376739502,0.0224357899278402,0.0129672437906265
5.00661563873291,25.5880069732666,0.0250145513564348,0.0129848122596741
5.26318311691284,25.5906772613525,0.0207767859101295,0.0129614323377609
5.51913499832153,25.5936813354492,0.0194339230656624,0.0128664076328278
-6.429603099823,25.2243995666504,-0.0277821812778711,0.0131004452705383
-6.17786169052124,25.2268772125244,-0.0197441000491381,0.0129756331443787
-5.9254412651062,25.2292098999023,-0.0147424722090364,0.0129113495349884
-5.67241382598877,25.2315254211426,-0.0124115319922566,0.0128906518220901
-5.41909074783325,25.2338638305664,-0.0112659856677055,0.0128262341022491
-5.16538763046265,25.2362518310547,-0.011693898588419,0.0127478986978531
-4.91174030303955,25.2387428283691,-0.0116334753111005,0.0127222090959549
-4.65836238861084,25.2413024902344,-0.0100816395133734,0.0127030313014984
-4.40514898300171,25.2438163757324,-0.00754075264558196,0.0126769542694092
-4.15155982971191,25.2462310791016,-0.00654268497601151,0.0126487612724304
-3.89774489402771,25.2486915588379,-0.00638140272349119,0.0126331150531769
-3.64372515678406,25.2512741088867,-0.00695198960602283,0.0126004219055176
-3.38969397544861,25.2538795471191,-0.00734905526041985,0.0125572979450226
-3.1356143951416,25.2563285827637,-0.00774530321359634,0.0126097798347473
-2.88152551651001,25.258617401123,-0.00795769318938255,0.0127083212137222
-2.62766480445862,25.2610130310059,-0.00689412700012326,0.0127425938844681
-2.37366318702698,25.2634983062744,-0.00626098643988371,0.0126907080411911
-2.11928677558899,25.2659397125244,-0.00713317142799497,0.0125820934772491
-1.86504948139191,25.2684631347656,-0.00714074447751045,0.012432262301445
-1.61070096492767,25.2710494995117,-0.00743649806827307,0.0123980790376663
-1.35690689086914,25.2736530303955,-0.00497364718466997,0.0124413371086121
-1.10336542129517,25.2761878967285,-0.00114686856977642,0.0124833434820175
-0.849399507045746,25.2786865234375,0.000953187118284404,0.0124464780092239
-0.594360947608948,25.2812404632568,-0.0016092857113108,0.0124012678861618
-0.339011490345001,25.2838268280029,-0.00535045564174652,0.0123588442802429
-0.0840620473027229,25.2864513397217,-0.00704530905932188,0.0123913288116455
0.170554161071777,25.2890796661377,-0.00700786244124174,0.0124702006578445
0.424420535564423,25.2915267944336,-0.00336970016360283,0.0124661922454834
0.678199887275696,25.2938175201416,0.000865976966451854,0.0124161392450333
0.932050049304962,25.2962799072266,0.00498519791290164,0.0124427527189255
1.18632340431213,25.2990322113037,0.00740944594144821,0.0125004947185516
1.44049775600433,25.3018093109131,0.0104856602847576,0.0125463902950287
1.69512915611267,25.3045196533203,0.0117295971140265,0.0125849545001984
1.95024180412292,25.3069686889648,0.0110466685146093,0.0126467794179916
2.20515966415405,25.3093910217285,0.0114505542442203,0.0126287043094635
2.46029710769653,25.3119640350342,0.0110970912501216,0.012601226568222
2.71595788002014,25.3145351409912,0.008647789247334,0.0125854462385178
2.97167229652405,25.3172435760498,0.00618731090798974,0.012538731098175
3.22635078430176,25.3199882507324,0.00852136593312025,0.0125038176774979
3.48053359985352,25.3226795196533,0.013243199326098,0.0125730335712433
3.73535442352295,25.3252735137939,0.0153639931231737,0.0126309841871262
3.99073696136475,25.3278198242188,0.0152325918897986,0.0126704722642899
4.24540615081787,25.3304615020752,0.0184374190866947,0.0127634108066559
4.50005197525024,25.3332195281982,0.0219487436115742,0.0128687769174576
4.75478553771973,25.3359069824219,0.0252781677991152,0.0129756182432175
5.01038312911987,25.338529586792,0.0250589102506638,0.0130228698253632
5.26788520812988,25.3410797119141,0.0167973879724741,0.0130361914634705
-6.425461769104,24.9757537841797,-0.0309435762465,0.0130920261144638
-6.17377185821533,24.978048324585,-0.0226253382861614,0.0129802972078323
-5.92153358459473,24.9803428649902,-0.016718715429306,0.0129217803478241
-5.66855764389038,24.9827136993408,-0.0141127938404679,0.0128970146179199
-5.41555500030518,24.9851818084717,-0.0114159137010574,0.0128160566091537
-5.16198110580444,24.9877033233643,-0.0112040638923645,0.0127106010913849
-4.90850400924683,24.9902248382568,-0.010313181206584,0.0126801133155823
-4.65538311004639,24.9927062988281,-0.00752524612471461,0.0127326846122742
-4.40231704711914,24.9951801300049,-0.0042662788182497,0.0127837806940079
-4.14862442016602,24.9975395202637,-0.00373086426407099,0.0127888321876526
-3.89466333389282,24.9999599456787,-0.00422587664797902,0.0126927942037582
-3.64059042930603,25.0025520324707,-0.00501770805567503,0.0125648975372314
-3.38646793365479,25.0051002502441,-0.00581178441643715,0.0124938189983368
-3.13247847557068,25.0075588226318,-0.00576188508421183,0.0125043541193008
-2.87850284576416,25.009895324707,-0.00542442500591278,0.0125730782747269
-2.62473797798157,25.0123157501221,-0.00389134231954813,0.0126196146011353
-2.3707103729248,25.0146999359131,-0.00335382274352014,0.0126133263111115
-2.11612296104431,25.0170917510986,-0.00517133018001914,0.0125564336776733
-1.86174309253693,25.0196552276611,-0.0058070826344192,0.0124282836914062
-1.6073032617569,25.0222492218018,-0.00649299984797835,0.012380376458168
-1.35359072685242,25.0248489379883,-0.00362897966988385,0.0124000757932663
-1.10005223751068,25.0273303985596,0.000240245281020179,0.0124050676822662
-0.846192121505737,25.0298271179199,0.0028500163462013,0.0123711228370667
-0.591297328472137,25.0323867797852,0.000967683095950633,0.0123323500156403
-0.336091786623001,25.0348834991455,-0.0020945577416569,0.0123130828142166
-0.080966904759407,25.0374374389648,-0.00455899629741907,0.0123730301856995
0.173767745494843,25.0399799346924,-0.00503035262227058,0.0124315470457077
0.427787721157074,25.0424137115479,-0.00205780169926584,0.0123603194952011
0.681738615036011,25.0447292327881,0.00143414561171085,0.0122672021389008
0.935735166072845,25.0471687316895,0.00492568081244826,0.0123194605112076
1.18990361690521,25.0498600006104,0.00785065442323685,0.0124533921480179
1.4439150094986,25.0527076721191,0.0116838505491614,0.0125086307525635
1.69860756397247,25.0554180145264,0.0126829398795962,0.012568324804306
1.95395863056183,25.0578002929688,0.010967000387609,0.0127125233411789
2.20899033546448,25.0602245330811,0.0108952466398478,0.012752890586853
2.46414685249329,25.0628299713135,0.0104882419109344,0.0127165466547012
2.71965432167053,25.065357208252,0.00874859746545553,0.0126150995492935
2.97523069381714,25.0680179595947,0.00692728534340858,0.0124806463718414
3.22975897789001,25.0707206726074,0.00995141454041004,0.0124372839927673
3.48365902900696,25.0734214782715,0.0159429963678122,0.0124882906675339
3.73828172683716,25.0760383605957,0.0189576670527458,0.0125608146190643
3.99364757537842,25.078483581543,0.0189219359308481,0.0126154720783234
4.2485089302063,25.0810203552246,0.0213094726204872,0.0127259343862534
4.50322484970093,25.0836696624756,0.024537768214941,0.0128226727247238
4.75796604156494,25.08642578125,0.0278584156185389,0.0129213929176331
5.01339292526245,25.0890941619873,0.028403228148818,0.0129503160715103
5.27212762832642,25.0917205810547,0.0148151684552431,0.0129043459892273
-6.16971874237061,24.7290229797363,-0.0253345649689436,0.0130155086517334
-5.91790580749512,24.7314624786377,-0.0173734966665506,0.0129478126764297
-5.66546869277954,24.7340488433838,-0.0121817169710994,0.0128659009933472
-5.4121298789978,24.7366313934326,-0.0110501013696194,0.0127827823162079
-5.15866565704346,24.7392482757568,-0.0102901803329587,0.0127013474702835
-4.90503978729248,24.7417736053467,-0.0100703621283174,0.0126185268163681
-4.65166854858398,24.7441921234131,-0.00842721108347178,0.0126481056213379
-4.39843416213989,24.7466259002686,-0.00592697924003005,0.01272252202034
-4.14488697052002,24.7489395141602,-0.00467456551268697,0.0127512812614441
-3.89115810394287,24.7512836456299,-0.00405260222032666,0.0126834958791733
-3.63724899291992,24.7537498474121,-0.004048858769238,0.0125870853662491
-3.38308644294739,24.7562255859375,-0.00499979127198458,0.0125173032283783
-3.1291937828064,24.7587471008301,-0.00447155954316258,0.0124791860580444
-2.87541389465332,24.7611675262451,-0.00319960271008313,0.0124557316303253
-2.62170433998108,24.7635555267334,-0.00138487480580807,0.0124438554048538
-2.36758041381836,24.7658748626709,-0.00126396061386913,0.0124720484018326
-2.11288142204285,24.7683067321777,-0.00356844090856612,0.0124842673540115
-1.85843753814697,24.7708854675293,-0.00447055790573359,0.0124304890632629
-1.6040678024292,24.7734184265137,-0.00480674440041184,0.012346476316452
-1.35035490989685,24.776050567627,-0.00191687373444438,0.0122922211885452
-1.09672105312347,24.7785778045654,0.00154442724306136,0.0122921913862228
-0.842812776565552,24.7810649871826,0.00396313285455108,0.0123319774866104
-0.587946355342865,24.7835597991943,0.00223928410559893,0.0123326927423477
-0.332855582237244,24.7859497070312,-0.000273503188509494,0.0123376101255417
-0.0777749568223953,24.7884330749512,-0.00250980840064585,0.0123876184225082
0.176813468337059,24.790901184082,-0.00229353946633637,0.0124099552631378
0.430950701236725,24.7934284210205,0.000175194611074403,0.0123094916343689
0.685038030147552,24.7958126068115,0.00307903485372663,0.0122137367725372
0.939135909080505,24.7983455657959,0.0061423946171999,0.0122663378715515
1.19339716434479,24.8009967803955,0.00867998320609331,0.0123887956142426
1.44760954380035,24.8037147521973,0.0116447685286403,0.012422502040863
1.7026914358139,24.8061752319336,0.010939160361886,0.0124754309654236
1.95793962478638,24.8085498809814,0.00971558224409819,0.0126297175884247
2.2130184173584,24.8109798431396,0.00946756079792976,0.0127230882644653
2.46819567680359,24.813570022583,0.00900144968181849,0.0126842707395554
2.72356057167053,24.81614112854,0.00792457442730665,0.0125413984060287
2.97858500480652,24.8187808990479,0.00857368670403957,0.0124318897724152
3.23305535316467,24.821418762207,0.011879819445312,0.0124284029006958
3.48729968070984,24.8240089416504,0.0163842979818583,0.0125030875205994
3.74203014373779,24.826566696167,0.0189542472362518,0.012567937374115
3.99679279327393,24.8291721343994,0.0215896759182215,0.0126200169324875
4.25148105621338,24.831787109375,0.0247552860528231,0.0127086192369461
4.50633716583252,24.8343925476074,0.027394650503993,0.0127793997526169
4.76064682006836,24.8369674682617,0.0326187759637833,0.0129075795412064
5.01535320281982,24.8395595550537,0.0363159105181694,0.0129440575838089
-6.16541385650635,24.4800624847412,-0.0292490925639868,0.0130303949117661
-5.91466331481934,24.4828796386719,-0.0162053778767586,0.0129175335168839
-5.66237640380859,24.4856624603271,-0.0102724293246865,0.0128429234027863
-5.40909099578857,24.4883575439453,-0.0088631147518754,0.0127562433481216
-5.15538263320923,24.4909000396729,-0.0092290760949254,0.0127120912075043
-4.90146446228027,24.4933128356934,-0.0103544453158975,0.0126124918460846
-4.64759063720703,24.4956588745117,-0.0110423499718308,0.0125299841165543
-4.39380502700806,24.4980316162109,-0.0110888509079814,0.0125242322683334
-4.1400032043457,24.5002670288086,-0.0109852598980069,0.0125963389873505
-3.88661074638367,24.5025062561035,-0.00874725077301264,0.0126231610774994
-3.63340210914612,24.5048809051514,-0.00543741462752223,0.012593686580658
-3.37969613075256,24.5073432922363,-0.00423187483102083,0.0125281512737274
-3.12595224380493,24.5099411010742,-0.00298348651267588,0.0125003755092621
-2.87218713760376,24.51243019104,-0.0016152854077518,0.0124405026435852
-2.61833667755127,24.5147609710693,-0.000423161312937737,0.0123750865459442
-2.36422538757324,24.5170516967773,-0.000214501458685845,0.0123788565397263
-2.10957622528076,24.5194988250732,-0.00226057227700949,0.0124350488185883
-1.85507905483246,24.5220794677734,-0.00337831303477287,0.0124383270740509
-1.60089576244354,24.5246543884277,-0.00283081294037402,0.0123806446790695
-1.34713280200958,24.5273284912109,-0.000143146011396311,0.0123000144958496
-1.09315776824951,24.5298652648926,0.00178900163155049,0.0122820138931274
-0.839018583297729,24.5323123931885,0.00318735768087208,0.0123557299375534
-0.584459960460663,24.5346775054932,0.0028961964417249,0.0124059319496155
-0.329679518938065,24.5370235443115,0.00182116765063256,0.012410044670105
-0.0745406895875931,24.5394268035889,-0.000651010836008936,0.0124068558216095
0.180187731981277,24.541877746582,-0.00103944388683885,0.0123710781335831
0.434440732002258,24.5443897247314,0.000936152588110417,0.0123022198677063
0.688262343406677,24.546947479248,0.00506323529407382,0.0122475475072861
0.942393243312836,24.5495834350586,0.00800460297614336,0.0122768133878708
1.19693470001221,24.5522365570068,0.00931405648589134,0.0123646110296249
1.45154666900635,24.5547943115234,0.0105227306485176,0.0123582482337952
1.70674550533295,24.557107925415,0.0093302596360445,0.0123714804649353
1.96172440052032,24.559383392334,0.00934010930359364,0.0124514997005463
2.21695327758789,24.5617275238037,0.0084576103836298,0.0125704705715179
2.47222661972046,24.5642509460449,0.00759823387488723,0.012626901268959
2.72717928886414,24.5668125152588,0.00837954878807068,0.0125467926263809
2.98181986808777,24.5694541931152,0.0107516841962934,0.0124727338552475
3.23632955551147,24.5719909667969,0.0139110926538706,0.0125162452459335
3.4909520149231,24.5745429992676,0.0167787428945303,0.0126098841428757
3.74601769447327,24.5770320892334,0.01790601760149,0.0126380324363708
4.00071907043457,24.5797061920166,0.0208419393748045,0.0126436501741409
4.25531816482544,24.5823917388916,0.0244291238486767,0.0126696676015854
4.50957679748535,24.5852127075195,0.0297021828591824,0.0127689391374588
4.7634973526001,24.5877208709717,0.0366450920701027,0.0129006803035736
5.01815605163574,24.5901641845703,0.0405717752873898,0.0129172652959824
-5.91234254837036,24.2348041534424,-0.0106661049649119,0.0128269493579865
-5.65950965881348,24.2375202178955,-0.0073019927367568,0.0128042697906494
-5.40588855743408,24.2400970458984,-0.00745521858334541,0.0127589553594589
-5.15194082260132,24.2423992156982,-0.0089205214753747,0.0127371251583099
-4.89795827865601,24.2447357177734,-0.0103200394660234,0.0126595497131348
-4.64369916915894,24.2470111846924,-0.0127845332026482,0.0124691128730774
-4.38921689987183,24.2492580413818,-0.0160628147423267,0.0123216509819031
-4.13512849807739,24.2514820098877,-0.0172589682042599,0.0123598873615265
-3.8821074962616,24.253776550293,-0.0132400374859571,0.0124863982200623
-3.62927937507629,24.2562503814697,-0.00811653677374125,0.0125498175621033
-3.37609004974365,24.2588443756104,-0.00447242334485054,0.0125089138746262
-3.12259149551392,24.2614154815674,-0.00205364008434117,0.0125068873167038
-2.86882424354553,24.2637042999268,-0.000663070706650615,0.0124149024486542
-2.61480450630188,24.265941619873,-0.000222180999116972,0.0122968405485153
-2.3607029914856,24.2682247161865,6.26578694209456e-05,0.0122635662555695
-2.10628581047058,24.2706661224365,-0.000884617620613426,0.0123486816883087
-1.85184943675995,24.2732353210449,-0.00169460754841566,0.0124274343252182
-1.59784865379333,24.2758693695068,-0.000283197325188667,0.0124367326498032
-1.34397113323212,24.2785320281982,0.00190739380195737,0.0124061107635498
-1.0895984172821,24.2809238433838,0.00205333135090768,0.0123863518238068
-0.834880769252777,24.2832260131836,0.000849949545226991,0.0124243348836899
-0.580615222454071,24.2855644226074,0.00192709895782173,0.0124877095222473
-0.326400190591812,24.2880687713623,0.00344838015735149,0.0125101357698441
-0.0714270994067192,24.2906455993652,0.0017531180055812,0.0124551653862
0.183550670742989,24.2930850982666,0.000265264941845089,0.0123580694198608
0.437880665063858,24.2954883575439,0.00192332162987441,0.0123045295476913
0.691788554191589,24.2979736328125,0.00569231016561389,0.0122948437929153
0.946059226989746,24.3006019592285,0.00803611986339092,0.0123462527990341
1.20070374011993,24.3032093048096,0.00891548022627831,0.0123915374279022
1.45530760288239,24.3056545257568,0.0101935639977455,0.0123481750488281
1.71005392074585,24.3080081939697,0.0110508166253567,0.0123479664325714
1.96489369869232,24.3103046417236,0.0117072043940425,0.0123783797025681
2.22041010856628,24.3126258850098,0.00957406125962734,0.0124319940805435
2.47625589370728,24.3150100708008,0.00620582327246666,0.0124877989292145
2.73152709007263,24.3174304962158,0.00561169348657131,0.0124841332435608
2.98578763008118,24.3200092315674,0.00969952251762152,0.0125283896923065
3.2399697303772,24.3226585388184,0.0143336849287152,0.0125961899757385
3.4944543838501,24.3252773284912,0.0178355406969786,0.0126529633998871
3.74954009056091,24.3277587890625,0.0189042445272207,0.0126527100801468
4.00461578369141,24.3304138183594,0.0202278550714254,0.012617826461792
4.25940990447998,24.3330020904541,0.0229921210557222,0.0126696079969406
4.51371765136719,24.3360366821289,0.0280829891562462,0.0127496868371964
4.7666449546814,24.3386936187744,0.0393825359642506,0.0129345208406448
-5.90979814529419,23.9867305755615,-0.00619590887799859,0.0127513855695724
-5.65620613098145,23.989200592041,-0.00640552118420601,0.0127929151058197
-5.40236520767212,23.9916496276855,-0.00756849767640233,0.012792780995369
-5.148362159729,23.9938774108887,-0.00926355086266994,0.0127319842576981
-4.89444494247437,23.9961242675781,-0.0103193363174796,0.012665182352066
-4.64017724990845,23.9983749389648,-0.0127953924238682,0.0124409347772598
-4.3856029510498,24.0006103515625,-0.016471553593874,0.0122321844100952
-4.13147640228271,24.0028762817383,-0.0178135056048632,0.0122430026531219
-3.87850952148438,24.0052528381348,-0.0135094299912453,0.0123895853757858
-3.62574982643127,24.0078067779541,-0.00803611427545547,0.0125095099210739
-3.37251496315002,24.0104751586914,-0.00457174889743328,0.0124790072441101
-3.11886763572693,24.0128765106201,-0.00280967750586569,0.0124423503875732
-2.86497712135315,24.015007019043,-0.00195594527758658,0.0123100280761719
-2.61092901229858,24.0172252655029,-0.00161034369375557,0.012186735868454
-2.35690641403198,24.019458770752,-0.000926248321775347,0.0121449828147888
-2.10291075706482,24.0218448638916,0.000100723460491281,0.0122247785329819
-1.84885740280151,24.0243988037109,0.00107930065132678,0.012334018945694
-1.59467780590057,24.0270729064941,0.00169697951059788,0.0123939961194992
-1.34057891368866,24.0296649932861,0.00290338206104934,0.0124292522668839
-1.08607172966003,24.0319671630859,0.00246630515903234,0.012422576546669
-0.831128478050232,24.0341320037842,0.000268307107035071,0.0124359726905823
-0.576915502548218,24.0364742279053,0.00161769113037735,0.0124857723712921
-0.322823345661163,24.0391235351562,0.00372724724002182,0.0125175416469574
-0.0682694166898727,24.0419178009033,0.00395805668085814,0.0124440789222717
0.186748474836349,24.0444850921631,0.00231504533439875,0.0123279690742493
0.441342890262604,24.0468120574951,0.00280966120772064,0.0122717767953873
0.695759177207947,24.0489902496338,0.00432448135688901,0.0122517645359039
0.950425565242767,24.0513076782227,0.00492930272594094,0.0123148560523987
1.20493650436401,24.0537929534912,0.006445636972785,0.0124032348394394
1.45894753932953,24.0564041137695,0.0104082589969039,0.0123740136623383
1.71307170391083,24.0589466094971,0.0140700545161963,0.0123101025819778
1.96778786182404,24.0613594055176,0.0153009779751301,0.012279286980629
2.2235164642334,24.0636901855469,0.0122484210878611,0.0123127549886703
2.47960591316223,24.0659484863281,0.00782761815935373,0.0123780369758606
2.73512887954712,24.0683403015137,0.00614712294191122,0.0124120265245438
2.98957180976868,24.0707950592041,0.00946013629436493,0.012502446770668
3.24372816085815,24.0733871459961,0.0142387356609106,0.0125662833452225
3.49789881706238,24.076114654541,0.0191517323255539,0.0125897526741028
3.75277709960938,24.0786838531494,0.0211571510881186,0.0125751942396164
4.00790643692017,24.0811061859131,0.0222734976559877,0.0126158893108368
4.26352691650391,24.0836639404297,0.0214530266821384,0.0125882923603058
4.51864385604858,24.0867195129395,0.0230426620692015,0.0126611590385437
-5.65213298797607,23.7406349182129,-0.00916216615587473,0.0128340721130371
-5.39859485626221,23.7431316375732,-0.00885334610939026,0.012803316116333
-5.14486122131348,23.7454032897949,-0.00924248062074184,0.0127691924571991
-4.89100551605225,23.7476406097412,-0.00997845642268658,0.0126017481088638
-4.63700342178345,23.7498359680176,-0.0111723402515054,0.0124514251947403
-4.38300609588623,23.752067565918,-0.0121158631518483,0.0122811645269394
-4.12931632995605,23.7543430328369,-0.0113895880058408,0.0122808665037155
-3.87610054016113,23.756721496582,-0.00822976231575012,0.012372612953186
-3.62282228469849,23.7592468261719,-0.00515179662033916,0.0124598890542984
-3.36919283866882,23.7617931365967,-0.00349491485394537,0.0124293118715286
-3.11546659469604,23.7641220092773,-0.00206912867724895,0.0123606771230698
-2.86153030395508,23.7662792205811,-0.00139620213303715,0.0122617781162262
-2.6074481010437,23.7685642242432,-0.00117740104906261,0.0121787637472153
-2.35338258743286,23.7708072662354,-0.000659641867969185,0.0121668428182602
-2.09968638420105,23.7731781005859,0.0017760134069249,0.0122005641460419
-1.84602117538452,23.7756233215332,0.00456732045859098,0.0122348368167877
-1.59162712097168,23.7781066894531,0.00422851881012321,0.0123187601566315
-1.33694219589233,23.7806491851807,0.00278323469683528,0.0123923420906067
-1.08248019218445,23.7829475402832,0.00258502899669111,0.0123883038759232
-0.82789671421051,23.7851333618164,0.00205665291287005,0.0123896598815918
-0.57357919216156,23.7875385284424,0.00295885046944022,0.0124204307794571
-0.319331616163254,23.7901611328125,0.00439308676868677,0.012438029050827
-0.0650634244084358,23.7930507659912,0.00594648625701666,0.0123701691627502
0.189661383628845,23.7956981658936,0.00565407704561949,0.0122667998075485
0.444496810436249,23.7980422973633,0.00508741941303015,0.0122045129537582
0.699230194091797,23.8001670837402,0.00520397536456585,0.0121445804834366
0.953968346118927,23.8022861480713,0.00551867578178644,0.0121856778860092
1.20836448669434,23.8046264648438,0.00758134946227074,0.0123146325349808
1.4623156785965,23.8072471618652,0.0118402019143105,0.0123416632413864
1.7162971496582,23.8099842071533,0.0161651223897934,0.012301430106163
1.97128367424011,23.8124179840088,0.0162193477153778,0.0123008787631989
2.22712349891663,23.8145847320557,0.0127039980143309,0.0123474299907684
2.48306155204773,23.8167400360107,0.00898555852472782,0.0124302357435226
2.73842906951904,23.8191318511963,0.00802122429013252,0.0124460458755493
2.99306344985962,23.8215847015381,0.0105164898559451,0.0124759376049042
3.24726486206055,23.8241748809814,0.0151253882795572,0.012505516409874
3.50119733810425,23.8269386291504,0.0211133640259504,0.0124822854995728
3.75577545166016,23.8295516967773,0.0244621224701405,0.0125034302473068
4.01076030731201,23.8320732116699,0.0262339673936367,0.0124723166227341
4.26708507537842,23.834545135498,0.0223568920046091,0.0124573111534119
4.52316236495972,23.8374843597412,0.0197893977165222,0.012568399310112
-5.64808225631714,23.4921970367432,-0.0118167269974947,0.0128489583730698
-5.39527940750122,23.4947910308838,-0.0079940902069211,0.0126869380474091
-5.14159822463989,23.4970283508301,-0.00810344982892275,0.0126108825206757
-4.88796472549438,23.4992008209229,-0.00776215689256787,0.0124461948871613
-4.6340765953064,23.501392364502,-0.00839463155716658,0.0124252885580063
-4.38054370880127,23.50364112854,-0.00713149877265096,0.0124198496341705
-4.12729263305664,23.5058784484863,-0.0043317899107933,0.0124209821224213
-3.87372040748596,23.5082359313965,-0.0028191979508847,0.0124163031578064
-3.61980962753296,23.5106105804443,-0.00266565196216106,0.0124050974845886
-3.3660306930542,23.5130233764648,-0.00167573860380799,0.0123498290777206
-3.11238646507263,23.5153827667236,0.000159354283823632,0.0122917294502258
-2.85860228538513,23.5176773071289,0.00156314251944423,0.0122849494218826
-2.60465335845947,23.5200233459473,0.00242316024377942,0.0122982561588287
-2.35052442550659,23.5222511291504,0.00267273257486522,0.0122826099395752
-2.09661221504211,23.5245113372803,0.00414227275177836,0.0122292041778564
-1.84285724163055,23.5268516540527,0.0065492382273078,0.0122095197439194
-1.58851373195648,23.5292091369629,0.0064720157533884,0.0122523605823517
-1.33354818820953,23.5316009521484,0.00377295515500009,0.0122889876365662
-1.07932126522064,23.5339775085449,0.00467690825462341,0.0123018622398376
-0.825280785560608,23.5364570617676,0.00664648087695241,0.0123099982738495
-0.570826649665833,23.5388832092285,0.00695039285346866,0.0123522877693176
-0.316214889287949,23.5413513183594,0.00675873784348369,0.0124067962169647
-0.0617911890149117,23.5439796447754,0.00763817364349961,0.0123731344938278
0.192788362503052,23.546594619751,0.00803070981055498,0.0123076140880585
0.44746857881546,23.5490455627441,0.00818976946175098,0.0122333616018295
0.702004849910736,23.551248550415,0.0092178164049983,0.0121507048606873
0.956597805023193,23.5533618927002,0.010208192281425,0.012132927775383
1.21108973026276,23.5556449890137,0.0118644526228309,0.0122084021568298
1.46543979644775,23.5581512451172,0.0143648572266102,0.0122845470905304
1.71983110904694,23.5608520507812,0.0168882980942726,0.0123073309659958
1.97515606880188,23.5633220672607,0.0154658956453204,0.012322261929512
2.23113298416138,23.5654048919678,0.0113750817254186,0.0123803019523621
2.48683190345764,23.5674839019775,0.00875242333859205,0.0124196857213974
2.74180483818054,23.5698127746582,0.00956630054861307,0.0124462246894836
2.99612212181091,23.5723915100098,0.0134888514876366,0.0124507248401642
3.25025105476379,23.5749950408936,0.0184408631175756,0.0124504864215851
3.50408720970154,23.5776100158691,0.0248787812888622,0.012418806552887
3.75844764709473,23.5802764892578,0.0292058140039444,0.0124253630638123
4.01282024383545,23.5828742980957,0.0336802154779434,0.0123589336872101
4.2693452835083,23.5854663848877,0.0289423987269402,0.0122490376234055
-5.39280319213867,23.2465362548828,-0.00316964345984161,0.0123599320650101
-5.13863182067871,23.2486629486084,-0.00557082379236817,0.0123493671417236
-4.88456678390503,23.2507247924805,-0.00723401224240661,0.0123738646507263
-4.63098526000977,23.252872467041,-0.00639214832335711,0.0124198496341705
-4.37756776809692,23.2551441192627,-0.00456190807744861,0.0124753713607788
-4.12439298629761,23.2574100494385,-0.0013769343495369,0.0125024318695068
-3.87058925628662,23.2597389221191,-0.000918066711165011,0.0124290883541107
-3.61640763282776,23.2619934082031,-0.00199637818150222,0.0123482197523117
-3.36249589920044,23.2643241882324,-0.00159229221753776,0.012255847454071
-3.10885906219482,23.2667388916016,0.000308885180857033,0.0122288763523102
-2.85532188415527,23.2691249847412,0.00288834399543703,0.0122285932302475
-2.60178232192993,23.2714500427246,0.00566915003582835,0.0122602581977844
-2.34777522087097,23.273624420166,0.00650817900896072,0.0123038291931152
-2.09334564208984,23.275857925415,0.00562198460102081,0.0122756361961365
-1.83906328678131,23.2782039642334,0.00563722662627697,0.0122361928224564
-1.58463084697723,23.2805271148682,0.00518750073388219,0.012197732925415
-1.33015954494476,23.2828330993652,0.00478387949988246,0.0121625512838364
-1.07625436782837,23.2852077484131,0.00718678208068013,0.0121860653162003
-0.822329640388489,23.2877407073975,0.00971031282097101,0.0122550278902054
-0.567985057830811,23.2901954650879,0.0105378916487098,0.0123666822910309
-0.313302159309387,23.2924900054932,0.0100506581366062,0.0124443769454956
-0.0586411543190479,23.2947978973389,0.00988512299954891,0.012434184551239
0.195954978466034,23.2972640991211,0.0102320834994316,0.0123688727617264
0.450617045164108,23.2997913360596,0.0104998983442783,0.0122885853052139
0.704967319965363,23.3022117614746,0.0123900882899761,0.0121641308069229
0.959452867507935,23.3044567108154,0.0138867124915123,0.0120797157287598
1.21423184871674,23.3066177368164,0.0142832659184933,0.0120642185211182
1.46900069713593,23.3089714050293,0.0149404583498836,0.0121859908103943
1.72361433506012,23.3115272521973,0.0165046043694019,0.0122876763343811
1.97883462905884,23.3140411376953,0.0155802760273218,0.0123271644115448
2.2346830368042,23.3161849975586,0.0120918359607458,0.0123644024133682
2.49015712738037,23.3183937072754,0.0104943569749594,0.012371838092804
2.74487113952637,23.3207340240479,0.0124824829399586,0.0123902708292007
2.99895787239075,23.3232707977295,0.0174481850117445,0.0124000906944275
3.25301623344421,23.3257923126221,0.0227362252771854,0.0124305635690689
3.50696921348572,23.3283424377441,0.0286828279495239,0.0124492198228836
3.76101613044739,23.3308906555176,0.0344105437397957,0.0124426633119583
4.01478481292725,23.3333778381348,0.0415501892566681,0.0124069452285767
-5.39044046401978,22.9980297088623,0.00218830467201769,0.0120569169521332
-5.13550901412964,23.0001659393311,-0.00377884740009904,0.0122170746326447
-4.8812518119812,23.0021724700928,-0.00631759408861399,0.0123150497674942
-4.62787103652954,23.0044097900391,-0.0045025572180748,0.0124154984951019
-4.37444972991943,23.0066318511963,-0.00265921582467854,0.0124615430831909
-4.12121772766113,23.0089321136475,0.000286369875539094,0.0124880373477936
-3.86730313301086,23.0112743377686,0.000255708815529943,0.0124069005250931
-3.61307215690613,23.0135517120361,-0.00102241663262248,0.0123282372951508
-3.35892248153687,23.0158081054688,-0.00169285084120929,0.012238472700119
-3.10493135452271,23.0181274414062,-0.00140065758023411,0.0121918916702271
-2.85115242004395,23.0204639434814,9.58573436946608e-05,0.0121140033006668
-2.59767413139343,23.0227432250977,0.0031998606864363,0.0120746940374374
-2.34405946731567,23.0249328613281,0.00588640291243792,0.0121082663536072
-2.08965563774109,23.0272426605225,0.00515141943469644,0.012185662984848
-1.83499562740326,23.0296363830566,0.00346646830439568,0.012200653553009
-1.58068227767944,23.0319480895996,0.00360003532841802,0.0121587961912155
-1.32672536373138,23.0341911315918,0.00558567745611072,0.0121242105960846
-1.07277524471283,23.0364551544189,0.00781546905636787,0.0121718049049377
-0.818635642528534,23.0388889312744,0.00939339026808739,0.0122671872377396
-0.564331114292145,23.0413589477539,0.0104363206773996,0.012352466583252
-0.310008227825165,23.0437297821045,0.0116136558353901,0.0123968124389648
-0.0555482693016529,23.0459308624268,0.0123885292559862,0.0123728066682816
0.199108719825745,23.0482311248779,0.0124899558722973,0.012293353676796
0.454076766967773,23.050630569458,0.0114082880318165,0.0122229903936386
0.708659589290619,23.0530891418457,0.0122827282175422,0.012163907289505
0.963162541389465,23.0554370880127,0.0137327956035733,0.0121013522148132
1.2178145647049,23.0576915740967,0.0147300651296973,0.0120555013418198
1.47258865833282,23.0600414276123,0.0153952045366168,0.0121668875217438
1.72724485397339,23.0623893737793,0.0168027356266975,0.0122810006141663
1.98201966285706,23.0648517608643,0.0178936254233122,0.0123098194599152
2.23748278617859,23.0671615600586,0.0161423627287149,0.0123195648193359
2.49292922019958,23.0694046020508,0.0146902063861489,0.0123116672039032
2.74771022796631,23.0717506408691,0.0164057724177837,0.0123197883367538
3.00166034698486,23.0742874145508,0.0219979640096426,0.0123168677091599
3.25585436820984,23.0767230987549,0.0267108976840973,0.0123282074928284
3.50967240333557,23.0792083740234,0.0332753472030163,0.0123944282531738
3.76398944854736,23.0816383361816,0.0378412641584873,0.0124201327562332
4.01750612258911,23.0840110778809,0.046111274510622,0.0125506371259689
-5.13188600540161,22.7516975402832,-0.00435192510485649,0.0123148113489151
-4.87780141830444,22.7536487579346,-0.0060410900041461,0.0123296678066254
-4.62458944320679,22.7558307647705,-0.00340061937458813,0.0123873054981232
-4.37139511108398,22.7581748962402,-0.000463665666757151,0.0123798549175262
-4.1181492805481,22.7604579925537,0.00244614970870316,0.0124090760946274
-3.86433076858521,22.7627811431885,0.00289322668686509,0.0123797357082367
-3.61018395423889,22.765022277832,0.00203469698317349,0.0123317837715149
-3.35592293739319,22.7672748565674,0.000873058044817299,0.0122559815645218
-3.10151624679565,22.7695693969727,-0.000734447385184467,0.0121758431196213
-2.84702730178833,22.7718200683594,-0.0024924729950726,0.0120401084423065
-2.59304094314575,22.7739791870117,-0.00169669557362795,0.0119397044181824
-2.33954572677612,22.7761669158936,0.00158469309099019,0.0119563192129135
-2.08575820922852,22.7786102294922,0.00372699345462024,0.012011930346489
-1.83132195472717,22.7810592651367,0.00310419802553952,0.0120703876018524
-1.57696855068207,22.7833061218262,0.00308886636048555,0.0120996385812759
-1.323002576828,22.7854747772217,0.00506810285151005,0.0121378749608994
-1.06905019283295,22.7877006530762,0.00732258567586541,0.0121755301952362
-0.814891338348389,22.7901077270508,0.00884700845927,0.0122545957565308
-0.560786843299866,22.7925701141357,0.0108328284695745,0.0123183727264404
-0.30672612786293,22.7950458526611,0.0132300509139895,0.0123372375965118
-0.0522866770625114,22.7972583770752,0.0141272684559226,0.0122626572847366
0.20251826941967,22.7994117736816,0.0135915437713265,0.0121601819992065
0.457602292299271,22.801643371582,0.0120197087526321,0.0121301859617233
0.712254703044891,22.8040466308594,0.0126132005825639,0.0121111124753952
0.966689825057983,22.8064022064209,0.0143998702988029,0.0120711475610733
1.22101414203644,22.808801651001,0.0168938748538494,0.0120089054107666
1.47569799423218,22.8112964630127,0.0179891679435968,0.0120585560798645
1.73044240474701,22.8136882781982,0.0190294627100229,0.0121376514434814
1.98513555526733,22.8158626556396,0.0205149464309216,0.0121841132640839
2.24025177955627,22.8180541992188,0.0203332342207432,0.0122390687465668
2.4954879283905,22.8203964233398,0.0198361407965422,0.0122341811656952
2.75047039985657,22.822774887085,0.020680658519268,0.012203723192215
3.0046706199646,22.8252201080322,0.0251928810030222,0.0121782571077347
3.25893688201904,22.8276271820068,0.029613709077239,0.0122130513191223
3.51284050941467,22.8300724029541,0.0358274951577187,0.0122325867414474
3.76754355430603,22.832462310791,0.0387262366712093,0.0121829658746719
-5.12880563735962,22.5033130645752,-0.00236779032275081,0.0122936218976974
-4.8748025894165,22.5052757263184,-0.00364385009743273,0.0122352987527847
-4.6217942237854,22.5074920654297,-1.80612405529246e-05,0.0122703909873962
-4.36848640441895,22.5098056793213,0.00241148378700018,0.0122882723808289
-4.11508131027222,22.5120639801025,0.00460375053808093,0.0123283416032791
-3.86117649078369,22.5143127441406,0.00467751966789365,0.0123325735330582
-3.60687160491943,22.5164566040039,0.00311348517425358,0.0123078972101212
-3.35253477096558,22.518590927124,0.00163183792028576,0.0122560262680054
-3.09801268577576,22.5207824707031,-0.000478811474749818,0.0121883302927017
-2.84321022033691,22.5230007171631,-0.00365391396917403,0.0120565444231033
-2.58881092071533,22.5252113342285,-0.00473075453191996,0.0119500607252121
-2.33550262451172,22.5275096893311,-0.000549120246432722,0.0119445770978928
-2.08217549324036,22.5299911499023,0.00374827021732926,0.0119561403989792
-1.82810056209564,22.5323238372803,0.00481969490647316,0.0119929611682892
-1.57363522052765,22.5344791412354,0.0043222364038229,0.0120292901992798
-1.31947469711304,22.5366287231445,0.00544325448572636,0.0120890587568283
-1.06525683403015,22.5389442443848,0.00651791179552674,0.0120896846055984
-0.810975849628448,22.5413913726807,0.00752057321369648,0.0121025443077087
-0.556921243667603,22.5438213348389,0.00976946577429771,0.0121645629405975
-0.303019970655441,22.5462532043457,0.0129254525527358,0.0122015625238419
-0.0489063672721386,22.5484943389893,0.0153306713327765,0.0121356546878815
0.205711826682091,22.5506343841553,0.0156691372394562,0.0120076835155487
0.460712373256683,22.5527515411377,0.0145037183538079,0.0119955837726593
0.715283095836639,22.5550212860107,0.0154941529035568,0.0120497643947601
0.969593405723572,22.5573825836182,0.017867574468255,0.012049064040184
1.22367346286774,22.5599212646484,0.0214800965040922,0.0119681358337402
1.47834467887878,22.5625133514404,0.0226535797119141,0.0119648575782776
1.73352682590485,22.564826965332,0.021765299141407,0.0120425075292587
1.98872697353363,22.5669116973877,0.0210220161825418,0.0121317505836487
2.24385976791382,22.5689678192139,0.02079938352108,0.0122079700231552
2.49891209602356,22.5712738037109,0.0211495999246836,0.0121775418519974
2.75394082069397,22.5736312866211,0.0218197982758284,0.0120978951454163
3.00840616226196,22.5759773254395,0.0251926612108946,0.0120909959077835
3.26265001296997,22.5784130096436,0.0297434274107218,0.0120735615491867
3.51639199256897,22.5808048248291,0.0367003306746483,0.0121452957391739
3.77109217643738,22.5833034515381,0.0396391004323959,0.0120160430669785
-4.87194871902466,22.2570323944092,-0.000571377109736204,0.0121335834264755
-4.61881971359253,22.2592067718506,0.00251620751805604,0.0121730864048004
-4.36552333831787,22.2614326477051,0.00502836937084794,0.0122473835945129
-4.1116681098938,22.2636470794678,0.00514390738680959,0.0122343450784683
-3.85774993896484,22.2658405303955,0.00518862484022975,0.0122253596782684
-3.60333847999573,22.2679233551025,0.00316145760007203,0.0122067034244537
-3.34878873825073,22.2699432373047,0.00072463828837499,0.0121880620718002
-3.09410285949707,22.272045135498,-0.00210922467522323,0.0121650099754333
-2.83932137489319,22.2742309570312,-0.00515041360631585,0.0120660960674286
-2.58525991439819,22.2765502929688,-0.00463025690987706,0.0119838416576385
-2.33183908462524,22.2788925170898,-0.000934835057705641,0.0119870752096176
-2.07858681678772,22.2813377380371,0.00374231371097267,0.0120055824518204
-1.82490289211273,22.2835636138916,0.00664344849064946,0.0120098292827606
-1.57054483890533,22.2856674194336,0.00666831852868199,0.0120068341493607
-1.31626737117767,22.2878513336182,0.0072828852571547,0.0120165795087814
-1.06163454055786,22.2902355194092,0.0064931707456708,0.011988639831543
-0.80716598033905,22.2926731109619,0.00667547760531306,0.0119532346725464
-0.552997350692749,22.2949714660645,0.00844314228743315,0.0119941234588623
-0.299034118652344,22.2972793579102,0.0113557456061244,0.0120714753866196
-0.0450456440448761,22.2995433807373,0.0143634881824255,0.0120470076799393
0.209390416741371,22.3017158508301,0.0155593687668443,0.0119484215974808
0.464211076498032,22.3038902282715,0.0152374086901546,0.0119287669658661
0.718637645244598,22.3060932159424,0.0169085022062063,0.0119975209236145
0.972688019275665,22.3084373474121,0.0204791780561209,0.0120464414358139
1.22672474384308,22.3109397888184,0.024313198402524,0.0119720548391342
1.48145830631256,22.3134803771973,0.0252357944846153,0.0119578242301941
1.73673737049103,22.3157825469971,0.0239432416856289,0.0120078474283218
1.99199557304382,22.3178596496582,0.0229700431227684,0.0121152102947235
2.24716973304749,22.3199558258057,0.0225922614336014,0.0121923089027405
2.50227022171021,22.3221988677979,0.0227581672370434,0.0121473670005798
2.75733041763306,22.3244590759277,0.0233198627829552,0.0120582729578018
3.01242065429688,22.3267555236816,0.0239624753594398,0.0119763314723969
3.26677465438843,22.3290901184082,0.0280644968152046,0.0119648575782776
3.52036046981812,22.33131980896,0.0357451848685741,0.0121028870344162
-4.86920642852783,22.0087490081787,0.00302504701539874,0.0121284425258636
-4.61515331268311,22.0107555389404,0.00179831322748214,0.012124702334404
-4.36136436462402,22.0128746032715,0.00203782087191939,0.0121965259313583
-4.10752010345459,22.0150871276855,0.00224316562525928,0.0121962577104568
-3.85395908355713,22.0173225402832,0.00399643508717418,0.0121190547943115
-3.59985160827637,22.0193729400635,0.00342169986106455,0.0120418816804886
-3.34503531455994,22.021354675293,-0.000218998771742918,0.0120722651481628
-3.09017586708069,22.0233402252197,-0.00382125750184059,0.012098103761673
-2.83547854423523,22.0255699157715,-0.00643589906394482,0.0120812505483627
-2.58156418800354,22.0279560089111,-0.00519996182993054,0.0119991153478622
-2.32800507545471,22.0303630828857,-0.00210850453004241,0.012042224407196
-2.0747435092926,22.0326652526855,0.00256446329876781,0.0120780020952225
-1.82141423225403,22.0348377227783,0.00713070575147867,0.0120467841625214
-1.56725120544434,22.036994934082,0.00808138772845268,0.0119967013597488
-1.31269121170044,22.0392169952393,0.00743441237136722,0.0119542926549911
-1.0580826997757,22.0414543151855,0.00679064681753516,0.0119484215974808
-0.80388206243515,22.04368019104,0.00822895392775536,0.0119580626487732
-0.549836993217468,22.0459041595459,0.0105893341824412,0.0120013356208801
-0.295462608337402,22.0481281280518,0.0116679891943932,0.0120442509651184
-0.0411903858184814,22.0505332946777,0.0134228765964508,0.0120527446269989
0.213243409991264,22.0527725219727,0.014663620851934,0.0119985640048981
0.467938899993896,22.0550689697266,0.0149395251646638,0.0119792073965073
0.722233593463898,22.0573596954346,0.017236489802599,0.0119857639074326
0.97624796628952,22.0596752166748,0.0210014712065458,0.0120051205158234
1.23053872585297,22.061990737915,0.0237325020134449,0.0119600743055344
1.48533153533936,22.0643672943115,0.0244268178939819,0.0119598656892776
1.74034667015076,22.0666980743408,0.0243457518517971,0.012027770280838
1.99538362026215,22.0688762664795,0.0243879538029432,0.0121094137430191
2.25039720535278,22.070972442627,0.0247538611292839,0.0121772736310959
2.50541591644287,22.0731449127197,0.0253116302192211,0.0121674835681915
2.76060271263123,22.0753192901611,0.0253413617610931,0.0121170282363892
3.0157790184021,22.0775871276855,0.0256334897130728,0.0120176076889038
3.27061438560486,22.0798835754395,0.0276431683450937,0.0119485855102539
3.52453327178955,22.0818214416504,0.033896841108799,0.0120057463645935
-4.61028242111206,21.7620410919189,-0.00458024302497506,0.0120789110660553
-4.35641860961914,21.7641010284424,-0.00464116502553225,0.0121614634990692
-4.10355854034424,21.7664127349854,0.000216556247323751,0.0120674222707748
-3.84993171691895,21.7686939239502,0.00169813178945333,0.0119740813970566
-3.59652709960938,21.7708015441895,0.00443805102258921,0.0118732750415802
-3.34188032150269,21.7728672027588,0.00161577551625669,0.0119219869375229
-3.08708477020264,21.7749843597412,-0.0016611359314993,0.0120208412408829
-2.83233499526978,21.777135848999,-0.00448752287775278,0.0120599716901779
-2.57814455032349,21.7794551849365,-0.0044968044385314,0.0120213329792023
-2.32427358627319,21.7817459106445,-0.00280866050161421,0.012075737118721
-2.07062768936157,21.7839012145996,0.000132161352667026,0.012083575129509
-1.81748807430267,21.7860908508301,0.00560859218239784,0.0120517313480377
-1.56367874145508,21.7882652282715,0.00821676570922136,0.0120144784450531
-1.30927515029907,21.7905120849609,0.00831877440214157,0.0120131224393845
-1.05497610569,21.7926616668701,0.00912007410079241,0.0120483636856079
-0.800927042961121,21.7948341369629,0.011278273537755,0.0120469033718109
-0.546974897384644,21.7970581054688,0.0140883680433035,0.0120180696249008
-0.292295813560486,21.7992839813232,0.0138121172785759,0.0120337456464767
-0.0377397798001766,21.801628112793,0.0143129657953978,0.0120873302221298
0.216673254966736,21.8039150238037,0.015678720548749,0.0120709836483002
0.471325486898422,21.8062515258789,0.0161804854869843,0.0120377391576767
0.725770711898804,21.8086280822754,0.0178305581212044,0.0120261609554291
0.980292797088623,21.8109111785889,0.0193494856357574,0.0120458006858826
1.23495578765869,21.8130569458008,0.0204528551548719,0.0120167583227158
1.48985111713409,21.8153858184814,0.0207292083650827,0.0119969546794891
1.74463975429535,21.8177013397217,0.0216994192451239,0.0120338946580887
1.99933004379272,21.8198719024658,0.0233237314969301,0.0120712667703629
2.2539689540863,21.8219451904297,0.0253893956542015,0.0121208727359772
2.50857186317444,21.8240852355957,0.0278223995119333,0.012141153216362
2.76370763778687,21.8263111114502,0.0281050577759743,0.0121347904205322
3.01866459846497,21.8285503387451,0.0293926745653152,0.0121166259050369
3.27393054962158,21.8308773040771,0.0295303985476494,0.012031614780426
-4.60521697998047,21.5133228302002,-0.0118735022842884,0.0121090114116669
-4.35158205032349,21.5153141021729,-0.0108117805793881,0.012154147028923
-4.09958648681641,21.5177211761475,-0.00186429172754288,0.0119584798812866
-3.846275806427,21.5200634002686,0.00113384681753814,0.0118803381919861
-3.59316563606262,21.5223331451416,0.00527779525145888,0.0117692500352859
-3.33858013153076,21.5244026184082,0.00277269631624222,0.0118414610624313
-3.08388805389404,21.5265865325928,7.46936393625219e-06,0.0119830369949341
-2.82949662208557,21.5287036895752,-0.00112895003985614,0.0120267421007156
-2.57524514198303,21.530912399292,-0.00139150279574096,0.0119875222444534
-2.32109928131104,21.5331020355225,-0.000941414851695299,0.0120277553796768
-2.0671124458313,21.5351390838623,0.000463543721707538,0.0119947791099548
-1.81380653381348,21.5373210906982,0.00521003687754273,0.0119787901639938
-1.56024742126465,21.5394802093506,0.00899944081902504,0.0119934231042862
-1.30623531341553,21.5416831970215,0.0109244976192713,0.0120722949504852
-1.05205762386322,21.5438747406006,0.0123081589117646,0.012121707201004
-0.797857701778412,21.5460414886475,0.0138067668303847,0.0120682120323181
-0.54355400800705,21.5482292175293,0.0150490943342447,0.0120315253734589
-0.28876855969429,21.550464630127,0.0143222911283374,0.0120957642793655
-0.0341536216437817,21.5527744293213,0.0145900258794427,0.0121462494134903
0.220314964652061,21.5550651550293,0.0157381948083639,0.0121113657951355
0.475032448768616,21.5574169158936,0.0159794352948666,0.011977344751358
0.729779839515686,21.559757232666,0.0163051784038544,0.0119369029998779
0.98452365398407,21.5619049072266,0.0168680623173714,0.0119858235120773
1.23919749259949,21.5639343261719,0.0179629400372505,0.0119812488555908
1.49401450157166,21.5661849975586,0.0186289083212614,0.0119734108448029
1.74878668785095,21.5684661865234,0.0197106078267097,0.0119887888431549
2.00348663330078,21.5706005096436,0.0213300827890635,0.0120391249656677
2.25783634185791,21.5726833343506,0.0247173234820366,0.0120833367109299
2.51201629638672,21.5749206542969,0.0290597174316645,0.0120819956064224
2.76650857925415,21.5771656036377,0.0322183854877949,0.0121360570192337
3.02141380310059,21.5795555114746,0.033757034689188,0.0121153593063354
3.27717709541321,21.5818386077881,0.0317278243601322,0.0120398700237274
-4.34741926193237,21.266622543335,-0.0138251390308142,0.0120932012796402
-4.09622097015381,21.2691669464111,-0.00110791204497218,0.0118509531021118
-3.84369945526123,21.2716197967529,0.00560434767976403,0.0117155462503433
-3.58968234062195,21.2739086151123,0.0055480720475316,0.0117787569761276
-3.33509874343872,21.2759304046631,0.0030869385227561,0.0118434876203537
-3.08047223091125,21.2780246734619,0.000659960496705025,0.0119786560535431
-2.82640719413757,21.2800979614258,0.0010688048787415,0.011972039937973
-2.57240748405457,21.2823066711426,0.00199972139671445,0.0119244009256363
-2.31802558898926,21.2845039367676,0.00138839648570865,0.0119501054286957
-2.06377172470093,21.2865543365479,0.0015943442704156,0.0119076669216156
-1.81032800674438,21.2887306213379,0.00574039993807673,0.0118715912103653
-1.556924700737,21.290828704834,0.0102777658030391,0.0118525326251984
-1.30308365821838,21.2929744720459,0.01301743183285,0.0119684636592865
-1.04871046543121,21.2951736450195,0.0135386548936367,0.0120376944541931
-0.793872117996216,21.29736328125,0.012162365950644,0.0119597762823105
-0.539158463478088,21.2995586395264,0.0115794986486435,0.011936217546463
-0.284777998924255,21.3017501831055,0.0127311479300261,0.0120325833559036
-0.0303986724466085,21.3039722442627,0.0141035420820117,0.0120752304792404
0.224247634410858,21.3061771392822,0.0144856059923768,0.0120120644569397
0.479192137718201,21.3083248138428,0.0137433307245374,0.0118177235126495
0.733987927436829,21.3105907440186,0.0138910403475165,0.0118211507797241
0.98847770690918,21.3127632141113,0.0156324058771133,0.0118868499994278
1.2428435087204,21.314826965332,0.0181428603827953,0.0118812471628189
1.49750626087189,21.3170433044434,0.0195323396474123,0.0118818283081055
1.75231409072876,21.3192386627197,0.0204880908131599,0.0119198709726334
2.00709891319275,21.3213634490967,0.0217617936432362,0.011976420879364
2.26136064529419,21.3235206604004,0.025570971891284,0.0120020061731339
2.51544880867004,21.3257503509521,0.0303514450788498,0.0120006799697876
2.76971745491028,21.3280544281006,0.0345307365059853,0.0120514035224915
3.02419257164001,21.3305740356445,0.0379941388964653,0.0120467394590378
3.28058886528015,21.332799911499,0.0332006216049194,0.0119844228029251
-4.34402799606323,21.0182209014893,-0.0132284853607416,0.0119962692260742
-4.09295511245728,21.0207042694092,0.000110096145363059,0.0118429809808731
-3.84023427963257,21.0231246948242,0.00592333404347301,0.0118022263050079
-3.58596038818359,21.0253562927246,0.00470509845763445,0.0119040012359619
-3.33160519599915,21.0273818969727,0.00334237283095717,0.0119204968214035
-3.07728457450867,21.029390335083,0.00237098475918174,0.0119668990373611
-2.82333278656006,21.0314617156982,0.00333514413796365,0.0119150727987289
-2.56919980049133,21.0336360931396,0.00368080311454833,0.0118896216154099
-2.31468367576599,21.0358390808105,0.00248183286748827,0.0119126588106155
-2.06063556671143,21.037992477417,0.00366535759530962,0.0118531137704849
-1.80719304084778,21.0401649475098,0.00784663576632738,0.0117857754230499
-1.55363082885742,21.04225730896,0.0116867609322071,0.0117516815662384
-1.29950833320618,21.0443897247314,0.0131712453439832,0.0118572115898132
-1.04498708248138,21.0465679168701,0.0130517836660147,0.0119084268808365
-0.790058434009552,21.0486869812012,0.0113009819760919,0.0118341147899628
-0.535308420658112,21.0507831573486,0.0105907320976257,0.0118003338575363
-0.281116306781769,21.0529708862305,0.0126327145844698,0.011885941028595
-0.0265917908400297,21.0551910400391,0.0133827077224851,0.0119570940732956
0.228406935930252,21.0572891235352,0.0122107826173306,0.0118990689516068
0.483291745185852,21.0593338012695,0.0117780156433582,0.0117383599281311
0.737868130207062,21.0615062713623,0.012952072545886,0.0117187649011612
0.992195904254913,21.0636425018311,0.015456885099411,0.0117687433958054
1.24658358097076,21.0658092498779,0.0179022904485464,0.0117911100387573
1.50102436542511,21.0680370330811,0.020317567512393,0.0118041932582855
1.75564134120941,21.0701789855957,0.0221578534692526,0.0118191987276077
2.01034021377563,21.0722980499268,0.0238448046147823,0.0118845552206039
2.26468849182129,21.0744876861572,0.0272990446537733,0.0119304060935974
2.51882100105286,21.0767879486084,0.0319114699959755,0.0119423866271973
2.77315878868103,21.0789775848389,0.035815853625536,0.011960431933403
3.02705049514771,21.0816059112549,0.041884358972311,0.0119518041610718
-4.08928823471069,20.7720890045166,-0.000550288648810238,0.0120125710964203
-3.83649134635925,20.7745246887207,0.00494546256959438,0.011980727314949
-3.58237862586975,20.7767581939697,0.00451536616310477,0.0119961500167847
-3.32798314094543,20.7788162231445,0.00300025730393827,0.0119615495204926
-3.07397699356079,20.7808856964111,0.00352259259670973,0.0119315087795258
-2.8199462890625,20.7829608917236,0.00415320601314306,0.0118754059076309
-2.56562733650208,20.7850399017334,0.00367409223690629,0.0118485391139984
-2.31118202209473,20.7871627807617,0.00283833453431726,0.0118471533060074
-2.05715465545654,20.7893676757812,0.00415047397837043,0.0118108093738556
-1.80369544029236,20.7915706634521,0.00828839559108019,0.0117408335208893
-1.54996824264526,20.7937164306641,0.011405760422349,0.011710986495018
-1.29588258266449,20.795862197876,0.0130938943475485,0.0117756277322769
-1.04148411750793,20.7979774475098,0.0135703580453992,0.0117955803871155
-0.786832392215729,20.8000106811523,0.0131149906665087,0.0117536783218384
-0.532262980937958,20.8020305633545,0.0132575668394566,0.0117473304271698
-0.277862668037415,20.804162979126,0.0143854869529605,0.0118225961923599
-0.0229689907282591,20.8063888549805,0.0134959686547518,0.0118643194437027
0.232298269867897,20.8084125518799,0.0111469896510243,0.0118087381124496
0.487039297819138,20.8103828430176,0.0114000011235476,0.011719599366188
0.741445064544678,20.8124084472656,0.0133786648511887,0.0117080509662628
0.995894491672516,20.8145370483398,0.0153708895668387,0.0117320716381073
1.25055742263794,20.8167400360107,0.0166172944009304,0.0117441117763519
1.50499045848846,20.8190174102783,0.0191032588481903,0.0117602348327637
1.75941264629364,20.8211879730225,0.0218483991920948,0.0117674320936203
2.0139012336731,20.8233184814453,0.0245050992816687,0.011835902929306
2.26841163635254,20.8254795074463,0.0272716153413057,0.0118861645460129
2.52284979820251,20.827600479126,0.0305661614984274,0.0119060426950455
2.77704048156738,20.829891204834,0.0351567156612873,0.0119053423404694
3.03071284294128,20.8325443267822,0.0422277338802814,0.0118735134601593
-4.08474397659302,20.5233325958252,-0.00531366188079119,0.0121906995773315
-3.83270072937012,20.5259609222412,0.00374231766909361,0.0120536684989929
-3.57871222496033,20.528226852417,0.00392791116610169,0.012015089392662
-3.32446217536926,20.530330657959,0.0031247369479388,0.0119421929121017
-3.07035756111145,20.5324459075928,0.00322447693906724,0.0118851363658905
-2.81614208221436,20.5344791412354,0.00303611741401255,0.0117812305688858
-2.56196141242981,20.5365123748779,0.00323464861139655,0.0117189884185791
-2.30772566795349,20.5385341644287,0.00340195372700691,0.0117251574993134
-2.05364775657654,20.5406742095947,0.00451616337522864,0.0117531269788742
-1.80015480518341,20.5429229736328,0.00853328965604305,0.0117334723472595
-1.54656076431274,20.5452175140381,0.0122921532019973,0.0117311477661133
-1.2926744222641,20.5473957061768,0.0149241555482149,0.0117550790309906
-1.03824138641357,20.5493564605713,0.0152766006067395,0.0117446333169937
-0.783487498760223,20.5512752532959,0.0143893249332905,0.0116840302944183
-0.528920948505402,20.5532779693604,0.0145771317183971,0.0116520971059799
-0.274471670389175,20.5554122924805,0.0155152007937431,0.0117062032222748
-0.0196638908237219,20.5576057434082,0.0150472624227405,0.0117350816726685
0.23568719625473,20.5596790313721,0.0123505359515548,0.0117416977882385
0.490611404180527,20.5616779327393,0.0118097504600883,0.0117416232824326
0.745312035083771,20.5635871887207,0.0124980378895998,0.0117564052343369
0.999987959861755,20.5655136108398,0.0135135911405087,0.0117469429969788
1.25463628768921,20.5675716400146,0.0148657038807869,0.0117146819829941
1.50888168811798,20.5698642730713,0.0182279795408249,0.0117176473140717
1.76309525966644,20.5721244812012,0.0219378042966127,0.011706605553627
2.01734447479248,20.5743274688721,0.0256928540766239,0.0117686092853546
2.27192497253418,20.5764846801758,0.0281797349452972,0.0118259340524673
2.5265781879425,20.5785980224609,0.0305528528988361,0.0118880718946457
2.78132724761963,20.580696105957,0.0327097065746784,0.0119020044803619
3.03549814224243,20.5832653045654,0.0376194566488266,0.0118456035852432
-3.82953572273254,20.2776565551758,0.0054553747177124,0.0119688212871552
-3.5752866268158,20.2797813415527,0.00445995107293129,0.0119405686855316
-3.32080054283142,20.2818355560303,0.0025942693464458,0.0119062215089798
-3.06668925285339,20.2838230133057,0.00270148389972746,0.0118136256933212
-2.81242847442627,20.2858600616455,0.00233929394744337,0.011706069111824
-2.55833101272583,20.2878932952881,0.00295913987793028,0.0116599053144455
-2.30412554740906,20.2898635864258,0.00330265332013369,0.0116526931524277
-2.04991459846497,20.2919464111328,0.00384062249213457,0.0117029994726181
-1.79645466804504,20.2942867279053,0.00804450176656246,0.0116932988166809
-1.5431352853775,20.2966480255127,0.0130973504856229,0.0117143392562866
-1.28944337368011,20.2987213134766,0.0166528951376677,0.0117244869470596
-1.03483402729034,20.3005123138428,0.0162351690232754,0.0117326974868774
-0.779907166957855,20.3023567199707,0.0145949367433786,0.0116757452487946
-0.525492906570435,20.3044548034668,0.0155078088864684,0.0116304904222488
-0.271251529455185,20.3066444396973,0.0174206029623747,0.0116617381572723
-0.0166977029293776,20.3087558746338,0.0181338749825954,0.0116861015558243
0.238658055663109,20.310791015625,0.0154451951384544,0.0117460042238235
0.493986964225769,20.3128414154053,0.0131084695458412,0.0117607861757278
0.749094247817993,20.3148307800293,0.0119988508522511,0.0117365270853043
1.00377357006073,20.31667137146,0.013036104850471,0.0117017179727554
1.2581799030304,20.3185844421387,0.0155101111158729,0.0116410255432129
1.51220166683197,20.3208065032959,0.0199063643813133,0.0116429328918457
1.76627433300018,20.3231067657471,0.0242745708674192,0.0116505771875381
2.02037405967712,20.3254070281982,0.0287228133529425,0.011695384979248
2.27490329742432,20.3275470733643,0.0314651057124138,0.0117516964673996
2.52948951721191,20.3296852111816,0.0341617241501808,0.0118173360824585
2.78473448753357,20.3315773010254,0.0341550260782242,0.0118799805641174
-3.82607102394104,20.0292320251465,0.00576786464080215,0.0118423849344254
-3.57197046279907,20.0312080383301,0.00550252618268132,0.0118652284145355
-3.31740021705627,20.0332088470459,0.00327901169657707,0.0118325054645538
-3.06314635276794,20.0351905822754,0.00275927945040166,0.0117552876472473
-2.8088686466217,20.0372085571289,0.00235489895567298,0.0116740316152573
-2.55458498001099,20.0392055511475,0.00214886642061174,0.0116513967514038
-2.30016922950745,20.0411682128906,0.00156035495456308,0.0116744041442871
-2.04608082771301,20.0432224273682,0.00270289671607316,0.0117130428552628
-1.79271006584167,20.0454978942871,0.00735421013087034,0.0116646885871887
-1.53952991962433,20.0478248596191,0.0130821252241731,0.0116714984178543
-1.28566443920135,20.0498390197754,0.0158805344253778,0.0116677135229111
-1.03076446056366,20.0515460968018,0.0141753889620304,0.0116520971059799
-0.77588027715683,20.0533790588379,0.0127691328525543,0.0116050839424133
-0.521713495254517,20.0555458068848,0.014844368211925,0.0115651190280914
-0.267841786146164,20.0577487945557,0.0184691790491343,0.0115889012813568
-0.0133263412863016,20.0597019195557,0.0193916577845812,0.0116449296474457
0.242046728730202,20.0617141723633,0.0166576560586691,0.0116955786943436
0.497452020645142,20.0638980865479,0.0140069248154759,0.0116840153932571
0.75256884098053,20.0660438537598,0.0128848385065794,0.0116160362958908
1.00729167461395,20.067892074585,0.0137600125744939,0.0115648955106735
1.26164567470551,20.0697956085205,0.0165013149380684,0.0114888399839401
1.51544606685638,20.071949005127,0.0219207350164652,0.0115050971508026
1.76922512054443,20.0742626190186,0.0276282504200935,0.0115548521280289
2.02338290214539,20.0764694213867,0.031847670674324,0.0116011649370193
2.27759742736816,20.0786323547363,0.0360155403614044,0.0116546005010605
2.53224921226501,20.0807647705078,0.0384466610848904,0.0116819888353348
2.78736662864685,20.0825939178467,0.0390307195484638,0.0117577165365219
-3.56883764266968,19.7825908660889,0.00739700719714165,0.0118260830640793
-3.31413269042969,19.7845764160156,0.00458050705492496,0.0117925256490707
-3.05974555015564,19.7865295410156,0.00347513239830732,0.0116867274045944
-2.80537343025208,19.7884922027588,0.00266886572353542,0.0116500407457352
-2.55092787742615,19.7904281616211,0.00175189948640764,0.0116463452577591
-2.29640817642212,19.792423248291,0.000719371309969574,0.0116872042417526
-2.04258322715759,19.7945232391357,0.00311004254035652,0.0117050111293793
-1.78916454315186,19.796745300293,0.00757699878886342,0.0116200745105743
-1.5357905626297,19.7989540100098,0.0124539006501436,0.011634886264801
-1.28156495094299,19.8009643554688,0.0136429676786065,0.0116616636514664
-1.02643024921417,19.8027477264404,0.010905827395618,0.0116177648305893
-0.771499991416931,19.8045673370361,0.00933226570487022,0.0115155726671219
-0.517226874828339,19.8065319061279,0.0109701324254274,0.01143479347229
-0.263566315174103,19.8086395263672,0.0155971888452768,0.0114414542913437
-0.00905913766473532,19.8105354309082,0.0165993086993694,0.0115190446376801
0.246194735169411,19.8125553131104,0.0144443614408374,0.0115905851125717
0.501232862472534,19.8148231506348,0.0134860100224614,0.0115605294704437
0.755865812301636,19.8170890808105,0.014573598280549,0.0114424973726273
1.01036882400513,19.8189659118652,0.016466211527586,0.0113651007413864
1.26499152183533,19.8209743499756,0.0180320981889963,0.0113457441329956
1.5190304517746,19.8231468200684,0.0224159862846136,0.011391282081604
1.77264022827148,19.8253955841064,0.0289134103804827,0.0114901214838028
2.02692770957947,19.8273983001709,0.0325906276702881,0.0115599185228348
2.28075242042542,19.829704284668,0.0385209359228611,0.0115908533334732
2.53565549850464,19.83176612854,0.03986856341362,0.0115797072649002
-3.56541228294373,19.5341949462891,0.00792447384446859,0.0118020325899124
-3.31064748764038,19.536018371582,0.00486650597304106,0.0118065178394318
-3.05619835853577,19.5378246307373,0.0035118805244565,0.0116963386535645
-2.80174779891968,19.5397987365723,0.00237793545238674,0.0116887837648392
-2.54730367660522,19.5417232513428,0.00150378537364304,0.011631578207016
-2.29285478591919,19.5437297821045,0.000834762584418058,0.0116399526596069
-2.03910279273987,19.5458469390869,0.00359551189467311,0.011654332280159
-1.78551375865936,19.5480213165283,0.00731639238074422,0.0115949958562851
-1.53186428546906,19.5501270294189,0.0109682334586978,0.0115948170423508
-1.27754485607147,19.5521831512451,0.0117665752768517,0.0116219073534012
-1.02247321605682,19.5540008544922,0.0093562351539731,0.0115532279014587
-0.767439961433411,19.5557689666748,0.00735350418835878,0.0114338994026184
-0.512741565704346,19.5575180053711,0.00710267294198275,0.0113144814968109
-0.258689731359482,19.5594615936279,0.0100022377446294,0.0113139301538467
-0.00435978313907981,19.5614471435547,0.0118515836074948,0.0113764703273773
0.250686258077621,19.5635681152344,0.0106781721115112,0.0114282965660095
0.505353271961212,19.5659370422363,0.0114332921802998,0.0114180743694305
0.759320497512817,19.5680923461914,0.015555583871901,0.0113350301980972
1.01343786716461,19.5700531005859,0.0192100200802088,0.0113039910793304
1.26823806762695,19.5720539093018,0.0200103726238012,0.0113203823566437
1.5226229429245,19.5742301940918,0.0228791404515505,0.0113379657268524
1.77632164955139,19.5764865875244,0.0290136262774467,0.0114222317934036
2.03005743026733,19.5787029266357,0.0351763963699341,0.0114699155092239
2.28435635566711,19.5807361602783,0.0390348099172115,0.0115611255168915
2.53950953483582,19.582670211792,0.0393094643950462,0.0115478485822678
-3.30695033073425,19.2873229980469,0.00416911579668522,0.0119161158800125
-3.05251216888428,19.2891063690186,0.00290210824459791,0.0117537528276443
-2.79809165000916,19.2911376953125,0.00194396579172462,0.0116696953773499
-2.54406309127808,19.2931938171387,0.00302441883832216,0.0116268247365952
-2.28977465629578,19.2951889038086,0.00312720309011638,0.0115900635719299
-2.03576993942261,19.2972354888916,0.00475874915719032,0.0116035491228104
-1.78176665306091,19.2992687225342,0.00661312928423285,0.0115807056427002
-1.52781081199646,19.3012981414795,0.00890033319592476,0.0115364640951157
-1.27366936206818,19.3033390045166,0.0105525953695178,0.0115212798118591
-1.01910328865051,19.3051261901855,0.0104876151308417,0.011459156870842
-0.763974547386169,19.3068313598633,0.00808483827859163,0.0113569796085358
-0.508949220180511,19.3085803985596,0.00638305768370628,0.0112591236829758
-0.254675567150116,19.3105659484863,0.00831310171633959,0.0112734884023666
-0.000504614901728928,19.3127002716064,0.0109180826693773,0.0113431960344315
0.254233330488205,19.3148517608643,0.0111726112663746,0.0113927274942398
0.508910715579987,19.3171329498291,0.0119166290387511,0.0113698691129684
0.763075292110443,19.3191051483154,0.0151890311390162,0.0113099068403244
1.0173100233078,19.3210124969482,0.0183543097227812,0.0113056600093842
1.2719315290451,19.3230400085449,0.0199911836534739,0.0113467276096344
1.52629959583282,19.3252124786377,0.0229701530188322,0.0113323777914047
1.7802197933197,19.3274078369141,0.0281524267047644,0.0113681703805923
2.03413462638855,19.3295917510986,0.0335553511977196,0.0114206075668335
2.28840017318726,19.3316650390625,0.0375992730259895,0.0115306675434113
2.54372978210449,19.3336200714111,0.0371291227638721,0.0116022825241089
-3.30388236045837,19.0388069152832,0.00639150757342577,0.0120930671691895
-3.04870963096619,19.0406551361084,0.00174776127096266,0.0117789059877396
-2.7945921421051,19.0428028106689,0.00222892453894019,0.0117038041353226
-2.54056596755981,19.0447406768799,0.0033572637476027,0.0116247236728668
-2.28669214248657,19.0467109680176,0.00540793081745505,0.0115828514099121
-2.03246378898621,19.0485572814941,0.0060451989993453,0.0115323811769485
-1.77804470062256,19.0504837036133,0.00602622330188751,0.0114895105361938
-1.52393579483032,19.052453994751,0.00765058724209666,0.0113947838544846
-1.26989018917084,19.0544719696045,0.00977965630590916,0.0113591551780701
-1.01567041873932,19.0562877655029,0.0113312108442187,0.011329248547554
-0.760943472385406,19.0580654144287,0.0107910251244903,0.011321559548378
-0.506069004535675,19.0599250793457,0.00980263669043779,0.0113143622875214
-0.251616597175598,19.0619812011719,0.0109495539218187,0.0113359838724136
0.00278050848282874,19.0641250610352,0.0125611759722233,0.0113711059093475
0.257443487644196,19.0661201477051,0.0131892561912537,0.011369600892067
0.512458682060242,19.0681037902832,0.0124480416998267,0.011308565735817
0.76715612411499,19.0700531005859,0.0133594386279583,0.0112329572439194
1.02161979675293,19.0719509124756,0.0155363138765097,0.0112319886684418
1.27590370178223,19.0739250183105,0.0187271051108837,0.0112889409065247
1.53011572360992,19.0759201049805,0.0224444959312677,0.0113207399845123
1.78441095352173,19.0780372619629,0.0259915851056576,0.0113391578197479
2.03850936889648,19.080192565918,0.030617743730545,0.0113522559404373
2.29270052909851,19.0823917388916,0.0350294634699821,0.0114389061927795
-3.04448413848877,18.7922325134277,-0.00136959715746343,0.0116306096315384
-2.79071950912476,18.7944011688232,0.000786808610428125,0.0116229951381683
-2.53671526908875,18.7961750030518,0.00205866293981671,0.0115679353475571
-2.28295350074768,18.798059463501,0.00466586090624332,0.0115469098091125
-2.02875852584839,18.7997760772705,0.00549738435074687,0.0114379972219467
-1.77426862716675,18.8016147613525,0.00519227655604482,0.0113441050052643
-1.52010881900787,18.8035678863525,0.00662129418924451,0.0112537443637848
-1.2662125825882,18.8055992126465,0.00947142858058214,0.011231005191803
-1.01222598552704,18.8075351715088,0.0121214641258121,0.0112306773662567
-0.757796585559845,18.8094387054443,0.0129672316834331,0.0112752914428711
-0.503202319145203,18.8114032745361,0.0132812792435288,0.0113052576780319
-0.248688623309135,18.8133869171143,0.0141803901642561,0.011314645409584
0.00603126781061292,18.8153476715088,0.0143642416223884,0.0113165974617004
0.260907590389252,18.8172245025635,0.0140632800757885,0.0113286077976227
0.51612788438797,18.8191261291504,0.012433503754437,0.0112799853086472
0.771046102046967,18.8210430145264,0.0123884119093418,0.0111810714006424
1.02570819854736,18.8229541778564,0.0137119982391596,0.0111812949180603
1.27989709377289,18.8248310089111,0.0173693411052227,0.0112239122390747
1.5341534614563,18.8266525268555,0.0209302511066198,0.0112543553113937
1.78859210014343,18.8286285400391,0.0238788761198521,0.0112853944301605
2.04313087463379,18.8306751251221,0.0265864841639996,0.0112912207841873
2.29723691940308,18.8330135345459,0.0314171835780144,0.011396661400795
-3.04069018363953,18.5437126159668,-0.00248482706956565,0.011441096663475
-2.78711247444153,18.5458087921143,0.000576497055590153,0.0114541798830032
-2.53317475318909,18.547607421875,0.00219270796515048,0.011395126581192
-2.27924728393555,18.5493335723877,0.00407538143917918,0.0114130824804306
-2.02501463890076,18.5509815216064,0.00477176019921899,0.0113665014505386
-1.77040386199951,18.5528011322021,0.00394993834197521,0.0112802237272263
-1.51633405685425,18.554780960083,0.0058296681381762,0.0111960917711258
-1.26257765293121,18.5568408966064,0.00935622863471508,0.011153981089592
-1.00880062580109,18.5588550567627,0.0129967564716935,0.011160597205162
-0.754392623901367,18.5608158111572,0.0139734838157892,0.0112127214670181
-0.499823033809662,18.5627899169922,0.0144333699718118,0.0112238675355911
-0.245318084955215,18.5646743774414,0.015407606959343,0.0112127512693405
0.00952521804720163,18.5664329528809,0.0150705706328154,0.0112253278493881
0.264566034078598,18.5683498382568,0.0140605848282576,0.0112733989953995
0.519702434539795,18.5702934265137,0.0128437019884586,0.0112495273351669
0.774391531944275,18.5722179412842,0.0138635560870171,0.0111651122570038
1.0290287733078,18.5740242004395,0.0153335612267256,0.0111557841300964
1.28343415260315,18.5758171081543,0.0180554538965225,0.0111577361822128
1.53800904750824,18.5776309967041,0.0202270001173019,0.0111672282218933
1.79264974594116,18.5794086456299,0.022315489128232,0.0111743807792664
2.047682762146,18.581298828125,0.0228652860969305,0.0111570060253143
2.3024001121521,18.5834217071533,0.0250267703086138,0.0113936960697174
-3.03764367103577,18.295093536377,-0.000131787484860979,0.0112233012914658
-2.78437829017639,18.297119140625,0.00440789153799415,0.0112276524305344
-2.53026127815247,18.2988319396973,0.00522578367963433,0.0112470835447311
-2.27606773376465,18.3005561828613,0.00591247389093041,0.0112362504005432
-2.02155137062073,18.3021945953369,0.00533660035580397,0.0112722218036652
-1.76684308052063,18.3040218353271,0.00410245219245553,0.0112823098897934
-1.51266360282898,18.3060131072998,0.00551548646762967,0.0112115293741226
-1.25881230831146,18.3080215454102,0.00864618550986052,0.0111291855573654
-1.00496971607208,18.3100566864014,0.0120254401117563,0.0111299753189087
-0.750355899333954,18.3120098114014,0.0121030742302537,0.0111349374055862
-0.495688676834106,18.3139495849609,0.0121600637212396,0.011124461889267
-0.241332426667213,18.3158054351807,0.0138499205932021,0.0111056417226791
0.0131725380197167,18.31764793396,0.015081143938005,0.0111379325389862
0.267952769994736,18.3196258544922,0.0152823450043797,0.0111691057682037
0.522968769073486,18.3216037750244,0.014640623703599,0.0111194252967834
0.777582347393036,18.3234558105469,0.0160335972905159,0.0110596269369125
1.03221356868744,18.3250751495361,0.0175660904496908,0.0110837668180466
1.28679382801056,18.3267784118652,0.0195378512144089,0.0110860168933868
1.5413978099823,18.3286800384521,0.0216098614037037,0.011050283908844
1.79618465900421,18.330509185791,0.0230783503502607,0.0110457986593246
2.05136704444885,18.3324508666992,0.0229953490197659,0.0109816640615463
-3.03569674491882,18.0465450286865,0.00731925293803215,0.0109914392232895
-2.78201413154602,18.0484752655029,0.00995131768286228,0.0110506564378738
-2.52727842330933,18.0501327514648,0.00793681293725967,0.0110867917537689
-2.27283072471619,18.051887512207,0.00748252123594284,0.0111108869314194
-2.01816558837891,18.0535869598389,0.00625398335978389,0.0111576616764069
-1.76354420185089,18.0554504394531,0.00545292254537344,0.0111685544252396
-1.5091609954834,18.0572948455811,0.00596969667822123,0.011137068271637
-1.25497162342072,18.0592060089111,0.00759206851944327,0.0110857784748077
-1.00068354606628,18.0611991882324,0.00897797662764788,0.0110980570316315
-0.74620920419693,18.0632133483887,0.00973235815763474,0.0110785067081451
-0.491665750741959,18.0651607513428,0.0103925988078117,0.0110571384429932
-0.237483665347099,18.0669746398926,0.0129126468673348,0.0110091418027878
0.0168289095163345,18.068790435791,0.0150530682876706,0.0110194087028503
0.271326452493668,18.0708198547363,0.0165657047182322,0.010991558432579
0.526160001754761,18.0727710723877,0.0167799759656191,0.0109321027994156
0.780821263790131,18.0745525360107,0.0179914254695177,0.0109043717384338
1.03545212745667,18.0761451721191,0.0195580627769232,0.0109519511461258
1.29012382030487,18.0778636932373,0.0211520474404097,0.0109769403934479
1.54492723941803,18.0798397064209,0.0223634634166956,0.0109662413597107
1.7999153137207,18.0816593170166,0.0229687429964542,0.010979175567627
2.05522727966309,18.0836849212646,0.0223426800221205,0.0109372138977051
-2.77837181091309,17.7998237609863,0.00957736652344465,0.0110586732625961
-2.52333164215088,17.801477432251,0.00619391351938248,0.0110494345426559
-2.26884460449219,17.8032264709473,0.00559857627376914,0.0110585391521454
-2.01446080207825,17.8049755096436,0.00570447184145451,0.0110506117343903
-1.76009273529053,17.8068389892578,0.00610357662662864,0.0110304653644562
-1.50559771060944,17.808614730835,0.00614480068907142,0.0110028684139252
-1.25078690052032,17.8103771209717,0.00496534444391727,0.0110031962394714
-0.996342957019806,17.8123168945312,0.00568360928446054,0.0110089778900146
-0.742076456546783,17.8143424987793,0.00742680300027132,0.01099494099617
-0.487822353839874,17.8162670135498,0.00944335293024778,0.0109502375125885
-0.233752965927124,17.8180084228516,0.0125143500044942,0.0108790844678879
0.0206771474331617,17.8197593688965,0.01416149828583,0.010861873626709
0.275115817785263,17.821756362915,0.0159785337746143,0.0108295530080795
0.529658138751984,17.8237590789795,0.017541266977787,0.010776475071907
0.784146666526794,17.8255863189697,0.0195629615336657,0.0107735693454742
1.03874611854553,17.8272361755371,0.0213022865355015,0.0108237564563751
1.29363214969635,17.8289909362793,0.021967776119709,0.0108870565891266
1.54883253574371,17.8309154510498,0.0214406847953796,0.0109235644340515
1.80373930931091,17.8327941894531,0.0224447809159756,0.010908380150795
2.05928897857666,17.8348236083984,0.020797360688448,0.0109016448259354
-2.77411365509033,17.5511112213135,0.0063529028557241,0.0110817402601242
-2.51900506019592,17.5527610778809,0.00269733695313334,0.01103675365448
-2.26472496986389,17.5544967651367,0.00309987785294652,0.010999009013176
-2.01042151451111,17.5562515258789,0.00361772556789219,0.0109436959028244
-1.75614273548126,17.5580615997314,0.0044690971262753,0.0108668208122253
-1.50158286094666,17.5598125457764,0.0042534270323813,0.0108527094125748
-1.24676835536957,17.5615863800049,0.00309787574224174,0.010925680398941
-0.992574036121368,17.5636005401611,0.00499382568523288,0.0109564065933228
-0.738460600376129,17.5655574798584,0.0074731819331646,0.0109314471483231
-0.484311789274216,17.5673999786377,0.0100063178688288,0.0108609348535538
-0.230261772871017,17.5690860748291,0.0132016139104962,0.0107678323984146
0.0241668354719877,17.5707607269287,0.0148922884836793,0.0107506066560745
0.278662711381912,17.5727138519287,0.0164868142455816,0.0107139945030212
0.53315144777298,17.5746898651123,0.0183267015963793,0.0107102245092392
0.787592172622681,17.5765953063965,0.0205962490290403,0.0107166469097137
1.04215455055237,17.5783920288086,0.0225327331572771,0.0107446908950806
1.29701805114746,17.5801753997803,0.023332079872489,0.010760635137558
1.55228507518768,17.5819778442383,0.0225426815450191,0.0107776820659637
1.80737388134003,17.5838737487793,0.0227681305259466,0.010778933763504
2.06309270858765,17.5858573913574,0.0204043798148632,0.0107940882444382
-2.77031111717224,17.3024673461914,0.00523555651307106,0.0110462605953217
-2.51517653465271,17.304105758667,0.00150037417188287,0.0109996795654297
-2.26097321510315,17.3058338165283,0.0022958645131439,0.0109430849552155
-2.00657749176025,17.3074340820312,0.00243109138682485,0.0108679234981537
-1.75222635269165,17.3091220855713,0.00299218855798244,0.0107950419187546
-1.49783861637115,17.3109169006348,0.00360476551577449,0.0108006000518799
-1.24327480792999,17.3128223419189,0.00363008305430412,0.0108763426542282
-0.989133238792419,17.3148708343506,0.00580125022679567,0.0109002590179443
-0.734937071800232,17.3167190551758,0.00794162880629301,0.0108577162027359
-0.480624049901962,17.3184146881104,0.00976753700524569,0.0107788741588593
-0.226464182138443,17.3201141357422,0.0125017035752535,0.0107178390026093
0.027956772595644,17.321949005127,0.0142613556236029,0.0106979161500931
0.282414317131042,17.3238658905029,0.0160673968493938,0.0106526166200638
0.537006914615631,17.3257427215576,0.0174787752330303,0.0106344074010849
0.791509032249451,17.3276176452637,0.0195109490305185,0.0106171220541
1.04603445529938,17.3294143676758,0.0216517075896263,0.0106406062841415
1.30069923400879,17.3311939239502,0.0233787447214127,0.0106153339147568
1.55576241016388,17.3329887390137,0.0235367901623249,0.0105834454298019
1.81080186367035,17.3348236083984,0.0240177195519209,0.0105978101491928
2.06647157669067,17.3367595672607,0.0219065453857183,0.0106329023838043
-2.76685070991516,17.0538997650146,0.0056997430510819,0.010962039232254
-2.51179218292236,17.0555763244629,0.00235154945403337,0.0109325349330902
-2.25762248039246,17.057279586792,0.00333816232159734,0.0108854025602341
-2.00314593315125,17.05881690979,0.00313792168162763,0.0108373612165451
-1.74870979785919,17.0603485107422,0.00334760011173785,0.0107886791229248
-1.49436986446381,17.0620517730713,0.004217020701617,0.0107973963022232
-1.23995900154114,17.0639820098877,0.00497674103826284,0.0108463764190674
-0.985602259635925,17.0659828186035,0.00620116991922259,0.0108313262462616
-0.731179535388947,17.0677394866943,0.00734837865456939,0.0107718259096146
-0.476694017648697,17.0693759918213,0.00842998176813126,0.0107045471668243
-0.222460642457008,17.0712070465088,0.010867340490222,0.0107151418924332
0.0320028178393841,17.0731639862061,0.0124718174338341,0.0107034891843796
0.286467105150223,17.0750503540039,0.0142882624641061,0.0106063485145569
0.541003286838531,17.0768356323242,0.0159960296005011,0.010534405708313
0.795527815818787,17.0786018371582,0.0179691985249519,0.010482519865036
1.04997062683105,17.0804252624512,0.0205191858112812,0.0105046480894089
1.30448842048645,17.082181930542,0.0229441486299038,0.0104632079601288
1.5593638420105,17.0839500427246,0.0239786636084318,0.0104588717222214
1.81414604187012,17.085807800293,0.0256412029266357,0.0104311257600784
2.06960415840149,17.0876998901367,0.0245053712278605,0.0104837715625763
-2.76322603225708,16.8052711486816,0.00540470657870173,0.0108766257762909
-2.50838160514832,16.8070468902588,0.00308080716058612,0.0108615905046463
-2.25411820411682,16.8086681365967,0.0036725455429405,0.0108096450567245
-1.99976992607117,16.810302734375,0.00409694341942668,0.0107989609241486
-1.7454172372818,16.8117561340332,0.0047269007191062,0.0107702016830444
-1.49108028411865,16.8133068084717,0.0056477109901607,0.0107452273368835
-1.23675346374512,16.815149307251,0.00682740425691009,0.010746493935585
-0.982144296169281,16.8170471191406,0.00693584093824029,0.010707214474678
-0.727572858333588,16.8188457489014,0.00744033046066761,0.0106391310691833
-0.472911030054092,16.8204402923584,0.00775873847305775,0.0106110274791718
-0.218403100967407,16.8221893310547,0.00899138767272234,0.0106756985187531
0.0362153798341751,16.8240928649902,0.00993635132908821,0.010670006275177
0.290699303150177,16.8259925842285,0.0117056639865041,0.0105207860469818
0.545027673244476,16.8277606964111,0.014391865581274,0.0104138851165771
0.799497127532959,16.8295249938965,0.0166526399552822,0.0103963315486908
1.05394399166107,16.831428527832,0.0192220397293568,0.0104160606861115
1.3083062171936,16.8332557678223,0.0223801843822002,0.010362833738327
1.56287574768066,16.8350315093994,0.0248190816491842,0.010354146361351
1.81747388839722,16.8368759155273,0.027337646111846,0.0103126615285873
2.07259583473206,16.8387451171875,0.0277315974235535,0.010341688990593
-2.75955724716187,16.5564975738525,0.00490814307704568,0.010774165391922
-2.50494432449341,16.5583515167236,0.00369030353613198,0.0107614547014236
-2.25068020820618,16.5599880218506,0.00431429734453559,0.0107225626707077
-1.99650657176971,16.5617332458496,0.00557490345090628,0.0107274651527405
-1.7422844171524,16.5632705688477,0.00683635892346501,0.0106853991746902
-1.48781430721283,16.5647354125977,0.00718206865713,0.0106022655963898
-1.23333346843719,16.5664443969727,0.00769530842080712,0.0105855762958527
-0.978767335414886,16.5683040618896,0.00803594477474689,0.0105922818183899
-0.724116683006287,16.5701217651367,0.00821395311504602,0.0105544030666351
-0.469188213348389,16.5716094970703,0.0073589039966464,0.0105413049459457
-0.214393690228462,16.5731639862061,0.00733469054102898,0.010604664683342
0.0401982180774212,16.5749130249023,0.00844372715801001,0.0106096863746643
0.294644415378571,16.5767669677734,0.0104242311790586,0.0104648172855377
0.549112915992737,16.5785961151123,0.012517080642283,0.010293647646904
0.80377322435379,16.5804214477539,0.0139585733413696,0.0102886259555817
1.05823242664337,16.5823040008545,0.016514852643013,0.0103304982185364
1.31229674816132,16.5841445922852,0.0210488252341747,0.0103259384632111
1.56642723083496,16.5859889984131,0.0254873614758253,0.0103015601634979
1.82075583934784,16.5877895355225,0.0292432606220245,0.0102721154689789
2.07550835609436,16.589672088623,0.0313129909336567,0.010227844119072
-2.75635504722595,16.3077602386475,0.00657009379938245,0.0106361508369446
-2.50180697441101,16.3095817565918,0.00568594597280025,0.010608434677124
-2.2475380897522,16.3112640380859,0.00632167514413595,0.0105918794870377
-1.99325907230377,16.3129901885986,0.00713027408346534,0.0106033831834793
-1.73909139633179,16.3146686553955,0.00867259129881859,0.0105727016925812
-1.4844970703125,16.3161697387695,0.0084816999733448,0.0104595124721527
-1.22984731197357,16.3177661895752,0.00825987476855516,0.0104177445173264
-0.975329220294952,16.3195648193359,0.00885699037462473,0.0104612559080124
-0.720727443695068,16.3213348388672,0.00929395202547312,0.0104718655347824
-0.465743750333786,16.3227996826172,0.00822355039417744,0.0104732513427734
-0.210668325424194,16.3242702484131,0.0069632469676435,0.0104960352182388
0.0439310520887375,16.3259983062744,0.00807667709887028,0.0104888677597046
0.298332273960114,16.3278770446777,0.0102971559390426,0.010401651263237
0.553154647350311,16.3295783996582,0.010835669003427,0.0102333575487137
0.808070302009583,16.3312911987305,0.0111720412969589,0.0101903676986694
1.06234979629517,16.3330135345459,0.01458072476089,0.0102306753396988
1.3160400390625,16.3348751068115,0.0208300594240427,0.0102763473987579
1.56983149051666,16.3367519378662,0.0268192607909441,0.0102661848068237
1.82396233081818,16.3385429382324,0.0314913392066956,0.0102813988924026
2.07851719856262,16.3404579162598,0.0344714932143688,0.0101609975099564
-2.75376129150391,16.05930519104,0.0110418759286404,0.0105362981557846
-2.49914884567261,16.0609931945801,0.00989196635782719,0.0104711502790451
-2.2447304725647,16.0626106262207,0.0098680779337883,0.0104379057884216
-1.99002230167389,16.0641841888428,0.00873623508960009,0.0104363262653351
-1.7355078458786,16.0658111572266,0.00872215908020735,0.0104351043701172
-1.48075079917908,16.0674247741699,0.00782069098204374,0.0103708952665329
-1.22603368759155,16.0690517425537,0.00732861505821347,0.0103124678134918
-0.971455454826355,16.0707740783691,0.00769244367256761,0.0103360712528229
-0.716702222824097,16.0724086761475,0.00748269492760301,0.0103518068790436
-0.461803674697876,16.073902130127,0.00683940714225173,0.0103415995836258
-0.206587105989456,16.0754528045654,0.0049772597849369,0.0103246718645096
0.0479073785245419,16.0772686004639,0.00660400511696935,0.0103308409452438
0.301883965730667,16.0792331695557,0.0107793444767594,0.0102913230657578
0.556294620037079,16.0809631347656,0.0132079478353262,0.0101460069417953
0.811132609844208,16.082592010498,0.0139274839311838,0.0100345313549042
1.06551241874695,16.0841674804688,0.0169206243008375,0.0100760906934738
1.31923234462738,16.0859203338623,0.0230716560035944,0.0102010667324066
1.57318770885468,16.0877246856689,0.0283622574061155,0.0102633982896805
1.82713937759399,16.0894584655762,0.0338678508996964,0.0102675706148148
2.08175802230835,16.0913581848145,0.0365962348878384,0.0101151019334793
-2.75106716156006,15.8110322952271,0.0150432139635086,0.0105132907629013
-2.49647426605225,15.8125896453857,0.0140164811164141,0.010405495762825
-2.2419445514679,15.8141555786133,0.0135089354589581,0.0103811174631119
-1.9870810508728,15.8155422210693,0.0116976089775562,0.0103101432323456
-1.73219215869904,15.8170213699341,0.00999973341822624,0.0102923959493637
-1.47712206840515,15.8186435699463,0.00769852381199598,0.0102933347225189
-1.22209250926971,15.8202800750732,0.00581561168655753,0.0102862268686295
-0.967324674129486,15.8218822479248,0.0053581683896482,0.0102791786193848
-0.71240496635437,15.823429107666,0.00443492736667395,0.0102453827857971
-0.457284331321716,15.8249740600586,0.00282502151094377,0.0102324783802032
-0.202182963490486,15.8266744613647,0.00152671337127686,0.0102127492427826
0.0519645735621452,15.8285303115845,0.00476623699069023,0.0102168321609497
0.30533492565155,15.8304824829102,0.0117194941267371,0.0101447254419327
0.5594761967659,15.8321886062622,0.0153972925618291,0.0099896639585495
0.814135015010834,15.833794593811,0.0169555675238371,0.00988548994064331
1.0686811208725,15.8353443145752,0.0192339941859245,0.0099220871925354
1.32260990142822,15.8370676040649,0.0244819261133671,0.0100674778223038
1.57671558856964,15.8388195037842,0.0291362181305885,0.0101744830608368
1.83058178424835,15.8406066894531,0.0350564382970333,0.01024030148983
2.08535480499268,15.8424196243286,0.0371335484087467,0.0100932419300079
-2.74761033058167,15.562554359436,0.0155195975676179,0.0105296820402145
-2.4932324886322,15.5640897750854,0.0155228180810809,0.0104131549596786
-2.23854064941406,15.5655298233032,0.0143053038045764,0.0103583037853241
-1.98395442962646,15.5669326782227,0.0138056734576821,0.0102418214082718
-1.72905170917511,15.568395614624,0.0120774079114199,0.0102044343948364
-1.4737811088562,15.5699586868286,0.00889269355684519,0.0102352201938629
-1.21842467784882,15.5714588165283,0.00555404042825103,0.0102666914463043
-0.963388741016388,15.5729427337646,0.00391445076093078,0.0102385133504868
-0.708415031433105,15.5744743347168,0.00278623052872717,0.0101636350154877
-0.4532650411129,15.5760793685913,0.00108206260483712,0.010131448507309
-0.198296591639519,15.5777978897095,0.000426599872298539,0.0101238936185837
0.0557837225496769,15.5795660018921,0.00401182612404227,0.0100923329591751
0.309183865785599,15.5814924240112,0.0108697712421417,0.00997710227966309
0.563308715820312,15.5832014083862,0.0146603854373097,0.00985479354858398
0.817858994007111,15.5848608016968,0.016743628308177,0.0097956508398056
1.07248520851135,15.5864973068237,0.0186973009258509,0.00984735786914825
1.32652735710144,15.5881567001343,0.0234774053096771,0.00998449325561523
1.58071160316467,15.5898180007935,0.0278213284909725,0.0100809335708618
1.83460831642151,15.591552734375,0.0336459279060364,0.0101770907640457
2.08944177627563,15.5932550430298,0.035496823489666,0.010069414973259
-2.74366402626038,15.3137559890747,0.0137375462800264,0.0104765444993973
-2.48953175544739,15.3153505325317,0.0149142760783434,0.010406419634819
-2.23491978645325,15.3167495727539,0.0141066778451204,0.0103260427713394
-1.98051702976227,15.3182125091553,0.0144865745678544,0.0102617889642715
-1.72591698169708,15.3197088241577,0.0141832605004311,0.0102258622646332
-1.47065818309784,15.3211164474487,0.0110899554565549,0.0102130919694901
-1.21527540683746,15.3225297927856,0.0076657785102725,0.0101895332336426
-0.960034847259521,15.3240184783936,0.00512573728337884,0.0101286172866821
-0.704897880554199,15.3255729675293,0.0032887039706111,0.0100509971380234
-0.449694216251373,15.3271503448486,0.00137774017639458,0.0100284963846207
-0.194730266928673,15.3287963867188,0.000781307986471802,0.0100239664316177
0.0593242645263672,15.3305397033691,0.00452027749270201,0.00998756289482117
0.313142031431198,15.3324089050293,0.00953020434826612,0.00988836586475372
0.567657351493835,15.3340425491333,0.0116030490025878,0.00977201759815216
0.822374641895294,15.3356199264526,0.0129808988422155,0.00972640514373779
1.0767662525177,15.3372220993042,0.0160331390798092,0.00974303483963013
1.33070743083954,15.3389101028442,0.0213066358119249,0.00988583266735077
1.58488595485687,15.3405380249023,0.0257186070084572,0.00999180972576141
1.83910083770752,15.3421382904053,0.0301685389131308,0.0100576281547546
2.0939404964447,15.3437347412109,0.0320385545492172,0.0100055187940598
-2.73981308937073,15.0648412704468,0.0123994499444962,0.0102908164262772
-2.48584818840027,15.0664901733398,0.0143892411142588,0.0102866291999817
-2.23133707046509,15.0679311752319,0.0140838902443647,0.0101993978023529
-1.9768203496933,15.0694589614868,0.013975434936583,0.0101832747459412
-1.72207176685333,15.0708560943604,0.0130318887531757,0.010170191526413
-1.46705198287964,15.072135925293,0.0110768247395754,0.0100889652967453
-1.21206653118134,15.0735425949097,0.00950686354190111,0.00996223092079163
-0.956899583339691,15.0751171112061,0.00733431428670883,0.00988559424877167
-0.701501607894897,15.0766448974609,0.00434278976172209,0.00984916090965271
-0.446348398923874,15.0781488418579,0.00269828154705465,0.00988639891147614
-0.191322088241577,15.0796937942505,0.00185637397225946,0.00991024076938629
0.0631458386778831,15.0813646316528,0.00376208126544952,0.00989556312561035
0.317508280277252,15.0831212997437,0.00635459925979376,0.00982926785945892
0.572161078453064,15.0847444534302,0.00785199459642172,0.00976105034351349
0.826832473278046,15.0863304138184,0.00948075950145721,0.00968171656131744
1.08099281787872,15.0879688262939,0.0136141180992126,0.00966568291187286
1.33496057987213,15.0896396636963,0.018810635432601,0.00971020758152008
1.58897888660431,15.0912618637085,0.0239807479083538,0.00976909697055817
1.84325230121613,15.0928249359131,0.0282109621912241,0.00985473394393921
2.09814262390137,15.094313621521,0.0298987105488777,0.0098746120929718
-2.7361478805542,14.8159914016724,0.011919504031539,0.0100360363721848
-2.48230481147766,14.8176403045654,0.0145111093297601,0.0100564658641815
-2.22770309448242,14.8190851211548,0.0138252936303616,0.0100080519914627
-1.97294867038727,14.8205862045288,0.0126628801226616,0.0100048333406448
-1.7177187204361,14.8218746185303,0.00955335889011621,0.00998862087726593
-1.46269917488098,14.8232383728027,0.00764200976118445,0.00991271436214447
-1.20819401741028,14.8247833251953,0.00830877758562565,0.00978650152683258
-0.953531384468079,14.8263053894043,0.00847813952714205,0.00971180200576782
-0.698062539100647,14.8276901245117,0.00520301796495914,0.00968801975250244
-0.44261160492897,14.8290719985962,0.00224510510452092,0.00974619388580322
-0.187189698219299,14.8305130004883,-0.000348881381796673,0.00979273021221161
0.0676923617720604,14.8321113586426,-0.000272922858130187,0.00981570780277252
0.322053074836731,14.8337659835815,0.00237571052275598,0.00976285338401794
0.576265811920166,14.8354797363281,0.00589902140200138,0.00973214209079742
0.830619752407074,14.8371562957764,0.00899363309144974,0.00966939330101013
1.08442413806915,14.8389682769775,0.0147572420537472,0.00961367785930634
1.3382396697998,14.8407249450684,0.0206681620329618,0.00960031151771545
1.59216403961182,14.8423624038696,0.0262899156659842,0.00962838530540466
1.84653222560883,14.843879699707,0.0301311872899532,0.00967790186405182
2.10152435302734,14.8452949523926,0.0314003005623817,0.00976787507534027
-2.732506275177,14.5673446655273,0.0115436669439077,0.00993318855762482
-2.47878336906433,14.5689401626587,0.0147301033139229,0.00989992916584015
-2.22407579421997,14.5702972412109,0.0135962450876832,0.00983832776546478
-1.96916079521179,14.5716733932495,0.0117373513057828,0.00979325175285339
-1.71358144283295,14.5729341506958,0.00706366123631597,0.0097639411687851
-1.45855534076691,14.5742826461792,0.00516599230468273,0.00974512100219727
-1.20418131351471,14.5758447647095,0.00647469656541944,0.0096522718667984
-0.949775874614716,14.5773591995239,0.00785938650369644,0.00960627198219299
-0.694429576396942,14.578670501709,0.00518302991986275,0.00958892703056335
-0.438904404640198,14.5800161361694,0.00192660291213542,0.00962089002132416
-0.183315694332123,14.5814599990845,-0.00138553522992879,0.00966677069664001
0.0718567222356796,14.5830793380737,-0.00258429208770394,0.0096924751996994
0.326289862394333,14.5846643447876,-0.000218530083657242,0.00967328250408173
0.580349147319794,14.5863466262817,0.00403940631076694,0.00965914130210876
0.834275126457214,14.5880765914917,0.00909790489822626,0.00962799787521362
1.08788299560547,14.5898904800415,0.0157799832522869,0.00955544412136078
1.34152722358704,14.5916891098022,0.0224914643913507,0.00951281189918518
1.59554815292358,14.5933504104614,0.0277143865823746,0.00954407453536987
1.84973239898682,14.594916343689,0.0324088893830776,0.00961050391197205
2.10477828979492,14.5963201522827,0.0334716439247131,0.00973653793334961
-2.72866368293762,14.3187341690063,0.0102354576811194,0.01007379591465
-2.47502660751343,14.3202838897705,0.013861115090549,0.0099370926618576
-2.22027969360352,14.3216409683228,0.0125857265666127,0.00983534753322601
-1.96541512012482,14.3229303359985,0.0110009564086795,0.00970189273357391
-1.70997285842896,14.324125289917,0.00699826003983617,0.00967897474765778
-1.45486557483673,14.3254661560059,0.00476705050095916,0.00970865786075592
-1.2003847360611,14.3269119262695,0.00562949059531093,0.00966638326644897
-0.945970773696899,14.3283920288086,0.0070153153501451,0.00964255630970001
-0.690772235393524,14.3297567367554,0.00504970550537109,0.00962625443935394
-0.435525447130203,14.3311729431152,0.00309380632825196,0.00960727035999298
-0.180285215377808,14.332667350769,0.00139515451155603,0.00958088040351868
0.0747184380888939,14.3342542648315,0.000992551795206964,0.00952240824699402
0.329389601945877,14.3357677459717,0.00231569656170905,0.00946687161922455
0.583759009838104,14.3372650146484,0.00521372957155108,0.0094645619392395
0.837887048721313,14.3388404846191,0.0094030536711216,0.00952738523483276
1.09173333644867,14.3405752182007,0.0150539157912135,0.00952291488647461
1.34536015987396,14.3423852920532,0.0218813773244619,0.00949354469776154
1.59931135177612,14.3440923690796,0.027453038841486,0.00953055918216705
1.85358417034149,14.3456420898438,0.0317902527749538,0.00955638289451599
2.1084988117218,14.3470687866211,0.0334742739796638,0.00966605544090271
-2.72474145889282,14.0699424743652,0.00856460724025965,0.0102508962154388
-2.47107839584351,14.0714817047119,0.01211151573807,0.0100232064723969
-2.21629214286804,14.0727376937866,0.0106985606253147,0.00988934934139252
-1.96153521537781,14.0740280151367,0.00965163949877024,0.00971511006355286
-1.70646893978119,14.0752210617065,0.00741621013730764,0.00965990126132965
-1.45179295539856,14.0765981674194,0.00719656888395548,0.00968995690345764
-1.19705379009247,14.0780210494995,0.00691119441762567,0.00969189405441284
-0.941950082778931,14.079402923584,0.00518863275647163,0.00969043374061584
-0.686784148216248,14.0808019638062,0.00341199687682092,0.00969436764717102
-0.432265281677246,14.0823631286621,0.00480002583935857,0.00966045260429382
-0.177886053919792,14.0839624404907,0.0070358831435442,0.00959435105323792
0.0769243910908699,14.0854501724243,0.00753607554361224,0.00942724943161011
0.331811666488647,14.0868654251099,0.00791038107126951,0.00931838154792786
0.586701273918152,14.088228225708,0.00849441718310118,0.00935971736907959
0.841373264789581,14.0896806716919,0.0102720214053988,0.00945620238780975
1.09564113616943,14.0913057327271,0.014069770462811,0.0094616711139679
1.34962546825409,14.0929889678955,0.0193389654159546,0.00945112109184265
1.60362243652344,14.094705581665,0.0247483961284161,0.0094446986913681
1.8578314781189,14.09632396698,0.0294101666659117,0.00945812463760376
2.11260628700256,14.0977268218994,0.0317587926983833,0.00951869785785675
-2.7208731174469,13.8209400177002,0.00714820716530085,0.01020148396492
-2.46704292297363,13.8224763870239,0.00996403302997351,0.0099494457244873
-2.2123281955719,13.823769569397,0.00892381370067596,0.00979548692703247
-1.95763659477234,13.8251142501831,0.0082165589556098,0.00966028869152069
-1.70281398296356,13.8264055252075,0.00713782850652933,0.00959290564060211
-1.44834661483765,13.8278465270996,0.00791075266897678,0.00959454476833344
-1.19348657131195,13.829216003418,0.0071111642755568,0.00958767533302307
-0.937940835952759,13.830358505249,0.00341625162400305,0.00966133177280426
-0.68306028842926,13.8317518234253,0.00298068509437144,0.00968161225318909
-0.428667187690735,13.8333625793457,0.00497708842158318,0.00964663922786713
-0.174513712525368,13.8350229263306,0.00827178824692965,0.00957119464874268
0.0800915285944939,13.8365106582642,0.00973545107990503,0.00937639176845551
0.334781646728516,13.8379430770874,0.0110322516411543,0.00928984582424164
0.589784741401672,13.839280128479,0.0111368633806705,0.00935205817222595
0.844694793224335,13.8406791687012,0.0118776485323906,0.00941793620586395
1.09922027587891,13.8422861099243,0.0145541485399008,0.00937876105308533
1.35327410697937,13.8440427780151,0.01954604126513,0.00932969152927399
1.60722410678864,13.8457126617432,0.0252026449888945,0.00929053127765656
1.86159479618073,13.8472967147827,0.0291810315102339,0.00930421054363251
2.1165246963501,13.8485851287842,0.0308808572590351,0.00933758914470673
-2.71708130836487,13.5720129013062,0.00608515739440918,0.00994099676609039
-2.46304869651794,13.5735292434692,0.00800654850900173,0.00973507761955261
-2.20838332176208,13.5748500823975,0.00723416917026043,0.00962750613689423
-1.95353245735168,13.5761299133301,0.00583904096856713,0.00954639911651611
-1.69871389865875,13.5774393081665,0.00482145510613918,0.00952289998531342
-1.44421422481537,13.578932762146,0.00548751791939139,0.00950855016708374
-1.18956398963928,13.58034324646,0.00568836648017168,0.00947357714176178
-0.934311926364899,13.581467628479,0.0033749477006495,0.0095314085483551
-0.679519414901733,13.5827646255493,0.00338100269436836,0.00953839719295502
-0.425018697977066,13.584321975708,0.00492692925035954,0.00951837003231049
-0.170802399516106,13.585973739624,0.00797480903565884,0.00945331156253815
0.0836171582341194,13.5874710083008,0.0103164408355951,0.00934688746929169
0.338115692138672,13.5889387130737,0.0125136571004987,0.00928415358066559
0.593223571777344,13.5902538299561,0.0121813537552953,0.00932535529136658
0.848077654838562,13.5916481018066,0.01320896204561,0.0093352198600769
1.10219347476959,13.5933456420898,0.0177553314715624,0.00925853848457336
1.35614573955536,13.5951662063599,0.0232308357954025,0.00916588306427002
1.61073017120361,13.5967445373535,0.0260847136378288,0.0091492235660553
1.86515653133392,13.5983829498291,0.0298479702323675,0.00917033851146698
2.12050414085388,13.5995616912842,0.0297275874763727,0.00922444462776184
-2.71340179443359,13.3233203887939,0.00553377391770482,0.00968490540981293
-2.45934724807739,13.3248481750488,0.0073929182253778,0.00956496596336365
-2.20483112335205,13.3261957168579,0.00734817562624812,0.00951950252056122
-1.95001006126404,13.3274946212769,0.00612703198567033,0.00948384404182434
-1.6951402425766,13.3287696838379,0.00491256918758154,0.00946924090385437
-1.44050741195679,13.3301248550415,0.00501044327393174,0.00944399833679199
-1.1859335899353,13.3314847946167,0.00560167105868459,0.00940565764904022
-0.931098163127899,13.3326787948608,0.00522473827004433,0.0094546377658844
-0.676324188709259,13.3339262008667,0.00535066286101937,0.0094454437494278
-0.421663820743561,13.3353586196899,0.00620880955830216,0.009384885430336
-0.167372539639473,13.3369665145874,0.00895305629819632,0.00932452082633972
0.0868762135505676,13.3384628295898,0.0121031450107694,0.00926877558231354
0.341501235961914,13.3399600982666,0.0137621602043509,0.00920857489109039
0.596979200839996,13.3412275314331,0.0117988390848041,0.00916869938373566
0.85168844461441,13.3426742553711,0.0135145001113415,0.00912901759147644
1.10570287704468,13.3443412780762,0.0185535661876202,0.00906436145305634
1.35980451107025,13.3460531234741,0.0233987271785736,0.00902323424816132
1.61469566822052,13.3476181030273,0.0249191056936979,0.00906309485435486
1.86954748630524,13.3491315841675,0.0268281325697899,0.0091010183095932
2.12520122528076,13.3502597808838,0.0253899805247784,0.00920243561267853
-2.70985507965088,13.0746431350708,0.00559790804982185,0.00945492088794708
-2.45601677894592,13.0762414932251,0.00849119760096073,0.0094255656003952
-2.20149993896484,13.0775651931763,0.00847997236996889,0.00941166281700134
-1.94692373275757,13.0789413452148,0.00841852650046349,0.00939925014972687
-1.69203341007233,13.0801239013672,0.00714574148878455,0.0093686431646347
-1.4371874332428,13.0812759399414,0.00630713067948818,0.00935323536396027
-1.18241488933563,13.082498550415,0.00602931901812553,0.00933319330215454
-0.927744090557098,13.083758354187,0.00643884809687734,0.009348064661026
-0.67322051525116,13.0850963592529,0.00773714017122984,0.00931474566459656
-0.418842434883118,13.086555480957,0.00990976020693779,0.00926044583320618
-0.164473459124565,13.0880069732666,0.0123367346823215,0.00924468040466309
0.0901438072323799,13.0893907546997,0.0138537921011448,0.00920253992080688
0.345191180706024,13.0908603668213,0.0136407492682338,0.00908985733985901
0.600716829299927,13.0921306610107,0.0115004144608974,0.00896401703357697
0.855360567569733,13.0936050415039,0.0135475927963853,0.00888526439666748
1.10941553115845,13.0951948165894,0.0184445455670357,0.00885416567325592
1.36407172679901,13.0967407226562,0.0208488050848246,0.00890888273715973
1.61928129196167,13.0981788635254,0.0209927074611187,0.00901354849338531
1.87476325035095,13.0995073318481,0.020142575725913,0.00908926129341125
2.1305730342865,13.1006059646606,0.0180613584816456,0.00922395288944244
-2.70622134208679,12.8257761001587,0.00526365870609879,0.00925098359584808
-2.45268416404724,12.8274545669556,0.00958549417555332,0.00929860770702362
-2.19816780090332,12.8287162780762,0.00961368903517723,0.00929930806159973
-1.94379317760468,12.8301134109497,0.0105149708688259,0.00928673148155212
-1.68898463249207,12.8312587738037,0.00965301506221294,0.00924570858478546
-1.43406867980957,12.8322505950928,0.00853140838444233,0.00923660397529602
-1.17881596088409,12.8333559036255,0.00609557190909982,0.00926660001277924
-0.923908174037933,12.8346605300903,0.00546041410416365,0.00930365920066833
-0.669441103935242,12.8360376358032,0.00705492263659835,0.00924253463745117
-0.415427684783936,12.8375673294067,0.0109213748946786,0.00919976830482483
-0.16113056242466,12.8390626907349,0.0137083185836673,0.0091581791639328
0.0940162688493729,12.8404321670532,0.0128647647798061,0.00910906493663788
0.3497693836689,12.8416728973389,0.00951225310564041,0.0089917778968811
0.605008661746979,12.8429470062256,0.0087082302197814,0.00885744392871857
0.859126031398773,12.8444728851318,0.0131638599559665,0.00875005125999451
1.11311674118042,12.8460397720337,0.0183880142867565,0.00874274969100952
1.36815524101257,12.8474349975586,0.0191229339689016,0.00884568691253662
1.62366950511932,12.8487358093262,0.0179500132799149,0.00896692276000977
1.87957084178925,12.8499240875244,0.0152773698791862,0.00905086100101471
2.13560771942139,12.8509464263916,0.0122354738414288,0.00916604697704315
-2.70235729217529,12.576810836792,0.00386789371259511,0.00915583968162537
-2.44903612136841,12.5785160064697,0.00922727305442095,0.00923196971416473
-2.19464349746704,12.5797929763794,0.00986478105187416,0.00919654965400696
-1.94041430950165,12.5811729431152,0.0114728352054954,0.00921928882598877
-1.68554782867432,12.582257270813,0.0103828823193908,0.00917418301105499
-1.43037092685699,12.5831098556519,0.00810755975544453,0.00916534662246704
-1.17501246929169,12.5842332839966,0.00522653758525848,0.00920949876308441
-0.920041739940643,12.5856342315674,0.00434133317321539,0.00923232734203339
-0.665381193161011,12.5870227813721,0.00509493658319116,0.00915148854255676
-0.411201566457748,12.5885848999023,0.00824693590402603,0.00910119712352753
-0.156747564673424,12.5900650024414,0.0103665078058839,0.00906163454055786
0.0984591543674469,12.5914249420166,0.00929690804332495,0.00901168584823608
0.354240536689758,12.5925931930542,0.00586422067135572,0.00892436504364014
0.609283745288849,12.5937967300415,0.0059908670373261,0.00882337987422943
0.863240778446198,12.5952157974243,0.0112141873687506,0.00876374542713165
1.11704671382904,12.5968685150146,0.0173057615756989,0.00874678790569305
1.37188518047333,12.5982666015625,0.0189759153872728,0.008797287940979
1.62758505344391,12.5995044708252,0.0170133262872696,0.00887516140937805
1.88333642482758,12.6006870269775,0.0150489322841167,0.00890582799911499
2.13965630531311,12.6016244888306,0.0107880784198642,0.00895076990127563
-2.69836759567261,12.3278751373291,0.00188867968972772,0.00912220776081085
-2.44516849517822,12.3295450210571,0.0078556640073657,0.00916014611721039
-2.19096684455872,12.3308553695679,0.00941369775682688,0.00913186371326447
-1.93682181835175,12.3322153091431,0.0114489737898111,0.0091329962015152
-1.6818208694458,12.3332614898682,0.00978103931993246,0.00906072556972504
-1.42647087574005,12.3341579437256,0.00675134034827352,0.00904735922813416
-1.17120575904846,12.335298538208,0.00433780904859304,0.00907695293426514
-0.916339635848999,12.3366088867188,0.00397208565846086,0.00906556844711304
-0.661638557910919,12.3379669189453,0.00458087306469679,0.00898450613021851
-0.407007992267609,12.3394117355347,0.00572698144242167,0.00895147025585175
-0.152415588498116,12.3409452438354,0.00726039847359061,0.0089549720287323
0.10259547829628,12.3424024581909,0.00711698224768043,0.0089232325553894
0.357875794172287,12.3436288833618,0.0059869890101254,0.00887575745582581
0.612781345844269,12.3448610305786,0.00677060056477785,0.00885732471942902
0.867158710956573,12.3461894989014,0.0101425517350435,0.00884711742401123
1.12112009525299,12.3477439880371,0.0155795505270362,0.00880895555019379
1.37554001808167,12.3492193222046,0.0191622022539377,0.00876837968826294
1.63094210624695,12.3503637313843,0.0185708124190569,0.00873081386089325
1.88630700111389,12.3516044616699,0.0183623246848583,0.00873665511608124
2.14267253875732,12.352518081665,0.0139296734705567,0.00869724154472351
-2.69450998306274,12.0789222717285,0.000522026675753295,0.00901685655117035
-2.4413468837738,12.0805034637451,0.00669995043426752,0.00898784399032593
-2.1872181892395,12.0818223953247,0.00863401219248772,0.00899903476238251
-1.9332879781723,12.0831956863403,0.0116966543719172,0.00895503163337708
-1.67850685119629,12.0843172073364,0.0110737336799502,0.00892619788646698
-1.42308557033539,12.085391998291,0.00774686923250556,0.00894875824451447
-1.16781187057495,12.0865592956543,0.00532963406294584,0.00894381105899811
-0.913216233253479,12.087739944458,0.00623822445049882,0.00888960063457489
-0.658674001693726,12.0890293121338,0.00760590517893434,0.00882360339164734
-0.403707444667816,12.0902786254883,0.00726361107081175,0.00879308581352234
-0.148570343852043,12.0916614532471,0.00636698165908456,0.00880268216133118
0.106474198400974,12.0931673049927,0.00611017365008593,0.00880469381809235
0.361329823732376,12.0944910049438,0.00693434569984674,0.00881010293960571
0.615946412086487,12.0958375930786,0.00905185099691153,0.00883041322231293
0.870640277862549,12.0971908569336,0.0110328234732151,0.00882086157798767
1.12501764297485,12.0985717773438,0.0146443760022521,0.00879926979541779
1.37938404083252,12.0999631881714,0.0185093730688095,0.00874929130077362
1.63438701629639,12.1010723114014,0.0197412148118019,0.00867587327957153
1.88945758342743,12.1022987365723,0.0208809748291969,0.00863179564476013
2.1455020904541,12.1032724380493,0.0179065335541964,0.00853477418422699
-2.69078397750854,11.8299694061279,-0.000235287327086553,0.00887338817119598
-2.43752908706665,11.8314380645752,0.00556227145716548,0.00880041718482971
-2.18359541893005,11.8327579498291,0.00843595433980227,0.00880502164363861
-1.92963802814484,11.8341655731201,0.01141157746315,0.00878481566905975
-1.67517399787903,11.8354473114014,0.0122782364487648,0.00885146856307983
-1.41998755931854,11.8365831375122,0.0100607434287667,0.00892050564289093
-1.16463029384613,11.8377389907837,0.00729467906057835,0.00886005163192749
-0.910039305686951,11.8388681411743,0.00826065987348557,0.00875119864940643
-0.65559446811676,11.8400535583496,0.0101087903603911,0.00865831971168518
-0.400488257408142,11.8411731719971,0.00916937366127968,0.00862051546573639
-0.144958034157753,11.8423757553101,0.00653046742081642,0.00862690806388855
0.110472649335861,11.8437957763672,0.00456684408709407,0.00863707065582275
0.365248739719391,11.8452110290527,0.00578799284994602,0.00867041945457458
0.619536578655243,11.8466529846191,0.00942361168563366,0.00866435468196869
0.874128460884094,11.8480043411255,0.011900071054697,0.00861343741416931
1.12878489494324,11.8492727279663,0.0142991747707129,0.00861835479736328
1.38345563411713,11.8505611419678,0.0168423596769571,0.00862374901771545
1.63820731639862,11.8517036437988,0.019237456843257,0.00858019292354584
1.89308333396912,11.8528881072998,0.0212843399494886,0.00854635238647461
2.14859414100647,11.8539724349976,0.0207188241183758,0.00842715799808502
-2.68717622756958,11.5810642242432,-0.000446222460595891,0.00882494449615479
-2.43376636505127,11.5824689865112,0.00467626238241792,0.00874914228916168
-2.17989492416382,11.5838527679443,0.00787513330578804,0.0087379515171051
-1.92586231231689,11.5852298736572,0.0105448840186,0.00873510539531708
-1.67160546779633,11.586573600769,0.0124005526304245,0.00881993770599365
-1.41664624214172,11.58766746521,0.0112632876262069,0.00889171659946442
-1.16118550300598,11.5887537002563,0.008062525652349,0.00881847739219666
-0.905905306339264,11.5897312164307,0.00592600321397185,0.00869937241077423
-0.651057422161102,11.5908651351929,0.00598410610109568,0.00857512652873993
-0.395806789398193,11.5918893814087,0.00443820934742689,0.00852718949317932
-0.140545397996902,11.5930776596069,0.00306639121845365,0.00854949653148651
0.114923447370529,11.5943660736084,0.000979623291641474,0.00855197012424469
0.369760185480118,11.5958271026611,0.00197054399177432,0.00852850079536438
0.623552441596985,11.5974035263062,0.00788005441427231,0.00849062204360962
0.87763237953186,11.5988159179688,0.0126973772421479,0.00844819843769073
1.13228058815002,11.6000680923462,0.0151698431000113,0.00847466289997101
1.38713240623474,11.6013431549072,0.0169385988265276,0.0084841400384903
1.64176726341248,11.6025524139404,0.0198902115225792,0.00843866914510727
1.89657461643219,11.603705406189,0.0222809929400682,0.00836107134819031
2.15163826942444,11.6048860549927,0.0237378235906363,0.00823657959699631
-2.68365597724915,11.3320817947388,-0.000248643540544435,0.00882366299629211
-2.43020415306091,11.3335266113281,0.00471615698188543,0.0087636262178421
-2.17647075653076,11.3349666595459,0.00858805421739817,0.00873993337154388
-1.92239129543304,11.336353302002,0.0110785840079188,0.00876262784004211
-1.66817808151245,11.3377113342285,0.0131705971434712,0.00875283777713776
-1.41320538520813,11.3387403488159,0.012010739184916,0.00879833102226257
-1.15747702121735,11.3397169113159,0.007627391256392,0.00872492790222168
-0.901526391506195,11.3405790328979,0.00247504329308867,0.00860777497291565
-0.646017014980316,11.3416261672974,-0.000430182146374136,0.00851809978485107
-0.390839874744415,11.3427467346191,-0.00159416254609823,0.00849287211894989
-0.135699242353439,11.3438987731934,-0.00236668391153216,0.00851160287857056
0.119630560278893,11.3451509475708,-0.00377409579232335,0.00851008296012878
0.373923599720001,11.346586227417,-0.00027987125213258,0.00846691429615021
0.62720787525177,11.348165512085,0.00796081032603979,0.00841216742992401
0.880799114704132,11.3496046066284,0.0150120388716459,0.00836073607206345
1.13531994819641,11.350926399231,0.0180868282914162,0.00835920125246048
1.39016366004944,11.3522291183472,0.0199218727648258,0.00833044201135635
1.64493238925934,11.3534746170044,0.0223057009279728,0.00823048502206802
1.89968979358673,11.3546409606934,0.0249508861452341,0.00813388824462891
2.15464663505554,11.3558359146118,0.0269139185547829,0.00800914317369461
-2.68005037307739,11.0827894210815,-0.00043667692807503,0.00875630974769592
-2.42680048942566,11.0843734741211,0.00549526046961546,0.00869564712047577
-2.17301607131958,11.0858373641968,0.00916821975260973,0.00862552225589752
-1.91912400722504,11.087329864502,0.0125546343624592,0.00859832763671875
-1.66496014595032,11.0887241363525,0.0149071058258414,0.00859528779983521
-1.40990257263184,11.089747428894,0.0133936163038015,0.00858724117279053
-1.1540048122406,11.090615272522,0.00827465020120144,0.00854244828224182
-0.897793710231781,11.0914554595947,0.00197165249846876,0.00846381485462189
-0.641756415367126,11.0924663543701,-0.00329666188918054,0.0084172785282135
-0.386418849229813,11.0936670303345,-0.00514812162145972,0.00842833518981934
-0.13147734105587,11.0949258804321,-0.004976368509233,0.00848450511693954
0.12335566431284,11.0960521697998,-0.00408822298049927,0.00844377279281616
0.377117305994034,11.0974931716919,0.00184355990495533,0.00836024433374405
0.630517363548279,11.0990419387817,0.00959683395922184,0.00831612944602966
0.883992195129395,11.1005306243896,0.0172041300684214,0.00831068307161331
1.13834714889526,11.10182762146,0.0210571698844433,0.00829572975635529
1.39311015605927,11.103063583374,0.0232875030487776,0.00822014361619949
1.64806032180786,11.1042776107788,0.0248922910541296,0.00811749696731567
1.90288698673248,11.1054420471191,0.0272607430815697,0.00798229873180389
2.15812921524048,11.1065464019775,0.0279898289591074,0.00785764306783676
-2.67628574371338,10.8334293365479,-0.00135616771876812,0.00862846523523331
-2.42341899871826,10.8351802825928,0.00637968862429261,0.00855345278978348
-2.16953802108765,10.8367385864258,0.0096399849280715,0.00850313901901245
-1.91577422618866,10.8382511138916,0.0136531312018633,0.0084439218044281
-1.66142690181732,10.8396158218384,0.0152007089927793,0.00839327275753021
-1.40628027915955,10.8406562805176,0.0133160166442394,0.00839409977197647
-1.1504328250885,10.8415403366089,0.00846511777490377,0.00839974731206894
-0.894315600395203,10.8423919677734,0.00262797717005014,0.00840283185243607
-0.638541042804718,10.8433818817139,-0.00140642013866454,0.00842438638210297
-0.383477568626404,10.844575881958,-0.00197828025557101,0.00843255966901779
-0.128570809960365,10.8458137512207,-0.00161693664267659,0.00838921219110489
0.12633952498436,10.8469562530518,-0.00104828248731792,0.00827323645353317
0.380227535963058,10.8483810424805,0.00434505054727197,0.00823839008808136
0.633804738521576,10.8498210906982,0.0113365268334746,0.00819849222898483
0.887388110160828,10.8513870239258,0.0184869524091482,0.00827402621507645
1.1414966583252,10.8527336120605,0.0234788283705711,0.00827575474977493
1.39634501934052,10.8538837432861,0.0253627970814705,0.00816816091537476
1.65166521072388,10.8549575805664,0.0253520216792822,0.00805159658193588
1.90660905838013,10.8561687469482,0.0272326339036226,0.00795117020606995
2.16224431991577,10.8571643829346,0.0262527875602245,0.00783128291368484
-2.67219662666321,10.5843324661255,-0.00378728681243956,0.00850216299295425
-2.4197940826416,10.586238861084,0.00613089557737112,0.00841887295246124
-2.16600632667542,10.5877494812012,0.00986126810312271,0.00838122516870499
-1.91223251819611,10.5892972946167,0.0138649735599756,0.00832462310791016
-1.65755879878998,10.590503692627,0.013957723043859,0.00827395170927048
-1.40234279632568,10.5914440155029,0.0117995953187346,0.00825373828411102
-1.14675545692444,10.5923318862915,0.0081790080294013,0.00827339291572571
-0.89108544588089,10.5933237075806,0.00441632652655244,0.00832698494195938
-0.635692298412323,10.5943508148193,0.00215124874375761,0.00836227089166641
-0.380455613136292,10.5954532623291,0.000826515955850482,0.0083259791135788
-0.125433340668678,10.5966653823853,0.000697233597747982,0.00824730098247528
0.129370987415314,10.5978937149048,0.00177557987626642,0.00816826522350311
0.383635371923447,10.5992193222046,0.00550491968169808,0.00810497254133224
0.637573778629303,10.6005735397339,0.0109073184430599,0.0080912858247757
0.891391634941101,10.6020307540894,0.0170456599444151,0.0081714540719986
1.14536011219025,10.6034288406372,0.0227047745138407,0.00819715857505798
1.40013337135315,10.6046648025513,0.0249608848243952,0.00812653452157974
1.65559411048889,10.605749130249,0.0243595950305462,0.00804977118968964
1.91060554981232,10.6069583892822,0.0259783491492271,0.00800666213035583
2.16635179519653,10.6079196929932,0.0245465748012066,0.00791765004396439
-2.66788268089294,10.3355121612549,-0.00726887909695506,0.00835724174976349
-2.4158296585083,10.3374977111816,0.00430636014789343,0.00829331576824188
-2.16197443008423,10.3389091491699,0.00777145801112056,0.00827431678771973
-1.90818095207214,10.3403768539429,0.0117302164435387,0.00824549049139023
-1.65342056751251,10.3414573669434,0.0114725073799491,0.00820668786764145
-1.39837539196014,10.3423910140991,0.0101410020142794,0.00817038863897324
-1.14323782920837,10.3433036804199,0.00861756410449743,0.0081993043422699
-0.888132870197296,10.3444204330444,0.00746527314186096,0.00824308395385742
-0.632965981960297,10.345495223999,0.00626046396791935,0.00823397189378738
-0.37746399641037,10.3464698791504,0.00376443075947464,0.00816424936056137
-0.122148863971233,10.3475160598755,0.00234533566981554,0.00807268917560577
0.132733106613159,10.3486604690552,0.00310993101447821,0.00803272426128387
0.387100011110306,10.3499631881714,0.00641234265640378,0.00799449533224106
0.641164779663086,10.3512401580811,0.0112839192152023,0.00798890739679337
0.895252287387848,10.352578163147,0.0162510052323341,0.00802309811115265
1.14962899684906,10.3539333343506,0.0201187282800674,0.00806412845849991
1.40431880950928,10.3552532196045,0.0227885954082012,0.00801557302474976
1.65941405296326,10.3564767837524,0.0238575395196676,0.00801797956228256
1.91443240642548,10.3576526641846,0.0254850946366787,0.00801603496074677
2.16983199119568,10.3586683273315,0.0256316754966974,0.0080115869641304
-2.66397500038147,10.086651802063,-0.00886815972626209,0.00816591084003448
-2.41188383102417,10.0885877609253,0.00257486430928111,0.00813616812229156
-2.15796184539795,10.0899066925049,0.00577686913311481,0.00814928859472275
-1.90404295921326,10.0912799835205,0.00920454505831003,0.0081653967499733
-1.64920854568481,10.0922689437866,0.00865392293781042,0.00813010334968567
-1.39440929889679,10.0932102203369,0.00849333684891462,0.00804990530014038
-1.14002358913422,10.094313621521,0.0104415314272046,0.00804758816957474
-0.885664105415344,10.095630645752,0.0127177350223064,0.00807483494281769
-0.630771458148956,10.0968189239502,0.0127844084054232,0.00806378573179245
-0.375092297792435,10.0976686477661,0.00951253902167082,0.00797642022371292
-0.119483254849911,10.0984773635864,0.00679577887058258,0.00792130827903748
0.135465949773788,10.0994873046875,0.00728992559015751,0.00790131837129593
0.390004724264145,10.1007461547852,0.00984698999673128,0.00786589831113815
0.644408106803894,10.1020002365112,0.0132243158295751,0.00787065923213959
0.898915827274323,10.1032361984253,0.0163391828536987,0.0078691840171814
1.15371668338776,10.1044445037842,0.0183463264256716,0.0078267827630043
1.40845000743866,10.1057462692261,0.0208630431443453,0.00781339406967163
1.66305220127106,10.1069860458374,0.0241763889789581,0.00785353779792786
1.91790556907654,10.1081438064575,0.0265770591795444,0.00785923004150391
2.17277193069458,10.1092233657837,0.0291304215788841,0.00795965641736984
-2.66104793548584,9.83773899078369,-0.00592559156939387,0.00800887495279312
-2.40844798088074,9.8394832611084,0.00320637784898281,0.00799369812011719
-2.15434432029724,9.8407678604126,0.00561002595350146,0.00801185518503189
-1.90023446083069,9.8419075012207,0.00820564571768045,0.00804264098405838
-1.64541566371918,9.8428955078125,0.00776737509295344,0.00805597752332687
-1.39086925983429,9.84399509429932,0.00879899598658085,0.00798532366752625
-1.13697338104248,9.845290184021,0.0130173740908504,0.00794273614883423
-0.883306860923767,9.84675598144531,0.0184820219874382,0.00793455541133881
-0.628914654254913,9.84797763824463,0.0208521876484156,0.00793882459402084
-0.373162835836411,9.84883880615234,0.0172711275517941,0.00788716971874237
-0.116997458040714,9.84943103790283,0.0120621509850025,0.0078330934047699
0.138452604413033,9.85034656524658,0.0103206532076001,0.00777778029441833
0.393228352069855,9.85154151916504,0.0118415979668498,0.00772111862897873
0.647919356822968,9.85276508331299,0.0139576839283109,0.00772064924240112
0.902557373046875,9.8539981842041,0.0165227837860584,0.00768541544675827
1.15743470191956,9.85511589050293,0.0182274207472801,0.0075627788901329
1.41211700439453,9.85631084442139,0.0210144016891718,0.00752265751361847
1.66644728183746,9.85746192932129,0.0255840197205544,0.00758906453847885
1.92094075679779,9.85866165161133,0.0296227298676968,0.00758929550647736
2.17545175552368,9.85979080200195,0.0337877050042152,0.00774245709180832
-2.65880441665649,9.58895301818848,0.000177761961822398,0.00795111805200577
-2.40545392036438,9.59045314788818,0.00587596138939261,0.00791439414024353
-2.15107750892639,9.59165382385254,0.00705839274451137,0.00793375074863434
-1.89658200740814,9.59274768829346,0.0079174293205142,0.00797241926193237
-1.64190697669983,9.59378814697266,0.0081759337335825,0.00801017880439758
-1.38752698898315,9.5949010848999,0.0100068859755993,0.00796478986740112
-1.13345539569855,9.59604930877686,0.0134636284783483,0.00788000226020813
-0.87991601228714,9.59745502471924,0.0195473171770573,0.00780050456523895
-0.625879168510437,9.59864807128906,0.0235724672675133,0.0077873170375824
-0.370041310787201,9.59952545166016,0.0196322910487652,0.00781860947608948
-0.113604716956615,9.60012340545654,0.013226623646915,0.00783979892730713
0.142372325062752,9.60087490081787,0.00914249289780855,0.00780777633190155
0.397416293621063,9.60197067260742,0.00949634984135628,0.00773771107196808
0.652080714702606,9.60333156585693,0.0117694353684783,0.0076914057135582
0.906354248523712,9.60468101501465,0.0160114206373692,0.00758126378059387
1.16087448596954,9.60580825805664,0.0193570349365473,0.00743755698204041
1.41534006595612,9.60692024230957,0.0231532268226147,0.00741212069988251
1.66957426071167,9.60807704925537,0.0281845573335886,0.00744931399822235
1.9235326051712,9.60939025878906,0.0346379168331623,0.00745895504951477
2.17786598205566,9.61060619354248,0.0396170690655708,0.0075833797454834
-2.65649437904358,9.34032535552979,0.00596671318635345,0.00792263448238373
-2.40253806114197,9.34159755706787,0.0089018763974309,0.00785556435585022
-2.14786815643311,9.34269618988037,0.0087663447484374,0.00787029415369034
-1.89308452606201,9.34369468688965,0.00833808444440365,0.00786256790161133
-1.63831722736359,9.34474086761475,0.00821063760668039,0.00792451947927475
-1.38367426395416,9.34573745727539,0.0088792946189642,0.00794905424118042
-1.12902081012726,9.34671115875244,0.00972254294902086,0.00787927955389023
-0.874812424182892,9.34783935546875,0.012811022810638,0.007724329829216
-0.620532870292664,9.34892272949219,0.0157874189317226,0.00762816518545151
-0.365222960710526,9.34994220733643,0.0142948273569345,0.00769819319248199
-0.109275475144386,9.35069370269775,0.010150033980608,0.00779265910387039
0.146633297204971,9.35141754150391,0.00642027286812663,0.00782828778028488
0.401833564043045,9.35239124298096,0.00611665518954396,0.0077492892742157
0.656510531902313,9.35370826721191,0.0083793830126524,0.00763179361820221
0.910700082778931,9.35507202148438,0.0130431707948446,0.00750571489334106
1.16479873657227,9.35628795623779,0.018321031704545,0.00742484629154205
1.4188060760498,9.35754299163818,0.0242032818496227,0.00744885206222534
1.67288100719452,9.35879611968994,0.0299785118550062,0.00747863203287125
1.92665767669678,9.36007118225098,0.0372771732509136,0.00748366117477417
2.18078207969666,9.36139297485352,0.0432139821350574,0.00753103941679001
-2.65374684333801,9.09167385101318,0.00973176956176758,0.00788260996341705
-2.39950609207153,9.09275722503662,0.0113896997645497,0.0078020840883255
-2.14461255073547,9.09370803833008,0.0102626010775566,0.00778715312480927
-1.88968074321747,9.09469985961914,0.00918845646083355,0.00776286423206329
-1.63454556465149,9.09570693969727,0.00740984734147787,0.00780244916677475
-1.37945210933685,9.0965576171875,0.00606020307168365,0.00783845037221909
-1.12423896789551,9.0972957611084,0.00439784210175276,0.0077761709690094
-0.86937814950943,9.0981330871582,0.00456999707967043,0.00761277228593826
-0.615032613277435,9.09925937652588,0.00729947118088603,0.00749105960130692
-0.360400468111038,9.10050487518311,0.00893334951251745,0.0075288712978363
-0.105209067463875,9.10146903991699,0.00825762655586004,0.00765442848205566
0.150239154696465,9.10223293304443,0.0066521605476737,0.00769305974245071
0.405553132295609,9.10308742523193,0.00587705103680491,0.00758756697177887
0.660472214221954,9.10422325134277,0.00709427474066615,0.00746604055166245
0.914904773235321,9.10553169250488,0.0107072992250323,0.00739482790231705
1.16925144195557,9.10666084289551,0.0149177340790629,0.00741332024335861
1.42347455024719,9.10783290863037,0.0198815520852804,0.00745666027069092
1.67745637893677,9.10904216766357,0.0261207055300474,0.0074320062994957
1.93120729923248,9.11041831970215,0.0335757099092007,0.00742688030004501
2.18507552146912,9.11178970336914,0.0406958498060703,0.00738541036844254
-2.65065431594849,8.84280681610107,0.0119082611054182,0.00786245614290237
-2.39640140533447,8.8437557220459,0.0135495541617274,0.00778644531965256
-2.14146518707275,8.84468936920166,0.0122595150023699,0.00771079212427139
-1.88647663593292,8.84561538696289,0.0109614059329033,0.00767501443624496
-1.63098049163818,8.84654426574707,0.00756280310451984,0.00764729082584381
-1.37560939788818,8.84733390808105,0.00498159835115075,0.00765082985162735
-1.12038660049438,8.84807205200195,0.00331606063991785,0.00761880725622177
-0.865278482437134,8.84891891479492,0.00239967228844762,0.00752648711204529
-0.610663235187531,8.85001468658447,0.00394484959542751,0.00743372738361359
-0.356208145618439,8.85129165649414,0.0064266943372786,0.00742576271295547
-0.1015744805336,8.85242557525635,0.00831636227667332,0.00752323865890503
0.153622761368752,8.85320568084717,0.0078837675973773,0.00754445046186447
0.409150391817093,8.85397052764893,0.00618279306218028,0.00744061172008514
0.66423088312149,8.85493659973145,0.00671623041853309,0.00734678655862808
0.918915212154388,8.85606575012207,0.00924260728061199,0.00735500454902649
1.17363083362579,8.85706233978271,0.0118430340662599,0.00740385055541992
1.42831301689148,8.85817527770996,0.0147973913699389,0.00736533850431442
1.68237268924713,8.85939598083496,0.0207355283200741,0.00728774815797806
1.9364287853241,8.86063003540039,0.0268832501024008,0.00722907483577728
2.19024562835693,8.86196994781494,0.0342836938798428,0.0071067288517952
-2.64708924293518,8.59366035461426,0.0119084753096104,0.00788728147745132
-2.39298105239868,8.59460544586182,0.0142562408000231,0.00780553370714188
-2.13805365562439,8.59558296203613,0.013042981736362,0.00768453627824783
-1.88321650028229,8.59649276733398,0.0124780619516969,0.0075981542468071
-1.62796008586884,8.59734535217285,0.0102185420691967,0.00750578939914703
-1.37283527851105,8.59822559356689,0.0087952446192503,0.00747063010931015
-1.11753559112549,8.59902763366699,0.00680549629032612,0.00752323865890503
-0.861977100372314,8.59977054595947,0.00386949046514928,0.00752701610326767
-0.606892347335815,8.60080909729004,0.00331402174197137,0.00748279690742493
-0.35220867395401,8.60196590423584,0.00480124587193131,0.00745008885860443
-0.0977286994457245,8.60310459136963,0.00742877880111337,0.00746377557516098
0.157221466302872,8.60402870178223,0.00814818497747183,0.00746253877878189
0.412705063819885,8.60476398468018,0.00668452912941575,0.00741430371999741
0.667851209640503,8.60565757751465,0.00696187233552337,0.00737021118402481
0.922668814659119,8.60666942596436,0.00893065147101879,0.00734380632638931
1.17755591869354,8.60763072967529,0.0108013451099396,0.00736062973737717
1.4324756860733,8.60868167877197,0.012733094394207,0.00728146731853485
1.68685936927795,8.6098690032959,0.0172665175050497,0.00716193020343781
1.94117140769958,8.61101627349854,0.0223200563341379,0.00706552714109421
2.19528031349182,8.61226367950439,0.028471177443862,0.00688395649194717
-2.64296841621399,8.34441375732422,0.00933954305946827,0.00789380073547363
-2.38903903961182,8.34545230865479,0.0125537980347872,0.00778190791606903
-2.13433694839478,8.34638977050781,0.0124228363856673,0.00763121247291565
-1.87978732585907,8.34738349914551,0.0132172703742981,0.00749912112951279
-1.62483048439026,8.34823703765869,0.0123697072267532,0.00737006217241287
-1.36970412731171,8.34899139404297,0.0109781827777624,0.0073288306593895
-1.11418628692627,8.34975147247314,0.0080264862626791,0.0074041560292244
-0.858412444591522,8.35056400299072,0.00414050975814462,0.00744312256574631
-0.603040933609009,8.35157871246338,0.0023176777176559,0.0074305459856987
-0.348282784223557,8.35262584686279,0.00351104163564742,0.00740943104028702
-0.0938842073082924,8.35360717773438,0.00655470602214336,0.00738328695297241
0.160838738083839,8.35449600219727,0.00834343954920769,0.00738810747861862
0.416132032871246,8.35528659820557,0.00777438515797257,0.00740453600883484
0.671758592128754,8.35617065429688,0.00592245906591415,0.00736936181783676
0.92700731754303,8.35718250274658,0.00599236786365509,0.00732741504907608
1.18196856975555,8.35811042785645,0.00757503323256969,0.0073125883936882
1.4365541934967,8.35921573638916,0.0110455779358745,0.00725832581520081
1.69099879264832,8.36032104492188,0.0153503557667136,0.0071367621421814
1.9453182220459,8.3615255355835,0.0204102080315351,0.00706293433904648
2.20000100135803,8.36259937286377,0.0240548420697451,0.00686603784561157
-2.63886380195618,8.09525203704834,0.00684363767504692,0.00782238692045212
-2.38506174087524,8.09634590148926,0.0106878327205777,0.0076696053147316
-2.13048386573792,8.09728050231934,0.0111712729558349,0.00753388553857803
-1.87603580951691,8.09832668304443,0.0124715194106102,0.00735156983137131
-1.62097322940826,8.09910297393799,0.0111814681440592,0.0072208046913147
-1.36561858654022,8.0998010635376,0.00878673139959574,0.00720316916704178
-1.11020243167877,8.1005163192749,0.006344691850245,0.00726956129074097
-0.854956686496735,8.10133838653564,0.00490968022495508,0.00731340795755386
-0.599823594093323,8.10235023498535,0.00420896802097559,0.00731054693460464
-0.344784885644913,8.10328006744385,0.0041662803851068,0.00729362666606903
-0.0899393036961555,8.10407257080078,0.00522734085097909,0.00726316869258881
0.164935231208801,8.10479640960693,0.00637758430093527,0.00725395232439041
0.420051574707031,8.10564994812012,0.00664687529206276,0.00730187445878983
0.675788223743439,8.10664367675781,0.00433429330587387,0.00727352499961853
0.931580603122711,8.10763454437256,0.00200083991512656,0.00722098350524902
1.18670427799225,8.10860633850098,0.00289860228076577,0.00719355791807175
1.44077515602112,8.1096887588501,0.00872248504310846,0.00720786303281784
1.69520235061646,8.11070823669434,0.0131505811586976,0.00713220238685608
1.94992172718048,8.11179256439209,0.0164732746779919,0.00710523128509521
2.20555663108826,8.11260318756104,0.0159350279718637,0.00694088637828827
-2.63511610031128,7.84599494934082,0.00600437354296446,0.00764624774456024
-2.38134121894836,7.84702968597412,0.010016618296504,0.00749395042657852
-2.12682700157166,7.84803152084351,0.0108298938721418,0.00736869126558304
-1.87233817577362,7.84903001785278,0.0119839664548635,0.0072186216711998
-1.61710977554321,7.84989976882935,0.0099681168794632,0.00710008293390274
-1.36142945289612,7.85051012039185,0.00612570717930794,0.00709914416074753
-1.10620629787445,7.85115718841553,0.00461264606565237,0.00716739892959595
-0.851559460163116,7.85206079483032,0.00594860455021262,0.00721879303455353
-0.596943140029907,7.85314226150513,0.00763389468193054,0.00719916820526123
-0.341606676578522,7.85402536392212,0.00627083377912641,0.00713249295949936
-0.0860821306705475,7.85467433929443,0.00429264036938548,0.00713116675615311
0.169036507606506,7.85545444488525,0.00437573762610555,0.00712407380342484
0.424006581306458,7.85635614395142,0.00534543115645647,0.00715067982673645
0.679491519927979,7.85728693008423,0.00421017641201615,0.00712148100137711
0.935338020324707,7.85812377929688,0.00167748925741762,0.0070764571428299
1.19040548801422,7.85903120040894,0.00286813615821302,0.00705879926681519
1.44500994682312,7.86000680923462,0.00634419079869986,0.00709058344364166
1.70002543926239,7.86093473434448,0.00818914361298084,0.00707355141639709
1.95585799217224,7.86163997650146,0.00660904496908188,0.00705539435148239
2.21298813819885,7.8620753288269,-0.000511776830535382,0.00695502012968063
-2.63130712509155,7.59662628173828,0.00488608935847878,0.00736906379461288
-2.37747645378113,7.59752464294434,0.00868670549243689,0.00728186219930649
-2.12307906150818,7.59859561920166,0.0100782727822661,0.00722561031579971
-1.86866629123688,7.59952640533447,0.0116243036463857,0.00715548545122147
-1.61361455917358,7.60055780410767,0.0104515058919787,0.00708312541246414
-1.35808920860291,7.60131597518921,0.00735057517886162,0.0070728212594986
-1.10290467739105,7.60198211669922,0.00604863092303276,0.00711371749639511
-0.848019123077393,7.60272932052612,0.00633715884760022,0.00717949867248535
-0.593315005302429,7.60376644134521,0.00766165368258953,0.0071636438369751
-0.338071793317795,7.60473728179932,0.00675645936280489,0.00708914548158646
-0.0824140906333923,7.60551595687866,0.00420578895136714,0.00706075876951218
0.173009842634201,7.60629940032959,0.00294514396227896,0.00704146176576614
0.428067684173584,7.60718965530396,0.00355960801243782,0.00705751776695251
0.68320220708847,7.60799264907837,0.00405032699927688,0.00701639801263809
0.938608348369598,7.60872316360474,0.00354043603874743,0.00698760151863098
1.19361591339111,7.60971212387085,0.00503036519512534,0.00696059316396713
1.44915533065796,7.61043500900269,0.00436227768659592,0.00696682184934616
1.70558559894562,7.61094951629639,-5.80056221224368e-05,0.0069732666015625
1.96244537830353,7.61131620407104,-0.00615149876102805,0.00694885849952698
2.22119331359863,7.61135196685791,-0.0203944686800241,0.00691147148609161
-2.62676000595093,7.34729671478271,0.000349790207110345,0.00707317143678665
-2.37283682823181,7.34808397293091,0.00377581920474768,0.00708530843257904
-2.11862254142761,7.3491358757019,0.00606030924245715,0.00709512084722519
-1.86428368091583,7.35013723373413,0.00799029506742954,0.00713105499744415
-1.60996997356415,7.35127353668213,0.0102475360035896,0.00710351765155792
-1.35516238212585,7.3521614074707,0.0104681067168713,0.0070609524846077
-1.09979939460754,7.35288524627686,0.00837964378297329,0.00709240883588791
-0.844525575637817,7.35356521606445,0.00693227257579565,0.00714622437953949
-0.589331686496735,7.35447263717651,0.00606872281059623,0.00713874399662018
-0.334311455488205,7.35540866851807,0.00621953560039401,0.00707132369279861
-0.0789623036980629,7.35623836517334,0.00510486355051398,0.00703030824661255
0.176467001438141,7.35704898834229,0.00385457347147167,0.0070052444934845
0.431651055812836,7.35781240463257,0.00394022418186069,0.00701365619897842
0.686940670013428,7.35846281051636,0.00377528835088015,0.00701639801263809
0.942297160625458,7.35925722122192,0.00352427316829562,0.00697686523199081
1.19715452194214,7.36030864715576,0.00572318071499467,0.00691768527030945
1.45295321941376,7.36095142364502,0.00393315590918064,0.00688169896602631
1.71027410030365,7.36126232147217,-0.00442095566540956,0.00687427818775177
1.96779322624207,7.36126756668091,-0.0133940801024437,0.00687398016452789
2.22734689712524,7.36105680465698,-0.031161105260253,0.00688169896602631
-2.62219905853271,7.09815645217896,-0.00425820238888264,0.0068930983543396
-2.36821889877319,7.09892654418945,-0.00104662985540926,0.00697876513004303
-2.11420273780823,7.09986639022827,0.00220462516881526,0.00703482329845428
-1.85980796813965,7.10081148147583,0.00392591115087271,0.00708242505788803
-1.60557067394257,7.10192728042603,0.00658168131485581,0.00705691426992416
-1.35128462314606,7.10289859771729,0.00923396646976471,0.00698370486497879
-1.09636735916138,7.10369539260864,0.00922093447297812,0.00701826065778732
-0.840857625007629,7.10436725616455,0.00673370435833931,0.00707126408815384
-0.585280299186707,7.10509729385376,0.004170096013695,0.00710463523864746
-0.330188810825348,7.10591077804565,0.00404390739277005,0.007078617811203
-0.075348287820816,7.10668516159058,0.00528052728623152,0.00701542943716049
0.179600566625595,7.10751724243164,0.00624090153723955,0.00696453452110291
0.435098469257355,7.10824584960938,0.00494354404509068,0.00694485008716583
0.690769076347351,7.10889720916748,0.00309700495563447,0.0069626197218895
0.946346282958984,7.10973072052002,0.00189048936590552,0.0069490522146225
1.20114314556122,7.11083745956421,0.00439905561506748,0.00687548518180847
1.45667350292206,7.11139678955078,0.00385465216822922,0.00685574859380722
1.71339571475983,7.11165904998779,-0.0017835428006947,0.00686550885438919
1.97078359127045,7.11181926727295,-0.0101458439603448,0.00689580291509628
2.22990012168884,7.1116681098938,-0.0259381700307131,0.0069301500916481
-2.61865305900574,6.84915065765381,-0.00417199451476336,0.0068480521440506
-2.36474967002869,6.84996557235718,-0.000569883442949504,0.00696645677089691
-2.11083602905273,6.85091972351074,0.00319072417914867,0.00701606273651123
-1.85635221004486,6.8518180847168,0.00454017519950867,0.00704575330018997
-1.60178303718567,6.85267210006714,0.00572021072730422,0.00700166076421738
-1.34728252887726,6.85358953475952,0.00743193924427032,0.00693338364362717
-1.09259688854218,6.85436248779297,0.00852084625512362,0.00701615214347839
-0.837228715419769,6.85501956939697,0.00671991938725114,0.00706984102725983
-0.581397294998169,6.85558366775513,0.00304450583644211,0.0070989802479744
-0.326067477464676,6.85631895065308,0.00187890534289181,0.00704067945480347
-0.0712870508432388,6.85708665847778,0.00343052158132195,0.00694937258958817
0.183749303221703,6.85786962509155,0.00403863331303,0.00687690824270248
0.439120531082153,6.85862874984741,0.00335418316535652,0.00687844306230545
0.694777369499207,6.85937023162842,0.00160662352573127,0.00690135359764099
0.950116217136383,6.86028385162354,0.00150930543895811,0.00688477605581284
1.2046263217926,6.86127281188965,0.00534817250445485,0.00681170076131821
1.45978832244873,6.86200761795044,0.00648158695548773,0.00683721899986267
1.71579134464264,6.86246299743652,0.00408171582967043,0.00690991431474686
1.97241032123566,6.86283493041992,-0.000834425096400082,0.00696487724781036
2.2304630279541,6.86296224594116,-0.0118850218132138,0.00702127069234848
-2.61594915390015,6.60011386871338,-0.000185051001608372,0.00686109066009521
-2.3621940612793,6.6009669303894,0.00413069082424045,0.00697872042655945
-2.10802674293518,6.6017632484436,0.00675723515450954,0.00698012858629227
-1.85364627838135,6.60268068313599,0.00861186347901821,0.00699958950281143
-1.59889268875122,6.60348844528198,0.0089767724275589,0.00693871080875397
-1.34396028518677,6.6042799949646,0.00874578114598989,0.00686461478471756
-1.08891367912292,6.60491609573364,0.00822574645280838,0.00693994015455246
-0.833453297615051,6.60548543930054,0.0060464097186923,0.00700462609529495
-0.577619433403015,6.6060094833374,0.00240067578852177,0.00705448538064957
-0.322291135787964,6.60678625106812,0.00127935654018074,0.00698006898164749
-0.0673440992832184,6.60753631591797,0.00211530132219195,0.00689402967691422
0.187904447317123,6.60833692550659,0.00180269288830459,0.00684735924005508
0.443348824977875,6.60899591445923,0.000834555132314563,0.00685814023017883
0.69869989156723,6.60976314544678,0.000506781740114093,0.00683692097663879
0.953453898429871,6.61072969436646,0.00307689001783729,0.00674727559089661
1.20795953273773,6.61167669296265,0.00697165820747614,0.00674286484718323
1.46309292316437,6.61255216598511,0.00826107710599899,0.0068080872297287
1.71870946884155,6.61318063735962,0.00761481933295727,0.00690990686416626
1.97443270683289,6.61373090744019,0.00671669561415911,0.00697219371795654
2.23165440559387,6.61407947540283,-0.00062190426979214,0.0070381760597229
-2.61319923400879,6.35108757019043,0.00358954234980047,0.00686071813106537
-2.35952758789062,6.3519172668457,0.00832172110676765,0.00694560259580612
-2.10513424873352,6.35269832611084,0.00993616972118616,0.00693263858556747
-1.85063707828522,6.35350704193115,0.0112900016829371,0.00693897157907486
-1.59579288959503,6.35423135757446,0.0112748667597771,0.00691033154726028
-1.34087526798248,6.35495138168335,0.0111482739448547,0.00687737017869949
-1.08558428287506,6.35550498962402,0.00954744126647711,0.00688853114843369
-0.829881310462952,6.3560094833374,0.00629902631044388,0.00692549347877502
-0.574045717716217,6.35653972625732,0.00268246582709253,0.00697632879018784
-0.318809777498245,6.35733318328857,0.00201743002980947,0.00695063918828964
-0.0636633113026619,6.35806131362915,0.00198597786948085,0.00688974559307098
0.191941455006599,6.35868072509766,0.000107278559880797,0.00687399506568909
0.44761461019516,6.35927438735962,-0.00185015762690455,0.0068804994225502
0.70291668176651,6.35998201370239,-0.00191141292452812,0.00678760558366776
0.957776725292206,6.36090612411499,0.000226253498112783,0.00668611377477646
1.21225261688232,6.36184358596802,0.00429809000343084,0.0067041888833046
1.46689105033875,6.36277532577515,0.0078448923304677,0.00676454603672028
1.72216808795929,6.36340045928955,0.00875427573919296,0.00684908777475357
1.97728621959686,6.36414003372192,0.0105822747573256,0.00690165162086487
2.23412775993347,6.3645167350769,0.00496409879997373,0.00695903599262238
-2.61017060279846,6.10211944580078,0.00607061898335814,0.0068388357758522
-2.35651087760925,6.10289621353149,0.0108945351094007,0.00687319785356522
-2.10202527046204,6.1036319732666,0.0121166380122304,0.00686176866292953
-1.84751808643341,6.10434150695801,0.0134635167196393,0.00682844221591949
-1.59267377853394,6.10502862930298,0.0134827950969338,0.00681961327791214
-1.33763337135315,6.10571098327637,0.0128286220133305,0.00682174414396286
-1.0820769071579,6.10623741149902,0.0100488839671016,0.00680837035179138
-0.826254546642303,6.10669755935669,0.00629475247114897,0.00681298226118088
-0.570346891880035,6.10721254348755,0.00238857185468078,0.00686025619506836
-0.315110832452774,6.10793781280518,0.0017643051687628,0.00690016150474548
-0.0600185096263885,6.10865259170532,0.00201719044707716,0.00690454989671707
0.195544049143791,6.10921335220337,0.000369695568224415,0.00690952688455582
0.451295256614685,6.1096830368042,-0.00189759931527078,0.0068974569439888
0.70707243680954,6.11023139953613,-0.00405551539734006,0.00678440183401108
0.96242481470108,6.11107778549194,-0.00408710306510329,0.00667168200016022
1.21687984466553,6.11197471618652,0.000126748942420818,0.00667151063680649
1.47102272510529,6.11295413970947,0.00593643728643656,0.00672563165426254
1.72588360309601,6.11352014541626,0.00875047314912081,0.00678092986345291
1.98069334030151,6.11430215835571,0.0119893634691834,0.00683893263339996
2.23722958564758,6.11466312408447,0.00776524469256401,0.00689301639795303
-2.6070728302002,5.85302829742432,0.00823811814188957,0.00679349154233932
-2.35336446762085,5.85377407073975,0.012872033752501,0.00679442286491394
-2.09869170188904,5.85437154769897,0.0132725704461336,0.00676287710666656
-1.84423267841339,5.85507965087891,0.014875684864819,0.00673513859510422
-1.58928048610687,5.8557300567627,0.0144361210986972,0.0067424550652504
-1.33392632007599,5.85634994506836,0.0123831871896982,0.0067736804485321
-1.07821047306061,5.85678386688232,0.00891777779906988,0.00677038729190826
-0.822487711906433,5.85726642608643,0.00565695762634277,0.00675152242183685
-0.566804111003876,5.85787105560303,0.00280643603764474,0.00677726417779922
-0.311448633670807,5.85856294631958,0.00167754082940519,0.00681095570325851
-0.0561585798859596,5.85918998718262,0.0010754574323073,0.00682547688484192
0.199289351701736,5.85976600646973,-1.44651412483654e-05,0.00684589147567749
0.454905420541763,5.86030626296997,-0.00163622642867267,0.00683219730854034
0.710794389247894,5.8608136177063,-0.00425923801958561,0.0067671611905098
0.966758966445923,5.86131572723389,-0.00699114706367254,0.00669737160205841
1.22160029411316,5.86211109161377,-0.00446332199499011,0.00669270753860474
1.47537744045258,5.8631272315979,0.00302966753952205,0.00673141330480576
1.7299702167511,5.86388111114502,0.00707672350108624,0.00676504522562027
1.9846009016037,5.8647027015686,0.0111530451104045,0.00681658089160919
2.24064779281616,5.86514520645142,0.0091423150151968,0.00689782947301865
-2.60365605354309,5.6036229133606,0.00894427672028542,0.00672704726457596
-2.34974575042725,5.6043815612793,0.0126799494028091,0.00672305375337601
-2.09504795074463,5.60501861572266,0.0130018386989832,0.00672350078821182
-1.8404324054718,5.60576295852661,0.0139216687530279,0.00672762840986252
-1.58531939983368,5.60640382766724,0.0127837350592017,0.00674012303352356
-1.32988893985748,5.60691499710083,0.0104273296892643,0.00673580169677734
-1.07429158687592,5.60730361938477,0.00754805887117982,0.0067269429564476
-0.818845987319946,5.60783815383911,0.00559077505022287,0.00671540945768356
-0.563284695148468,5.60847997665405,0.00333287357352674,0.00671724230051041
-0.307578146457672,5.6089940071106,0.000653341005090624,0.00670622289180756
-0.0517775751650333,5.60945510864258,-0.00221657706424594,0.00670620054006577
0.203542619943619,5.61007928848267,-0.00268624816089869,0.00677238404750824
0.458627879619598,5.61084127426147,-0.00187806168105453,0.00676296651363373
0.714259505271912,5.61137866973877,-0.00330461375415325,0.00671837478876114
0.970301449298859,5.61171722412109,-0.00634135492146015,0.00668215751647949
1.22552120685577,5.61249399185181,-0.00547565659508109,0.00666715949773788
1.47958147525787,5.61353778839111,0.000787011929787695,0.00669091194868088
1.733966588974,5.61448049545288,0.00579487252980471,0.00674241036176682
1.98865401744843,5.6153883934021,0.00965361762791872,0.00682897865772247
2.24413967132568,5.61596632003784,0.0101748639717698,0.00695834308862686
-2.59989619255066,5.35393047332764,0.0080744381994009,0.00666587799787521
-2.34573602676392,5.35479211807251,0.0106911491602659,0.00666066259145737
-2.09087753295898,5.35548305511475,0.0103115728124976,0.00666751712560654
-1.83599483966827,5.35621976852417,0.0100459447130561,0.00668663531541824
-1.58083236217499,5.3568959236145,0.00872536562383175,0.0067119374871254
-1.32567524909973,5.35740423202515,0.00766834570094943,0.00668889284133911
-1.07053565979004,5.35781764984131,0.00692472141236067,0.00665820389986038
-0.815445303916931,5.35833978652954,0.00662786699831486,0.00665900856256485
-0.559573948383331,5.35879564285278,0.00300236721523106,0.00667031109333038
-0.303480833768845,5.35916185379028,-0.00138882105238736,0.00667670369148254
-0.047402985394001,5.35954093933105,-0.00547067308798432,0.00673159211874008
0.207381904125214,5.36042261123657,-0.00348541419953108,0.0068085640668869
0.462169140577316,5.36128616333008,-0.00129686598666012,0.00676546990871429
0.717618703842163,5.36183834075928,-0.00186745414976031,0.00667685270309448
0.973415851593018,5.36221599578857,-0.0037704948335886,0.00664011389017105
1.228670835495,5.36298227310181,-0.00303086685016751,0.00664174556732178
1.48313844203949,5.36405467987061,0.00143763888627291,0.00668161362409592
1.73770225048065,5.36496114730835,0.00568462070077658,0.0067690908908844
1.99244928359985,5.36597490310669,0.00930891465395689,0.00683748722076416
2.2476372718811,5.36663007736206,0.0111894849687815,0.00699813663959503
-2.59589958190918,5.10419702529907,0.00611166330054402,0.0066566988825798
-2.34174394607544,5.10525465011597,0.00878197513520718,0.00664491951465607
-2.08701920509338,5.10601615905762,0.00905729550868273,0.00665070861577988
-1.83204782009125,5.10688018798828,0.00841871649026871,0.00663264840841293
-1.57694673538208,5.10755586624146,0.00742125976830721,0.00664844363927841
-1.32181024551392,5.10796880722046,0.00650374544784427,0.00662318617105484
-1.06676125526428,5.10838603973389,0.00621426850557327,0.00657651573419571
-0.811600387096405,5.10880041122437,0.00564031861722469,0.00659245997667313
-0.555229544639587,5.10908269882202,-0.000212255486985669,0.00665465742349625
-0.298983842134476,5.10933876037598,-0.00524731539189816,0.00667664408683777
-0.0430791638791561,5.10974311828613,-0.00849950686097145,0.00669442862272263
0.211426928639412,5.11055278778076,-0.00520537979900837,0.00673966854810715
0.466089427471161,5.1114501953125,-0.00241412199102342,0.00672475248575211
0.72126841545105,5.11205196380615,-0.00172762933652848,0.00665508210659027
0.976422429084778,5.11270809173584,-0.000714285066351295,0.00661651790142059
1.23146522045135,5.11347436904907,0.00100905902218074,0.00658886134624481
1.48635315895081,5.11439418792725,0.00363056058995426,0.00662332028150558
1.74149870872498,5.11517810821533,0.0053141568787396,0.00672652572393417
1.99618244171143,5.11616373062134,0.00926040019840002,0.00681017339229584
2.25141358375549,5.11684322357178,0.0109851583838463,0.00695962458848953
-2.59178447723389,4.85458993911743,0.00359526555985212,0.00671969354152679
-2.33797216415405,4.85584878921509,0.00788614992052317,0.00671904534101486
-2.08320307731628,4.85662221908569,0.00799607299268246,0.00670250505208969
-1.82844150066376,4.85749006271362,0.00836233701556921,0.00664957612752914
-1.57317090034485,4.85802793502808,0.0066307857632637,0.00658968091011047
-1.31782293319702,4.85840702056885,0.00478527834638953,0.00648039579391479
-1.06273651123047,4.85885858535767,0.00436433730646968,0.00641024857759476
-0.80754953622818,4.85936450958252,0.00370824639685452,0.00647473335266113
-0.551118969917297,4.85950994491577,-0.00236822036094964,0.00659273564815521
-0.29514867067337,4.85972213745117,-0.00610736478120089,0.00665125995874405
-0.0393635295331478,4.86004495620728,-0.00877420604228973,0.00666087120771408
0.215211555361748,4.8607006072998,-0.00574702955782413,0.00668710470199585
0.470152407884598,4.86155796051025,-0.00417285319417715,0.00669612735509872
0.724960088729858,4.86235284805298,-0.00178118830081075,0.00664830952882767
0.979542791843414,4.86319446563721,0.00183067820034921,0.00657754391431808
1.23479664325714,4.86378383636475,0.00264662667177618,0.00654029101133347
1.48997366428375,4.86445379257202,0.00401886366307735,0.00660178810358047
1.74538969993591,4.86517190933228,0.00453280890360475,0.00668107718229294
2.0003080368042,4.86601686477661,0.00747703993692994,0.00672508031129837
2.25564885139465,4.86672258377075,0.00875206291675568,0.00681877136230469
-2.58743453025818,4.60510063171387,-1.36533390104887e-05,0.00677189230918884
-2.33401346206665,4.60644197463989,0.00612597819417715,0.00680965930223465
-2.07937145233154,4.60722923278809,0.00686287460848689,0.00676064193248749
-1.82482707500458,4.60802221298218,0.00827258452773094,0.00670554488897324
-1.56928813457489,4.60846376419067,0.00535150058567524,0.00655408948659897
-1.31365275382996,4.60873556137085,0.00223418604582548,0.00640800595283508
-1.05862975120544,4.6092472076416,0.00214368058368564,0.00635053962469101
-0.803576350212097,4.60989475250244,0.00213242974132299,0.00644016265869141
-0.547742366790771,4.61026382446289,-0.00119671854190528,0.00656107813119888
-0.292042672634125,4.61049604415894,-0.00367196346633136,0.00661981850862503
-0.036216277629137,4.61071729660034,-0.00648853555321693,0.00662268698215485
0.219175174832344,4.61110162734985,-0.00711070420220494,0.00664148479700089
0.474314779043198,4.61186456680298,-0.00638979068025947,0.00666889548301697
0.728792905807495,4.61283302307129,-0.00247936137020588,0.00663140416145325
0.983406960964203,4.61359310150146,0.0010338342981413,0.00655857473611832
1.23904752731323,4.61391115188599,0.000165916266269051,0.00653417408466339
1.49427938461304,4.61442995071411,0.0013413968263194,0.00658569484949112
1.74951958656311,4.61508321762085,0.00268708448857069,0.00659853965044022
2.0045952796936,4.61578369140625,0.00497729750350118,0.00661367177963257
2.25981211662292,4.61652803421021,0.00684442697092891,0.00665001571178436
-2.58315777778625,4.35582733154297,-0.00329382182098925,0.00671307742595673
-2.32986283302307,4.35708475112915,0.00347807281650603,0.00679200887680054
-2.0753653049469,4.35780477523804,0.00492814090102911,0.00671451538801193
-1.82098746299744,4.35848426818848,0.00715118506923318,0.00666061788797379
-1.56555044651031,4.35881805419922,0.00474341819062829,0.00649548321962357
-1.30968332290649,4.35903310775757,0.000605755252763629,0.00638289004564285
-1.05440592765808,4.35958099365234,-0.000608957197982818,0.00635074079036713
-0.799338042736053,4.36019802093506,-0.000641839753370732,0.00644828379154205
-0.543955564498901,4.36062240600586,-0.00187400216236711,0.0065624788403511
-0.288554221391678,4.36095809936523,-0.00295929866842926,0.0066177025437355
-0.0329031050205231,4.36132621765137,-0.00495220068842173,0.00662108510732651
0.222687721252441,4.36184406280518,-0.00644931243732572,0.00661551952362061
0.477864116430283,4.36249923706055,-0.00585362408310175,0.00661030411720276
0.732564270496368,4.36324882507324,-0.00289741274900734,0.00659237056970596
0.987374067306519,4.36383724212646,-0.000218493791180663,0.00655128061771393
1.2431126832962,4.36411762237549,-0.00148551352322102,0.0065404549241066
1.4983423948288,4.36454772949219,-0.00025547610130161,0.00656373798847198
1.75334537029266,4.36513900756836,0.00219405046664178,0.00653869658708572
2.00843596458435,4.36570405960083,0.00446233432739973,0.00657176971435547
2.26340413093567,4.36644172668457,0.00747483316808939,0.0065954327583313
-2.57942771911621,4.10673999786377,-0.00404994329437613,0.00661690533161163
-2.3259334564209,4.10783195495605,0.00184826017357409,0.00670227408409119
-2.07135200500488,4.10837411880493,0.00296054687350988,0.00665915012359619
-1.81695353984833,4.10892724990845,0.00513644004240632,0.00660828500986099
-1.56177663803101,4.10918474197388,0.0039692772552371,0.00647880136966705
-1.30623650550842,4.10949039459229,0.00136496755294502,0.00645418465137482
-1.05056738853455,4.10992193222046,-0.0015996714355424,0.00646916776895523
-0.795388698577881,4.11048269271851,-0.00209574005566537,0.00652088969945908
-0.540278494358063,4.1108980178833,-0.00204699579626322,0.00658722966909409
-0.28498113155365,4.1113429069519,-0.0026273422408849,0.00662999600172043
-0.0294375289231539,4.11185836791992,-0.00410327175632119,0.00662000477313995
0.226067766547203,4.11243057250977,-0.00518051069229841,0.00658953189849854
0.481181055307388,4.11304616928101,-0.00426332280039787,0.00659233331680298
0.736112236976624,4.1135835647583,-0.00230435142293572,0.00661157071590424
0.991065919399261,4.11404800415039,-0.000230485195061192,0.00661323219537735
1.24670517444611,4.11442565917969,-0.00101946748327464,0.00659281015396118
1.50199937820435,4.11484909057617,-4.18211820942815e-05,0.00662435591220856
1.756880402565,4.11544132232666,0.00298949214629829,0.00658893585205078
2.01173710823059,4.11593675613403,0.00633895210921764,0.00662864744663239
2.26664352416992,4.11655473709106,0.00966539513319731,0.00669406354427338
-2.57624626159668,3.85767388343811,-0.00226561911404133,0.00656933337450027
-2.32251381874084,3.85863852500916,0.00257083913311362,0.00664450228214264
-2.0677707195282,3.85906887054443,0.00297988275997341,0.00661739706993103
-1.81321060657501,3.85955023765564,0.00445293355733156,0.00656317919492722
-1.55804431438446,3.8597400188446,0.00337678915821016,0.00648694485425949
-1.30245447158813,3.86002635955811,0.000584396126214415,0.00652096420526505
-1.04680359363556,3.86032724380493,-0.00225089257583022,0.00658777356147766
-0.79161936044693,3.86079788208008,-0.00272923125885427,0.00661240518093109
-0.53655332326889,3.86124515533447,-0.00244203233160079,0.00657504051923752
-0.281226873397827,3.86170196533203,-0.00311723444610834,0.00656833499670029
-0.0257217288017273,3.86216568946838,-0.00437789317220449,0.00655972212553024
0.22969077527523,3.86273765563965,-0.00499743781983852,0.00655348598957062
0.484819799661636,3.86333131790161,-0.00411356892436743,0.006587915122509
0.739968657493591,3.86382079124451,-0.00309671252034605,0.00663712620735168
0.995106756687164,3.864333152771,-0.00181655259802938,0.00666921585798264
1.25038301944733,3.8648943901062,-0.000944257073570043,0.00664902478456497
1.50544679164886,3.86539149284363,0.00109840952791274,0.00663860887289047
1.7602105140686,3.86595892906189,0.00468934187665582,0.00663263350725174
2.01504516601562,3.86639404296875,0.0081746494397521,0.00669807195663452
2.27020478248596,3.86678743362427,0.0104173561558127,0.00681155920028687
-2.57329940795898,3.60845375061035,0.000613053794950247,0.00658778101205826
-2.31942582130432,3.60934376716614,0.00483248708769679,0.0066363587975502
-2.06435441970825,3.60962319374084,0.00376753159798682,0.00661596655845642
-1.80924677848816,3.61004304885864,0.00275989272631705,0.00656916946172714
-1.55372607707977,3.61017060279846,0.000100260338513181,0.00649984180927277
-1.29842007160187,3.61037540435791,-0.00134241452906281,0.0065600574016571
-1.04309964179993,3.61062693595886,-0.00262307096272707,0.00663696974515915
-0.787966787815094,3.61109066009521,-0.00282812886871397,0.00663166493177414
-0.532979547977448,3.61171174049377,-0.0021534776315093,0.00652290135622025
-0.277842402458191,3.61224365234375,-0.00193524628411978,0.00646577030420303
-0.0222474355250597,3.6126229763031,-0.00356434984132648,0.006519615650177
0.233458206057549,3.61302065849304,-0.00546668702736497,0.00658365339040756
0.488947063684464,3.61351561546326,-0.00616540014743805,0.00664753466844559
0.744280874729156,3.61400008201599,-0.00594075862318277,0.00671616196632385
0.999518096446991,3.61454105377197,-0.00506524788215756,0.00675991177558899
1.25439012050629,3.6152651309967,-0.00234320666640997,0.00673454254865646
1.509033203125,3.61597776412964,0.00161300611216575,0.00667180866003036
1.76407933235168,3.61630034446716,0.00398979615420103,0.00666537135839462
2.01901078224182,3.61680912971497,0.0070767137221992,0.00666317343711853
2.27457213401794,3.61698150634766,0.00758119858801365,0.00677980482578278
-2.57031893730164,3.35903215408325,0.00334615632891655,0.00662507116794586
-2.31628656387329,3.35987329483032,0.00686643132939935,0.00661575794219971
-2.06077456474304,3.36017751693726,0.00380153674632311,0.0066055953502655
-1.80548489093781,3.36039757728577,0.00200373050756752,0.00658540427684784
-1.54998528957367,3.36062097549438,-0.000524667557328939,0.00655265897512436
-1.29484355449677,3.36082029342651,-0.00117543258238584,0.0065961554646492
-1.03963589668274,3.36102294921875,-0.00190035696141422,0.00665198266506195
-0.784276247024536,3.36142015457153,-0.00310166482813656,0.00661912560462952
-0.528970539569855,3.3619921207428,-0.00383725203573704,0.00653359293937683
-0.273745357990265,3.36257171630859,-0.00398107757791877,0.00647993385791779
-0.0182450283318758,3.36295628547668,-0.00513990549370646,0.00656532496213913
0.237391278147697,3.36332964897156,-0.00668686116114259,0.00662929564714432
0.493253231048584,3.36364388465881,-0.00902225263416767,0.00664882361888885
0.748891472816467,3.36401772499084,-0.0101217245683074,0.00670946389436722
1.0040545463562,3.36469125747681,-0.00887403078377247,0.00675830990076065
1.25846672058105,3.36555910110474,-0.00405007833614945,0.00675412267446518
1.51318097114563,3.36622381210327,-0.000370252557331696,0.00664818286895752
1.76840877532959,3.36654138565063,0.00123501208145171,0.00659855455160141
2.02363610267639,3.36699080467224,0.00304686254821718,0.00656719505786896
2.27934527397156,3.3671190738678,0.00293965777382255,0.00664862990379333
-2.56732058525085,3.10943722724915,0.00600765878334641,0.00660647451877594
-2.31270432472229,3.1101541519165,0.00686670327559114,0.00656116008758545
-2.05692529678345,3.11038160324097,0.00261207041330636,0.00659658014774323
-1.80158126354218,3.11070036888123,0.000598826038185507,0.00658798962831497
-1.54661822319031,3.1110954284668,0.000566288770642132,0.006600022315979
-1.29188704490662,3.11148762702942,0.0018225684762001,0.0066211074590683
-1.03654336929321,3.11165428161621,0.00050818407908082,0.00666156411170959
-0.780447065830231,3.11185240745544,-0.00401273695752025,0.00666427612304688
-0.524534642696381,3.11212778091431,-0.00745798787102103,0.00663565844297409
-0.269216358661652,3.11259007453918,-0.00797435734421015,0.00660093873739243
-0.0141088888049126,3.11306977272034,-0.00731059117242694,0.00667630881071091
0.241242200136185,3.11354875564575,-0.00753034604713321,0.00670267641544342
0.497140347957611,3.11386251449585,-0.00999070703983307,0.00667213648557663
0.752988219261169,3.11416006088257,-0.0119923111051321,0.00669720768928528
1.00815224647522,3.11474847793579,-0.0107038477435708,0.00675185024738312
1.26273846626282,3.1154797077179,-0.00661423988640308,0.00674426555633545
1.51754176616669,3.1161367893219,-0.00329107069410384,0.00665704905986786
1.77254295349121,3.11665368080139,-0.000639948237221688,0.00658437609672546
2.02774143218994,3.11706137657166,0.00134275469463319,0.00654027611017227
2.28315734863281,3.1173300743103,0.00257517257705331,0.0065876767039299
-2.30834221839905,2.86023712158203,0.00327334390021861,0.00659289211034775
-2.05289840698242,2.86053824424744,0.000606189481914043,0.00664458423852921
-1.79792106151581,2.86097097396851,0.000316242425469682,0.00665261596441269
-1.54320561885834,2.86155557632446,0.00144928810186684,0.00667053461074829
-1.28856158256531,2.86211252212524,0.00313181150704622,0.00665809214115143
-1.0331619977951,2.86233520507812,0.0015938114374876,0.00665082037448883
-0.776859939098358,2.86238622665405,-0.00382423982955515,0.00666370987892151
-0.520647883415222,2.862548828125,-0.00859155785292387,0.00671635568141937
-0.265431672334671,2.86291098594666,-0.00859936140477657,0.00674129277467728
-0.0104714427143335,2.86335182189941,-0.00722747249528766,0.00677898526191711
0.244755163788795,2.8638002872467,-0.00684539694339037,0.0067761242389679
0.500408887863159,2.86418581008911,-0.00816987175494432,0.00672584027051926
0.756022393703461,2.8645875453949,-0.00908732321113348,0.00673141330480576
1.01147985458374,2.86501216888428,-0.00907962955534458,0.00673845410346985
1.26654636859894,2.86551642417908,-0.00710138399153948,0.00673968344926834
1.52130115032196,2.86613178253174,-0.00352101097814739,0.00669582933187485
1.77577519416809,2.86676383018494,0.00151769130025059,0.00665272027254105
2.03058362007141,2.86725616455078,0.00526931369677186,0.00662118196487427
2.28565716743469,2.86765217781067,0.00804797280579805,0.00665463507175446
-2.30387902259827,2.61037373542786,-0.000789379409980029,0.00668603181838989
-2.04880404472351,2.61079454421997,-0.0017156177200377,0.00670001655817032
-1.79398095607758,2.61127281188965,-0.00125552318058908,0.00669270008802414
-1.53938353061676,2.61189985275269,0.000457877584267408,0.00670810043811798
-1.28466868400574,2.61246085166931,0.00185521738603711,0.00668146461248398
-1.02918422222137,2.61266469955444,-3.02109674521489e-05,0.00663856416940689
-0.773198127746582,2.61273455619812,-0.0039664451032877,0.00664333999156952
-0.517456591129303,2.61302757263184,-0.00656002480536699,0.00671135634183884
-0.262512654066086,2.61336994171143,-0.00529637606814504,0.00677300244569778
-0.00754807703197002,2.61369061470032,-0.00390767864882946,0.00681797415018082
0.247933492064476,2.6139976978302,-0.00464249309152365,0.00680490583181381
0.503560543060303,2.61442065238953,-0.00581596046686172,0.00679685920476913
0.759144723415375,2.61489963531494,-0.00657351175323129,0.00677405297756195
1.01449012756348,2.61535739898682,-0.00603255955502391,0.00674305111169815
1.26976025104523,2.61573958396912,-0.00493144989013672,0.00676094740629196
1.52431380748749,2.6163227558136,-0.000415352580603212,0.00673969835042953
1.77853119373322,2.61700224876404,0.00579866813495755,0.00671201199293137
2.03303241729736,2.61759662628174,0.0109430113807321,0.00668715685606003
2.28810143470764,2.61802792549133,0.0137649113312364,0.00671139359474182
-2.299560546875,2.36067128181458,-0.00418988289311528,0.00670856982469559
-2.04460549354553,2.36114096641541,-0.00452172849327326,0.00667255371809006
-1.78995966911316,2.36168813705444,-0.00320574827492237,0.00669430196285248
-1.53527569770813,2.3622670173645,-0.00184617971535772,0.00670419633388519
-1.28042185306549,2.36264252662659,-0.00103494140785187,0.00670181214809418
-1.02512395381927,2.3627758026123,-0.00201991479843855,0.00663205236196518
-0.769739508628845,2.36303496360779,-0.00317825027741492,0.00656666606664658
-0.51441103219986,2.36346960067749,-0.00386238610371947,0.00658385455608368
-0.259323567152023,2.36396527290344,-0.00322789791971445,0.00665946304798126
-0.00391876325011253,2.36415791511536,-0.00379704288206995,0.00675534456968307
0.251748532056808,2.36425542831421,-0.00532494392246008,0.00682919472455978
0.507399260997772,2.36450481414795,-0.00655821431428194,0.00686782598495483
0.763116478919983,2.36491537094116,-0.00787381362169981,0.0068206712603569
1.01840925216675,2.36543536186218,-0.00705976039171219,0.00677516311407089
1.27331221103668,2.36580109596252,-0.0042708171531558,0.00679353624582291
1.52758824825287,2.36645102500916,0.00152027071453631,0.00675699859857559
1.78201365470886,2.36718559265137,0.00683354958891869,0.00671067833900452
2.03627157211304,2.36791729927063,0.0130914142355323,0.0066542848944664
2.29150438308716,2.36838006973267,0.0152128422632813,0.00665408372879028
-2.29568791389465,2.11116695404053,-0.005539839155972,0.00668391585350037
-2.04076075553894,2.11162495613098,-0.00570252537727356,0.00661261379718781
-1.78603231906891,2.11207962036133,-0.00472217332571745,0.00663699209690094
-1.53106737136841,2.1124587059021,-0.00460241781547666,0.00664395838975906
-1.27598774433136,2.11263346672058,-0.00477246660739183,0.00668834149837494
-1.02090203762054,2.1128351688385,-0.00474559981375933,0.00666067749261856
-0.765909910202026,2.11314558982849,-0.00407286360859871,0.00658448040485382
-0.510808646678925,2.11360359191895,-0.00368459965102375,0.00656389445066452
-0.255629479885101,2.11414456367493,-0.00343299866653979,0.00661823898553848
-8.5833620687481e-05,2.11448740959167,-0.00460275169461966,0.00672390311956406
0.255581855773926,2.11465954780579,-0.00609795330092311,0.00682009011507034
0.511435985565186,2.11467862129211,-0.0081997187808156,0.0068700835108757
0.767555773258209,2.11467170715332,-0.0112679759040475,0.00680689513683319
1.02301847934723,2.11495041847229,-0.0111620975658298,0.00680074095726013
1.27761495113373,2.11551380157471,-0.00696253217756748,0.00684627890586853
1.53160417079926,2.11638736724854,0.000143877856316976,0.00676726549863815
1.78587353229523,2.11731553077698,0.00618332205340266,0.00668895989656448
2.04013323783875,2.11804866790771,0.0124701075255871,0.00660539418458939
2.29535412788391,2.11856031417847,0.0146798053756356,0.00655922293663025
-2.29253816604614,1.86183154582977,-0.00355686759576201,0.00672610849142075
-2.0377631187439,1.86229050159454,-0.00298497639596462,0.00664685666561127
-1.78290808200836,1.86266446113586,-0.00255136704072356,0.00663580000400543
-1.52779603004456,1.86296224594116,-0.00307063036598265,0.00664558261632919
-1.27251470088959,1.86306762695312,-0.00412728544324636,0.00667274743318558
-1.01723062992096,1.86324071884155,-0.0049708322621882,0.00667641311883926
-0.762177467346191,1.86348724365234,-0.00453601451590657,0.0066414400935173
-0.507187902927399,1.8638299703598,-0.00359472073614597,0.00660157948732376
-0.252152502536774,1.86431121826172,-0.00264995871111751,0.00661570578813553
0.00323270098306239,1.86478567123413,-0.00307295331731439,0.00669553130865097
0.258969068527222,1.86502051353455,-0.0048490958288312,0.00676769763231277
0.514952898025513,1.86496484279633,-0.00749853439629078,0.00683677941560745
0.771245896816254,1.86472105979919,-0.0112996688112617,0.00680936872959137
1.02674460411072,1.86481285095215,-0.0113092567771673,0.00683837383985519
1.28126895427704,1.86543023586273,-0.00675215199589729,0.00688233226537704
1.53528308868408,1.86641693115234,0.000271980679826811,0.0067792609333992
1.78951823711395,1.86731505393982,0.0065022362396121,0.00666680932044983
2.04386782646179,1.86806535720825,0.0124230897054076,0.00658317655324936
2.29891467094421,1.86856257915497,0.0154449641704559,0.00649784505367279
-2.28976583480835,1.61259126663208,0.000166598969371989,0.00687159597873688
-2.0352668762207,1.6130542755127,0.00204079831019044,0.00680035352706909
-1.77995479106903,1.6132390499115,0.0004069029528182,0.0067451149225235
-1.52483320236206,1.61353707313538,-0.000124894504551776,0.00668011605739594
-1.26931595802307,1.61365163326263,-0.00223272223956883,0.0066697895526886
-1.01372063159943,1.61371076107025,-0.00446108914911747,0.00666666775941849
-0.758423566818237,1.6138710975647,-0.00509913312271237,0.00670064985752106
-0.503592550754547,1.61407124996185,-0.00338976853527129,0.00669502466917038
-0.248964503407478,1.61450445652008,-0.000554136873688549,0.00669249892234802
0.00626086816191673,1.61495900154114,-0.000218732238863595,0.00671485066413879
0.262086451053619,1.61521482467651,-0.00236917100846767,0.00672602653503418
0.517880022525787,1.61519026756287,-0.00412914389744401,0.00676190108060837
0.773934304714203,1.61508238315582,-0.0068318503908813,0.00676263123750687
1.02961421012878,1.61517524719238,-0.00762946298345923,0.0067867636680603
1.28457391262054,1.61563277244568,-0.00498985685408115,0.00679533183574677
1.53909730911255,1.61645603179932,-0.000206319440621883,0.00673308223485947
1.79345595836639,1.6172034740448,0.00551690300926566,0.00664306432008743
2.04786372184753,1.61788845062256,0.0112190926447511,0.00656592845916748
2.30268335342407,1.61833345890045,0.0152945080772042,0.00650051236152649
-2.28661489486694,1.36325752735138,0.0021452100481838,0.00700362026691437
-2.03222370147705,1.36363160610199,0.00455501163378358,0.00694243609905243
-1.77673673629761,1.3637375831604,0.00215189624577761,0.00683643668889999
-1.52182984352112,1.36405801773071,0.00263821147382259,0.00676275044679642
-1.26615595817566,1.36415219306946,-0.000155883972183801,0.00668330490589142
-1.01018702983856,1.3641619682312,-0.00405780831351876,0.006671242415905
-0.754613757133484,1.36416244506836,-0.00591231090947986,0.00674460828304291
-0.499908626079559,1.36423826217651,-0.00358400796540082,0.00676614046096802
-0.245581492781639,1.36467301845551,0.000656727701425552,0.00675059854984283
0.00951669923961163,1.3650621175766,0.00160681933630258,0.00672565400600433
0.265245646238327,1.36527371406555,-7.09737796569243e-05,0.00667522847652435
0.520899593830109,1.36531662940979,-0.00117190985474735,0.00667385011911392
0.77649199962616,1.36550879478455,-0.00177809130400419,0.00668558478355408
1.03246200084686,1.36568593978882,-0.00385992648079991,0.00670116394758224
1.28822898864746,1.36594998836517,-0.00480599934235215,0.00670894980430603
1.54338753223419,1.3664448261261,-0.00281528336927295,0.00665944814682007
1.79802322387695,1.36700022220612,0.00172089959960431,0.006617471575737
2.05250453948975,1.36756193637848,0.00714539457112551,0.00653927028179169
2.3070182800293,1.368035197258,0.0126261729747057,0.00654790550470352
-2.28294992446899,1.11376750469208,0.00175632617902011,0.00697623193264008
-2.02834510803223,1.11391162872314,0.00323198223486543,0.00692779570817947
-1.77296483516693,1.11397349834442,0.00136172643397003,0.00684583187103271
-1.51776969432831,1.11417698860168,0.000568724994082004,0.00676460564136505
-1.26196885108948,1.1142874956131,-0.00276648788712919,0.0067020058631897
-1.00599431991577,1.11429071426392,-0.00665160501375794,0.00669284164905548
-0.750613391399384,1.11428475379944,-0.00758559163659811,0.00674720108509064
-0.496279120445251,1.11447632312775,-0.00353390048258007,0.00677268952131271
-0.242213517427444,1.11501491069794,0.00192663201596588,0.00677594542503357
0.0127649791538715,1.11533403396606,0.00345756462775171,0.00673269480466843
0.26848903298378,1.11542117595673,0.00184150971472263,0.00665247440338135
0.524256646633148,1.11545348167419,0.00025987732806243,0.00666585564613342
0.779837429523468,1.11575245857239,-0.000266513379756361,0.00672511756420135
1.03600800037384,1.11595964431763,-0.00321888807229698,0.00675546377897263
1.29229402542114,1.11604726314545,-0.00645134458318353,0.00668223947286606
1.54771149158478,1.11630475521088,-0.0055684382095933,0.00659778714179993
1.80227112770081,1.11680471897125,-0.000647228036541492,0.0066063404083252
2.05678153038025,1.11734330654144,0.00468936283141375,0.00654751807451248
2.31094217300415,1.11790120601654,0.0117788026109338,0.00662396103143692
-2.27929592132568,0.864210247993469,0.00142324203625321,0.00677906721830368
-2.02437019348145,0.864110231399536,0.00146931840572506,0.00675332546234131
-1.76898980140686,0.864134132862091,-0.000358489691279829,0.00667474418878555
-1.51324439048767,0.864060938358307,-0.0036234725266695,0.00665155798196793
-1.25726914405823,0.864124119281769,-0.00771042518317699,0.0066441148519516
-1.00153791904449,0.864299595355988,-0.0104451598599553,0.00666185468435287
-0.746655702590942,0.864503800868988,-0.00906913913786411,0.0066879466176033
-0.492478609085083,0.86481386423111,-0.00426808651536703,0.00670862942934036
-0.238503605127335,0.865353465080261,0.00164224929176271,0.00671946257352829
0.0163373555988073,0.865643858909607,0.0038358187302947,0.00668255984783173
0.27196130156517,0.865669786930084,0.00271207583136857,0.00660762190818787
0.527862250804901,0.865668952465057,0.000564482004847378,0.006627157330513
0.783584237098694,0.86595219373703,-0.000562138156965375,0.00678538531064987
1.03964507579803,0.866206288337708,-0.00298672704957426,0.00689000636339188
1.29583239555359,0.866294622421265,-0.00574051076546311,0.0068306103348732
1.55119919776917,0.866431415081024,-0.00458908639848232,0.00668268650770187
1.80553030967712,0.866936087608337,0.0013880105689168,0.00663354992866516
2.05997204780579,0.867355704307556,0.00706946896389127,0.00660362839698792
2.31397438049316,0.867922425270081,0.014894699677825,0.00670844316482544
-2.2758002281189,0.614700675010681,0.00181937275920063,0.00658672302961349
-2.02083921432495,0.61453104019165,0.00174308032728732,0.00658582895994186
-1.76559591293335,0.614483296871185,0.00058681913651526,0.00659610331058502
-1.5097279548645,0.61431473493576,-0.0032010548748076,0.00660179555416107
-1.25350189208984,0.614280104637146,-0.00839689373970032,0.00662754476070404
-0.997921526432037,0.614568293094635,-0.0104095786809921,0.00665426999330521
-0.74314284324646,0.614856779575348,-0.00852903258055449,0.00665563344955444
-0.488278567790985,0.614986896514893,-0.0068134218454361,0.00664000958204269
-0.233559906482697,0.61526346206665,-0.00422761961817741,0.00662463158369064
0.0214121788740158,0.615542352199554,-0.00257981522008777,0.00659118592739105
0.276554465293884,0.615694999694824,-0.0014800849603489,0.00656882673501968
0.5318323969841,0.615813314914703,-0.00077414617408067,0.00664295256137848
0.787735998630524,0.615997314453125,-0.0026755197905004,0.00684762001037598
1.04388284683228,0.616199553012848,-0.00544377509504557,0.00696028023958206
1.29963099956512,0.616388976573944,-0.00619026366621256,0.00691429525613785
1.5544695854187,0.616565406322479,-0.00263668783009052,0.00674780458211899
1.80881440639496,0.616935729980469,0.00331888603977859,0.00667981058359146
2.0631091594696,0.617422938346863,0.00968438573181629,0.00663710385560989
2.31730651855469,0.617873072624207,0.0166785884648561,0.00675573199987411
-2.27189040184021,0.365111470222473,0.00030614688876085,0.00659868866205215
-2.01726603507996,0.365092068910599,0.00181377562694252,0.00659945607185364
-1.76204609870911,0.36496964097023,0.000806821044534445,0.00661188364028931
-1.50656282901764,0.364870011806488,-0.00118104182183743,0.00661414861679077
-1.25042498111725,0.364687442779541,-0.00593141140416265,0.00663609057664871
-0.994747757911682,0.364882290363312,-0.0083509273827076,0.00666414201259613
-0.739862084388733,0.365247070789337,-0.0069309757091105,0.00668269395828247
-0.484592318534851,0.365275859832764,-0.00702408980578184,0.00665023922920227
-0.22872157394886,0.365230619907379,-0.00962154660373926,0.0065842866897583
0.0267826393246651,0.365214049816132,-0.0103238737210631,0.00654406845569611
0.281111687421799,0.365601986646652,-0.00550274830311537,0.00657761096954346
0.535768568515778,0.365883141756058,-0.001955212559551,0.00668242573738098
0.791697323322296,0.365984737873077,-0.00392677029594779,0.00683937221765518
1.04797267913818,0.366030961275101,-0.00722619937732816,0.00690776854753494
1.30351281166077,0.366198927164078,-0.00699692452326417,0.00684040039777756
1.55828487873077,0.366525948047638,-0.00311603350564837,0.0067039355635643
1.81303799152374,0.36686173081398,0.00105194747447968,0.00666645914316177
2.06751418113708,0.367194563150406,0.00665766187012196,0.00662098079919815
2.3220956325531,0.367498964071274,0.0119896344840527,0.00675257295370102
-2.26760482788086,0.115273162722588,-0.00292964605614543,0.00675126910209656
-2.01338171958923,0.115500941872597,0.000459942384622991,0.00673278421163559
-1.75839591026306,0.115367256104946,0.000569991883821785,0.00669757276773453
-1.50344443321228,0.1153195053339,0.00105951738078147,0.00665943324565887
-1.24763715267181,0.115107282996178,-0.00214108685031533,0.00664431601762772
-0.991775035858154,0.115203723311424,-0.00537247955799103,0.00665174424648285
-0.736603617668152,0.115614600479603,-0.0052299159578979,0.00665570795536041
-0.481188356876373,0.115606434643269,-0.0059506599791348,0.0066358894109726
-0.224731504917145,0.115226045250893,-0.0111598493531346,0.00660993158817291
0.0310754701495171,0.114911079406738,-0.0131792556494474,0.0066424161195755
0.285213083028793,0.11552769690752,-0.00746243679895997,0.00668811798095703
0.539601862430573,0.11591038107872,-0.00266895303502679,0.0067414715886116
0.795566141605377,0.115936011075974,-0.00475871376693249,0.00677990168333054
1.05201721191406,0.115777015686035,-0.00879956688731909,0.00679651647806168
1.30757141113281,0.11594146490097,-0.00859430525451899,0.00674169510602951
1.56269681453705,0.116286680102348,-0.00625910749658942,0.00663411617279053
1.81773555278778,0.116531021893024,-0.00332116452045739,0.00661328434944153
2.07271504402161,0.116775117814541,8.76030899235047e-05,0.00656674802303314
2.32757544517517,0.117006197571754,0.00423096725717187,0.00668109953403473
-2.26384997367859,-0.134764835238457,-0.00369905587285757,0.00681079179048538
-2.00975394248962,-0.134368970990181,0.000304810731904581,0.00677800178527832
-1.75485694408417,-0.134436011314392,0.000858136103488505,0.00672856718301773
-1.50018000602722,-0.134420067071915,0.00264140777289867,0.00664509832859039
-1.24464154243469,-0.134599268436432,0.00070404150756076,0.00662828236818314
-0.988668024539948,-0.134579345583916,-0.00300164287909865,0.00663502514362335
-0.733044981956482,-0.134225323796272,-0.00488668726757169,0.00664976984262466
-0.477714955806732,-0.134156048297882,-0.00518817128613591,0.00664734840393066
-0.221666023135185,-0.134535640478134,-0.00850771833211184,0.00667542219161987
0.0344033986330032,-0.135025769472122,-0.0116770388558507,0.00677089393138885
0.289165496826172,-0.13458189368248,-0.00874517485499382,0.00679372251033783
0.54397189617157,-0.134224727749825,-0.00579872168600559,0.00680071115493774
0.799525737762451,-0.134120255708694,-0.00599967641755939,0.00677141547203064
1.05589604377747,-0.134329795837402,-0.00963528919965029,0.00676937401294708
1.31151449680328,-0.134206160902977,-0.00967879686504602,0.00671090185642242
1.56681311130524,-0.133921012282372,-0.00807840283960104,0.00660362839698792
1.82183504104614,-0.133635461330414,-0.0050285691395402,0.00657140463590622
2.07721996307373,-0.133451342582703,-0.00338636594824493,0.00650639832019806
2.33225297927856,-0.133246704936028,3.21199077006895e-05,0.00656892359256744
-2.26078605651855,-0.384784072637558,-0.00127316638827324,0.00673574209213257
-2.00646829605103,-0.384385794401169,0.00173867959529161,0.00671551376581192
-1.75155782699585,-0.384328782558441,0.00225608586333692,0.0066705122590065
-1.49686789512634,-0.384258896112442,0.00400994066148996,0.00660592317581177
-1.24144220352173,-0.384400874376297,0.00262182601727545,0.00660228729248047
-0.985474169254303,-0.384357541799545,-0.00102831877302378,0.00660798698663712
-0.729529678821564,-0.384115964174271,-0.00434250384569168,0.00663076341152191
-0.473986506462097,-0.384101033210754,-0.00557695142924786,0.00660558044910431
-0.218300461769104,-0.384424895048141,-0.00721248053014278,0.00665271282196045
0.0376414023339748,-0.384698539972305,-0.00978203862905502,0.00675204396247864
0.292966991662979,-0.384504735469818,-0.00935518741607666,0.00679122656583786
0.548085033893585,-0.384180843830109,-0.0077782990410924,0.00679111480712891
0.803406417369843,-0.38413679599762,-0.00688706338405609,0.00675364583730698
1.05942916870117,-0.384231597185135,-0.00892749428749084,0.00675050169229507
1.31487119197845,-0.384069889783859,-0.0081463661044836,0.00669126957654953
1.57005262374878,-0.383826434612274,-0.00598582997918129,0.00658269226551056
1.82508814334869,-0.383563816547394,-0.00296421721577644,0.00652464479207993
2.08053278923035,-0.38343134522438,-0.00155476713553071,0.00646185874938965
2.33587455749512,-0.383329898118973,0.000526326359249651,0.00648358464241028
-2.25782084465027,-0.634543061256409,0.00159466301556677,0.00669742375612259
-2.00303483009338,-0.6343013048172,0.00248589436523616,0.0067066103219986
-1.74780797958374,-0.634318768978119,0.00158521207049489,0.00667523592710495
-1.49275159835815,-0.634279489517212,0.00169505120720714,0.00662883371114731
-1.2372921705246,-0.634305119514465,0.000186441073310561,0.00662693381309509
-0.981648445129395,-0.634214639663696,-0.00194115331396461,0.00663797557353973
-0.725763142108917,-0.63415801525116,-0.00493639428168535,0.00665811449289322
-0.470073252916336,-0.63422018289566,-0.00679730670526624,0.00660581141710281
-0.21442611515522,-0.634431481361389,-0.00822372082620859,0.00659750401973724
0.0411462597548962,-0.634490787982941,-0.00909098889678717,0.00663691759109497
0.296502470970154,-0.634392142295837,-0.00876270048320293,0.00668630748987198
0.551769375801086,-0.634223937988281,-0.00781474076211452,0.00670093297958374
0.807144701480865,-0.634192943572998,-0.00713014928624034,0.00670713186264038
1.06273400783539,-0.634131669998169,-0.00719280354678631,0.00673389434814453
1.31784904003143,-0.633901715278625,-0.00491500226780772,0.00667334347963333
1.57286906242371,-0.633679389953613,-0.00200082641094923,0.00655940175056458
1.82822465896606,-0.633603274822235,-0.000372002163203433,0.00647556781768799
2.08331680297852,-0.633380949497223,0.00263617653399706,0.00642894953489304
2.3391056060791,-0.633434116840363,0.00276136235333979,0.00645219534635544
-2.2544846534729,-0.884091317653656,0.00273506133817136,0.00676911324262619
-1.99923825263977,-0.884062886238098,0.00154796859715134,0.00677790492773056
-1.74397552013397,-0.884053945541382,0.000519198772963136,0.00671205669641495
-1.4884033203125,-0.884211897850037,-0.00169054989237338,0.00666713714599609
-1.23263907432556,-0.884406387805939,-0.00454363040626049,0.00665637105703354
-0.976960062980652,-0.884459137916565,-0.00677802739664912,0.0066772922873497
-0.72104412317276,-0.884527206420898,-0.00985944550484419,0.0067145973443985
-0.46537446975708,-0.884563744068146,-0.0115833971649408,0.00666442513465881
-0.210078820586205,-0.884581923484802,-0.0113768987357616,0.00657232105731964
0.0449376031756401,-0.88451224565506,-0.00968634989112616,0.00652766227722168
0.300009697675705,-0.884391844272614,-0.0080356290563941,0.00653896480798721
0.555476307868958,-0.884320199489594,-0.00794995203614235,0.00656437873840332
0.810953378677368,-0.884203910827637,-0.00769330421462655,0.00660786777734756
1.06627202033997,-0.884090900421143,-0.0065042176283896,0.0066424161195755
1.32113361358643,-0.883951485157013,-0.00304788444191217,0.00657471269369125
1.57602334022522,-0.883745610713959,0.000483019306557253,0.0064752995967865
1.83153986930847,-0.883740663528442,0.00142660469282418,0.00642086565494537
2.08658742904663,-0.883526802062988,0.00466539664193988,0.00639825314283371
2.34264183044434,-0.883678019046783,0.00364535069093108,0.00644594430923462
-2.25120306015015,-1.1335391998291,0.00412174733355641,0.00678814202547073
-1.99574184417725,-1.13364219665527,0.00198524026200175,0.00674501061439514
-1.74037981033325,-1.13377165794373,0.00054344447562471,0.00665831565856934
-1.4844833612442,-1.13399839401245,-0.00311640789732337,0.00660248845815659
-1.22840893268585,-1.13436770439148,-0.00734254345297813,0.00658611953258514
-0.972307145595551,-1.1347564458847,-0.0114490408450365,0.00662663578987122
-0.716166198253632,-1.13498342037201,-0.0155025944113731,0.00669718533754349
-0.460816413164139,-1.13485991954803,-0.015730757266283,0.00666651129722595
-0.205872371792793,-1.13477373123169,-0.0138869127258658,0.00656122714281082
0.0490206964313984,-1.13472604751587,-0.011594039388001,0.00647610425949097
0.304278522729874,-1.13471007347107,-0.0107383644208312,0.00644901394844055
0.559584200382233,-1.13450908660889,-0.00989188067615032,0.00648004561662674
0.814752757549286,-1.13420367240906,-0.00821556523442268,0.00651045143604279
1.06996464729309,-1.13411200046539,-0.00650783302262425,0.00652355700731277
1.32505536079407,-1.1340970993042,-0.00403757859021425,0.00646805018186569
1.58007228374481,-1.13397014141083,-0.0010347735369578,0.00640995055437088
1.83556175231934,-1.1339316368103,6.63386526866816e-05,0.00641254335641861
2.09078645706177,-1.13383364677429,0.00255952519364655,0.00637470185756683
2.34673762321472,-1.13397264480591,0.00203880155459046,0.00643277168273926
-2.24804949760437,-1.38305604457855,0.00610599620267749,0.00666794925928116
-1.99259769916534,-1.38318657875061,0.00404714653268456,0.00655174255371094
-1.73692965507507,-1.38349413871765,0.00123825774062425,0.00651553273200989
-1.48117017745972,-1.38371193408966,-0.00175774819217622,0.00643733888864517
-1.22510886192322,-1.38407349586487,-0.00589101947844028,0.00645793974399567
-0.968627214431763,-1.38463962078094,-0.0116922315210104,0.00653568655252457
-0.712137937545776,-1.38511598110199,-0.0172847714275122,0.00663135200738907
-0.456689983606339,-1.38516211509705,-0.0179103594273329,0.0066397562623024
-0.201869621872902,-1.38509023189545,-0.0154626360163093,0.00656417012214661
0.0531958043575287,-1.38505578041077,-0.0139120444655418,0.00645460933446884
0.308636546134949,-1.3850314617157,-0.0138447461649776,0.00640468299388885
0.563827753067017,-1.38471508026123,-0.0124457525089383,0.00642575323581696
0.818607568740845,-1.38433313369751,-0.00897983182221651,0.00645294040441513
1.07362413406372,-1.3842431306839,-0.00635567912831903,0.00645212829113007
1.32912230491638,-1.38425660133362,-0.00567930191755295,0.00641447305679321
1.58448874950409,-1.3842169046402,-0.00419850880280137,0.00638463348150253
1.83993136882782,-1.38413882255554,-0.00284860120154917,0.00638803094625473
2.09550666809082,-1.38416147232056,-0.0018712900346145,0.00637089461088181
2.35120964050293,-1.38427495956421,-0.00124413403682411,0.00641058385372162
-2.24467015266418,-1.63274383544922,0.00705722440034151,0.00650249421596527
-1.98921155929565,-1.63286864757538,0.00500018196180463,0.0063522607088089
-1.73354196548462,-1.63323378562927,0.00222219503484666,0.00637522339820862
-1.47780978679657,-1.63348400592804,-0.000612233765423298,0.00631144642829895
-1.2219398021698,-1.63387882709503,-0.00383184570819139,0.00638659298419952
-0.965687036514282,-1.63438332080841,-0.00855768378823996,0.00649343430995941
-0.709232687950134,-1.63480293750763,-0.0139649650081992,0.00656048953533173
-0.45355898141861,-1.63495719432831,-0.0155837684869766,0.0066106766462326
-0.198598802089691,-1.63501083850861,-0.0137333646416664,0.00657405704259872
0.0566307194530964,-1.63503563404083,-0.0128917507827282,0.00645403563976288
0.312258064746857,-1.63497292995453,-0.0136383976787329,0.00635337829589844
0.567544758319855,-1.63486015796661,-0.012623724527657,0.00635417550802231
0.822154581546783,-1.63459300994873,-0.00834799371659756,0.00639870017766953
1.07703673839569,-1.63450133800507,-0.00508454628288746,0.0064081996679306
1.33269226551056,-1.6344165802002,-0.00508829858154058,0.0063912644982338
1.5884565114975,-1.63439559936523,-0.00535570830106735,0.00637426972389221
1.84418499469757,-1.63437736034393,-0.00524304015561938,0.00636763125658035
2.09983468055725,-1.63439583778381,-0.00455864565446973,0.00639452040195465
2.35538005828857,-1.63453757762909,-0.00318620400503278,0.00641811639070511
-2.24090051651001,-1.88267731666565,0.00621875934302807,0.00639509409666061
-1.98540008068085,-1.88278913497925,0.00400628568604589,0.00628159195184708
-1.72983574867249,-1.88308596611023,0.00174675171729177,0.00631068646907806
-1.47411668300629,-1.88341569900513,-0.000985164777375758,0.00630087405443192
-1.21845948696136,-1.88385009765625,-0.00319006945937872,0.00639530271291733
-0.962456285953522,-1.88425374031067,-0.00674501899629831,0.00647089630365372
-0.705965340137482,-1.88464665412903,-0.0122890369966626,0.00653881579637527
-0.450157821178436,-1.88480019569397,-0.0144855519756675,0.00664129108190536
-0.195470348000526,-1.88477766513824,-0.0113659342750907,0.00664263218641281
0.0592218115925789,-1.88459241390228,-0.00806758180260658,0.00651983916759491
0.314932763576508,-1.88466930389404,-0.00915886927396059,0.00633976608514786
0.570609271526337,-1.8848659992218,-0.00986052397638559,0.00631316006183624
0.825714468955994,-1.88490843772888,-0.00777065474539995,0.00638417899608612
1.08063852787018,-1.88479506969452,-0.00466281920671463,0.00640059262514114
1.336057305336,-1.88463616371155,-0.00357303232885897,0.00636382400989532
1.59184050559998,-1.8845282793045,-0.00389878847636282,0.00634624809026718
1.84770095348358,-1.88455271720886,-0.00434198882430792,0.00636834651231766
2.10338568687439,-1.88455545902252,-0.00378166628070176,0.00641917437314987
2.35892915725708,-1.88474178314209,-0.00236492371186614,0.00646848976612091
-2.2368369102478,-2.13283324241638,0.00403648754581809,0.00634582340717316
-1.98142635822296,-2.13290238380432,0.00227613304741681,0.00632305443286896
-1.72595906257629,-2.13312339782715,0.000498394365422428,0.00634390860795975
-1.47057020664215,-2.13337922096252,-0.000681806588545442,0.00636750459671021
-1.21514523029327,-2.13372874259949,-0.00179128535091877,0.00641047954559326
-0.959312915802002,-2.13403701782227,-0.00453742500394583,0.00643429160118103
-0.702886641025543,-2.13435816764832,-0.00975948758423328,0.00648319721221924
-0.44698441028595,-2.13454389572144,-0.0123551078140736,0.00658720731735229
-0.19232003390789,-2.13448023796082,-0.00910185091197491,0.00663122534751892
0.0620180629193783,-2.13418555259705,-0.00417243549600244,0.00655356794595718
0.317551076412201,-2.13429355621338,-0.00442829728126526,0.00638938695192337
0.573588848114014,-2.13467407226562,-0.00672587985172868,0.00631702691316605
0.829405844211578,-2.13503313064575,-0.00779825448989868,0.00636779516935349
1.08463394641876,-2.13506412506104,-0.00601474335417151,0.00635677576065063
1.33979845046997,-2.13495588302612,-0.00374165247194469,0.00629083812236786
1.59536504745483,-2.13478112220764,-0.0030646538361907,0.00628314167261124
1.85107159614563,-2.13473892211914,-0.00279008829966187,0.00635440647602081
2.10657715797424,-2.13465118408203,-0.00140367716085166,0.00639631599187851
2.36222457885742,-2.13482284545898,-0.000420545402448624,0.00649144500494003
-2.23257064819336,-2.38299798965454,0.000917110068257898,0.00634274631738663
-1.97735857963562,-2.38302087783813,0.000112643494503573,0.00640634447336197
-1.72199296951294,-2.38318729400635,-0.00115935585927218,0.00642335414886475
-1.46690762042999,-2.38338017463684,-0.000909250462427735,0.0064481645822525
-1.21161150932312,-2.38359832763672,-0.00139974581543356,0.00640881061553955
-0.955994784832001,-2.38385319709778,-0.00312743149697781,0.00635802000761032
-0.700011968612671,-2.38405275344849,-0.00629889592528343,0.00638039410114288
-0.444169670343399,-2.38432788848877,-0.00858738645911217,0.00645232200622559
-0.1892309486866,-2.38426780700684,-0.00655400846153498,0.00645903497934341
0.065520778298378,-2.38412094116211,-0.00346258049830794,0.00644798576831818
0.320877730846405,-2.38413119316101,-0.00289313867688179,0.00637203454971313
0.577227592468262,-2.38464879989624,-0.00656062597408891,0.00629036128520966
0.833560049533844,-2.38510298728943,-0.00991714932024479,0.00629179179668427
1.08901798725128,-2.38535380363464,-0.00911481119692326,0.00628020614385605
1.34391713142395,-2.38528537750244,-0.00560559146106243,0.00623470544815063
1.59909582138062,-2.38504505157471,-0.00315476534888148,0.0062263086438179
1.8546861410141,-2.38493871688843,-0.00232866173610091,0.00630531460046768
2.11004519462585,-2.38480877876282,-0.00025670844479464,0.00632397085428238
2.36576843261719,-2.3848762512207,0.000414356065448374,0.00642631202936172
-2.22833514213562,-2.63297033309937,-0.00207118107937276,0.0063776969909668
-1.97321212291718,-2.63299059867859,-0.00242266640998423,0.00647528469562531
-1.71798408031464,-2.63316583633423,-0.00301903206855059,0.00646031647920609
-1.46292519569397,-2.63332891464233,-0.00260953744873405,0.00650913268327713
-1.20773315429688,-2.63352370262146,-0.00258481688797474,0.00644093006849289
-0.952326357364655,-2.63375329971313,-0.00331505876965821,0.00633479654788971
-0.696829974651337,-2.63394927978516,-0.00422898773103952,0.0063079297542572
-0.441260606050491,-2.63413095474243,-0.00524816988036036,0.00631946325302124
-0.186050027608871,-2.63409972190857,-0.00442094076424837,0.00628504902124405
0.0693672150373459,-2.63411116600037,-0.00430953130125999,0.00626924633979797
0.325134813785553,-2.63430452346802,-0.00555162318050861,0.00625689327716827
0.581328928470612,-2.63469862937927,-0.00848198775202036,0.00623097270727158
0.837348937988281,-2.63500642776489,-0.0103988917544484,0.00623186677694321
1.09290504455566,-2.63529324531555,-0.00999994389712811,0.00623004883527756
1.34813272953033,-2.63552045822144,-0.00791090819984674,0.00622478127479553
1.60315012931824,-2.63543224334717,-0.00468774139881134,0.00618951767683029
1.85859608650208,-2.63526844978333,-0.00318163493648171,0.00621086359024048
2.11404991149902,-2.63517761230469,-0.00149385549593717,0.00623926520347595
2.36966133117676,-2.63507914543152,-0.000296937563689426,0.00630465149879456
-2.2244861125946,-2.88273000717163,-0.00328481453470886,0.00640767812728882
-1.96937155723572,-2.88279128074646,-0.00355633068829775,0.00647521018981934
-1.71409058570862,-2.88308429718018,-0.00435051927343011,0.00645382702350616
-1.45873069763184,-2.88331890106201,-0.00528204441070557,0.00647769123315811
-1.20351302623749,-2.88359403610229,-0.00532827153801918,0.00641562044620514
-0.948264002799988,-2.88388991355896,-0.0052906577475369,0.00631590187549591
-0.692978084087372,-2.8841118812561,-0.00520153529942036,0.006266750395298
-0.437749326229095,-2.88415336608887,-0.00463971449062228,0.00622524321079254
-0.18254742026329,-2.8841392993927,-0.00373787456192076,0.00615386664867401
0.0729755833745003,-2.88428282737732,-0.004064223729074,0.00613534450531006
0.329047948122025,-2.88457345962524,-0.00664589600637555,0.00615520030260086
0.585058331489563,-2.88478589057922,-0.00871975254267454,0.00618832558393478
0.840799689292908,-2.88499999046326,-0.00935011729598045,0.00619664043188095
1.09632408618927,-2.88523101806641,-0.00877904146909714,0.00617258250713348
1.35192048549652,-2.88561820983887,-0.00830375589430332,0.0061459094285965
1.60737884044647,-2.88577342033386,-0.00700645474717021,0.0061478391289711
1.86275053024292,-2.88568449020386,-0.00512341363355517,0.00616376847028732
2.11831307411194,-2.88565802574158,-0.00387808866798878,0.0062081515789032
2.37363862991333,-2.88540983200073,-0.00137703737709671,0.0062469020485878
-2.22075200080872,-3.13250946998596,-0.00396524416282773,0.00636636465787888
-1.96573483943939,-3.132652759552,-0.00374470464885235,0.00639311969280243
-1.71040487289429,-3.13304901123047,-0.00472221057862043,0.00639557838439941
-1.45496249198914,-3.13335847854614,-0.00599067797884345,0.00637771189212799
-1.19954931735992,-3.1337525844574,-0.00688888318836689,0.00634486973285675
-0.944216072559357,-3.13408088684082,-0.00719624012708664,0.00629456341266632
-0.688941955566406,-3.13432383537292,-0.00701239937916398,0.00625456124544144
-0.433867603540421,-3.13434529304504,-0.00570887420326471,0.00618466734886169
-0.178803980350494,-3.13428497314453,-0.00414339220151305,0.0061149001121521
0.0766400694847107,-3.13444018363953,-0.00407447200268507,0.00610529631376266
0.332571536302567,-3.13469910621643,-0.00598469981923699,0.0061037465929985
0.588531076908112,-3.13490128517151,-0.0077957371249795,0.00611603260040283
0.844044268131256,-3.13500809669495,-0.00737011106684804,0.00613224506378174
1.09958899021149,-3.13518881797791,-0.00686265993863344,0.0061153843998909
1.35551750659943,-3.13566970825195,-0.00784266926348209,0.00607569515705109
1.6113874912262,-3.13600754737854,-0.00834543164819479,0.00611420720815659
1.86666035652161,-3.13595080375671,-0.0059803263284266,0.00617386400699615
2.12234902381897,-3.13594818115234,-0.00525983748957515,0.00622554868459702
2.37749934196472,-3.13564324378967,-0.00194436428137124,0.00627589225769043
-2.21671915054321,-3.38246011734009,-0.00601516338065267,0.00619231164455414
-1.96189308166504,-3.38271355628967,-0.00486585404723883,0.00622162967920303
-1.7063946723938,-3.38321399688721,-0.00657435739412904,0.00625503063201904
-1.45100700855255,-3.38361692428589,-0.00754594476893544,0.00625741481781006
-1.19535040855408,-3.38419795036316,-0.00950965750962496,0.00626935064792633
-0.940064489841461,-3.38437271118164,-0.00956919975578785,0.00626189261674881
-0.684925317764282,-3.38444304466248,-0.00874005816876888,0.00624697655439377
-0.429780572652817,-3.38447761535645,-0.00771744409576058,0.0061686635017395
-0.174563825130463,-3.38454461097717,-0.00680100917816162,0.00611338019371033
0.0808442011475563,-3.38478636741638,-0.00652216142043471,0.00610289722681046
0.33653998374939,-3.38496065139771,-0.00732992729172111,0.00607424974441528
0.592204391956329,-3.38512635231018,-0.00777104357257485,0.00599761307239532
0.847713947296143,-3.38532662391663,-0.00728817703202367,0.00598276406526566
1.10342216491699,-3.38560771942139,-0.00747552281245589,0.00600972771644592
1.35906267166138,-3.38590741157532,-0.00713661732152104,0.006024569272995
1.61468827724457,-3.38600945472717,-0.00652546854689717,0.00607973337173462
1.87017714977264,-3.38597655296326,-0.00509435823187232,0.0061454251408577
2.12586069107056,-3.38599061965942,-0.00431756488978863,0.006212018430233
2.38124513626099,-3.38576817512512,-0.00200827792286873,0.0062858909368515
-2.21272373199463,-3.63239026069641,-0.00789389200508595,0.00596994161605835
-1.95800948143005,-3.63272404670715,-0.00618277536705136,0.00604642927646637
-1.70256304740906,-3.63326358795166,-0.00761124165728688,0.0061047226190567
-1.44724059104919,-3.63371205329895,-0.00824243947863579,0.00617068260908127
-1.19156801700592,-3.63437867164612,-0.0102368919178843,0.0062091201543808
-0.936368107795715,-3.6343936920166,-0.00987608078867197,0.00620390474796295
-0.681220769882202,-3.63441181182861,-0.00905130337923765,0.00621494650840759
-0.425803422927856,-3.63457989692688,-0.00922708678990602,0.00617187470197678
-0.170201256871223,-3.63487315177917,-0.0100109009072185,0.00614737719297409
0.08534025400877,-3.63516688346863,-0.0102928364649415,0.00614230334758759
0.340617269277573,-3.6352641582489,-0.00916556362062693,0.00604289025068283
0.59595513343811,-3.63537263870239,-0.00809541065245867,0.00591849535703659
0.85146552324295,-3.63569617271423,-0.00757253635674715,0.00586109608411789
1.10722947120667,-3.63604164123535,-0.00797127094119787,0.0059221014380455
1.36263489723206,-3.63623070716858,-0.00654721772298217,0.00598736852407455
1.61779975891113,-3.63612198829651,-0.00385040976107121,0.00601882487535477
1.87355983257294,-3.63608026504517,-0.00360425398685038,0.00605929642915726
2.12908029556274,-3.63603782653809,-0.00207091844640672,0.00612161308526993
2.38499522209167,-3.6360194683075,-0.00208211410790682,0.00620285421609879
-2.20943713188171,-3.88215827941895,-0.00650368025526404,0.00587502866983414
-1.95465505123138,-3.88248062133789,-0.005073516163975,0.00599333643913269
-1.69911062717438,-3.88307523727417,-0.00691598141565919,0.0060448944568634
-1.4437940120697,-3.88352489471436,-0.00748627865687013,0.00613600015640259
-1.18848192691803,-3.88399791717529,-0.00780595326796174,0.0061911940574646
-0.933334350585938,-3.88409924507141,-0.00716982129961252,0.0061737522482872
-0.678012549877167,-3.88431572914124,-0.00709972018375993,0.00618977099657059
-0.42209529876709,-3.88462853431702,-0.00951377023011446,0.00617216527462006
-0.16618338227272,-3.88506054878235,-0.0116618340834975,0.00616759061813354
0.0892939493060112,-3.88529086112976,-0.0116180786862969,0.00612685829401016
0.344197660684586,-3.8853063583374,-0.00876717921346426,0.00600749999284744
0.599442958831787,-3.88543581962585,-0.00724288262426853,0.00590291619300842
0.855210244655609,-3.88585138320923,-0.00784006994217634,0.00585257261991501
1.11108016967773,-3.88616490364075,-0.00868263281881809,0.00589834898710251
1.36637783050537,-3.88640069961548,-0.0067349779419601,0.00594620406627655
1.62126934528351,-3.88631653785706,-0.00277562090195715,0.00593934208154678
1.87698411941528,-3.8863639831543,-0.00228903722018003,0.00596778094768524
2.13256430625916,-3.88634014129639,-0.000989392283372581,0.00599478185176849
2.38886094093323,-3.88656330108643,-0.00265369354747236,0.00607665628194809
-2.20620965957642,-4.13211584091187,-0.00482654618099332,0.00594157725572586
-1.951287150383,-4.13234186172485,-0.00401894515380263,0.00606114417314529
-1.69601440429688,-4.13280391693115,-0.00458530522882938,0.00610359013080597
-1.44069707393646,-4.13314723968506,-0.00513570057228208,0.00615707784891129
-1.18556427955627,-4.13349580764771,-0.00460998993366957,0.0061672031879425
-0.930356740951538,-4.13384771347046,-0.00420360919088125,0.00613929331302643
-0.674821019172668,-4.13427114486694,-0.00506810517981648,0.00612413138151169
-0.418545186519623,-4.13474607467651,-0.00907529983669519,0.00607901066541672
-0.162631645798683,-4.13504886627197,-0.0112052243202925,0.00606655329465866
0.0926487445831299,-4.13516283035278,-0.0102410418912768,0.00605525076389313
0.347650855779648,-4.13525533676147,-0.00779883610084653,0.00598112493753433
0.603040218353271,-4.13543033599854,-0.00689010182395577,0.00592812895774841
0.858862102031708,-4.13573598861694,-0.00770667148754001,0.00592293590307236
1.1147803068161,-4.13607168197632,-0.00873063504695892,0.00594452023506165
1.37024569511414,-4.13646030426025,-0.00749231316149235,0.00592690706253052
1.62523889541626,-4.13662672042847,-0.00393584370613098,0.0058809220790863
1.88080418109894,-4.13676929473877,-0.00273708021268249,0.00590724498033524
2.13642716407776,-4.13684368133545,-0.00158606201875955,0.00593868643045425
2.39279508590698,-4.13725423812866,-0.00352061120793223,0.00601667165756226
-2.20216131210327,-4.38258361816406,-0.00691161537542939,0.00602301210165024
-1.94716548919678,-4.38272094726562,-0.00640893960371614,0.00611534714698792
-1.69199788570404,-4.38304615020752,-0.00645976001396775,0.00611753761768341
-1.43694460391998,-4.38322401046753,-0.00576796289533377,0.00613623857498169
-1.1819908618927,-4.38347244262695,-0.00439094053581357,0.00612007081508636
-0.926918029785156,-4.38392925262451,-0.00332571170292795,0.00611253827810287
-0.671409547328949,-4.38438415527344,-0.00403052661567926,0.00606334954500198
-0.41526585817337,-4.38480186462402,-0.00740628596395254,0.00598546862602234
-0.159302204847336,-4.38498830795288,-0.00974053237587214,0.00596756488084793
0.0960606411099434,-4.38506078720093,-0.00912171974778175,0.00596336275339127
0.351493418216705,-4.38530206680298,-0.00858834851533175,0.00592800974845886
0.60727721452713,-4.38561391830444,-0.00941772572696209,0.00590027868747711
0.863182306289673,-4.38597774505615,-0.0105660287663341,0.00594358146190643
1.11862599849701,-4.3861870765686,-0.00942119676619768,0.00597935914993286
1.37399959564209,-4.38662767410278,-0.00773031683638692,0.005937859416008
1.62920844554901,-4.38703298568726,-0.00508989114314318,0.0059172511100769
1.88475251197815,-4.38729953765869,-0.00375098967924714,0.00594964623451233
2.14035964012146,-4.38737344741821,-0.00249316752888262,0.0059792771935463
2.39667582511902,-4.38786172866821,-0.00415579415857792,0.00604952871799469
-2.19810271263123,-4.63298225402832,-0.00904860533773899,0.00598584860563278
-1.94300711154938,-4.63317632675171,-0.00896250829100609,0.0060533732175827
-1.68792378902435,-4.63341808319092,-0.00858983024954796,0.00608063489198685
-1.43296074867249,-4.63357019424438,-0.00744510907679796,0.00609441101551056
-1.17799615859985,-4.63383007049561,-0.00607871124520898,0.00609908252954483
-0.923013269901276,-4.63423013687134,-0.00456671556457877,0.00612220168113708
-0.667626142501831,-4.63461637496948,-0.00468384847044945,0.00606050342321396
-0.411785334348679,-4.63485956192017,-0.00665419548749924,0.00596947222948074
-0.155972376465797,-4.63497066497803,-0.00827473402023315,0.00594465434551239
0.0997318029403687,-4.6351580619812,-0.00916631426662207,0.00592412799596786
0.355715453624725,-4.63571405410767,-0.0110730146989226,0.00592547655105591
0.611924231052399,-4.63632297515869,-0.0137641606852412,0.00590549409389496
0.867836356163025,-4.63674259185791,-0.0148966321721673,0.00596374273300171
1.12295377254486,-4.63690662384033,-0.0122422762215137,0.00599682331085205
1.37790679931641,-4.63721227645874,-0.00862951017916203,0.0059569925069809
1.63297426700592,-4.63754510879517,-0.00532407034188509,0.00595563650131226
1.88862323760986,-4.63781070709229,-0.00441929372027516,0.00597682595252991
2.14424133300781,-4.63794136047363,-0.00317117245867848,0.00601234287023544
2.40046787261963,-4.63840818405151,-0.00440017459914088,0.00606965273618698
-2.19506525993347,-4.88266324996948,-0.00650865817442536,0.00591191649436951
-1.93969416618347,-4.88307857513428,-0.00764982867985964,0.00596307218074799
-1.68446743488312,-4.8834080696106,-0.00789936073124409,0.00599320232868195
-1.42935395240784,-4.88370895385742,-0.00740233156830072,0.00601791590452194
-1.17418038845062,-4.8840184211731,-0.00695665972307324,0.00604066997766495
-0.919121086597443,-4.88434600830078,-0.00576230324804783,0.0060577467083931
-0.663649320602417,-4.88472032546997,-0.00622941600158811,0.00604609400033951
-0.407897233963013,-4.88500356674194,-0.00775463413447142,0.00599686801433563
-0.152353316545486,-4.88522672653198,-0.00810639746487141,0.00598964840173721
0.103354148566723,-4.88551950454712,-0.00897139310836792,0.00593362003564835
0.359212070703506,-4.88608932495117,-0.0102730374783278,0.00588645786046982
0.615465998649597,-4.88678884506226,-0.0131290545687079,0.00585494935512543
0.871498823165894,-4.88737678527832,-0.0147615484893322,0.00592879951000214
1.12664520740509,-4.88766717910767,-0.0121947210282087,0.00598933547735214
1.38168799877167,-4.88786792755127,-0.008958057500422,0.00594282895326614
1.63689351081848,-4.88800191879272,-0.00624956469982862,0.00591469556093216
1.89260864257812,-4.88822746276855,-0.00560800451785326,0.00593873113393784
2.14823317527771,-4.88848066329956,-0.00434339139610529,0.00596554577350616
2.40426063537598,-4.88890743255615,-0.00464998465031385,0.00600462779402733
-2.19263887405396,-5.13193368911743,-0.00116849399637431,0.00588493049144745
-1.93688821792603,-5.13258361816406,-0.00402276637032628,0.00592514127492905
-1.68133807182312,-5.13309383392334,-0.0057224202901125,0.00596723705530167
-1.42573428153992,-5.13366937637329,-0.00743084168061614,0.00598949193954468
-1.17026543617249,-5.13412809371948,-0.00829445850104094,0.00598565489053726
-0.915068209171295,-5.13445520401001,-0.00769415451213717,0.00596427172422409
-0.659541249275208,-5.13493061065674,-0.00836747884750366,0.00596436858177185
-0.403699815273285,-5.13542509078979,-0.0102463690564036,0.00597577542066574
-0.148367494344711,-5.13571929931641,-0.00959058105945587,0.00600642710924149
0.107040718197823,-5.1360502243042,-0.00905634742230177,0.00593259185552597
0.362494379281998,-5.13647270202637,-0.00850124750286341,0.00585588812828064
0.618411183357239,-5.13706016540527,-0.00980950985103846,0.00585632771253586
0.874341130256653,-5.13753795623779,-0.0109572745859623,0.00595176964998245
1.12974488735199,-5.13781213760376,-0.00952363200485706,0.00600912421941757
1.38529634475708,-5.13810062408447,-0.00853883940726519,0.00595613569021225
1.64087009429932,-5.13831615447998,-0.00744262523949146,0.0058838352560997
1.89655828475952,-5.13868236541748,-0.00663418183103204,0.0058857649564743
2.15218901634216,-5.13891506195068,-0.00536237005144358,0.0058910921216011
2.40787196159363,-5.13933181762695,-0.00409836322069168,0.0059036985039711
-2.18967890739441,-5.3815975189209,0.00172912643756717,0.00587118417024612
-1.93368887901306,-5.38235664367676,-0.00219337409362197,0.00591162592172623
-1.6778838634491,-5.38307237625122,-0.00502227526158094,0.00594016909599304
-1.42204868793488,-5.3837194442749,-0.00775604275986552,0.00595333427190781
-1.16659128665924,-5.38422536849976,-0.00852816738188267,0.00592439621686935
-0.911383152008057,-5.38456392288208,-0.00794145278632641,0.00588131695985794
-0.655731201171875,-5.38515710830688,-0.00914252456277609,0.00587765127420425
-0.399613112211227,-5.38583612442017,-0.0122338971123099,0.00593596696853638
-0.14431668817997,-5.38616561889648,-0.0113734807819128,0.00597570091485977
0.110926426947117,-5.3864917755127,-0.0100514311343431,0.00589821487665176
0.366192221641541,-5.38686323165894,-0.00861177314072847,0.00584889203310013
0.62187784910202,-5.38738298416138,-0.00884436722844839,0.00589247420430183
0.877722263336182,-5.38788461685181,-0.00957214087247849,0.00601086392998695
1.13332462310791,-5.38815689086914,-0.00900173000991344,0.00604989752173424
1.38906705379486,-5.38833045959473,-0.00884956680238247,0.0059930719435215
1.64488554000854,-5.38858699798584,-0.00881380401551723,0.00589596852660179
1.90043425559998,-5.38897752761841,-0.00734214810654521,0.00585304200649261
2.155921459198,-5.38924407958984,-0.00539130438119173,0.0058397576212883
2.41123938560486,-5.38963508605957,-0.00246766814962029,0.00581269338726997
-2.18585300445557,-5.63181924819946,0.000659348035696894,0.00580033659934998
-1.92988777160645,-5.63255500793457,-0.0031125764362514,0.0058666467666626
-1.67405319213867,-5.63328456878662,-0.00603975681588054,0.00588969886302948
-1.41838979721069,-5.63390588760376,-0.00794833991676569,0.00589501857757568
-1.16320466995239,-5.63437700271606,-0.00743799097836018,0.00586730986833572
-0.907873928546906,-5.63480281829834,-0.00737452181056142,0.00581738352775574
-0.652034878730774,-5.63543653488159,-0.00939411763101816,0.0058135986328125
-0.395529538393021,-5.6362247467041,-0.0142084918916225,0.00590397417545319
-0.140121623873711,-5.63662481307983,-0.0138117745518684,0.00594988465309143
0.114941768348217,-5.63692426681519,-0.0116357747465372,0.00590568408370018
0.370243221521378,-5.63729667663574,-0.0103198504075408,0.00585285201668739
0.626195669174194,-5.63791131973267,-0.0117145944386721,0.00593286380171776
0.882348597049713,-5.63849592208862,-0.0137886609882116,0.00606145709753036
1.13798534870148,-5.63879537582397,-0.0133283669129014,0.00607073307037354
1.39346957206726,-5.63901567459106,-0.0119689516723156,0.00600515305995941
1.64888775348663,-5.63911056518555,-0.0101086916401982,0.00588864088058472
1.9042261838913,-5.63940525054932,-0.00766538549214602,0.00580409914255142
2.15960097312927,-5.63966035842896,-0.00517843663692474,0.00576180964708328
2.41470408439636,-5.63995027542114,-0.00126975693274289,0.00569023191928864
-2.18140196800232,-5.88226175308228,-0.00328659871593118,0.0056937113404274
-1.92568576335907,-5.88290643692017,-0.00587203819304705,0.00580015033483505
-1.6701123714447,-5.88355588912964,-0.00756035046651959,0.0058487132191658
-1.41461038589478,-5.88413286209106,-0.00869172625243664,0.00587704032659531
-1.15943610668182,-5.8846583366394,-0.00809150282293558,0.00584837794303894
-0.903998374938965,-5.88513946533203,-0.00847789645195007,0.0057905837893486
-0.648098587989807,-5.88571739196777,-0.0107419081032276,0.00581514835357666
-0.391555160284042,-5.88645076751709,-0.0156963095068932,0.00591811537742615
-0.136064320802689,-5.88682222366333,-0.0156414192169905,0.00597717985510826
0.118940271437168,-5.88715982437134,-0.0131574599072337,0.00593482702970505
0.37444669008255,-5.8876166343689,-0.0127269122749567,0.00586746260523796
0.630838930606842,-5.88845157623291,-0.0160557832568884,0.00592434778809547
0.887376129627228,-5.88925886154175,-0.0198053326457739,0.00598838925361633
1.14276123046875,-5.88949060440063,-0.0181698277592659,0.0059833861887455
1.39780151844025,-5.88963747024536,-0.0147763090208173,0.005928885191679
1.65299022197723,-5.88978719711304,-0.0118422480300069,0.00582354515790939
1.90815114974976,-5.89001035690308,-0.00857178308069706,0.00573233887553215
2.16365122795105,-5.89034557342529,-0.00660285586491227,0.00566494837403297
2.41880655288696,-5.89054441452026,-0.0028966935351491,0.00555673241615295
-2.1767110824585,-6.13272142410278,-0.00834087748080492,0.00559467077255249
-1.92143487930298,-6.13323259353638,-0.00885861646384001,0.00572353601455688
-1.66613304615021,-6.13376426696777,-0.009262815117836,0.00578736141324043
-1.41079092025757,-6.13431453704834,-0.00962205417454243,0.00585124269127846
-1.15545153617859,-6.13492727279663,-0.00973696354776621,0.005801010876894
-0.899927735328674,-6.13544178009033,-0.0104768015444279,0.00574987754225731
-0.644023895263672,-6.1359977722168,-0.0127221718430519,0.00579657033085823
-0.387785226106644,-6.13656663894653,-0.0162597075104713,0.00592761859297752
-0.132279336452484,-6.13695049285889,-0.0162368379533291,0.00599408522248268
0.122620865702629,-6.13733959197998,-0.0132393930107355,0.00593938305974007
0.378025680780411,-6.13781499862671,-0.012312482111156,0.00586327165365219
0.634481251239777,-6.13871812820435,-0.0158896222710609,0.0058666355907917
0.891149580478668,-6.1395959854126,-0.0201921798288822,0.00589363649487495
1.14698219299316,-6.14008140563965,-0.0205194298177958,0.00587673485279083
1.40198254585266,-6.14029407501221,-0.0169027354568243,0.00584102794528008
1.65722548961639,-6.14058446884155,-0.0141638377681375,0.0057719498872757
1.91243982315063,-6.14083385467529,-0.0110919568687677,0.00570351630449295
2.16800093650818,-6.14118576049805,-0.0093552153557539,0.00564520433545113
2.42341494560242,-6.14140653610229,-0.00676153274253011,0.00551202148199081
-2.17229390144348,-6.38312578201294,-0.0121330535039306,0.00555801764130592
-1.91750371456146,-6.38349390029907,-0.0103724701330066,0.00566457957029343
-1.66232097148895,-6.38396072387695,-0.0101945092901587,0.00575946643948555
-1.40716791152954,-6.38447189331055,-0.00965067371726036,0.0058293491601944
-1.15167164802551,-6.38510179519653,-0.0104493498802185,0.0057663694024086
-0.896121680736542,-6.38565301895142,-0.0112703256309032,0.00569434463977814
-0.640343070030212,-6.38619565963745,-0.0129081886261702,0.00573842227458954
-0.384411782026291,-6.38675022125244,-0.0150100467726588,0.0058508962392807
-0.128788828849792,-6.38722276687622,-0.0154819097369909,0.00589260831475258
0.126143306493759,-6.38761329650879,-0.0125965820625424,0.00584264099597931
0.381451278924942,-6.38809299468994,-0.0111974505707622,0.00578605011105537
0.637836635112762,-6.38893938064575,-0.0144290309399366,0.00576092302799225
0.894431412220001,-6.38979911804199,-0.0183694791048765,0.00577684864401817
1.15041840076447,-6.39031934738159,-0.0193591881543398,0.00577273592352867
1.40547502040863,-6.39055967330933,-0.0159619003534317,0.00577204301953316
1.6609445810318,-6.39101839065552,-0.014195816591382,0.00577933713793755
1.91642248630524,-6.39144277572632,-0.0122569939121604,0.00575307384133339
2.17203617095947,-6.39187288284302,-0.0107134385034442,0.00572582706809044
2.42763352394104,-6.39216947555542,-0.00889496225863695,0.00557797774672508
-2.16865944862366,-6.6333589553833,-0.0123134907335043,0.00560935586690903
-1.91407263278961,-6.63366842269897,-0.00958291534334421,0.00567002594470978
-1.65884590148926,-6.63405847549438,-0.00958018191158772,0.00572526082396507
-1.40371942520142,-6.634521484375,-0.00888385344296694,0.00575266033411026
-1.14795207977295,-6.63514947891235,-0.010893770493567,0.00573015213012695
-0.892392873764038,-6.63576984405518,-0.0117165241390467,0.00567317754030228
-0.636957049369812,-6.63629341125488,-0.0117538217455149,0.00570418685674667
-0.381311297416687,-6.63693141937256,-0.0125156752765179,0.00574414059519768
-0.125400006771088,-6.63758277893066,-0.0142578193917871,0.00577237829566002
0.13008987903595,-6.63816833496094,-0.013859935104847,0.00571728497743607
0.385550290346146,-6.63871097564697,-0.0131103284657001,0.00567470118403435
0.641486585140228,-6.63928747177124,-0.0142916273325682,0.0056782178580761
0.897585391998291,-6.63997459411621,-0.0159722659736872,0.00570761412382126
1.15336155891418,-6.64040899276733,-0.0159892309457064,0.00572304055094719
1.4088282585144,-6.64088106155396,-0.0143919587135315,0.00575363263487816
1.66464340686798,-6.6414475440979,-0.0141377551481128,0.00579346343874931
1.92030906677246,-6.64193630218506,-0.0130007807165384,0.00576380267739296
2.17587733268738,-6.64238548278809,-0.0112176304683089,0.0057368129491806
2.43142318725586,-6.64272546768188,-0.00913208071142435,0.00558948144316673
-2.16571640968323,-6.88330554962158,-0.00931422505527735,0.00568414852023125
-1.91089534759521,-6.88370418548584,-0.00763082085177302,0.00573033466935158
-1.65543901920319,-6.88421535491943,-0.00864652078598738,0.00575723126530647
-1.39997696876526,-6.88474369049072,-0.00945653300732374,0.00575423985719681
-1.14411818981171,-6.88532733917236,-0.0118533000349998,0.00571436807513237
-0.888676941394806,-6.88589477539062,-0.0121033461764455,0.00567318871617317
-0.633628129959106,-6.88642978668213,-0.0103356670588255,0.00565854087471962
-0.378004014492035,-6.88718461990356,-0.0109589463099837,0.00567084923386574
-0.12174216657877,-6.88809394836426,-0.0142470961436629,0.00567837804555893
0.134355619549751,-6.88891220092773,-0.0165593679994345,0.0056401826441288
0.389759987592697,-6.88938236236572,-0.0155211770907044,0.00561326369643211
0.645151972770691,-6.88976097106934,-0.0142156258225441,0.00561905652284622
0.900671362876892,-6.89016199111938,-0.0132672246545553,0.00564897432923317
1.1563503742218,-6.89057159423828,-0.0128199700266123,0.00564827769994736
1.41262423992157,-6.89143228530884,-0.0147956227883697,0.00568533688783646
1.66868650913239,-6.89199209213257,-0.015615857206285,0.00569595396518707
1.9244989156723,-6.892493724823,-0.0150988632813096,0.00564698502421379
2.17997002601624,-6.89287567138672,-0.0128482449799776,0.00561068952083588
2.43530464172363,-6.89319610595703,-0.00978436134755611,0.00549482554197311
-2.16290593147278,-7.13307189941406,-0.00571299577131867,0.00568687915802002
-1.90768945217133,-7.13366317749023,-0.00581530295312405,0.00576090067625046
-1.65203189849854,-7.13434171676636,-0.00771608063951135,0.00577404722571373
-1.39607465267181,-7.13499546051025,-0.0107620926573873,0.00574539229273796
-1.14009463787079,-7.13560962677002,-0.0136757688596845,0.00568322092294693
-0.884640574455261,-7.13626003265381,-0.0139403585344553,0.00565706193447113
-0.629637002944946,-7.13687705993652,-0.011921881698072,0.00564104318618774
-0.374256700277328,-7.13760423660278,-0.0113971941173077,0.00566887110471725
-0.118272542953491,-7.13847255706787,-0.013389109633863,0.00565813854336739
0.13784171640873,-7.13926076889038,-0.0157459732145071,0.00562269613146782
0.393331974744797,-7.13974380493164,-0.0150637850165367,0.00562572851777077
0.648597240447998,-7.14010143280029,-0.0131533425301313,0.00562911853194237
0.90386039018631,-7.14041042327881,-0.0110230725258589,0.00562180206179619
1.15975821018219,-7.1409649848938,-0.0115219792351127,0.0055655837059021
1.41645956039429,-7.14191198348999,-0.0153821054846048,0.00555100291967392
1.67283546924591,-7.14246988296509,-0.0175745654851198,0.00552524998784065
1.92866182327271,-7.14299821853638,-0.0170800909399986,0.00550337135791779
2.18440532684326,-7.14343976974487,-0.0160043425858021,0.00547860562801361
2.44011259078979,-7.14394474029541,-0.0145495356991887,0.0054473765194416
2.70022797584534,-7.14623737335205,-0.0323695912957191,0.00557008385658264
-2.15944886207581,-7.38298082351685,-0.00509533006697893,0.00557861477136612
-1.90412044525146,-7.38375329971313,-0.00566767156124115,0.00569625571370125
-1.64847123622894,-7.38444423675537,-0.00749473413452506,0.00568611919879913
-1.39237141609192,-7.38531589508057,-0.0111465277150273,0.00570164620876312
-1.13623023033142,-7.3860559463501,-0.0147557752206922,0.00561120733618736
-0.880490064620972,-7.38673305511475,-0.0162921696901321,0.00557037442922592
-0.625403702259064,-7.38730621337891,-0.0146160302683711,0.00557350367307663
-0.370321184396744,-7.38794422149658,-0.0126996114850044,0.00563190877437592
-0.114758908748627,-7.38872957229614,-0.0127402422949672,0.00562270358204842
0.141000509262085,-7.3894419670105,-0.0134580051526427,0.00560425966978073
0.396527886390686,-7.38996124267578,-0.0129120778292418,0.00561858713626862
0.651946187019348,-7.39037847518921,-0.0116603141650558,0.00562925264239311
0.907462596893311,-7.39071893692017,-0.0106402095407248,0.00560994446277618
1.16380250453949,-7.39144420623779,-0.013085450977087,0.00553137063980103
1.42056560516357,-7.39239120483398,-0.0171860922127962,0.00546856597065926
1.67679476737976,-7.39296436309814,-0.0186817012727261,0.00543229654431343
1.93223011493683,-7.39345502853394,-0.0164029691368341,0.00543775036931038
2.18772864341736,-7.39391660690308,-0.0141997784376144,0.005399439483881
2.44344544410706,-7.39454078674316,-0.0127483243122697,0.00540223717689514
2.70108914375305,-7.39612483978271,-0.0195900313556194,0.00541213899850845
-2.15504932403564,-7.63322782516479,-0.00881448108702898,0.00546295940876007
-1.89997160434723,-7.63408279418945,-0.00818012561649084,0.00560983642935753
-1.6445107460022,-7.63479661941528,-0.00909783970564604,0.00562503188848495
-1.3888875246048,-7.63567495346069,-0.0105189867317677,0.00562679395079613
-1.1328432559967,-7.63641595840454,-0.0136502217501402,0.00552574172616005
-0.876606166362762,-7.63722324371338,-0.0174213889986277,0.00545474141836166
-0.621041893959045,-7.63790321350098,-0.0178851988166571,0.00549811869859695
-0.366025984287262,-7.63848495483398,-0.0156280342489481,0.00555762276053429
-0.110933296382427,-7.63908290863037,-0.0135045358911157,0.00553878769278526
0.144370838999748,-7.63966512680054,-0.0121280206367373,0.005543552339077
0.399949789047241,-7.64027452468872,-0.0117780473083258,0.00559017062187195
0.655685245990753,-7.64070653915405,-0.0119282491505146,0.00559584423899651
0.911428451538086,-7.64106845855713,-0.0118963550776243,0.00557205453515053
1.16767776012421,-7.64181709289551,-0.0138950860127807,0.00551744922995567
1.42393100261688,-7.64266586303711,-0.0156755726784468,0.0054481253027916
1.67970943450928,-7.64329290390015,-0.0151141677051783,0.00539378449320793
1.93489134311676,-7.64369869232178,-0.0116803022101521,0.00536239147186279
2.19067573547363,-7.64435005187988,-0.0107164429500699,0.00536423176527023
2.44603061676025,-7.64494466781616,-0.00762701267376542,0.00529797747731209
2.70308423042297,-7.64618921279907,-0.0118433777242899,0.00526354089379311
-2.15019154548645,-7.88369607925415,-0.0146387787535787,0.0054495558142662
-1.89546120166779,-7.88451814651489,-0.0123551273718476,0.00559386983513832
-1.64029777050018,-7.88522291183472,-0.0118585657328367,0.00560135766863823
-1.38519859313965,-7.88603448867798,-0.0108338920399547,0.00562752410769463
-1.12974226474762,-7.88662242889404,-0.0112430742010474,0.00553382188081741
-0.873470366001129,-7.8874249458313,-0.0151446703821421,0.00544139742851257
-0.617181003093719,-7.88840055465698,-0.0188716351985931,0.00549927726387978
-0.361853301525116,-7.88897657394409,-0.0180012173950672,0.00549810007214546
-0.106951586902142,-7.88942766189575,-0.0149801475927234,0.00545607879757881
0.14783887565136,-7.88983583450317,-0.0112458653748035,0.00541277974843979
0.403327077627182,-7.89045858383179,-0.0104514565318823,0.00547853857278824
0.659193515777588,-7.89100742340088,-0.0111547531560063,0.00550734251737595
0.915062606334686,-7.8914794921875,-0.0116507904604077,0.00551909580826759
1.17114794254303,-7.89218807220459,-0.0128805488348007,0.00549034774303436
1.42707860469818,-7.89299297332764,-0.0131819350644946,0.00543725863099098
1.68267953395844,-7.89365339279175,-0.0117929186671972,0.00538085773587227
1.93779504299164,-7.89414358139038,-0.00802939385175705,0.00531962513923645
2.19323873519897,-7.89468574523926,-0.00552452215924859,0.00527886301279068
2.44895768165588,-7.89527702331543,-0.00403592130169272,0.00520467385649681
2.70587301254272,-7.89632129669189,-0.00762626715004444,0.00517081841826439
-2.14562010765076,-8.13407516479492,-0.0191436521708965,0.00552196800708771
-1.89102971553802,-8.13482570648193,-0.016174579039216,0.00563331693410873
-1.63611829280853,-8.13554382324219,-0.0144730331376195,0.00562974810600281
-1.38142991065979,-8.13617515563965,-0.0115320468321443,0.00564034283161163
-1.12636601924896,-8.13668251037598,-0.0101100476458669,0.0055571161210537
-0.870326042175293,-8.13751316070557,-0.012915376573801,0.00546253845095634
-0.61349093914032,-8.13875484466553,-0.0190879050642252,0.0054912231862545
-0.357655763626099,-8.139404296875,-0.0204925686120987,0.00551128759980202
-0.102697141468525,-8.13987922668457,-0.0176896285265684,0.00547945126891136
0.151762932538986,-8.14017772674561,-0.0124229481443763,0.00540062040090561
0.406745254993439,-8.14066123962402,-0.00930909719318151,0.0054173581302166
0.662391066551208,-8.14126491546631,-0.00897881295531988,0.00545894354581833
0.918301522731781,-8.14184188842773,-0.00962458271533251,0.00546492263674736
1.17437493801117,-8.14256191253662,-0.0107705807313323,0.00544397532939911
1.43011522293091,-8.14318656921387,-0.0101999482139945,0.00541286170482635
1.685795545578,-8.14384746551514,-0.0091397063806653,0.00538117438554764
1.94113528728485,-8.14440727233887,-0.00634687067940831,0.00530356913805008
2.19690608978271,-8.14498996734619,-0.00527122942730784,0.00522997602820396
2.4525158405304,-8.14556789398193,-0.00326303881593049,0.00516679883003235
2.70931482315063,-8.14648628234863,-0.00631274236366153,0.00513336807489395
-2.14181113243103,-8.38424301147461,-0.020134050399065,0.00554962456226349
-1.8871830701828,-8.38495922088623,-0.0173053685575724,0.00562027469277382
-1.63234639167786,-8.38570976257324,-0.0152198215946555,0.00560929626226425
-1.37740015983582,-8.38637161254883,-0.0134272100403905,0.00561149790883064
-1.12225329875946,-8.38701248168945,-0.0123376110568643,0.00554414093494415
-0.866288423538208,-8.38787841796875,-0.0147576862946153,0.00547261163592339
-0.609782814979553,-8.38901138305664,-0.019394239410758,0.00545699149370193
-0.353681087493896,-8.38973331451416,-0.0219747740775347,0.00547898560762405
-0.0985769182443619,-8.39035129547119,-0.0197867210954428,0.00546255335211754
0.155871570110321,-8.39059257507324,-0.014433516189456,0.00541301071643829
0.41055092215538,-8.39096355438232,-0.00991655327379704,0.00537865608930588
0.665732204914093,-8.39159870147705,-0.00744701875373721,0.00535149127244949
0.921593725681305,-8.39230728149414,-0.00783163495361805,0.00537775829434395
1.17776203155518,-8.3930778503418,-0.00937102362513542,0.00533700734376907
1.4334305524826,-8.3936071395874,-0.00845414493232965,0.00534613430500031
1.68910980224609,-8.39419269561768,-0.007365089841187,0.00534563139081001
1.94467377662659,-8.39476680755615,-0.00554501451551914,0.00529878586530685
2.20065331459045,-8.39531707763672,-0.00537344114854932,0.00521691888570786
2.4563410282135,-8.39585971832275,-0.00368212955072522,0.00515873730182648
2.71304154396057,-8.39669513702393,-0.00626575062051415,0.00512042641639709
-2.13869500160217,-8.63434410095215,-0.0179223138839006,0.00550230965018272
-1.88412177562714,-8.63502979278564,-0.0148125439882278,0.00555074214935303
-1.62899672985077,-8.63588333129883,-0.0140193738043308,0.00554145127534866
-1.37376880645752,-8.63666152954102,-0.0134818227961659,0.00555143505334854
-1.11816346645355,-8.63752937316895,-0.0144463591277599,0.00553230941295624
-0.862077713012695,-8.63838768005371,-0.0173818971961737,0.00549320876598358
-0.606064915657043,-8.63910675048828,-0.0197572149336338,0.00543095916509628
-0.35013610124588,-8.63991832733154,-0.0215076599270105,0.00540634989738464
-0.0944894179701805,-8.6408109664917,-0.0217359457165003,0.00539553910493851
0.16059236228466,-8.64136791229248,-0.01919836550951,0.00537678971886635
0.415257751941681,-8.64164543151855,-0.0145814511924982,0.00534732639789581
0.67015677690506,-8.64233684539795,-0.0107869785279036,0.00530418381094933
0.925851881504059,-8.64318084716797,-0.0103694414719939,0.00531421229243279
1.18194246292114,-8.64396095275879,-0.0115190474316478,0.00528910011053085
1.43747437000275,-8.64438629150391,-0.00995797943323851,0.00526588037610054
1.69293093681335,-8.64482879638672,-0.0078434394672513,0.00523549690842628
1.94852447509766,-8.64536380767822,-0.00612472649663687,0.00522530078887939
2.20445942878723,-8.64590740203857,-0.00571906520053744,0.00517667084932327
2.46011924743652,-8.64640998840332,-0.00387225509621203,0.00512891262769699
2.71669793128967,-8.64723777770996,-0.00588153442367911,0.00507873669266701
-2.13559508323669,-8.88452911376953,-0.0156277790665627,0.00542286783456802
-1.88124620914459,-8.88513088226318,-0.0114586660638452,0.00547552481293678
-1.6259378194809,-8.88604736328125,-0.0114788599312305,0.00548670813441277
-1.37072956562042,-8.88689708709717,-0.0108169624581933,0.00551655516028404
-1.114666223526,-8.88789939880371,-0.0138450721278787,0.00551500916481018
-0.85844087600708,-8.88880634307861,-0.0173837933689356,0.005476213991642
-0.602561712265015,-8.88941097259521,-0.0191230792552233,0.00541475787758827
-0.346752852201462,-8.89022731781006,-0.0202933289110661,0.00536512583494186
-0.0904595404863358,-8.89122486114502,-0.0234264805912971,0.00532424077391624
0.165486097335815,-8.89216899871826,-0.0247472263872623,0.00533135607838631
0.420665055513382,-8.89277076721191,-0.0223890542984009,0.00532061234116554
0.675588190555573,-8.89348411560059,-0.0186520535498857,0.00529304146766663
0.930842220783234,-8.89423942565918,-0.0161997117102146,0.00530336052179337
1.18647527694702,-8.89486598968506,-0.015253541059792,0.00527444109320641
1.44188618659973,-8.89525985717773,-0.0131096392869949,0.00522973015904427
1.69737589359283,-8.89569664001465,-0.0111045259982347,0.00517978519201279
1.95283222198486,-8.89625453948975,-0.00872955098748207,0.00516494363546371
2.20846962928772,-8.89684772491455,-0.00695165572687984,0.00513450801372528
2.46419787406921,-8.89743709564209,-0.00536788534373045,0.00508468598127365
2.72071599960327,-8.89832019805908,-0.00706644495949149,0.0050109326839447
-2.13191413879395,-9.13484859466553,-0.0160136185586452,0.00535931065678596
-1.87768638134003,-9.13539218902588,-0.0112536009401083,0.00542248785495758
-1.62223601341248,-9.13636779785156,-0.0118907010182738,0.00543103367090225
-1.3672890663147,-9.13713073730469,-0.00999766308814287,0.00545196980237961
-1.1111581325531,-9.13830757141113,-0.0132903987541795,0.00540752708911896
-0.855087995529175,-9.13924694061279,-0.0160830691456795,0.00535116344690323
-0.599523186683655,-9.13982009887695,-0.0163560751825571,0.00533368811011314
-0.343845099210739,-9.14053726196289,-0.0169093087315559,0.00532876700162888
-0.0872440934181213,-9.14155101776123,-0.0214155931025743,0.00527029484510422
0.169664844870567,-9.14273929595947,-0.0270652342587709,0.00519922375679016
0.425600409507751,-9.14369583129883,-0.028072277083993,0.0052158422768116
0.680706083774567,-9.14450263977051,-0.0251087844371796,0.00524740293622017
0.935589730739594,-9.14503288269043,-0.0209539365023375,0.00526756793260574
1.19071340560913,-9.14552974700928,-0.0176788829267025,0.00524292513728142
1.44607353210449,-9.14604091644287,-0.0152593282982707,0.00519353523850441
1.70171213150024,-9.14665508270264,-0.0138712767511606,0.00518178567290306
1.95708572864532,-9.14730644226074,-0.0110794622451067,0.00517135113477707
2.212726354599,-9.14797401428223,-0.00927203055471182,0.00508939102292061
2.46847820281982,-9.14870071411133,-0.00774543592706323,0.005059864372015
2.72509574890137,-9.14967632293701,-0.00984087120741606,0.0049586333334446
-2.12776112556458,-9.38525199890137,-0.0185775607824326,0.0053037516772747
-1.87332892417908,-9.38587284088135,-0.01471739821136,0.00536542013287544
-1.61811244487762,-9.38677883148193,-0.0142394509166479,0.00536878407001495
-1.36303925514221,-9.3875789642334,-0.0128852678462863,0.0053589791059494
-1.10733091831207,-9.38861465454102,-0.0142088886350393,0.00530249625444412
-0.851666390895844,-9.38950061798096,-0.0151111828163266,0.00524823740124702
-0.596338331699371,-9.39013385772705,-0.0142656126990914,0.00523079559206963
-0.340790510177612,-9.39087390899658,-0.0141930272802711,0.00524179637432098
-0.084414929151535,-9.39183521270752,-0.0176489278674126,0.00519515201449394
0.172366693615913,-9.39294052124023,-0.0227006748318672,0.00514888763427734
0.42874538898468,-9.3939380645752,-0.02568962238729,0.00514442473649979
0.684343338012695,-9.39476299285889,-0.0249235574156046,0.00517802312970161
0.939378619194031,-9.39541912078857,-0.0214105732738972,0.00516673177480698
1.19457340240479,-9.39608097076416,-0.0184094347059727,0.0051366463303566
1.45001137256622,-9.39678287506104,-0.0162900164723396,0.00510768592357635
1.70563793182373,-9.39748001098633,-0.0148062407970428,0.00515010207891464
1.9609991312027,-9.39817523956299,-0.0119202192872763,0.00512438267469406
2.21671652793884,-9.39887046813965,-0.0104189878329635,0.00502792000770569
2.47273731231689,-9.39977550506592,-0.010042130947113,0.00497458502650261
2.72952222824097,-9.40083312988281,-0.0128392949700356,0.00485937669873238
-2.12394142150879,-9.63555335998535,-0.0196070205420256,0.00526152551174164
-1.869185090065,-9.63633918762207,-0.0171949155628681,0.00530441850423813
-1.61423146724701,-9.63717460632324,-0.0154710002243519,0.00529086589813232
-1.35884475708008,-9.63807487487793,-0.0155154149979353,0.00527190417051315
-1.10347390174866,-9.63890361785889,-0.0152654005214572,0.00522811710834503
-0.847972512245178,-9.63976287841797,-0.0153862545266747,0.00517936423420906
-0.592741310596466,-9.64047622680664,-0.0140572665259242,0.00514477118849754
-0.337289750576019,-9.64126396179199,-0.013508572243154,0.00515920296311378
-0.0815342739224434,-9.64202308654785,-0.0141241336241364,0.0051392987370491
0.174210697412491,-9.64292240142822,-0.014454853720963,0.00510180369019508
0.430440336465836,-9.64383602142334,-0.0167578440159559,0.00506975501775742
0.686628341674805,-9.64473724365234,-0.0186414532363415,0.00505979731678963
0.942541241645813,-9.6456937789917,-0.0190482772886753,0.00506026297807693
1.19833874702454,-9.64675712585449,-0.0187037941068411,0.0050402358174324
1.45383155345917,-9.64762687683105,-0.0167842619121075,0.00501393526792526
1.70955729484558,-9.64826965332031,-0.0157153699547052,0.005025964230299
1.96510803699493,-9.64888000488281,-0.013649445027113,0.00499899685382843
2.22105407714844,-9.64965724945068,-0.0131276994943619,0.00491626560688019
2.47695064544678,-9.65048885345459,-0.0121633103117347,0.00483883917331696
2.73375582695007,-9.65157318115234,-0.0150114186108112,0.00473230704665184
-2.12047052383423,-9.88577365875244,-0.0190264657139778,0.00523265078663826
-1.86567485332489,-9.88666439056396,-0.0167552921921015,0.0052487775683403
-1.6108318567276,-9.88750648498535,-0.014487930573523,0.00522002577781677
-1.355672955513,-9.8882942199707,-0.013460474088788,0.00518693029880524
-1.10049045085907,-9.88895893096924,-0.0123289311304688,0.0051763504743576
-0.84483677148819,-9.88986587524414,-0.0131165767088532,0.00517177581787109
-0.589156985282898,-9.89070320129395,-0.0138001060113311,0.00514386221766472
-0.333528280258179,-9.89156913757324,-0.0140206413343549,0.00512456521391869
-0.0782062783837318,-9.89227485656738,-0.0126316249370575,0.00510631129145622
0.177016332745552,-9.89311695098877,-0.0105624487623572,0.00509282201528549
0.432927191257477,-9.89402389526367,-0.0113949114456773,0.00503776594996452
0.689229309558868,-9.89501190185547,-0.0137659180909395,0.0049724243581295
0.945475339889526,-9.89610767364502,-0.0156432017683983,0.00492583960294724
1.20191264152527,-9.89743137359619,-0.0181354302912951,0.0049498938024044
1.45779776573181,-9.89846134185791,-0.0179356057196856,0.00494358688592911
1.71356332302094,-9.89902305603027,-0.0170163307338953,0.00492539629340172
1.96907448768616,-9.89949512481689,-0.0147485677152872,0.004881851375103
2.22493481636047,-9.90023136138916,-0.0138112250715494,0.00480276346206665
2.48113131523132,-9.90108203887939,-0.0141492933034897,0.00474124401807785
2.73784065246582,-9.90216541290283,-0.0165335685014725,0.00465602427721024
-2.11670446395874,-10.1361799240112,-0.0197983011603355,0.00517026335000992
-1.86224067211151,-10.1370325088501,-0.0159607250243425,0.00516127422451973
-1.60736620426178,-10.1378974914551,-0.013804268091917,0.005162063986063
-1.35262680053711,-10.1385898590088,-0.0108212772756815,0.00514184311032295
-1.0976893901825,-10.1392011642456,-0.00854008086025715,0.00514606013894081
-0.842035174369812,-10.1401119232178,-0.00930407643318176,0.00516585260629654
-0.58595073223114,-10.1410760879517,-0.0118023799732327,0.00514282658696175
-0.32974910736084,-10.1420822143555,-0.0145971067249775,0.00510021299123764
-0.0741835162043571,-10.1429986953735,-0.0142663130536675,0.00504293292760849
0.181012436747551,-10.143985748291,-0.0120274722576141,0.00501130148768425
0.436541378498077,-10.1448802947998,-0.0110922837629914,0.0049491822719574
0.69242399930954,-10.1456890106201,-0.0115457586944103,0.00487726554274559
0.948534309864044,-10.1465673446655,-0.0127985775470734,0.0048198290169239
1.20512163639069,-10.1477708816528,-0.0159489251673222,0.00483407080173492
1.46148061752319,-10.1488914489746,-0.0178448986262083,0.00485873222351074
1.71732008457184,-10.1495933532715,-0.0172132328152657,0.00485997647047043
1.97287452220917,-10.1501731872559,-0.0150975771248341,0.00483087077736855
2.22879123687744,-10.1509532928467,-0.0143741462379694,0.00476959720253944
2.48513221740723,-10.1517858505249,-0.0153247574344277,0.00469363853335381
2.74177980422974,-10.1528787612915,-0.0173982605338097,0.00461925193667412
-2.11264324188232,-10.3867330551147,-0.0219259057193995,0.00508339703083038
-1.85854840278625,-10.3875112533569,-0.0163500998169184,0.00505352765321732
-1.60372984409332,-10.3883590698242,-0.0139018036425114,0.0050416886806488
-1.34926009178162,-10.3890466690063,-0.00964444689452648,0.00506507232785225
-1.09429967403412,-10.389684677124,-0.00743548991158605,0.00509970635175705
-0.838752210140228,-10.3905162811279,-0.00768513092771173,0.00511755049228668
-0.582828640937805,-10.3914184570312,-0.0094223702326417,0.00507445260882378
-0.326532483100891,-10.3925123214722,-0.0126130226999521,0.00503083691000938
-0.0706798732280731,-10.3935546875,-0.0135499723255634,0.00495583564043045
0.184713050723076,-10.3946218490601,-0.0121679166331887,0.00488603860139847
0.440009981393814,-10.3954515457153,-0.0101517848670483,0.00484474748373032
0.695751368999481,-10.3962345123291,-0.00993686448782682,0.00482780486345291
0.951948344707489,-10.3970537185669,-0.0115556409582496,0.00477371737360954
1.20852172374725,-10.3981103897095,-0.0146243320778012,0.00477157905697823
1.46469867229462,-10.3991117477417,-0.0156803466379642,0.00478873029351234
1.7204909324646,-10.3999080657959,-0.0148008577525616,0.00477996841073036
1.97632372379303,-10.4007711410522,-0.0138812949880958,0.00474578887224197
2.23244976997375,-10.4016561508179,-0.0140562606975436,0.00468669459223747
2.4886999130249,-10.4025249481201,-0.0145656568929553,0.00462330505251884
2.74532532691956,-10.4036207199097,-0.0165086146444082,0.00454013794660568
-2.10844087600708,-10.6372728347778,-0.0247078910470009,0.00500734522938728
-1.85455536842346,-10.6379861831665,-0.0181292686611414,0.00494623929262161
-1.60003101825714,-10.6387529373169,-0.014293109998107,0.00494995340704918
-1.34544062614441,-10.6395435333252,-0.0105479722842574,0.00498061627149582
-1.09036266803741,-10.6402196884155,-0.0088402172550559,0.00506578013300896
-0.834883034229279,-10.641016960144,-0.00874478649348021,0.00509751960635185
-0.579312205314636,-10.6417837142944,-0.00884419679641724,0.005032729357481
-0.323316514492035,-10.6428546905518,-0.0106328474357724,0.00493012368679047
-0.0676958411931992,-10.6438446044922,-0.0104882223531604,0.00487584993243217
0.187727630138397,-10.6448001861572,-0.00922675989568233,0.00484155118465424
0.443267554044724,-10.6456413269043,-0.00828463677316904,0.00483348965644836
0.699364066123962,-10.6466569900513,-0.00962928775697947,0.00484634190797806
0.955912113189697,-10.6475734710693,-0.012793886475265,0.00481465831398964
1.21206855773926,-10.6484966278076,-0.0139575758948922,0.00478500500321388
1.46767354011536,-10.649341583252,-0.01242143381387,0.00476516783237457
1.72346520423889,-10.6502017974854,-0.0115079274401069,0.00471242144703865
1.97955513000488,-10.6512403488159,-0.0117002697661519,0.00466058775782585
2.2356960773468,-10.6522150039673,-0.0119056040421128,0.00456424430012703
2.49180817604065,-10.6531448364258,-0.0117657082155347,0.00448982045054436
2.74829196929932,-10.6542072296143,-0.0130538791418076,0.00438890233635902
-2.10426163673401,-10.8876991271973,-0.0273908413946629,0.00496861338615417
-1.85051250457764,-10.888279914856,-0.0201533176004887,0.0048695020377636
-1.59614527225494,-10.8890447616577,-0.0155545407906175,0.00488803535699844
-1.34141421318054,-10.8899393081665,-0.0124116465449333,0.00489772111177444
-1.08623039722443,-10.8908014297485,-0.0111380880698562,0.0050043910741806
-0.830755591392517,-10.8916187286377,-0.010980443097651,0.00505167245864868
-0.575535655021667,-10.8923225402832,-0.00944162905216217,0.00498756766319275
-0.320035606622696,-10.8932123184204,-0.00894801039248705,0.00488206744194031
-0.0646731927990913,-10.8939790725708,-0.00761506613343954,0.00486046820878983
0.190767526626587,-10.894868850708,-0.00640982901677489,0.00487267971038818
0.446565806865692,-10.8958806991577,-0.00659844372421503,0.00486773252487183
0.702977657318115,-10.896951675415,-0.00933647993952036,0.00487618520855904
0.959676802158356,-10.8979482650757,-0.0131444819271564,0.00485752895474434
1.21547341346741,-10.8989200592041,-0.0126488376408815,0.00478338077664375
1.47099673748016,-10.8998222351074,-0.0107104033231735,0.00469662249088287
1.7267210483551,-10.9007749557495,-0.00945723615586758,0.00460819527506828
1.98297703266144,-10.9018354415894,-0.0103629846125841,0.00453313440084457
2.2389976978302,-10.9028072357178,-0.010000909678638,0.00443865731358528
2.49485564231873,-10.9036912918091,-0.00870212074369192,0.00435866788029671
2.7510712146759,-10.9046831130981,-0.00877345353364944,0.00424851104617119
-2.10071778297424,-11.13805103302,-0.0271380748599768,0.00491424649953842
-1.84706830978394,-11.1383934020996,-0.0194249246269464,0.0047968253493309
-1.59260976314545,-11.1392107009888,-0.0152108343318105,0.00482011213898659
-1.3380264043808,-11.1399269104004,-0.0113697359338403,0.00481709092855453
-1.08290362358093,-11.140926361084,-0.00977307930588722,0.0049157589673996
-0.827475905418396,-11.1418991088867,-0.00935647543519735,0.00499387457966805
-0.572077095508575,-11.1427841186523,-0.00859096739441156,0.00494064763188362
-0.316565245389938,-11.1436815261841,-0.00811902899295092,0.0048564113676548
-0.0611034333705902,-11.1444578170776,-0.0072063859552145,0.00484221056103706
0.194449588656425,-11.1454219818115,-0.00647311983630061,0.00485619530081749
0.450189173221588,-11.1464033126831,-0.00636459141969681,0.0048450231552124
0.706437945365906,-11.1473836898804,-0.0083388676866889,0.00481709837913513
0.962939023971558,-11.1483430862427,-0.0112243657931685,0.00481313467025757
1.21901941299438,-11.149468421936,-0.0119662508368492,0.00473226606845856
1.47492349147797,-11.1506195068359,-0.0116889635100961,0.00465339422225952
1.73086869716644,-11.1516990661621,-0.0113825304433703,0.00455182045698166
1.98696291446686,-11.1526966094971,-0.0115315737202764,0.00446667149662971
2.24265456199646,-11.1535673141479,-0.00967136956751347,0.00440378114581108
2.49868965148926,-11.1545715332031,-0.00912031903862953,0.00430725514888763
2.75473284721375,-11.155535697937,-0.00839394982904196,0.00421734526753426
-2.09812307357788,-11.3883304595947,-0.0224936343729496,0.00481324642896652
-1.84445118904114,-11.3884325027466,-0.0148803992196918,0.0047127902507782
-1.58969938755035,-11.3892574310303,-0.0119934836402535,0.00473237410187721
-1.33505845069885,-11.3898448944092,-0.00840083509683609,0.00473903492093086
-1.07982778549194,-11.39098072052,-0.00726143410429358,0.00480755418539047
-0.824227154254913,-11.3921947479248,-0.00758932298049331,0.00486884266138077
-0.568337380886078,-11.3933448791504,-0.0090184835717082,0.00484591349959373
-0.312309741973877,-11.3944330215454,-0.0108511801809072,0.00481656938791275
-0.0563565269112587,-11.395471572876,-0.0121167069301009,0.00479818508028984
0.199240908026695,-11.3964672088623,-0.0115392794832587,0.00480472296476364
0.454534381628036,-11.397310256958,-0.0093743521720171,0.00479533895850182
0.71033775806427,-11.3980951309204,-0.00930894073098898,0.00472348928451538
0.96660304069519,-11.3990211486816,-0.0110969124361873,0.00464535877108574
1.22291171550751,-11.4002962112427,-0.0128233209252357,0.00456951186060905
1.47903728485107,-11.401538848877,-0.013500215485692,0.00450331345200539
1.73506569862366,-11.4026479721069,-0.0135280359536409,0.00446502864360809
1.9911777973175,-11.4036979675293,-0.013715747743845,0.00442342460155487
2.24703216552734,-11.4046411514282,-0.0125388838350773,0.00440250709652901
2.5033872127533,-11.4057903289795,-0.0133657334372401,0.00434775277972221
2.75956392288208,-11.4068431854248,-0.013184517621994,0.00430203229188919
-2.09564065933228,-11.6386308670044,-0.0173270739614964,0.00469261035323143
-1.84171795845032,-11.6386785507202,-0.0108547993004322,0.00463485345244408
-1.58676838874817,-11.6395025253296,-0.00885529257357121,0.0046563595533371
-1.33216285705566,-11.640022277832,-0.00507844937965274,0.00468484312295914
-1.07664144039154,-11.64124584198,-0.00523984478786588,0.00471773371100426
-0.820556104183197,-11.6426200866699,-0.00774788903072476,0.00473099946975708
-0.564261138439178,-11.6439456939697,-0.0109824705868959,0.00475141406059265
-0.308048069477081,-11.6451549530029,-0.0136140743270516,0.00477227568626404
-0.0518901385366917,-11.6464004516602,-0.0157562457025051,0.00475778803229332
0.203845784068108,-11.6474666595459,-0.0157617125660181,0.00473494827747345
0.458978623151779,-11.64821434021,-0.0128339389339089,0.00471227988600731
0.714550793170929,-11.6489868164062,-0.0116824600845575,0.00459588691592216
0.97067779302597,-11.6499242782593,-0.0128069259226322,0.00446619465947151
1.22684872150421,-11.6511011123657,-0.0138837425038218,0.00442603603005409
1.48274827003479,-11.6522197723389,-0.0135180167853832,0.00442954152822495
1.73870742321014,-11.653356552124,-0.0131996218115091,0.00444932654500008
1.99508583545685,-11.65452003479,-0.0145395305007696,0.00444404780864716
2.25135922431946,-11.6555891036987,-0.015191369690001,0.00443504378199577
2.50790810585022,-11.6568231582642,-0.0168386176228523,0.00441577658057213
2.76441287994385,-11.6580171585083,-0.0180677864700556,0.00440628081560135
-2.09254097938538,-11.8889751434326,-0.0150160938501358,0.00459811091423035
-1.83810925483704,-11.8892583847046,-0.0108486404642463,0.00455787777900696
-1.58303105831146,-11.8900566101074,-0.0094110295176506,0.00457652285695076
-1.3281455039978,-11.8907785415649,-0.00687168072909117,0.00461360067129135
-1.07251417636871,-11.892071723938,-0.00749498745426536,0.00466766953468323
-0.816451251506805,-11.8934288024902,-0.00986326485872269,0.00468940660357475
-0.560160279273987,-11.8946952819824,-0.0130465673282743,0.00470377877354622
-0.303750455379486,-11.8959217071533,-0.0165377389639616,0.00472364574670792
-0.0475367829203606,-11.8971509933472,-0.0188957080245018,0.00467539578676224
0.2082389742136,-11.8982677459717,-0.0190383717417717,0.00462735816836357
0.463413089513779,-11.8990440368652,-0.0162554960697889,0.00458983704447746
0.719015657901764,-11.8999938964844,-0.0151870073750615,0.00447389483451843
0.974957585334778,-11.9008979797363,-0.0154375750571489,0.00435952469706535
1.23062562942505,-11.9018182754517,-0.0142293740063906,0.00435799732804298
1.48599255084991,-11.9026985168457,-0.0114532792940736,0.00440406054258347
1.74174833297729,-11.9038553237915,-0.0101911751553416,0.00445700064301491
1.99817335605621,-11.9050331115723,-0.0117120984941721,0.00446022674441338
2.25477409362793,-11.9061784744263,-0.0137952519580722,0.00443018972873688
2.5114369392395,-11.9073858261108,-0.015923373401165,0.00444934889674187
2.76817870140076,-11.9086637496948,-0.0181690081954002,0.00444014742970467
-2.08937883377075,-12.1390895843506,-0.0130134969949722,0.00455347448587418
-1.83429419994354,-12.1398305892944,-0.0117973769083619,0.00447358563542366
-1.57910227775574,-12.1407155990601,-0.0108415856957436,0.00447123497724533
-1.32394361495972,-12.1416044235229,-0.00950898323208094,0.00451450422406197
-1.06838607788086,-12.1428213119507,-0.00976082868874073,0.00460339710116386
-0.812479376792908,-12.1441345214844,-0.0113779474049807,0.00465381518006325
-0.55635017156601,-12.1453647613525,-0.0137875340878963,0.00464728102087975
-0.299716889858246,-12.1466932296753,-0.018255602568388,0.00462621822953224
-0.0435835085809231,-12.1477746963501,-0.020223256200552,0.00455696880817413
0.211992338299751,-12.1487798690796,-0.0194302946329117,0.00451910123229027
0.467166751623154,-12.1496353149414,-0.0166083350777626,0.00446030125021935
0.722853660583496,-12.150707244873,-0.0158777814358473,0.00433154031634331
0.978833973407745,-12.1516637802124,-0.0162630565464497,0.00421623513102531
1.23420870304108,-12.1524791717529,-0.0137064773589373,0.00424377247691154
1.48938524723053,-12.1533136367798,-0.0100454371422529,0.00434985384345055
1.74506211280823,-12.1544504165649,-0.00840094592422247,0.00445412844419479
2.00134229660034,-12.1555461883545,-0.00924983154982328,0.00446848943829536
2.25783514976501,-12.1566314697266,-0.0108283255249262,0.00442536547780037
2.51453018188477,-12.1578149795532,-0.0130748981609941,0.00442235916852951
2.77131175994873,-12.1590671539307,-0.015473859384656,0.00437116995453835
-2.08678030967712,-12.3888483047485,-0.00842959620058537,0.00455064699053764
-1.83116006851196,-12.390043258667,-0.00962771382182837,0.00438430160284042
-1.57586014270782,-12.3909959793091,-0.00913542881608009,0.00438093394041061
-1.32023656368256,-12.3921737670898,-0.00988934934139252,0.00438860431313515
-1.06439161300659,-12.3934898376465,-0.0114188082516193,0.0045042484998703
-0.808269679546356,-12.394889831543,-0.0139788025990129,0.00458865612745285
-0.552131175994873,-12.3962249755859,-0.0163835342973471,0.00456089526414871
-0.295709937810898,-12.3974647521973,-0.0198521558195353,0.00448740273714066
-0.0399561077356339,-12.3982372283936,-0.0200797952711582,0.004423588514328
0.215498372912407,-12.3992013931274,-0.0187056250870228,0.00442573800683022
0.470702707767487,-12.4001493453979,-0.0159799568355083,0.00437749549746513
0.726274192333221,-12.4012842178345,-0.0146897882223129,0.00421866774559021
0.982240319252014,-12.4023294448853,-0.0149732427671552,0.00410597398877144
1.23760139942169,-12.403226852417,-0.0123180104419589,0.00416430458426476
1.49277102947235,-12.4040622711182,-0.00859554763883352,0.00432264804840088
1.74839067459106,-12.4050951004028,-0.00667248852550983,0.00445211306214333
2.00461840629578,-12.4061803817749,-0.00725839426741004,0.0044756606221199
2.26117038726807,-12.4073181152344,-0.0090675400570035,0.00438527017831802
2.51747798919678,-12.4082984924316,-0.00957290641963482,0.00440115109086037
2.77419757843018,-12.4094352722168,-0.0116798533126712,0.00429460033774376
-2.08407974243164,-12.6386461257935,-0.00431555975228548,0.00455103442072868
-1.8282812833786,-12.6400566101074,-0.00629405444487929,0.00430288538336754
-1.57268738746643,-12.6412143707275,-0.00711471447721124,0.0042993389070034
-1.31700801849365,-12.6424322128296,-0.00809305813163519,0.0042591281235218
-1.06082701683044,-12.6438264846802,-0.011130154132843,0.00437484309077263
-0.804211020469666,-12.6454620361328,-0.0159029606729746,0.00447897240519524
-0.548084378242493,-12.6468334197998,-0.0182128343731165,0.00446001440286636
-0.292246878147125,-12.6479196548462,-0.0189920999109745,0.00438226759433746
-0.0368303395807743,-12.6486835479736,-0.0176523886620998,0.00435617193579674
0.218781650066376,-12.6497001647949,-0.0169619470834732,0.00436719134449959
0.474119395017624,-12.6506948471069,-0.0148082477971911,0.00434334203600883
0.729546070098877,-12.6516904830933,-0.0128432437777519,0.00417494401335716
0.985308587551117,-12.6527729034424,-0.0121745206415653,0.0040256530046463
1.24074733257294,-12.6537418365479,-0.00983620621263981,0.00409160181879997
1.49608290195465,-12.6546821594238,-0.0068241311237216,0.00426408648490906
1.75171720981598,-12.6556882858276,-0.00493979174643755,0.00440623238682747
2.0080451965332,-12.6569137573242,-0.00593356462195516,0.00446641072630882
2.26468229293823,-12.6580581665039,-0.00809427443891764,0.00438881665468216
2.52079844474792,-12.6590089797974,-0.00771632790565491,0.00439172983169556
2.77734613418579,-12.6599798202515,-0.00904209725558758,0.004240732640028
-2.08066487312317,-12.8889446258545,-0.00346807297319174,0.00452412664890289
-1.82493090629578,-12.8903293609619,-0.00511991372331977,0.00425576418638229
-1.56908893585205,-12.8916339874268,-0.0070412321947515,0.00425010919570923
-1.31351041793823,-12.8927507400513,-0.00753033487126231,0.00420909374952316
-1.05738735198975,-12.8940935134888,-0.0102738691493869,0.00433174148201942
-0.800998091697693,-12.8956708908081,-0.0139800868928432,0.00438908115029335
-0.544862568378448,-12.8970384597778,-0.0163017902523279,0.0043383464217186
-0.2891586124897,-12.8981332778931,-0.0164412800222635,0.00426176562905312
-0.03381622210145,-12.8991069793701,-0.0147182866930962,0.0042739175260067
0.221826866269112,-12.9001665115356,-0.0141386296600103,0.00427597388625145
0.477230876684189,-12.9011459350586,-0.0122597385197878,0.00426206737756729
0.7326580286026,-12.9020538330078,-0.0102767255157232,0.00417548418045044
0.988497078418732,-12.9031610488892,-0.00992402713745832,0.00406268611550331
1.24430119991302,-12.9043655395508,-0.00918506924062967,0.00408253073692322
1.50009441375732,-12.905499458313,-0.00818485673516989,0.00418302044272423
1.75599074363708,-12.9066400527954,-0.00743084168061614,0.00433987006545067
2.01209378242493,-12.9078454971313,-0.00738019961863756,0.00439239665865898
2.26854801177979,-12.9089097976685,-0.00869375839829445,0.00431782379746437
2.52497959136963,-12.9101514816284,-0.00966609269380569,0.00428797677159309
2.7811598777771,-12.910961151123,-0.00933281797915697,0.00411954522132874
-2.07683992385864,-13.1396713256836,-0.00448555266484618,0.00447072833776474
-1.8210985660553,-13.1409978866577,-0.00614022416993976,0.00425072386860847
-1.56527853012085,-13.1422824859619,-0.00792675651609898,0.00422453880310059
-1.30972683429718,-13.1433124542236,-0.00826428644359112,0.00420213118195534
-1.05388104915619,-13.1445579528809,-0.00970676820725203,0.00428934395313263
-0.797915756702423,-13.1459274291992,-0.0114546380937099,0.00428447499871254
-0.541855156421661,-13.1473293304443,-0.0134026566520333,0.0042099617421627
-0.285915732383728,-13.1485900878906,-0.0145762143656611,0.0041663646697998
-0.0303134098649025,-13.14967918396,-0.0139986630529165,0.00415338203310966
0.225204512476921,-13.150764465332,-0.0128160770982504,0.00413928553462029
0.480454236268997,-13.1516723632812,-0.0102127445861697,0.0041544996201992
0.736017763614655,-13.1526565551758,-0.00881204009056091,0.00418094173073769
0.992322325706482,-13.1540470123291,-0.010509449057281,0.00411605462431908
1.24884045124054,-13.1555042266846,-0.0129353199154139,0.00409051403403282
1.50480616092682,-13.1566076278687,-0.0126734059303999,0.00413339957594872
1.76074004173279,-13.1576862335205,-0.012051104567945,0.00424273312091827
2.01699829101562,-13.1590890884399,-0.0126378936693072,0.00423794239759445
2.2731773853302,-13.1602725982666,-0.0126661285758018,0.00412926822900772
2.52940607070923,-13.1615123748779,-0.0126917967572808,0.00405136868357658
2.78508591651917,-13.1622133255005,-0.0100998049601912,0.00389378890395164
-2.0728325843811,-13.390531539917,-0.00633685430511832,0.00439296290278435
-1.81687033176422,-13.391942024231,-0.00896810926496983,0.0042567066848278
-1.56124019622803,-13.3931255340576,-0.00984756741672754,0.00420345738530159
-1.30569005012512,-13.3941917419434,-0.0101374434307218,0.00421494990587234
-1.05007040500641,-13.3953199386597,-0.0105136344209313,0.00422311574220657
-0.794536173343658,-13.3965148925781,-0.0102643128484488,0.00417265668511391
-0.538639545440674,-13.3978900909424,-0.0114333918318152,0.00411229953169823
-0.282759308815002,-13.399115562439,-0.0123107358813286,0.00411708652973175
-0.0270812511444092,-13.4002799987793,-0.0120434295386076,0.00409752503037453
0.228601485490799,-13.4014654159546,-0.0115727381780744,0.00406965985894203
0.48409965634346,-13.4024362564087,-0.0100612258538604,0.00411709398031235
0.740039527416229,-13.4036226272583,-0.0103150987997651,0.0041702538728714
0.996615588665009,-13.4050855636597,-0.0131973214447498,0.00414023920893669
1.25338745117188,-13.4065999984741,-0.0167246274650097,0.00409791991114616
1.50944590568542,-13.4076890945435,-0.0168407801538706,0.0041223056614399
1.76518082618713,-13.4087467193604,-0.0152849722653627,0.00413430109620094
2.02111911773682,-13.410080909729,-0.0144035695120692,0.00404562801122665
2.27672719955444,-13.4111957550049,-0.0118471290916204,0.0039503201842308
2.53297781944275,-13.412576675415,-0.0119278328493237,0.00381218455731869
2.78824663162231,-13.4132556915283,-0.00747535843402147,0.00368387438356876
-2.06878590583801,-13.6412391662598,-0.00838421937078238,0.00427320599555969
-1.81250333786011,-13.64284324646,-0.0124416640028358,0.00421508029103279
-1.55693233013153,-13.644024848938,-0.0130072636529803,0.00415940582752228
-1.30133891105652,-13.6451759338379,-0.0134489238262177,0.00417026877403259
-1.04587256908417,-13.6462659835815,-0.0130836050957441,0.00414835661649704
-0.790502667427063,-13.6473455429077,-0.0120521048083901,0.00410936400294304
-0.534753620624542,-13.6486253738403,-0.0125172147527337,0.00409499555826187
-0.279325515031815,-13.6496953964233,-0.0113072516396642,0.00410455092787743
-0.0237941611558199,-13.650821685791,-0.01034374255687,0.00407124310731888
0.232187703251839,-13.6522006988525,-0.01118731405586,0.0040387250483036
0.488310784101486,-13.6536331176758,-0.0124401869252324,0.00408992171287537
0.744741022586823,-13.6550483703613,-0.0148575333878398,0.00411877408623695
1.00114417076111,-13.6562547683716,-0.0169378351420164,0.00409340113401413
1.25738191604614,-13.6575021743774,-0.0180382877588272,0.00405761227011681
1.51308977603912,-13.6584367752075,-0.0165539029985666,0.00406328216195107
1.76861214637756,-13.659441947937,-0.0140162827447057,0.00404894724488258
2.02448153495789,-13.6607618331909,-0.0127966953441501,0.0039687305688858
2.28004097938538,-13.6619749069214,-0.0099846487864852,0.00386732071638107
2.53590869903564,-13.6632385253906,-0.00833701714873314,0.00372061692178249
2.7909791469574,-13.6639680862427,-0.00297127361409366,0.00363729707896709
-2.06540513038635,-13.8915491104126,-0.0073792589828372,0.00413661822676659
-1.80890345573425,-13.893328666687,-0.0124033987522125,0.00412671267986298
-1.55328035354614,-13.8946046829224,-0.0131679438054562,0.00408966839313507
-1.29751479625702,-13.8959197998047,-0.0143544226884842,0.00408772379159927
-1.04208302497864,-13.8970651626587,-0.0137903206050396,0.00406751781702042
-0.786638975143433,-13.8981218338013,-0.0130659071728587,0.0040653795003891
-0.530748963356018,-13.8993864059448,-0.0141420606523752,0.00407150760293007
-0.275434017181396,-13.900408744812,-0.0123830828815699,0.00408391654491425
-0.0201785676181316,-13.9014854431152,-0.0101309893652797,0.00403226725757122
0.235887855291367,-13.9030246734619,-0.0113126393407583,0.00399008952081203
0.492432475090027,-13.9047250747681,-0.0144223906099796,0.00397583097219467
0.749159693717957,-13.9062080383301,-0.0181419122964144,0.00400771759450436
1.00535595417023,-13.9072923660278,-0.0192580372095108,0.00400549359619617
1.26092088222504,-13.9081239700317,-0.0173218231648207,0.00398070923984051
1.51630365848541,-13.9089498519897,-0.0143522471189499,0.00397467985749245
1.77204179763794,-13.9101314544678,-0.0127403251826763,0.00395401380956173
2.02815556526184,-13.911527633667,-0.0125798210501671,0.00391451083123684
2.28392100334167,-13.9128074645996,-0.0106513742357492,0.00384848192334175
2.53962922096252,-13.9140729904175,-0.00825806614011526,0.00379153899848461
2.79459571838379,-13.914867401123,-0.00238995580002666,0.00377773493528366
-2.06277894973755,-14.1414651870728,-0.00291140028275549,0.00406863912940025
-1.80627679824829,-14.1433029174805,-0.00790916755795479,0.00406086444854736
-1.55041563510895,-14.1447401046753,-0.00973452720791101,0.00402568466961384
-1.29430615901947,-14.14626121521,-0.0124605419114232,0.00401469320058823
-1.0384966135025,-14.1476783752441,-0.013579573482275,0.00399192795157433
-0.782534718513489,-14.1489524841309,-0.01517862547189,0.00401042029261589
-0.526401519775391,-14.1502637863159,-0.0173260979354382,0.00403025187551975
-0.270979285240173,-14.1513109207153,-0.01601542532444,0.00402098335325718
-0.0158137530088425,-14.1524095535278,-0.0133107649162412,0.00396738201379776
0.239843621850014,-14.1537265777588,-0.0126114711165428,0.00391577929258347
0.496255248785019,-14.1553544998169,-0.0150881791487336,0.00385346449911594
0.75282496213913,-14.156852722168,-0.0180586669594049,0.00388109125196934
1.00896668434143,-14.1580266952515,-0.0188879892230034,0.00392324104905128
1.2644624710083,-14.1588249206543,-0.0166109632700682,0.00391583330929279
1.51991891860962,-14.1597671508789,-0.0139317093417048,0.00386698544025421
1.77606916427612,-14.1611061096191,-0.0141257587820292,0.00381477735936642
2.0326042175293,-14.1626138687134,-0.0158087238669395,0.00382000580430031
2.28839778900146,-14.1639909744263,-0.0139583125710487,0.00387024320662022
2.54410719871521,-14.1651659011841,-0.011538035236299,0.00388770177960396
2.79884171485901,-14.1659488677979,-0.00459879217669368,0.00396039709448814
-2.05972361564636,-14.3914031982422,-0.000431647262303159,0.00411359779536724
-1.80345046520233,-14.3931903839111,-0.00434640608727932,0.00406089425086975
-1.54742455482483,-14.3948154449463,-0.00688921427354217,0.00399705395102501
-1.29126000404358,-14.3964939117432,-0.00982845108956099,0.00394804775714874
-1.03499054908752,-14.3981313705444,-0.0130139235407114,0.00393174588680267
-0.778624713420868,-14.3997220993042,-0.0164060182869434,0.00395832769572735
-0.522348344326019,-14.4012069702148,-0.0191580969840288,0.00398546829819679
-0.266832500696182,-14.4022951126099,-0.0182342324405909,0.00397323071956635
-0.0115597145631909,-14.4032802581787,-0.0159906931221485,0.00393163971602917
0.24401718378067,-14.4044618606567,-0.0148985721170902,0.00388826429843903
0.500003576278687,-14.4058485031128,-0.0154283503070474,0.00383227504789829
0.75614869594574,-14.407341003418,-0.0164426304399967,0.00385111197829247
1.01223695278168,-14.4086809158325,-0.016986072063446,0.00387847982347012
1.26794040203094,-14.4097061157227,-0.0155971283093095,0.00383473560214043
1.52372097969055,-14.4108037948608,-0.0143330311402678,0.00371874123811722
1.78013491630554,-14.4121570587158,-0.015677047893405,0.00365499220788479
2.03668999671936,-14.4136915206909,-0.0174120627343655,0.00374427437782288
2.29227614402771,-14.4148416519165,-0.014617083594203,0.00389524176716805
2.5480420589447,-14.4160270690918,-0.0124145327135921,0.00393898598849773
2.80247044563293,-14.4166851043701,-0.00408692611381412,0.00407708436250687
-2.0555202960968,-14.6418762207031,-0.0032270448282361,0.0041896179318428
-1.79960000514984,-14.6435222625732,-0.00548190856352448,0.00405810214579105
-1.54393756389618,-14.6450347900391,-0.00632165651768446,0.00394867733120918
-1.28791165351868,-14.6467790603638,-0.00858392100781202,0.00386389158666134
-1.0316002368927,-14.6485357284546,-0.0119208935648203,0.00384854152798653
-0.775046408176422,-14.6502695083618,-0.0161319151520729,0.00387408025562763
-0.51870059967041,-14.6519384384155,-0.0191530678421259,0.00392352789640427
-0.263144075870514,-14.6531715393066,-0.0183690916746855,0.00395102612674236
-0.00777284428477287,-14.654125213623,-0.0165437385439873,0.00394165515899658
0.247949182987213,-14.6552724838257,-0.0160806924104691,0.00393187627196312
0.503706157207489,-14.6565256118774,-0.0155451847240329,0.0038805790245533
0.759603679180145,-14.6579809188843,-0.0154077997431159,0.00385258719325066
1.01570069789886,-14.6593904495239,-0.0159544348716736,0.00383110344409943
1.2715255022049,-14.6605319976807,-0.0150722907856107,0.00376425497233868
1.5275377035141,-14.6617670059204,-0.0148073947057128,0.00368657149374485
1.7839343547821,-14.663158416748,-0.0160363707691431,0.00365671701729298
2.04039311408997,-14.6646633148193,-0.0173082500696182,0.00372245162725449
2.29568219184875,-14.665584564209,-0.0131716569885612,0.0038759671151638
2.55131483078003,-14.6666688919067,-0.0103536015376449,0.00397825427353382
2.80575656890869,-14.6672649383545,-0.00206234492361546,0.00412320904433727
-2.05106449127197,-14.8928384780884,-0.0071489131078124,0.00419411808252335
-1.7954910993576,-14.8942852020264,-0.00777566945180297,0.00399794615805149
-1.5399409532547,-14.8957605361938,-0.00806178152561188,0.00388870388269424
-1.2843976020813,-14.8972930908203,-0.00808280147612095,0.00377301499247551
-1.02864253520966,-14.8988008499146,-0.0088522108271718,0.00376259535551071
-0.772300720214844,-14.9004211425781,-0.0120737822726369,0.00378634594380856
-0.515672981739044,-14.9022445678711,-0.0163469910621643,0.00383516028523445
-0.259556442499161,-14.9038028717041,-0.0180654618889093,0.00385445915162563
-0.00398126104846597,-14.9049310684204,-0.0171220563352108,0.00388327986001968
0.251603543758392,-14.9061107635498,-0.0159977301955223,0.00391548871994019
0.50724595785141,-14.9073238372803,-0.0149130439385772,0.0039056558161974
0.763220906257629,-14.9087944030762,-0.0150932027027011,0.00384812243282795
1.01933169364929,-14.9101552963257,-0.0156742446124554,0.00376492366194725
1.27514374256134,-14.9112977981567,-0.0147017268463969,0.00370280258357525
1.53122067451477,-14.9125833511353,-0.0146924275904894,0.00366146676242352
1.7875634431839,-14.9140157699585,-0.0156431905925274,0.00365438684821129
2.04391002655029,-14.915509223938,-0.0163813307881355,0.0037524476647377
2.29933643341064,-14.9164447784424,-0.0128273805603385,0.00388382747769356
2.55485463142395,-14.917441368103,-0.0094738882035017,0.00402417033910751
2.80979800224304,-14.9181957244873,-0.00337282544933259,0.00413932465016842
-2.04738688468933,-15.1437730789185,-0.00746748223900795,0.00413278490304947
-1.792027592659,-15.1450624465942,-0.00708283809944987,0.00392858870327473
-1.53668880462646,-15.1464109420776,-0.00637232419103384,0.00383289717137814
-1.28150832653046,-15.147629737854,-0.00471956143155694,0.00372438319027424
-1.02619552612305,-15.1488723754883,-0.00345356203615665,0.00370953604578972
-0.769914865493774,-15.1504278182983,-0.0063784564845264,0.00372317060828209
-0.512714326381683,-15.1523876190186,-0.0132405580952764,0.00371878407895565
-0.255913883447647,-15.1541996002197,-0.0180340074002743,0.00376645289361477
-0.000274482008535415,-15.1555967330933,-0.0173265468329191,0.00380630418658257
0.255064100027084,-15.1568374633789,-0.0150431394577026,0.0038397628813982
0.510662317276001,-15.1580390930176,-0.0137278363108635,0.00384342297911644
0.766884863376617,-15.1595048904419,-0.0149999028071761,0.00381108932197094
1.02299022674561,-15.1607732772827,-0.0155318891629577,0.00374441407620907
1.27866697311401,-15.1618690490723,-0.0139209069311619,0.00368450209498405
1.53470206260681,-15.1631727218628,-0.0136901093646884,0.00365619175136089
1.7910088300705,-15.164665222168,-0.0144431050866842,0.0036666002124548
2.04733085632324,-15.1661939620972,-0.0150381904095411,0.00376071408390999
2.3031792640686,-15.1674194335938,-0.0133176576346159,0.00386865809559822
2.55890917778015,-15.1685924530029,-0.0108596533536911,0.00401622429490089
2.81444573402405,-15.1696491241455,-0.00734089268371463,0.00412186048924923
-2.04409050941467,-15.394344329834,-0.00605007167905569,0.00403432175517082
-1.78879499435425,-15.3956251144409,-0.00534108188003302,0.00388812832534313
-1.53341042995453,-15.3969278335571,-0.00481592398136854,0.00380879081785679
-1.2783088684082,-15.3981189727783,-0.00277223787270486,0.00374239683151245
-1.02309906482697,-15.3993368148804,-0.00100534479133785,0.00369271636009216
-0.76701545715332,-15.4008331298828,-0.0030036314856261,0.00370167195796967
-0.509683549404144,-15.4028329849243,-0.0104374941438437,0.00370960496366024
-0.252653062343597,-15.4047040939331,-0.0162495356053114,0.00375927798449993
0.00330683612264693,-15.4063339233398,-0.016953120008111,0.00375450402498245
0.258704870939255,-15.4075880050659,-0.0149067109450698,0.00372249074280262
0.514713823795319,-15.4089841842651,-0.0154063189402223,0.00375059805810452
0.771070003509521,-15.4104204177856,-0.0172501765191555,0.0037884246557951
1.02706587314606,-15.4116506576538,-0.0172529295086861,0.00379623100161552
1.28242707252502,-15.4126853942871,-0.01418721023947,0.0037381649017334
1.53817391395569,-15.4139013290405,-0.0126328961923718,0.00366389006376266
1.79458630084991,-15.415454864502,-0.0138248922303319,0.00362244434654713
2.05101346969604,-15.4170999526978,-0.0148486457765102,0.00368033722043037
2.30707406997681,-15.4185762405396,-0.0140239559113979,0.00377752259373665
2.5629096031189,-15.4198207855225,-0.0119973933324218,0.00390041433274746
2.81868410110474,-15.421070098877,-0.00948730949312449,0.00401669926941395
-2.04062056541443,-15.6446571350098,-0.00546211563050747,0.00391147285699844
-1.78525447845459,-15.6460647583008,-0.00503529096022248,0.00384665094316006
-1.52980852127075,-15.647479057312,-0.00475097680464387,0.00377673096954823
-1.27458715438843,-15.6488065719604,-0.00321375392377377,0.00374029204249382
-1.01923680305481,-15.6501264572144,-0.00204959651455283,0.00369640998542309
-0.76325124502182,-15.6516056060791,-0.00356396776624024,0.00371499732136726
-0.506226360797882,-15.6535778045654,-0.00956026092171669,0.00373943708837032
-0.249299913644791,-15.6553964614868,-0.0148704247549176,0.00378557853400707
0.00681217107921839,-15.6570491790771,-0.0162355098873377,0.00374817475676537
0.26263239979744,-15.6584405899048,-0.0160661935806274,0.00367345102131367
0.519113540649414,-15.6600284576416,-0.0186572000384331,0.00370152667164803
0.775513231754303,-15.6615505218506,-0.0206510126590729,0.00378440693020821
1.03132903575897,-15.6627740859985,-0.0198004953563213,0.00381347164511681
1.28647243976593,-15.6638584136963,-0.015709200873971,0.00372343324124813
1.54188919067383,-15.6650352478027,-0.0126363905146718,0.0036326888948679
1.7980580329895,-15.6664428710938,-0.0127138430252671,0.00357625633478165
2.05454397201538,-15.668004989624,-0.013978292234242,0.0035673975944519
2.31066393852234,-15.6694917678833,-0.0133872255682945,0.00366286188364029
2.5667450428009,-15.6709022521973,-0.0124107580631971,0.00372355617582798
2.82237124443054,-15.6721267700195,-0.00920849572867155,0.00383258238434792
-2.03726410865784,-15.8949909210205,-0.00434626825153828,0.00378710031509399
-1.7817314863205,-15.8965167999268,-0.00464837159961462,0.00377287901937962
-1.52621603012085,-15.8980178833008,-0.00464427657425404,0.00372985750436783
-1.27081227302551,-15.8995084762573,-0.00389920896850526,0.00371791422367096
-1.01514542102814,-15.9009971618652,-0.00413986574858427,0.00368452072143555
-0.758938491344452,-15.9025621414185,-0.006624695379287,0.00372476689517498
-0.502197861671448,-15.9044952392578,-0.0112836305052042,0.00376783683896065
-0.245777100324631,-15.9062404632568,-0.0142530407756567,0.00381697155535221
0.010169742628932,-15.9077816009521,-0.0148429414257407,0.00375097244977951
0.266272515058517,-15.9091663360596,-0.015929788351059,0.00366920232772827
0.522944390773773,-15.9108638763428,-0.0193442329764366,0.00369820185005665
0.779376089572906,-15.9125299453735,-0.0214357767254114,0.00377934798598289
1.03516030311584,-15.9138822555542,-0.0203960947692394,0.00375797785818577
1.29041314125061,-15.9150743484497,-0.0167550574988127,0.00361121259629726
1.54568338394165,-15.9161977767944,-0.0129919881001115,0.00352221913635731
1.80181205272675,-15.9175510406494,-0.0128608979284763,0.00349685363471508
2.05852913856506,-15.919116973877,-0.0151284635066986,0.00351232476532459
2.31471943855286,-15.9205360412598,-0.0148231061175466,0.00356131233274937
2.57097148895264,-15.9220066070557,-0.0145698096603155,0.00360073149204254
2.82639169692993,-15.9231176376343,-0.0104223163798451,0.00366558134555817
-2.03428030014038,-16.1453952789307,-0.00149716867599636,0.0037394892424345
-1.77852928638458,-16.1469802856445,-0.00277660903520882,0.00370739586651325
-1.5228488445282,-16.1485805511475,-0.00349545897915959,0.0036492608487606
-1.26719129085541,-16.15016746521,-0.00387968053109944,0.00362721271812916
-1.01135635375977,-16.1517562866211,-0.00485075497999787,0.00362764671444893
-0.754903614521027,-16.1534805297852,-0.0084144975990057,0.00368343666195869
-0.497830003499985,-16.1555824279785,-0.0145457200706005,0.00372751802206039
-0.241678476333618,-16.1571979522705,-0.0162569005042315,0.00371315144002438
0.0138337146490812,-16.1585464477539,-0.0148449148982763,0.00366204045712948
0.269566506147385,-16.1597709655762,-0.0142298070713878,0.00361830554902554
0.526178598403931,-16.161548614502,-0.0173361953347921,0.00364204123616219
0.782631516456604,-16.1632404327393,-0.0194929018616676,0.00364333018660545
1.03845179080963,-16.1646289825439,-0.0185844097286463,0.00361528806388378
1.29392445087433,-16.1658878326416,-0.0159002617001534,0.00352919287979603
1.54936194419861,-16.167085647583,-0.0128524471074343,0.00348592549562454
1.80566132068634,-16.1685180664062,-0.0134484581649303,0.00347944721579552
2.06270408630371,-16.1702671051025,-0.0171269606798887,0.00350622087717056
2.31915736198425,-16.1717967987061,-0.0179516095668077,0.00353093259036541
2.57576990127563,-16.1733646392822,-0.0192610658705235,0.00357219949364662
2.8312840461731,-16.1744689941406,-0.0154909528791904,0.00357798859477043
-2.03121876716614,-16.3958778381348,0.00099911552388221,0.00374215841293335
-1.77533054351807,-16.3974952697754,-0.000884074019268155,0.00366277247667313
-1.51956617832184,-16.3992004394531,-0.00195151497609913,0.00362011976540089
-1.26367509365082,-16.4009284973145,-0.00336879258975387,0.00357230566442013
-1.00777459144592,-16.4026050567627,-0.00460138544440269,0.00360830500721931
-0.751339435577393,-16.4044017791748,-0.00804440770298243,0.00367089174687862
-0.494289368391037,-16.4064693450928,-0.0140387173742056,0.00366903841495514
-0.238079339265823,-16.4080390930176,-0.0159892756491899,0.00358759984374046
0.0174447204917669,-16.409330368042,-0.0146040618419647,0.00353165715932846
0.272912800312042,-16.4105739593506,-0.0127500696107745,0.00353791937232018
0.529298722743988,-16.4123001098633,-0.0148041686043143,0.00356450118124485
0.785933554172516,-16.4140357971191,-0.0177534017711878,0.00352758541703224
1.04185378551483,-16.4153842926025,-0.0172712318599224,0.00353062152862549
1.29725027084351,-16.4165153503418,-0.0142249166965485,0.00353912450373173
1.55286908149719,-16.4177894592285,-0.0119578531011939,0.00351640582084656
1.80938482284546,-16.4194736480713,-0.0134724145755172,0.00349420495331287
2.06667113304138,-16.4214668273926,-0.0181889049708843,0.00350824370980263
2.323410987854,-16.4231643676758,-0.0202458910644054,0.00352149456739426
2.58029532432556,-16.4248275756836,-0.0227226205170155,0.00357099808752537
2.83624744415283,-16.4260444641113,-0.0208556838333607,0.00353819131851196
-2.02740001678467,-16.6466426849365,8.24149719846901e-06,0.00372474640607834
-1.77165067195892,-16.6482162475586,-0.00120018399320543,0.00362611375749111
-1.51590514183044,-16.64990234375,-0.00214810646139085,0.00357159227132797
-1.26004827022552,-16.651704788208,-0.00336658488959074,0.00351388193666935
-1.0041606426239,-16.6534805297852,-0.00449702935293317,0.00353607907891273
-0.747951507568359,-16.655252456665,-0.0068725380115211,0.00361226126551628
-0.491272449493408,-16.6571159362793,-0.0111557440832257,0.00355538725852966
-0.234870105981827,-16.6586723327637,-0.0139591880142689,0.00347424671053886
0.0209260955452919,-16.6599922180176,-0.0137837082147598,0.00344814918935299
0.276454597711563,-16.6613578796387,-0.0121621349826455,0.00350045412778854
0.5326988697052,-16.6630191802979,-0.0135470507666469,0.00348522700369358
0.789555728435516,-16.6648387908936,-0.0174646601080894,0.00344936177134514
1.04583013057709,-16.6663093566895,-0.0185409355908632,0.00344137474894524
1.30126190185547,-16.667501449585,-0.0156128099188209,0.00350419245660305
1.55675184726715,-16.6687831878662,-0.0127282356843352,0.00353024341166019
1.81316149234772,-16.6706562042236,-0.0137145994231105,0.00348615273833275
2.07029891014099,-16.6726608276367,-0.0177284311503172,0.00347746908664703
2.32721710205078,-16.6744060516357,-0.0205484703183174,0.00348548963665962
2.58395576477051,-16.6760425567627,-0.0223433617502451,0.00353368744254112
2.84036421775818,-16.6773586273193,-0.0224699303507805,0.00351330637931824
-2.02280282974243,-16.8977603912354,-0.0045595676638186,0.00368620082736015
-1.7675473690033,-16.8991146087646,-0.00345971528440714,0.00360906682908535
-1.51203525066376,-16.9007148742676,-0.00329892174340785,0.00354580394923687
-1.25636386871338,-16.9024505615234,-0.00363300531171262,0.00352301821112633
-1.00041139125824,-16.9043006896973,-0.00502101797610521,0.00351784378290176
-0.744244575500488,-16.9060726165771,-0.00716770952567458,0.00352679938077927
-0.487960547208786,-16.9076652526855,-0.00963296182453632,0.00343784503638744
-0.2317825704813,-16.9090900421143,-0.0113934390246868,0.00343050248920918
0.0244095455855131,-16.9105091094971,-0.0129868322983384,0.00348644144833088
0.280165761709213,-16.9119987487793,-0.0123586012050509,0.00357376970350742
0.536101341247559,-16.9136219024658,-0.0123116010800004,0.00354843586683273
0.792773485183716,-16.9155044555664,-0.0153560061007738,0.00346965342760086
1.04931831359863,-16.9171752929688,-0.0176083091646433,0.00340996868908405
1.30524039268494,-16.9186382293701,-0.0168375018984079,0.00341475754976273
1.56097185611725,-16.9201202392578,-0.014987388625741,0.00342810526490211
1.81716132164001,-16.9219779968262,-0.0149473547935486,0.00340281054377556
2.07381677627563,-16.9237594604492,-0.0167848374694586,0.00339273363351822
2.33056640625,-16.925407409668,-0.0188273172825575,0.00339657254517078
2.58719825744629,-16.9270439147949,-0.0201165266335011,0.00344075821340084
2.84369969367981,-16.9283599853516,-0.0206296313554049,0.00345709547400475
-2.01800799369812,-17.1490459442139,-0.010030516423285,0.00366756692528725
-1.76343965530396,-17.1500625610352,-0.00573597010225058,0.00360480323433876
-1.50822401046753,-17.1514320373535,-0.0041894163005054,0.00356012582778931
-1.25278878211975,-17.1529941558838,-0.00341578107327223,0.00353884883224964
-0.996588170528412,-17.154935836792,-0.0059030344709754,0.003499710932374
-0.740094304084778,-17.1569309234619,-0.00949460919946432,0.00344952568411827
-0.483993530273438,-17.158483505249,-0.0110863335430622,0.00337208062410355
-0.228069856762886,-17.1598682403564,-0.0116521362215281,0.00338531471788883
0.028150575235486,-17.1613903045654,-0.0133314896374941,0.00349459610879421
0.284031510353088,-17.1629123687744,-0.013234281912446,0.00357785448431969
0.539407432079315,-17.1642971038818,-0.0106322392821312,0.00354711525142193
0.795389175415039,-17.1658687591553,-0.0105465110391378,0.00347067229449749
1.05203413963318,-17.1678009033203,-0.0132049061357975,0.00338052026927471
1.30846869945526,-17.1696186065674,-0.0146905099973083,0.00334159843623638
1.56485605239868,-17.171422958374,-0.0157365575432777,0.00333904288709164
1.82122123241425,-17.173246383667,-0.0164551064372063,0.00328836590051651
2.07777881622314,-17.1749019622803,-0.0178293604403734,0.00329405255615711
2.33416771888733,-17.176399230957,-0.0182356089353561,0.00330696813762188
2.59054756164551,-17.1779136657715,-0.0183790773153305,0.00335424020886421
2.84677624702454,-17.1791706085205,-0.0176516771316528,0.00338947959244251
-2.01380658149719,-17.4000778198242,-0.0127721438184381,0.0036334041506052
-1.7597359418869,-17.4008750915527,-0.00615603290498257,0.00355032458901405
-1.50445306301117,-17.4022960662842,-0.00487988814711571,0.0034910012036562
-1.24929463863373,-17.4036102294922,-0.0028186331037432,0.00344054587185383
-0.992793679237366,-17.4056339263916,-0.00664786482229829,0.00341068580746651
-0.736128985881805,-17.4076175689697,-0.010989747941494,0.00336816534399986
-0.480178385972977,-17.4091968536377,-0.0118544930592179,0.00332352332770824
-0.224372759461403,-17.4106636047363,-0.0118383849039674,0.0033257007598877
0.0316523909568787,-17.4123115539551,-0.0125817162916064,0.00340226292610168
0.287387996912003,-17.4137630462646,-0.0117979710921645,0.00347219780087471
0.542635142803192,-17.4150257110596,-0.00859220139682293,0.0034598596394062
0.798291921615601,-17.4165344238281,-0.0070104063488543,0.00340086221694946
1.05484771728516,-17.4185485839844,-0.00923217181116343,0.00332922115921974
1.31145906448364,-17.4205284118652,-0.011476163752377,0.00328479334712029
1.56818008422852,-17.4224414825439,-0.0139886140823364,0.00324854627251625
1.82482743263245,-17.4242134094238,-0.0159515161067247,0.00325100868940353
2.08135843276978,-17.4257678985596,-0.0171841289848089,0.00327182561159134
2.33744382858276,-17.4271430969238,-0.0162116754800081,0.00328937359154224
2.59374737739563,-17.4285640716553,-0.0159947201609612,0.00331498123705387
2.84968614578247,-17.4297733306885,-0.0139508573338389,0.00334460102021694
-2.01044297218323,-17.6507358551025,-0.0116650247946382,0.00357696227729321
-1.7564309835434,-17.6515846252441,-0.00473992526531219,0.00346175022423267
-1.5010701417923,-17.6530475616455,-0.00378990732133389,0.00341480784118176
-1.24589240550995,-17.6543159484863,-0.00179074332118034,0.00332246161997318
-0.989354193210602,-17.6562252044678,-0.00577072845771909,0.00330452248454094
-0.73298054933548,-17.6580219268799,-0.00876253750175238,0.00331307388842106
-0.477051943540573,-17.6597328186035,-0.00948564056307077,0.00330038368701935
-0.22114996612072,-17.661506652832,-0.0098525257781148,0.00327415019273758
0.0348348617553711,-17.6632900238037,-0.0103699387982488,0.00329279154539108
0.29053208231926,-17.6647415161133,-0.00938277132809162,0.00332426279783249
0.546102106571198,-17.6660003662109,-0.00761631596833467,0.00332449562847614
0.801956176757812,-17.6675033569336,-0.00689831702038646,0.00330440327525139
1.05830800533295,-17.6694030761719,-0.00817473698407412,0.00325792096555233
1.31474232673645,-17.6713256835938,-0.00959432777017355,0.00320351123809814
1.57139468193054,-17.6732368469238,-0.0117687275633216,0.00313261523842812
1.82805442810059,-17.6749706268311,-0.013763040304184,0.00314033403992653
2.08449482917786,-17.6764755249023,-0.0145642543211579,0.00319672375917435
2.34053683280945,-17.6778411865234,-0.0133722377941012,0.00323149934411049
2.59663486480713,-17.6791515350342,-0.0122196674346924,0.00327738560736179
2.8525242805481,-17.6803894042969,-0.00992867350578308,0.00329387001693249
-2.00736689567566,-17.9012546539307,-0.00923728942871094,0.00351293198764324
-1.75307631492615,-17.9023513793945,-0.00354963471181691,0.00338355079293251
-1.49766635894775,-17.9037914276123,-0.00279733981005847,0.00333510339260101
-1.2422548532486,-17.9052085876465,-0.00183021347038448,0.00324746407568455
-0.986051559448242,-17.9068946838379,-0.00425691669806838,0.00321711227297783
-0.729991674423218,-17.9085960388184,-0.00578740797936916,0.00325742922723293
-0.473799228668213,-17.9105377197266,-0.00767006911337376,0.00326246954500675
-0.217426583170891,-17.9125919342041,-0.0101323807612062,0.00321400351822376
0.0385319963097572,-17.9143695831299,-0.0104967188090086,0.00319665856659412
0.294003248214722,-17.9156932830811,-0.00845953542739153,0.0032073650509119
0.549875199794769,-17.9170608520508,-0.00802311021834612,0.00320953503251076
0.80623471736908,-17.9187164306641,-0.0095484796911478,0.00322645902633667
1.06267297267914,-17.9205532073975,-0.0111834239214659,0.00321195088326931
1.31897330284119,-17.9224224090576,-0.011963402852416,0.00317436829209328
1.57520651817322,-17.9241828918457,-0.0122259827330709,0.00310263223946095
1.8315464258194,-17.9258670806885,-0.0127528691664338,0.00306711718440056
2.08771896362305,-17.9273929595947,-0.0123204104602337,0.00312462076544762
2.34377074241638,-17.9287719726562,-0.0111412722617388,0.00316361431032419
2.59978151321411,-17.9301605224609,-0.0095634451135993,0.00319995358586311
2.85583114624023,-17.9315319061279,-0.00794711336493492,0.00319975614547729
-2.00410413742065,-18.1518630981445,-0.00766735104843974,0.0034189922735095
-1.74949681758881,-18.1531715393066,-0.00339590385556221,0.00331262871623039
-1.49405574798584,-18.1545906066895,-0.00275587476789951,0.00328153930604458
-1.23858106136322,-18.1561126708984,-0.00203628186136484,0.00321576837450266
-0.982717156410217,-18.1577014923096,-0.00287694344297051,0.00316653214395046
-0.726680099964142,-18.1594619750977,-0.00426659220829606,0.00320104137063026
-0.470258265733719,-18.1615142822266,-0.0071591273881495,0.0032106414437294
-0.213581323623657,-18.163667678833,-0.0109708989039063,0.00316108297556639
0.0423338077962399,-18.1654472351074,-0.0111016053706408,0.0031144991517067
0.29755711555481,-18.1666965484619,-0.00790826510637999,0.00308215990662575
0.553637742996216,-18.1682052612305,-0.00837472546845675,0.00309670902788639
0.810370683670044,-18.1700439453125,-0.0115416012704372,0.00315182004123926
1.06690299510956,-18.1718502044678,-0.0135678611695766,0.00318318605422974
1.3228794336319,-18.1734981536865,-0.0128680700436234,0.00316319055855274
1.57870483398438,-18.175048828125,-0.0112781785428524,0.00308541301637888
1.8349586725235,-18.176664352417,-0.0113932751119137,0.00304160453379154
2.09109830856323,-18.1783428192139,-0.0107690636068583,0.00307117309421301
2.34723854064941,-18.1799602508545,-0.00993397366255522,0.00308992806822062
2.60343265533447,-18.1816120147705,-0.00912071112543344,0.00312821660190821
2.85970115661621,-18.1831760406494,-0.00843041390180588,0.00311262998729944
-2.00079011917114,-18.4024429321289,-0.00633988436311483,0.0032362611964345
-1.74595618247986,-18.4038238525391,-0.00307910004630685,0.00319452583789825
-1.49046015739441,-18.4053115844727,-0.00265305931679904,0.0031924182549119
-1.2350457906723,-18.4068279266357,-0.00162269931752235,0.00316409859806299
-0.979290127754211,-18.4084892272949,-0.00192579836584628,0.00317331030964851
-0.723213911056519,-18.4103775024414,-0.00345104420557618,0.00318404566496611
-0.466836541891098,-18.4123210906982,-0.00611863052472472,0.00315742567181587
-0.210104763507843,-18.414436340332,-0.0101535804569721,0.00312296580523252
0.0458343662321568,-18.4161891937256,-0.0103647680953145,0.00307695660740137
0.301058232784271,-18.4175415039062,-0.00713226851075888,0.00300878100097179
0.557107329368591,-18.4191627502441,-0.0074127777479589,0.00300463009625673
0.813590347766876,-18.4209632873535,-0.0094195082783699,0.00303598213940859
1.07017290592194,-18.4228134155273,-0.0116402637213469,0.00309265125542879
1.32612860202789,-18.4243927001953,-0.0108245806768537,0.00310482364147902
1.58197271823883,-18.425895690918,-0.00929401721805334,0.0030598035082221
1.83838021755219,-18.4275360107422,-0.0100694932043552,0.00303236953914165
2.09459710121155,-18.4293670654297,-0.00974673684686422,0.00301698222756386
2.35088562965393,-18.4312419891357,-0.00952108670026064,0.00302485097199678
2.60722303390503,-18.4330558776855,-0.00929930992424488,0.00307155214250088
2.86368155479431,-18.4347743988037,-0.0094093531370163,0.00305901002138853
-1.99754858016968,-18.6529693603516,-0.00468153692781925,0.00304661877453327
-1.74250257015228,-18.6543483734131,-0.00237248349003494,0.00307887047529221
-1.48695206642151,-18.6559104919434,-0.00215935963205993,0.00310284923762083
-1.23151648044586,-18.6574382781982,-0.00119233212899417,0.00316533911973238
-0.975790202617645,-18.6591472625732,-0.00132297386880964,0.00319685228168964
-0.719884395599365,-18.6610336303711,-0.00203386950306594,0.00317412707954645
-0.463742166757584,-18.6628170013428,-0.00360900443047285,0.00310206972062588
-0.207113310694695,-18.6648445129395,-0.00715345237404108,0.00309571903198957
0.0491248890757561,-18.6667404174805,-0.00868836883455515,0.00311938766390085
0.304652988910675,-18.6683216094971,-0.00678916368633509,0.00308739766478539
0.560491561889648,-18.6699352264404,-0.00608165515586734,0.00301336776465178
0.816510617733002,-18.6715812683105,-0.0059686591848731,0.00299243070185184
1.07281577587128,-18.6733303070068,-0.00691786222159863,0.00296868104487658
1.32895398139954,-18.6750011444092,-0.00689413724467158,0.00297393184155226
1.58506989479065,-18.6766681671143,-0.00654834881424904,0.00295578502118587
1.84144806861877,-18.6783638000488,-0.00715865241363645,0.00291958823800087
2.09772062301636,-18.6803092956543,-0.00704806065186858,0.00290418229997158
2.35414814949036,-18.6822452545166,-0.00741123408079147,0.00294982269406319
2.61057686805725,-18.6841735839844,-0.00755811901763082,0.00297861266881227
2.86718678474426,-18.6859531402588,-0.00830844696611166,0.00298815779387951
-1.99410605430603,-18.9036884307861,-0.00393825909122825,0.00299888197332621
-1.73888432979584,-18.9050598144531,-0.00241148006170988,0.00304941646754742
-1.48338174819946,-18.9066371917725,-0.00194110965821892,0.00304594822227955
-1.22767984867096,-18.9082469940186,-0.00216131960041821,0.00312184914946556
-0.971989989280701,-18.9098930358887,-0.00209460384212434,0.00315581820905209
-0.716293394565582,-18.9116954803467,-0.00181749614421278,0.00309850927442312
-0.460321754217148,-18.913501739502,-0.00257566734217107,0.00305053405463696
-0.20388850569725,-18.9155254364014,-0.00519476970657706,0.00308103486895561
0.0526443421840668,-18.9175682067871,-0.00803057663142681,0.00314361229538918
0.308673650026321,-18.9193935394287,-0.00835814606398344,0.00314886402338743
0.564495503902435,-18.921028137207,-0.00753589952364564,0.00304354541003704
0.820263564586639,-18.9225788116455,-0.00625779712572694,0.00295025296509266
1.0762130022049,-18.9241752624512,-0.00557789020240307,0.00292015355080366
1.33220815658569,-18.9257850646973,-0.00488388119265437,0.00293408706784248
1.58831834793091,-18.9274921417236,-0.00447914376854897,0.00291253719478846
1.84453022480011,-18.9292640686035,-0.00430592196062207,0.00281466078013182
2.10075664520264,-18.931245803833,-0.00395625038072467,0.00279025919735432
2.35725975036621,-18.9331302642822,-0.00463669095188379,0.00282718893140554
2.61362338066101,-18.9350452423096,-0.00446693552657962,0.00281968526542187
2.87032437324524,-18.9368343353271,-0.00559586798772216,0.00283827912062407
-1.99019002914429,-19.1546573638916,-0.00536926602944732,0.00304524227976799
-1.73500382900238,-19.1559963226318,-0.00364395300857723,0.00305191427469254
-1.47959983348846,-19.1576023101807,-0.00267867604270577,0.00305418390780687
-1.22380220890045,-19.1592178344727,-0.00330401607789099,0.00302428379654884
-0.968048453330994,-19.1608867645264,-0.00349296606145799,0.00300792697817087
-0.712367177009583,-19.1626644134521,-0.00311147584579885,0.00295618362724781
-0.456531077623367,-19.1644439697266,-0.00321466429159045,0.00295621249824762
-0.200235292315483,-19.1664848327637,-0.00516857020556927,0.00301672145724297
0.056374154984951,-19.1686611175537,-0.00830750819295645,0.00307931192219257
0.31272304058075,-19.1706962585449,-0.0100358827039599,0.00306544452905655
0.568743109703064,-19.1724224090576,-0.0100686131045222,0.00292160734534264
0.82444965839386,-19.1739368438721,-0.0084763690829277,0.00281540118157864
1.08009898662567,-19.1753425598145,-0.00641954829916358,0.00283171143382788
1.33594679832458,-19.1768188476562,-0.00503784557804465,0.00293883308768272
1.59187698364258,-19.1784210205078,-0.00379826780408621,0.00295959133654833
1.84795832633972,-19.1802654266357,-0.0029988328460604,0.00283167138695717
2.10415554046631,-19.1822032928467,-0.00249234982766211,0.00274916086345911
2.36056041717529,-19.1840839385986,-0.00270237657241523,0.00271464977413416
2.61688709259033,-19.185941696167,-0.00234482996165752,0.0027041370049119
2.87365341186523,-19.1877937316895,-0.00372897344641387,0.00270407181233168
-1.98612654209137,-19.4054794311523,-0.00749998306855559,0.00300469528883696
-1.73126435279846,-19.4067573547363,-0.00424177572131157,0.0029779989272356
-1.47597014904022,-19.4084415435791,-0.00272552575916052,0.00297366548329592
-1.22029626369476,-19.4101505279541,-0.00273751490749419,0.00292327627539635
-0.964259803295135,-19.4120407104492,-0.00417316239327192,0.00288026966154575
-0.708233416080475,-19.4139232635498,-0.00533080752938986,0.0028590252622962
-0.452456265687943,-19.4157161712646,-0.00512427976354957,0.00290240626782179
-0.196509152650833,-19.4176082611084,-0.00546058220788836,0.00293844752013683
0.0598981268703938,-19.4197292327881,-0.00764817744493484,0.0029308870434761
0.316320896148682,-19.4218158721924,-0.0096757560968399,0.00286941695958376
0.572319626808167,-19.4235572814941,-0.00957739353179932,0.00273862760514021
0.827889919281006,-19.4250144958496,-0.00734036415815353,0.00267771072685719
1.08356690406799,-19.4264278411865,-0.00537678180262446,0.00272684451192617
1.33971154689789,-19.4280490875244,-0.00529021630063653,0.00286188628524542
1.59593152999878,-19.4296875,-0.00532001396641135,0.00293290801346302
1.8519994020462,-19.4315090179443,-0.00442583998665214,0.00285473372787237
2.10798764228821,-19.433292388916,-0.00296023604460061,0.0027632312849164
2.36410474777222,-19.4350910186768,-0.00185479992069304,0.00270985346287489
2.62046527862549,-19.4369468688965,-0.00161679100710899,0.00266708061099052
2.87736535072327,-19.4389324188232,-0.00355457025580108,0.00266201980412006
-1.98232674598694,-19.6560039520264,-0.00843768194317818,0.00284383073449135
-1.72785091400146,-19.6572570800781,-0.00335660367272794,0.00283859483897686
-1.47255420684814,-19.659086227417,-0.00180527206975967,0.00285209249705076
-1.21725463867188,-19.660774230957,-6.09405324212275e-05,0.00287030078470707
-0.961097776889801,-19.6629943847656,-0.00199012085795403,0.00289467629045248
-0.704641461372375,-19.6651554107666,-0.00506553426384926,0.00287302024662495
-0.448534309864044,-19.6670150756836,-0.00633148662745953,0.00288009084761143
-0.192465901374817,-19.668924331665,-0.00718449801206589,0.00286741927266121
0.0638307556509972,-19.6709861755371,-0.00883553083986044,0.0028220396488905
0.320107191801071,-19.6729335784912,-0.0101744038984179,0.00274376384913921
0.575872421264648,-19.6745319366455,-0.00899407267570496,0.00266508851200342
0.831170678138733,-19.6759128570557,-0.00549857411533594,0.00263145845383406
1.08692336082458,-19.6774597167969,-0.00383466831408441,0.00266448780894279
1.34348058700562,-19.6792869567871,-0.00556184770539403,0.00275229010730982
1.60020446777344,-19.6811122894287,-0.00781127763912082,0.0028207590803504
1.85609865188599,-19.6828327178955,-0.00610690331086516,0.00277552288025618
2.11189103126526,-19.6844902038574,-0.00373715464957058,0.00271054077893496
2.36806321144104,-19.6862964630127,-0.00284324935637414,0.0026719868183136
2.62455558776855,-19.6881618499756,-0.00315868877805769,0.00266673322767019
2.88182401657104,-19.6903228759766,-0.00668576033785939,0.00270864274352789
-1.97869622707367,-19.9066524505615,-0.00857933238148689,0.00270855613052845
-1.7243469953537,-19.9079914093018,-0.00286807049997151,0.00273608788847923
-1.46910190582275,-19.9098587036133,-0.0010417194571346,0.00274645630270243
-1.21398282051086,-19.9116077423096,0.00157384015619755,0.00282910000532866
-0.958096921443939,-19.9138069152832,0.000920584832783788,0.00287542585283518
-0.701521098613739,-19.9160709381104,-0.00266570667736232,0.00283428002148867
-0.445046484470367,-19.918098449707,-0.00557067198678851,0.00281708966940641
-0.188734591007233,-19.9200458526611,-0.0075013586319983,0.00279229879379272
0.0674539431929588,-19.9219779968262,-0.00863731931895018,0.00277408584952354
0.323545277118683,-19.9237575531006,-0.00911657884716988,0.00271543208509684
0.579362750053406,-19.925329208374,-0.00814504269510508,0.00266975350677967
0.834757685661316,-19.9267749786377,-0.0050499327480793,0.00264691188931465
1.09054172039032,-19.9284820556641,-0.00347990030422807,0.00263670086860657
1.347128033638,-19.9305076599121,-0.00528601510450244,0.00268063880503178
1.60407030582428,-19.932487487793,-0.00847172178328037,0.00269042793661356
1.85988545417786,-19.9341259002686,-0.00638532219454646,0.00263357907533646
2.1157214641571,-19.9357929229736,-0.00417719129472971,0.00261239148676395
2.3724057674408,-19.9377326965332,-0.00552996806800365,0.00262199994176626
2.62934732437134,-19.9397144317627,-0.00780330551788211,0.00264438148587942
2.88712120056152,-19.9420318603516,-0.0135284028947353,0.00275212991982698
-1.97513663768768,-20.1576271057129,-0.0083604846149683,0.00266664288938046
-1.72059738636017,-20.1591491699219,-0.00347735732793808,0.00269444705918431
-1.46544170379639,-20.1609477996826,-0.00120846624486148,0.00272496370598674
-1.21025335788727,-20.1627254486084,0.00112512765917927,0.00278107356280088
-0.954464554786682,-20.1648044586182,0.000942000770010054,0.002781399525702
-0.698150813579559,-20.1669788360596,-0.00141538877505809,0.00273445388302207
-0.441504180431366,-20.1691608428955,-0.00506214378401637,0.00271470379084349
-0.185022130608559,-20.1711196899414,-0.00773729803040624,0.00275473482906818
0.0709909275174141,-20.1728668212891,-0.00805669650435448,0.00277102179825306
0.326756209135056,-20.1744613647461,-0.00703644892200828,0.00272814836353064
0.582463145256042,-20.1760387420654,-0.00553271267563105,0.00269120279699564
0.838311195373535,-20.1776466369629,-0.00444879196584225,0.00266016274690628
1.09457683563232,-20.1796035766602,-0.00500157848000526,0.00265613105148077
1.35118067264557,-20.1817779541016,-0.00683613680303097,0.00267327670007944
1.60775780677795,-20.1837196350098,-0.00834264606237411,0.0026417151093483
1.86361050605774,-20.185417175293,-0.00638582184910774,0.00256037805229425
2.11993288993835,-20.1871776580811,-0.00631914054974914,0.00253004487603903
2.37714862823486,-20.1892757415771,-0.0100001450628042,0.00257856491953135
2.63453507423401,-20.1915245056152,-0.0141931781545281,0.0025910371914506
2.8926248550415,-20.1939315795898,-0.0212735272943974,0.00272300932556391
-1.97177112102509,-20.4085807800293,-0.00724356528371572,0.00264947069808841
-1.71698951721191,-20.410270690918,-0.00343397213146091,0.00265253568068147
-1.46181929111481,-20.4120216369629,-0.0012034602696076,0.00265916530042887
-1.20638763904572,-20.4138374328613,4.65781922684982e-05,0.00265923840925097
-0.950385689735413,-20.4158382415771,-0.0010893230792135,0.00264283455908298
-0.694043278694153,-20.4179935455322,-0.00354188471101224,0.00262403255328536
-0.43749475479126,-20.4201812744141,-0.00670000584796071,0.00265736319124699
-0.181197717785835,-20.4221038818359,-0.0084952050819993,0.00274175358936191
0.0744794383645058,-20.4237880706787,-0.00725210551172495,0.00278072152286768
0.329884260892868,-20.4252738952637,-0.00456869183108211,0.002749839797616
0.585496962070465,-20.4268798828125,-0.00260530854575336,0.00268761767074466
0.84194004535675,-20.4287567138672,-0.00416626175865531,0.00263770017772913
1.09890139102936,-20.4309959411621,-0.00780771998688579,0.00262908404693007
1.35542786121368,-20.4330711364746,-0.009263108484447,0.0026315338909626
1.611363530159,-20.4348468780518,-0.0078555615618825,0.00260499678552151
1.86725473403931,-20.4366664886475,-0.0060276361182332,0.00253493944182992
2.12396454811096,-20.438570022583,-0.0076530915684998,0.00250392593443394
2.38143587112427,-20.4408912658691,-0.0124209122732282,0.00251287315040827
2.63908958435059,-20.4431934356689,-0.0177664123475552,0.00252152560278773
2.89714670181274,-20.4456119537354,-0.0246578454971313,0.00260878866538405
-1.96855366230011,-20.6593074798584,-0.00546342460438609,0.00261333538219333
-1.7137553691864,-20.6610298156738,-0.00169721513520926,0.00258078752085567
-1.45854294300079,-20.6627616882324,0.00036746243131347,0.00258889887481928
-1.20301342010498,-20.6646060943604,0.00119951879605651,0.00257786782458425
-0.946715295314789,-20.6666297912598,-0.00126567110419273,0.00258230278268456
-0.690212786197662,-20.668773651123,-0.00442055985331535,0.00259921234101057
-0.433697789907455,-20.6709785461426,-0.00738720688968897,0.00266806548461318
-0.177503868937492,-20.6729774475098,-0.00866778753697872,0.00272514624521136
0.0781872346997261,-20.6748294830322,-0.0074371499940753,0.00275743054226041
0.333586424589157,-20.6764717102051,-0.00467817904427648,0.00275157019495964
0.589371502399445,-20.6781978607178,-0.00345220067538321,0.00264915358275175
0.846356451511383,-20.6804084777832,-0.00740280840545893,0.00256187049672008
1.1034437417984,-20.6827201843262,-0.011567029170692,0.00250952504575253
1.35961663722992,-20.6846160888672,-0.0114009529352188,0.00250694341957569
1.61520385742188,-20.6862316131592,-0.00840021949261427,0.00253730686381459
1.87096869945526,-20.6879367828369,-0.00598049163818359,0.00254061026498675
2.12760710716248,-20.6898345947266,-0.00725221494212747,0.0025152238085866
2.38495135307312,-20.6921138763428,-0.0114225894212723,0.00244848476722836
2.64249634742737,-20.6944408416748,-0.0162476785480976,0.00242881383746862
2.90032315254211,-20.6968173980713,-0.0220863576978445,0.00244685402140021
-1.96529853343964,-20.909969329834,-0.0038667896296829,0.00257222214713693
-1.71065771579742,-20.9116077423096,0.00065225240541622,0.00250546773895621
-1.45530867576599,-20.9134178161621,0.00212289812043309,0.0025156014598906
-1.20000565052032,-20.9151916503906,0.00402295123785734,0.00252012349665165
-0.943795084953308,-20.9172210693359,0.00199039513245225,0.00255990633741021
-0.687358856201172,-20.9193897247314,-0.000830328790470958,0.00259296363219619
-0.430621057748795,-20.9217548370361,-0.00477571459487081,0.00264005735516548
-0.174095436930656,-20.9239063262939,-0.00752990413457155,0.00266276346519589
0.0820363461971283,-20.9260425567627,-0.00825082510709763,0.00267839571461082
0.337922155857086,-20.927942276001,-0.00764711759984493,0.00266705034300685
0.594294667243958,-20.9299793243408,-0.00902062561362982,0.00255029974505305
0.851147890090942,-20.9322624206543,-0.0123210838064551,0.00244971085339785
1.10750794410706,-20.9342498779297,-0.0131808333098888,0.0023921886458993
1.36337149143219,-20.9360752105713,-0.0115871382877231,0.00238913157954812
1.61885559558868,-20.9376182556152,-0.00809486955404282,0.00247380184009671
1.87458288669586,-20.9392566680908,-0.00547915371134877,0.0025235335342586
2.13107299804688,-20.9411487579346,-0.00605353247374296,0.00249080918729305
2.38822340965271,-20.9433193206787,-0.00933433789759874,0.00238774670287967
2.64545011520386,-20.9455013275146,-0.01272202283144,0.00233905343338847
2.90307331085205,-20.9478073120117,-0.0176321752369404,0.0023135282099247
-1.96198630332947,-21.1607284545898,-0.00252634868957102,0.00250209798105061
-1.70744669437408,-21.1622657775879,0.00248278165236115,0.00241794087924063
-1.45192694664001,-21.164234161377,0.00321128591895103,0.00242374115623534
-1.19675064086914,-21.1659755706787,0.00572512717917562,0.00241950107738376
-0.940744519233704,-21.1680297851562,0.00466692540794611,0.00249787466600537
-0.684237241744995,-21.170295715332,0.00155829673167318,0.00253369845449924
-0.427372574806213,-21.1726531982422,-0.00294019700959325,0.00254725106060505
-0.170703887939453,-21.1748523712158,-0.00631397496908903,0.00255499361082911
0.085796944797039,-21.1771106719971,-0.00867574103176594,0.00258321454748511
0.342256009578705,-21.1793384552002,-0.0106159839779139,0.00259479181841016
0.598953068256378,-21.1816959381104,-0.0133925816044211,0.00250643258914351
0.855429649353027,-21.1838321685791,-0.0149556305259466,0.00243537314236164
1.11121428012848,-21.1855716705322,-0.0131957605481148,0.00239092810079455
1.36685860157013,-21.1872596740723,-0.0105909379199147,0.0023940852843225
1.62250292301178,-21.1889171600342,-0.00777826923877001,0.0024573365226388
1.87835431098938,-21.1906394958496,-0.00567976851016283,0.00247107725590467
2.13471150398254,-21.1925239562988,-0.00562331918627024,0.00241466611623764
2.39163947105408,-21.1945323944092,-0.00789105612784624,0.0023347707465291
2.64854025840759,-21.1966361999512,-0.00979853793978691,0.00227116653695703
2.90600252151489,-21.198860168457,-0.0139707000926137,0.00223349034786224
-1.95878732204437,-21.4115695953369,-0.000653354334644973,0.00238200346939266
-1.7041836977005,-21.4130935668945,0.00408895593136549,0.00231489725410938
-1.448606133461,-21.4151496887207,0.00459019420668483,0.00236352160573006
-1.19327652454376,-21.4169502258301,0.00643483735620975,0.00237537571229041
-0.937170743942261,-21.4191474914551,0.00496509345248342,0.00243753497488797
-0.68040269613266,-21.4216461181641,0.000716028618626297,0.00246176612563431
-0.423351019620895,-21.4240303039551,-0.00460131326690316,0.0024300457444042
-0.166722938418388,-21.4261035919189,-0.00776421232149005,0.00244097365066409
0.089620552957058,-21.428150177002,-0.00939218979328871,0.00247586891055107
0.346115261316299,-21.4303588867188,-0.0114610372111201,0.00248897494748235
0.602672815322876,-21.4327068328857,-0.013568414375186,0.00245214207097888
0.858852863311768,-21.4347839355469,-0.0137575231492519,0.00247230427339673
1.1145144701004,-21.4365139007568,-0.0114101637154818,0.00249781785532832
1.37024879455566,-21.4382228851318,-0.00918018445372581,0.00248459028080106
1.62616813182831,-21.4400672912598,-0.00755701819434762,0.00243171071633697
1.88219928741455,-21.4419536590576,-0.00621764361858368,0.00236997846513987
2.13845062255859,-21.4438953399658,-0.00564533798024058,0.00234337849542499
2.39515900611877,-21.4458408355713,-0.00690191145986319,0.00230425922200084
2.65209031105042,-21.4479732513428,-0.00891069043427706,0.0022697327658534
2.90948557853699,-21.4501438140869,-0.0127576747909188,0.00223263399675488
-1.95570492744446,-21.6623401641846,0.00175256642978638,0.00225281470920891
-1.70093488693237,-21.6639747619629,0.00576469348743558,0.00222260574810207
-1.4452223777771,-21.6660423278809,0.00567458942532539,0.00227440649177879
-1.18969428539276,-21.6679515838623,0.00664684269577265,0.00231936317868531
-0.933205783367157,-21.6703834533691,0.00347344996407628,0.00236053904518485
-0.676046967506409,-21.6730461120605,-0.0025168745778501,0.00234902114607394
-0.418822258710861,-21.675479888916,-0.0085816103965044,0.00233042775653303
-0.162412479519844,-21.677339553833,-0.0107249822467566,0.00238237297162414
0.0933108925819397,-21.6789665222168,-0.00952372886240482,0.00244607799686491
0.349413335323334,-21.6810207366943,-0.00978636089712381,0.00246757734566927
0.605861008167267,-21.6833934783936,-0.0113609787076712,0.00246132537722588
0.862030923366547,-21.6855411529541,-0.0114674707874656,0.00250553013756871
1.11788988113403,-21.6874771118164,-0.00996319577097893,0.0025350758805871
1.37380528450012,-21.6893882751465,-0.00849990919232368,0.00246484181843698
1.62998127937317,-21.6914215087891,-0.00798272527754307,0.00234525185078382
1.88604640960693,-21.6933517456055,-0.00675702234730124,0.00229733902961016
2.14238858222961,-21.6953983306885,-0.0065468936227262,0.00233988999389112
2.39929413795471,-21.6974411010742,-0.00864118803292513,0.00232620281167328
2.65606284141541,-21.699499130249,-0.00989356637001038,0.00232482678256929
2.91337561607361,-21.7016544342041,-0.0133378691971302,0.00228569493629038
-1.95266926288605,-21.9129333496094,0.00435558799654245,0.00219349039252847
-1.69758903980255,-21.9148235321045,0.00698634469881654,0.0021865144954063
-1.44160008430481,-21.917064666748,0.00566820101812482,0.00224289135076106
-1.18586802482605,-21.9191589355469,0.0057528717443347,0.0023036563070491
-0.929153442382812,-21.9216766357422,0.00158381357323378,0.00232626497745514
-0.672006964683533,-21.9241886138916,-0.00432674773037434,0.00232017424423248
-0.414856493473053,-21.9265327453613,-0.0100221559405327,0.00229549291543663
-0.158421292901039,-21.9284248352051,-0.0122414147481322,0.00232442677952349
0.0972499176859856,-21.930196762085,-0.0107495104894042,0.00240351911634207
0.353318959474564,-21.9323825836182,-0.0108094736933708,0.00244915904477239
0.609694361686707,-21.9347019195557,-0.0120241362601519,0.00246724463067949
0.865722835063934,-21.9367179870605,-0.0114668337628245,0.00247806357219815
1.12165689468384,-21.9386863708496,-0.0102652544155717,0.00246653705835342
1.37778055667877,-21.9407691955566,-0.00969080533832312,0.00234020641073585
1.63408017158508,-21.9429054260254,-0.00968371145427227,0.00224317843094468
1.89005792140961,-21.9448184967041,-0.00802917126566172,0.00221601105295122
2.14640998840332,-21.9468479156494,-0.00782808195799589,0.00229410082101822
2.40331268310547,-21.949031829834,-0.00985993072390556,0.00231509609147906
2.66003751754761,-21.9510650634766,-0.0108803799375892,0.002339102094993
2.91694402694702,-21.953088760376,-0.0124897994101048,0.00230544898658991
-2.20621800422668,-22.1612110137939,0.0114698419347405,0.00257769436575472
-1.94980275630951,-22.1634540557861,0.00773487007245421,0.00227550690760836
-1.69406843185425,-22.1657028198242,0.00739964284002781,0.00223765469854698
-1.43793511390686,-22.168025970459,0.00545638799667358,0.0022605142876273
-1.18192648887634,-22.1703681945801,0.00432614050805569,0.00231896375771612
-0.925399303436279,-22.1728019714355,0.00104880763683468,0.00235313846496865
-0.668724358081818,-22.1750736236572,-0.00268380506895483,0.00236355804372579
-0.411926478147507,-22.1773109436035,-0.00674241688102484,0.00232337671332061
-0.15519791841507,-22.1794719696045,-0.0102488026022911,0.0022622412070632
0.101065315306187,-22.1816387176514,-0.0113894995301962,0.00229992112144828
0.357618242502213,-22.184154510498,-0.0135849211364985,0.00235768838319927
0.614098429679871,-22.1865062713623,-0.0152327790856361,0.00238320813514292
0.869924783706665,-22.1883640289307,-0.0137331234291196,0.00236616469919682
1.12574005126953,-22.1901073455811,-0.0119773950427771,0.00231901160441339
1.38180446624756,-22.1921825408936,-0.0110982861369848,0.00222099106758833
1.63803601264954,-22.1943912506104,-0.0107400016859174,0.00214142492040992
1.89417374134064,-22.196460723877,-0.00975228287279606,0.00212282640859485
2.15056037902832,-22.1985111236572,-0.00966730527579784,0.00218630954623222
2.40718698501587,-22.2005863189697,-0.0104341385886073,0.00221890455577523
2.6636860370636,-22.2025585174561,-0.0104162478819489,0.00223759631626308
2.91975378990173,-22.2042140960693,-0.00828505400568247,0.00221580849029124
-2.20278215408325,-22.4119625091553,0.0121934963390231,0.00242193118901923
-1.94684863090515,-22.414098739624,0.0107178837060928,0.00229552813107148
-1.69058156013489,-22.4165897369385,0.00796793960034847,0.00225904025137424
-1.43416547775269,-22.4191570281982,0.00477663148194551,0.00227779592387378
-1.17779159545898,-22.4216651916504,0.00201406911946833,0.00233224200201221
-0.921601831912994,-22.4239540100098,0.000315691315336153,0.00239237360801781
-0.665631651878357,-22.4259338378906,-0.000172115076566115,0.00242338546377141
-0.409336060285568,-22.4280033111572,-0.00191475241445005,0.00238623539917171
-0.15245009958744,-22.4304294586182,-0.0060897758230567,0.00226291036233306
0.10475692152977,-22.4331455230713,-0.0114579182118177,0.00223071780055761
0.362074017524719,-22.4358730316162,-0.0170796122401953,0.0022800782462582
0.618855714797974,-22.4383411407471,-0.0200448054820299,0.00231977738440037
0.874543130397797,-22.4402179718018,-0.0178680382668972,0.00229694461449981
1.1299569606781,-22.4417915344238,-0.0142687214538455,0.00221809826325625
1.38574171066284,-22.4437255859375,-0.0121006155386567,0.00212989805731922
1.64182758331299,-22.4459018707275,-0.0110520552843809,0.0020589588675648
1.89820730686188,-22.4480972290039,-0.0111061129719019,0.00202070630621165
2.15469861030579,-22.4502716064453,-0.0114407744258642,0.00205644825473428
2.41074299812317,-22.4519557952881,-0.00960058532655239,0.0021037767874077
2.66692781448364,-22.4539623260498,-0.00814076326787472,0.00210269377566874
2.92235231399536,-22.4552707672119,-0.00314305629581213,0.00208208680851385
3.17949080467224,-22.4572429656982,-0.00551505340263247,0.00212026864755899
-2.19931077957153,-22.6628246307373,0.0127606736496091,0.00223373704648111
-1.94371271133423,-22.6648788452148,0.0128698237240314,0.00217900302686758
-1.68724513053894,-22.6675491333008,0.00923964288085699,0.00220689544221386
-1.43060541152954,-22.6701545715332,0.00505028059706092,0.00221494754077867
-1.17402756214142,-22.6727695465088,0.0013927489053458,0.00226936175022274
-0.917752802371979,-22.6751346588135,-0.00065294373780489,0.00235534593230113
-0.661804020404816,-22.6771125793457,-0.00100586912594736,0.00238104828167707
-0.40565213561058,-22.6791515350342,-0.00205609598197043,0.00234375579748303
-0.149049788713455,-22.6814727783203,-0.00490877218544483,0.00223084001481766
0.108275629580021,-22.6841621398926,-0.0107884323224425,0.00216193843516521
0.366324633359909,-22.6872081756592,-0.0196798201650381,0.00216368079418316
0.623494505882263,-22.6897735595703,-0.0243606343865395,0.00219642010051757
0.879104018211365,-22.6918678283691,-0.0217638108879328,0.00220977200660855
1.13394498825073,-22.6934146881104,-0.0155299622565508,0.00217551254900172
1.38934338092804,-22.6951599121094,-0.0115975327789783,0.00209520867792889
1.64534199237823,-22.6972179412842,-0.0101340329274535,0.00201724824728444
1.90190947055817,-22.6994972229004,-0.010991976596415,0.00198627932695672
2.15841007232666,-22.7017688751221,-0.0113251330330968,0.00201445887796581
2.41419553756714,-22.7033576965332,-0.00829862244427204,0.00201290263794363
2.66996479034424,-22.7051906585693,-0.00496596237644553,0.00201299294712953
2.92543888092041,-22.706470489502,-0.000166295722010545,0.00197118088544812
3.1826057434082,-22.7084808349609,-0.00263238721527159,0.002016599448325
-2.45094847679138,-22.9122047424316,0.0111920703202486,0.00177139067091048
-2.19573020935059,-22.9139232635498,0.012843506410718,0.00202807359164581
-1.94031631946564,-22.915885925293,0.0138330198824406,0.00202719221124426
-1.68375170230865,-22.9185619354248,0.00978770945221186,0.00210004046675749
-1.42717456817627,-22.9211521148682,0.00592048978433013,0.00211723938173236
-1.17049205303192,-22.9238166809082,0.00181805121246725,0.00217069138307124
-0.913748919963837,-22.926399230957,-0.00232765078544617,0.00222127459710464
-0.657377004623413,-22.9285774230957,-0.00456584990024567,0.00221631757449359
-0.401043117046356,-22.9306602478027,-0.00640404038131237,0.00218169164145365
-0.144741609692574,-22.9329280853271,-0.00784134306013584,0.00211516820127144
0.112243838608265,-22.9354133605957,-0.0121485618874431,0.00210183410672471
0.370274394750595,-22.9385547637939,-0.0209081713110209,0.00214007277099881
0.627623379230499,-22.9412021636963,-0.0263581238687038,0.00218693922215607
0.883175492286682,-22.9432601928711,-0.0234656240791082,0.00220020436972845
1.13758492469788,-22.9446907043457,-0.0152505096048117,0.00218781364674214
1.3928724527359,-22.9463577270508,-0.0107913492247462,0.00208904801002063
1.64906215667725,-22.948392868042,-0.0101590789854527,0.0020071263797945
1.90565729141235,-22.95068359375,-0.0111058121547103,0.00199294701087638
2.16189432144165,-22.9529266357422,-0.0102229509502649,0.00203091625371599
2.41762185096741,-22.9546871185303,-0.00688745127990842,0.00198583188466728
2.67354154586792,-22.9563426971436,-0.00421471055597067,0.00195975275710225
2.92911505699158,-22.9579925537109,0.000213539155083708,0.0018888296908699
3.18606376647949,-22.9600868225098,-0.00123863050248474,0.00189192977268249
3.44289016723633,-22.962230682373,-0.00191578292287886,0.00172619381919503
-2.44720530509949,-23.1633682250977,0.0104861613363028,0.0017616399563849
-2.19177508354187,-23.1653118133545,0.0112109435722232,0.00192446808796376
-1.93632709980011,-23.1673030853271,0.012084661051631,0.00196274078916758
-1.67973852157593,-23.1699733734131,0.00796692445874214,0.00202455883845687
-1.42332422733307,-23.1724681854248,0.0048821191303432,0.0020722015760839
-1.1665745973587,-23.175142288208,0.000508752767927945,0.00214581348700449
-0.909696102142334,-23.1777458190918,-0.0042206053622067,0.00215080212365137
-0.653146982192993,-23.1800289154053,-0.00722319725900888,0.00210039835656062
-0.396682322025299,-23.1821937561035,-0.00961204618215561,0.00204963143914938
-0.140568435192108,-23.1844444274902,-0.0101505201309919,0.00201793044107035
0.116100981831551,-23.1869239807129,-0.0129748219624162,0.00206012616399676
0.373634666204453,-23.1898059844971,-0.0194602478295565,0.00211247056722641
0.630761742591858,-23.192346572876,-0.0238801892846823,0.00215213478077203
0.886480867862701,-23.1944370269775,-0.0217125006020069,0.00214908370980993
1.14122653007507,-23.1959896087646,-0.0149766784161329,0.00215636816574261
1.3967570066452,-23.1977157592773,-0.011575099080801,0.00207908323500305
1.65308439731598,-23.1997222900391,-0.0115317078307271,0.00203465402591974
1.90960884094238,-23.2019386291504,-0.0121306013315916,0.00203205225989223
2.1657862663269,-23.2042598724365,-0.0109339552000165,0.00203043490182608
2.42157793045044,-23.2062206268311,-0.00782849360257387,0.00195521197747439
2.67752003669739,-23.2080726623535,-0.00519925775006413,0.00191171007463709
2.93355512619019,-23.2099952697754,-0.00276783667504787,0.00189811870222911
3.19052600860596,-23.2122917175293,-0.00425688643008471,0.00189923384459689
3.4477972984314,-23.2146987915039,-0.00684501649811864,0.00178188044810668
-2.69745016098022,-23.4129695892334,0.00253829639405012,0.00182401714846492
-2.44267559051514,-23.4149913787842,0.00615599472075701,0.00173724140040576
-2.18712878227234,-23.4171314239502,0.00640475749969482,0.00183806545101106
-1.93139433860779,-23.4192886352539,0.00601128581911325,0.00192365073598921
-1.67551910877228,-23.4215297698975,0.0052035553380847,0.00200064771343023
-1.41904139518738,-23.4240303039551,0.00186744914390147,0.00207311962731183
-1.16229724884033,-23.4266300201416,-0.00244685774669051,0.00214198301546276
-0.905714809894562,-23.4291114807129,-0.00578342797234654,0.00211301125818864
-0.649653553962708,-23.4312534332275,-0.00651964591816068,0.0020833583548665
-0.393718540668488,-23.4332733154297,-0.0064605725929141,0.00206398018053733
-0.137701451778412,-23.4354801177979,-0.00653159664943814,0.00204580980789615
0.118943423032761,-23.4380722045898,-0.00920457392930984,0.00206073926528916
0.376157730817795,-23.44091796875,-0.014210557565093,0.00206854214775376
0.632986783981323,-23.4433116912842,-0.0172657500952482,0.00206726789474487
0.889002084732056,-23.4453277587891,-0.0164297632873058,0.00205219798954204
1.14466619491577,-23.4472255706787,-0.0137948635965586,0.00208161608316004
1.40073704719543,-23.4491348266602,-0.0127850072458386,0.00208754115737975
1.65702617168427,-23.4511909484863,-0.0125260436907411,0.00206309283385053
1.91352796554565,-23.4533748626709,-0.01298962906003,0.00202348496532068
2.16980981826782,-23.4556903839111,-0.0122267324477434,0.00197128672152758
2.42589044570923,-23.4578495025635,-0.0103593217208982,0.00193787613534369
2.68188667297363,-23.4598846435547,-0.0079122195020318,0.00196033195243217
2.93849039077759,-23.46217918396,-0.00794159341603518,0.00192817724018823
3.19526171684265,-23.4645900726318,-0.00848335586488247,0.00193357872194611
3.45221447944641,-23.4668273925781,-0.00962857808917761,0.00182449462590739
3.70799708366394,-23.4683666229248,-0.00542789325118065,0.00183011771878228
-2.69390773773193,-23.6642742156982,0.00274249538779259,0.00183861469849944
-2.4386465549469,-23.6664409637451,0.00414120592176914,0.00174455484375358
-2.18277430534363,-23.6687870025635,0.0029377993196249,0.00178014184348285
-1.92712080478668,-23.6708831787109,0.00295718759298325,0.00185962463729084
-1.67081892490387,-23.6733741760254,0.000240336084971204,0.0019504395313561
-1.41433250904083,-23.6758575439453,-0.00309174857102334,0.00204791384749115
-1.15794396400452,-23.6782722473145,-0.00573782902210951,0.00209508219268173
-0.902045726776123,-23.6804103851318,-0.00591665785759687,0.00205005693715066
-0.646614670753479,-23.6822853088379,-0.00374788022600114,0.00203102838713676
-0.391053199768066,-23.684196472168,-0.0019570398144424,0.00205919228028506
-0.135150566697121,-23.6863689422607,-0.00148188008461148,0.00207014172337949
0.121465496718884,-23.689001083374,-0.0039942660368979,0.00205645483219996
0.378546863794327,-23.691801071167,-0.00837466772645712,0.0020298472372815
0.635392189025879,-23.6942310333252,-0.0114772403612733,0.00199808645993471
0.891831576824188,-23.6963958740234,-0.0125281848013401,0.00199261944362661
1.14849030971527,-23.6987285614014,-0.0143267763778567,0.00204189368196239
1.40482842922211,-23.7007865905762,-0.0144740398973227,0.00211331409445847
1.66080224514008,-23.7027168273926,-0.0127667840570211,0.00212548159072412
1.91709423065186,-23.7048416137695,-0.0122564323246479,0.00202812254428864
2.17376399040222,-23.7072067260742,-0.0131985368207097,0.00192021708062384
2.43017578125,-23.7095279693604,-0.0127614121884108,0.00191511082812212
2.68629360198975,-23.7117328643799,-0.0108014475554228,0.00198226410429925
2.94280123710632,-23.7140960693359,-0.0103527409955859,0.00194130511954427
3.19958305358887,-23.7164001464844,-0.0109134437516332,0.00192672532284632
3.45609474182129,-23.7183246612549,-0.0100900633260608,0.00184524245560169
3.71179103851318,-23.7196273803711,-0.00549519946798682,0.00191333668772131
-2.943922996521,-23.9146041870117,-0.00612149201333523,0.00185677409172058
-2.69030237197876,-23.9156074523926,0.00265259225852787,0.00185956200584769
-2.43513894081116,-23.9176197052002,0.00452841306105256,0.00178888719528913
-2.17933797836304,-23.9198551177979,0.00367969158105552,0.00180851435288787
-1.92326283454895,-23.9222736358643,0.0018092259997502,0.00181141775101423
-1.66669595241547,-23.9248523712158,-0.0020881425589323,0.00186771410517395
-1.41041338443756,-23.927116394043,-0.00445991707965732,0.00192316481843591
-1.15455389022827,-23.9291973114014,-0.00466021848842502,0.00189313245937228
-0.898943543434143,-23.931266784668,-0.0034864186309278,0.00185831217095256
-0.643278360366821,-23.9334201812744,-0.00233406759798527,0.00189622165635228
-0.387557119131088,-23.9355278015137,-0.00122238195035607,0.00198133965022862
-0.131792843341827,-23.9376392364502,-8.64136309246533e-05,0.00201219983864576
0.124442309141159,-23.940055847168,-0.000848672643769532,0.00200740445870906
0.381201088428497,-23.9426708221436,-0.00374927208758891,0.00197911623399705
0.638065695762634,-23.9451351165771,-0.00691048894077539,0.00194599019596353
0.894844055175781,-23.9474868774414,-0.00945512857288122,0.00192480732221156
1.15198922157288,-23.9500617980957,-0.01340351998806,0.00199062522733584
1.40836977958679,-23.9522285461426,-0.0136977639049292,0.00208715326152742
1.66446053981781,-23.9543342590332,-0.012466236948967,0.00211802497506142
1.9207204580307,-23.9565238952637,-0.0117701152339578,0.00202744343550876
2.17745566368103,-23.9588718414307,-0.0129736196249723,0.00189330510329455
2.43398141860962,-23.9611053466797,-0.0130233857780695,0.00186317914631218
2.69029307365417,-23.9633235931396,-0.0118936123326421,0.00192062382120639
2.94685697555542,-23.9656314849854,-0.0116650816053152,0.00187311810441315
3.20329022407532,-23.9676837921143,-0.0106617286801338,0.00184242322575301
3.45990705490112,-23.9696311950684,-0.0102685457095504,0.00187048513907939
3.7159857749939,-23.9711952209473,-0.00730888592079282,0.00198722654022276
3.9729528427124,-23.973388671875,-0.00801123306155205,0.00206694309599698
-2.94151544570923,-24.1648826599121,-0.000750481383875012,0.00185198057442904
-2.68722796440125,-24.1664142608643,0.00498712435364723,0.00183248054236174
-2.43211770057678,-24.1684017181396,0.00714003900066018,0.00179258966818452
-2.17618608474731,-24.1707706451416,0.00572778098285198,0.00181961385533214
-1.92013871669769,-24.1731872558594,0.0040181577205658,0.00184046057984233
-1.66363966464996,-24.175724029541,0.000462302123196423,0.00185873173177242
-1.40742897987366,-24.177942276001,-0.00155101635027677,0.00183061952702701
-1.1515885591507,-24.1800174713135,-0.00163451908156276,0.00175257329829037
-0.895760118961334,-24.1821842193604,-0.00142568699084222,0.00173741299659014
-0.639445066452026,-24.184720993042,-0.00318875955417752,0.00182694057002664
-0.383163005113602,-24.1871376037598,-0.004579849075526,0.00192258134484291
-0.127448543906212,-24.189266204834,-0.00317117874510586,0.00195029936730862
0.128410831093788,-24.1914291381836,-0.0022015196736902,0.00193379679694772
0.384711503982544,-24.1937980651855,-0.00300106615759432,0.00190537422895432
0.641379833221436,-24.1962127685547,-0.00524117751047015,0.00188590853940696
0.898305594921112,-24.1987133026123,-0.00840701349079609,0.0018734767800197
1.15572440624237,-24.2015132904053,-0.0135382870212197,0.00191382272168994
1.41212701797485,-24.2038459777832,-0.0138789527118206,0.0019848186057061
1.6681877374649,-24.2060165405273,-0.0124693736433983,0.00204991654027253
1.92428410053253,-24.208137512207,-0.0110087282955647,0.00202459190040827
2.18084907531738,-24.2104091644287,-0.0114224664866924,0.00192969606723636
2.43730449676514,-24.2125663757324,-0.0111322123557329,0.00187308108434081
2.69377779960632,-24.214750289917,-0.0106990877538919,0.00181032170075923
2.95044350624084,-24.2169895172119,-0.0109001817181706,0.0017684114864096
3.20701169967651,-24.2191696166992,-0.010450673289597,0.00182095752097666
3.4637131690979,-24.2212677001953,-0.0103841871023178,0.00181839428842068
3.72026896476746,-24.2232704162598,-0.00946060102432966,0.00191344995982945
3.9774866104126,-24.2257671356201,-0.0112013295292854,0.00189839559607208
-3.1961874961853,-24.4119739532471,0.0119926342740655,0.00194222200661898
-2.93945384025574,-24.4150199890137,0.00622352957725525,0.00184461614117026
-2.68436741828918,-24.4170551300049,0.00830169394612312,0.00179186183959246
-2.42859435081482,-24.4194202423096,0.00743077136576176,0.00179267534986138
-2.17324495315552,-24.4215221405029,0.00873804837465286,0.00176628632470965
-1.91726231575012,-24.4239521026611,0.00736010260879993,0.00179197685793042
-1.66091895103455,-24.4264965057373,0.00455613620579243,0.0018395883962512
-1.40455424785614,-24.4288597106934,0.00187313579954207,0.00182079942896962
-1.14848351478577,-24.4310665130615,0.000769059697631747,0.00172405550256371
-0.892343878746033,-24.4334049224854,-0.00040665635606274,0.00171189242973924
-0.635659754276276,-24.4361667633057,-0.00380857428535819,0.00183269940316677
-0.37900373339653,-24.4387588500977,-0.00685971090570092,0.00192534015513957
-0.123120687901974,-24.4409866333008,-0.00617174850776792,0.00192512618377805
0.132818326354027,-24.4431610107422,-0.00552274705842137,0.00187953282147646
0.389007091522217,-24.4454250335693,-0.00578077184036374,0.001833037706092
0.645614862442017,-24.4478034973145,-0.00770760141313076,0.00184215232729912
0.902575969696045,-24.4503612518311,-0.0109874913468957,0.00184560450725257
1.15966176986694,-24.4530372619629,-0.0145825343206525,0.00182797922752798
1.41567516326904,-24.4553375244141,-0.0131284045055509,0.00182949565351009
1.67155969142914,-24.4573783874512,-0.0109039908275008,0.00189425074495375
1.92759573459625,-24.4594345092773,-0.0091464351862669,0.0019708665786311
2.1841676235199,-24.4617385864258,-0.00955608859658241,0.0019486634992063
2.44079208374023,-24.4640579223633,-0.00997542589902878,0.00186081579886377
2.69750618934631,-24.466423034668,-0.0105679547414184,0.00174619792960584
2.95420527458191,-24.4687042236328,-0.0108777033165097,0.00168331176973879
3.21076655387878,-24.4709167480469,-0.0103591354563832,0.00173421087674797
3.46733570098877,-24.4730834960938,-0.00966163258999586,0.00176136521622539
3.72386813163757,-24.475170135498,-0.0085914134979248,0.00178307993337512
3.98097586631775,-24.4775924682617,-0.00981982424855232,0.00174776697531343
4.2376971244812,-24.4800415039062,-0.00911166239529848,0.00162926106713712
-3.19260096549988,-24.662956237793,0.0118709905073047,0.00180407892912626
-2.93649911880493,-24.6657218933105,0.00906985625624657,0.00179076194763184
-2.68105006217957,-24.6680030822754,0.00950962118804455,0.00175537308678031
-2.42546153068542,-24.6703319549561,0.0095312288030982,0.00174386100843549
-2.16987347602844,-24.6725807189941,0.00977470632642508,0.00171274738386273
-1.91401767730713,-24.6749858856201,0.00901773944497108,0.00177858071401715
-1.65791833400726,-24.6774768829346,0.00737234530970454,0.00185550935566425
-1.40154492855072,-24.6799507141113,0.00469149043783545,0.00185790611431003
-1.14511358737946,-24.6823825836182,0.00197738874703646,0.00177130522206426
-0.888707160949707,-24.6848564147949,-0.000379646779038012,0.00175938196480274
-0.632189691066742,-24.6874008178711,-0.00300308945588768,0.00185287836939096
-0.375667005777359,-24.689977645874,-0.00540968403220177,0.00190223078243434
-0.11948025226593,-24.6923141479492,-0.00606778217479587,0.00186373456381261
0.13684569299221,-24.6947116851807,-0.00712739443406463,0.00182030140422285
0.393326044082642,-24.6971244812012,-0.00866004545241594,0.00177016109228134
0.650066494941711,-24.6996250152588,-0.0111359870061278,0.00179322925396264
0.906882584095001,-24.7021160125732,-0.0137216104194522,0.00179195683449507
1.16328740119934,-24.7045230865479,-0.0142176887020469,0.00174407148733735
1.418989777565,-24.706636428833,-0.0113425562158227,0.001693808240816
1.6747989654541,-24.7086353302002,-0.00875015184283257,0.00176857085898519
1.93107604980469,-24.7107944488525,-0.00803649984300137,0.00186135107651353
2.1878809928894,-24.7131481170654,-0.00945490878075361,0.00188795104622841
2.44481992721558,-24.7156925201416,-0.0112257339060307,0.00182279502041638
2.70152735710144,-24.7182025909424,-0.0117348190397024,0.00172734330408275
2.95786714553833,-24.720458984375,-0.0104053486138582,0.00165049871429801
3.21416997909546,-24.722620010376,-0.00870460364967585,0.00163738080300391
3.47080874443054,-24.7247180938721,-0.00829267594963312,0.00164272892288864
3.72735834121704,-24.7267837524414,-0.00726891867816448,0.00165757932700217
3.98456478118896,-24.729190826416,-0.0089027788490057,0.00161976739764214
4.24170446395874,-24.731761932373,-0.00999828148633242,0.0015006996691227
-3.44301795959473,-24.9124698638916,0.00501820538192987,0.00171045958995819
-3.18870902061462,-24.9142990112305,0.010351081378758,0.00173181015998125
-2.93300151824951,-24.9168758392334,0.00941769685596228,0.00175996031612158
-2.67731332778931,-24.9193115234375,0.00879246182739735,0.00176532380282879
-2.42175364494324,-24.9216365814209,0.00898698996752501,0.00174593692645431
-2.16603755950928,-24.9239826202393,0.00868256390094757,0.00174439884722233
-1.91033923625946,-24.9263191223145,0.00869002193212509,0.00178534723818302
-1.65450263023376,-24.9286785125732,0.008286377415061,0.00182342296466231
-1.39831697940826,-24.9311618804932,0.0065095373429358,0.00182418245822191
-1.14177179336548,-24.933687210083,0.00331193534657359,0.00176821695640683
-0.88507080078125,-24.9362983703613,-0.000353815266862512,0.00173605279996991
-0.628655672073364,-24.9387912750244,-0.00247604912146926,0.00179144879803061
-0.372462242841721,-24.9411907196045,-0.00335574429482222,0.00180828059092164
-0.116251617670059,-24.9435596466064,-0.00408807350322604,0.00178462639451027
0.140269741415977,-24.9460868835449,-0.00599471665918827,0.00177896535024047
0.39719420671463,-24.94873046875,-0.00949428789317608,0.00177850411273539
0.654115319252014,-24.9513721466064,-0.0127395587041974,0.00181805854663253
0.910438060760498,-24.9537124633789,-0.0130616687238216,0.00179784325882792
1.16635179519653,-24.9558811187744,-0.01132323872298,0.00176315847784281
1.42198348045349,-24.9578247070312,-0.00811652187258005,0.0017410188447684
1.6781975030899,-24.9600582122803,-0.00729779480025172,0.00178239494562149
1.93507051467896,-24.9625377655029,-0.00920110940933228,0.00179643067531288
2.1919732093811,-24.9649677276611,-0.0110122933983803,0.00180132989771664
2.44893383979797,-24.9675178527832,-0.0128417639061809,0.00177632505074143
2.70546507835388,-24.9699420928955,-0.0125322267413139,0.00170465745031834
2.96166586875916,-24.9721508026123,-0.0105493729934096,0.00162238487973809
3.21779823303223,-24.9741516113281,-0.00806975364685059,0.00157332373782992
3.4743709564209,-24.9761848449707,-0.00733645912259817,0.00157135538756847
3.7315776348114,-24.978645324707,-0.00915453117340803,0.00155994994565845
3.98860502243042,-24.9810161590576,-0.0099610248580575,0.00149928405880928
4.24594974517822,-24.9837760925293,-0.0119038596749306,0.00136422598734498
4.50307512283325,-24.9864673614502,-0.0126608954742551,0.00111908139660954
-3.43992877006531,-25.1635093688965,0.00719855725765228,0.0015923148021102
-3.18528389930725,-25.1654682159424,0.0110012926161289,0.0016394779086113
-2.92961430549622,-25.1680335998535,0.0102808885276318,0.00170382857322693
-2.67372488975525,-25.1705760955811,0.00876147858798504,0.00173196289688349
-2.41787123680115,-25.1731052398682,0.00764389848336577,0.00176289398223162
-2.16210412979126,-25.1754131317139,0.00713771861046553,0.00175908952951431
-1.90646719932556,-25.1776390075684,0.00745808333158493,0.00174022233113647
-1.65070199966431,-25.1799507141113,0.00741987908259034,0.00173778971657157
-1.39453864097595,-25.1824779510498,0.00579002127051353,0.00174310430884361
-1.1380922794342,-25.1850337982178,0.00309004355221987,0.00171089638024569
-0.881054222583771,-25.1877632141113,-0.00207981979474425,0.00169860292226076
-0.624594449996948,-25.1903343200684,-0.00435860035941005,0.0017594126984477
-0.368918299674988,-25.1925582885742,-0.00284280651248991,0.00176530936732888
-0.113066345453262,-25.1947937011719,-0.00191170419566333,0.0017507434822619
0.14331442117691,-25.1973114013672,-0.00314525188878179,0.00177652249112725
0.400419980287552,-25.200122833252,-0.00742248864844441,0.00182511564344168
0.657119452953339,-25.202730178833,-0.00963075459003448,0.00188682647421956
0.913232445716858,-25.2049808502197,-0.00898039620369673,0.00186912203207612
1.16894423961639,-25.2069892883301,-0.00631620734930038,0.00184629205614328
1.42485308647156,-25.2090072631836,-0.00433035753667355,0.00184935517609119
1.68167948722839,-25.2115726470947,-0.00621161470189691,0.00183516042307019
1.93879389762878,-25.2142524719238,-0.00914706103503704,0.00176435010507703
2.19556379318237,-25.2166366577148,-0.0103307943791151,0.00169627228751779
2.45223951339722,-25.2189979553223,-0.010868551209569,0.00166607135906816
2.70884728431702,-25.2213802337646,-0.0108741261065006,0.00161958020180464
2.96554851531982,-25.2237720489502,-0.0110747553408146,0.00156776886433363
3.22201466560364,-25.2258834838867,-0.0100356694310904,0.0015304246917367
3.47853374481201,-25.2280311584473,-0.00901199970394373,0.00152472360059619
3.73564887046814,-25.2305450439453,-0.0103783793747425,0.00148552330210805
3.99265575408936,-25.2329921722412,-0.0110463127493858,0.00146034639328718
4.24978017807007,-25.2356662750244,-0.0119880344718695,0.00136677408590913
4.5065770149231,-25.2381324768066,-0.0112812528386712,0.00122116506099701
-3.69136500358582,-25.4127712249756,0.00521200196817517,0.00143392104655504
-3.43668532371521,-25.4146289825439,0.0086596142500639,0.00147216208279133
-3.181973695755,-25.4165496826172,0.0121782263740897,0.00152740720659494
-2.92624402046204,-25.4190139770508,0.0112008787691593,0.00160809047520161
-2.67041516304016,-25.4216156005859,0.0100065004080534,0.00166445504873991
-2.41432809829712,-25.4242858886719,0.00784932728856802,0.00172014627605677
-2.15844416618347,-25.4266910552979,0.00684686657041311,0.00169997662305832
-1.90265369415283,-25.4289951324463,0.00650005135685205,0.00164385279640555
-1.64662671089172,-25.4314804077148,0.00530507788062096,0.00165368895977736
-1.39021265506744,-25.4341735839844,0.00257476279512048,0.00166909396648407
-1.13360869884491,-25.4368419647217,-0.00079705158714205,0.00166994938626885
-0.876443684101105,-25.4397144317627,-0.00649161590263247,0.00169084081426263
-0.620297014713287,-25.4420604705811,-0.00730897905305028,0.00175887765362859
-0.3651322722435,-25.4440269470215,-0.00343124382197857,0.00176681857556105
-0.109731160104275,-25.4461059570312,-0.000414640293456614,0.0017453795298934
0.146388992667198,-25.4485397338867,-0.000432623899541795,0.00176437525078654
0.403203338384628,-25.4512252807617,-0.00336484098806977,0.00183348264545202
0.659624040126801,-25.4537467956543,-0.00428593112155795,0.00191507721319795
0.915808618068695,-25.4560508728027,-0.00392975332215428,0.00191300548613071
1.17177820205688,-25.4581756591797,-0.00239612115547061,0.00188080687075853
1.42815136909485,-25.4604206085205,-0.00245773396454751,0.00187954679131508
1.68523919582367,-25.4631538391113,-0.00546911079436541,0.00184593116864562
1.94230949878693,-25.4658679962158,-0.00816727709025145,0.0017608068883419
2.19902944564819,-25.4682941436768,-0.00908845104277134,0.00166137050837278
2.4554271697998,-25.4706516265869,-0.00834494736045599,0.00159443076699972
2.71200156211853,-25.4729537963867,-0.00817981921136379,0.00154288532212377
2.96900296211243,-25.4754638671875,-0.00967831257730722,0.00150508806109428
3.22603797912598,-25.4778423309326,-0.0111148664727807,0.00145586393773556
3.48289775848389,-25.4802360534668,-0.0115415118634701,0.00145319709554315
3.73976302146912,-25.4826641082764,-0.0117672616615891,0.00148656126111746
3.99655318260193,-25.4851188659668,-0.0114355655387044,0.00145749002695084
4.2530255317688,-25.4873027801514,-0.00950797647237778,0.00143561325967312
4.5093240737915,-25.4894180297852,-0.00660890759900212,0.00134487310424447
4.76482343673706,-25.4909400939941,-4.48142527602613e-05,0.00136239686980844
-3.68861961364746,-25.6634616851807,0.00893589481711388,0.00139625184237957
-3.43369078636169,-25.6655387878418,0.0112649751827121,0.00141972955316305
-3.17882323265076,-25.6674995422363,0.0140880644321442,0.00146961119025946
-2.92306780815125,-25.6699810028076,0.0130252381786704,0.00152961444109678
-2.66725015640259,-25.6725273132324,0.0119112860411406,0.00161218456923962
-2.41110849380493,-25.6752128601074,0.00953385327011347,0.00165868271142244
-2.15517210960388,-25.6777229309082,0.00833240523934364,0.00162944942712784
-1.89932060241699,-25.680103302002,0.00774470390751958,0.00158167257905006
-1.64306783676147,-25.682710647583,0.00555114541202784,0.00162111315876245
-1.38621032238007,-25.6857414245605,0.000841702043544501,0.00163600454106927
-1.12913596630096,-25.6887531280518,-0.00462449342012405,0.00164900394156575
-0.872186660766602,-25.6915187835693,-0.00929198879748583,0.00166907440871
-0.616370677947998,-25.6936531066895,-0.00856884755194187,0.00175188900902867
-0.361404985189438,-25.6955261230469,-0.00374837010167539,0.00179100316017866
-0.106203556060791,-25.6975078582764,0.000209878926398233,0.00178698217496276
0.150024071335793,-25.699987411499,-0.000259443331742659,0.00179912056773901
0.406777143478394,-25.7026920318604,-0.00287367613054812,0.00185697665438056
0.663064122200012,-25.705228805542,-0.00314893643371761,0.00188971078023314
0.919054567813873,-25.707483291626,-0.00188230536878109,0.00186959933489561
1.17521512508392,-25.7096939086914,-0.0011731986887753,0.00180867686867714
1.43186223506927,-25.7120723724365,-0.00242588901892304,0.0017660902813077
1.68881332874298,-25.7146835327148,-0.00479680998250842,0.00176371354609728
1.94567179679871,-25.7172718048096,-0.00651998817920685,0.00176175078377128
2.20272183418274,-25.7200126647949,-0.00885832216590643,0.00166796427220106
2.45941662788391,-25.722599029541,-0.0093864630907774,0.00154416775330901
2.71605658531189,-25.7250804901123,-0.00945738051086664,0.00145590677857399
2.97287797927856,-25.7274894714355,-0.0101241106167436,0.00139702064916492
3.23020505905151,-25.7300357818604,-0.0128073813393712,0.0013444796204567
3.48746800422668,-25.7326183319092,-0.0149690480902791,0.00138869509100914
3.74410009384155,-25.7349529266357,-0.0141256311908364,0.00148046482354403
4.00030422210693,-25.7370300292969,-0.0111969923600554,0.00149645563215017
4.25644207000732,-25.7390785217285,-0.00776819139719009,0.00149140693247318
4.51263523101807,-25.7411327362061,-0.00437807850539684,0.00141730764880776
4.76879453659058,-25.7431621551514,-0.000635296106338501,0.00141377467662096
-3.94151830673218,-25.9116497039795,0.0138521110638976,0.00137891620397568
-3.68621778488159,-25.9139766693115,0.014257375150919,0.00138789787888527
-3.43098020553589,-25.9162693023682,0.0151832504197955,0.00140513479709625
-3.17525291442871,-25.9187755584717,0.0140582481399179,0.00144348759204149
-2.91985082626343,-25.9209594726562,0.0146565288305283,0.00149247329682112
-2.66391634941101,-25.9235553741455,0.0130356969311833,0.00155828706920147
-2.40777897834778,-25.9262599945068,0.010716063901782,0.00159567408263683
-2.15192413330078,-25.9288387298584,0.00993766542524099,0.00160741060972214
-1.89618813991547,-25.9311943054199,0.00991815514862537,0.0016244612634182
-1.63997483253479,-25.9337539672852,0.00793472304940224,0.00167754013091326
-1.38279712200165,-25.9369430541992,0.00179251609370112,0.00166792050004005
-1.12534761428833,-25.9402256011963,-0.00534136965870857,0.00163110252469778
-0.868601143360138,-25.9428977966309,-0.00904543418437243,0.00160843692719936
-0.613039433956146,-25.944974899292,-0.0071227471344173,0.00170334754511714
-0.358047008514404,-25.9468669891357,-0.00238880817778409,0.00178081449121237
-0.102402716875076,-25.9490795135498,-0.000399896438466385,0.00181317096576095
0.154381409287453,-25.9517822265625,-0.0033506047911942,0.00180658046156168
0.411226660013199,-25.9546031951904,-0.00632950430735946,0.00180340139195323
0.667258381843567,-25.957088470459,-0.00540438806638122,0.00179849751293659
0.922880053520203,-25.9592304229736,-0.00243320013396442,0.00177529454231262
1.17907202243805,-25.9615268707275,-0.00181952980346978,0.00171455042436719
1.43592607975006,-25.9640197753906,-0.00395804364234209,0.00164301507174969
1.69260013103485,-25.966438293457,-0.00506005994975567,0.00164522929117084
1.94915533065796,-25.9688053131104,-0.00540451752021909,0.00173270236700773
2.20661544799805,-25.9717845916748,-0.00952593889087439,0.00169230112805963
2.46400141716003,-25.9747695922852,-0.0130754830315709,0.00155453570187092
2.7209005355835,-25.9774417877197,-0.0142408097162843,0.00143015198409557
2.97728133201599,-25.9795627593994,-0.0129245994612575,0.0013532885350287
3.23455262184143,-25.9821605682373,-0.0153115401044488,0.0013346653431654
3.49213361740112,-25.9849529266357,-0.0188240371644497,0.0014034966006875
3.74862313270569,-25.9872379302979,-0.0173087045550346,0.00149645144119859
4.00439882278442,-25.9890670776367,-0.0124643249437213,0.00150186521932483
4.26036167144775,-25.9910259246826,-0.00823234859853983,0.00145871425047517
4.5169095993042,-25.9933471679688,-0.00634243572130799,0.00144017301499844
4.7737021446228,-25.99582862854,-0.00529977586120367,0.00146553572267294
5.03117418289185,-25.9986705780029,-0.00699099665507674,0.00160169694572687
-3.93820691108704,-26.1624450683594,0.0148715311661363,0.00138164963573217
-3.68327283859253,-26.1647300720215,0.0170389283448458,0.00138063915073872
-3.42790842056274,-26.1671543121338,0.0174149945378304,0.00136952009052038
-3.17208027839661,-26.1697540283203,0.0158598180860281,0.00139672867953777
-2.91627240180969,-26.1722469329834,0.0146235236898065,0.00147711299359798
-2.6601939201355,-26.1749706268311,0.0123830484226346,0.00151696428656578
-2.4043071269989,-26.177562713623,0.0112594412639737,0.00153141934424639
-2.14861249923706,-26.1800174713135,0.0112504446879029,0.00156539864838123
-1.89281940460205,-26.1823844909668,0.0110014704987407,0.0016082189977169
-1.63655126094818,-26.1850242614746,0.00880754739046097,0.00168800447136164
-1.37962675094604,-26.1881580352783,0.00386764411814511,0.00167728401720524
-1.12235343456268,-26.1913051605225,-0.00243519898504019,0.00162822939455509
-0.865670561790466,-26.1940879821777,-0.00580234406515956,0.00157216936349869
-0.609828352928162,-26.1963481903076,-0.00511929811909795,0.00168491201475263
-0.354198545217514,-26.1984672546387,-0.0032536294311285,0.00178940733894706
-0.0980201363563538,-26.2009582519531,-0.0036419800017029,0.0018085315823555
0.158802196383476,-26.2036762237549,-0.00672211265191436,0.00172898359596729
0.415483027696609,-26.2064571380615,-0.0089113786816597,0.00169396679848433
0.67122745513916,-26.2087650299072,-0.00665548630058765,0.0017034625634551
0.926791369915009,-26.2109260559082,-0.00338044436648488,0.00174572831019759
1.1828008890152,-26.2131900787354,-0.00190435315016657,0.00173426838591695
1.43963062763214,-26.2157402038574,-0.00389021984301507,0.00162979634478688
1.69627344608307,-26.218204498291,-0.00480965804308653,0.00159192038699985
1.95273208618164,-26.2205200195312,-0.00468832720071077,0.0016589411534369
2.210209608078,-26.2234840393066,-0.00885571446269751,0.00166942877694964
2.46803665161133,-26.2265396118164,-0.014340185560286,0.00156959937885404
2.72508955001831,-26.22926902771,-0.0161502417176962,0.00142735429108143
2.98138999938965,-26.2315044403076,-0.0144219836220145,0.001356634311378
3.23867321014404,-26.2341575622559,-0.0168162304908037,0.00141830183565617
3.4963526725769,-26.2370586395264,-0.0207153223454952,0.00149598950520158
3.75304770469666,-26.2394180297852,-0.0200652275234461,0.00150189874693751
4.00875806808472,-26.2412490844727,-0.0148874996230006,0.00142921460792422
4.26486396789551,-26.2433929443359,-0.0112287160009146,0.00136839970946312
4.52180099487305,-26.2460403442383,-0.0109765604138374,0.00131355738267303
4.77877140045166,-26.2487716674805,-0.010645680129528,0.00134594738483429
5.03559732437134,-26.2513065338135,-0.00948073528707027,0.00139346439391375
5.29210233688354,-26.2533226013184,-0.00674933427944779,0.00138866435736418
-4.18844938278198,-26.4121417999268,0.00749902473762631,0.000993474386632442
-3.93427610397339,-26.4139823913574,0.0130417943000793,0.00133927538990974
-3.67949938774109,-26.4161987304688,0.0159863345324993,0.0013874489814043
-3.4239022731781,-26.4186382293701,0.0153087479993701,0.00133835338056087
-3.16834139823914,-26.421178817749,0.0150470063090324,0.00133468117564917
-2.9122519493103,-26.4238395690918,0.0125501984730363,0.00135934818536043
-2.65629076957703,-26.4265403747559,0.0108973598107696,0.00141068175435066
-2.40062165260315,-26.4290084838867,0.0108188660815358,0.00146145094186068
-2.14487433433533,-26.4314060211182,0.0105962678790092,0.00147767644375563
-1.88868987560272,-26.4340190887451,0.00859413761645555,0.00151017773896456
-1.63247442245483,-26.4366893768311,0.0066914432682097,0.00159776490181684
-1.37615191936493,-26.4395523071289,0.00455053290352225,0.00162151083350182
-1.11952900886536,-26.4424266815186,0.0012582935160026,0.00162509363144636
-0.863045334815979,-26.445125579834,-0.00117000937461853,0.00162129756063223
-0.606854200363159,-26.4476528167725,-0.00203495053574443,0.00171716697514057
-0.350563675165176,-26.4501628875732,-0.0031283930875361,0.00178001914173365
-0.0940029844641685,-26.4527492523193,-0.00522093800827861,0.00172239448875189
0.162622898817062,-26.4553203582764,-0.00737871415913105,0.00161651009693742
0.418947041034698,-26.4579372406006,-0.00792045053094625,0.00158917251974344
0.674639165401459,-26.4602832794189,-0.00538720656186342,0.00166519777849317
0.930391311645508,-26.4625301361084,-0.00292351399548352,0.0017541004344821
1.18618905544281,-26.4647388458252,-0.000456880661658943,0.00177203491330147
1.442986369133,-26.4673290252686,-0.00225798995234072,0.00168149173259735
1.70006394386292,-26.4701519012451,-0.00506709609180689,0.00164718134328723
1.95679581165314,-26.4726524353027,-0.00611970108002424,0.00167028186842799
2.21370363235474,-26.4752140045166,-0.00772937852889299,0.00166377844288945
2.47098898887634,-26.4779796600342,-0.0107824048027396,0.00156414415687323
2.72800421714783,-26.4806251525879,-0.0124023035168648,0.00144210224971175
2.98455786705017,-26.483081817627,-0.0117521090433002,0.00137904612347484
3.24183082580566,-26.4857807159424,-0.0140649043023586,0.00143909407779574
3.49930906295776,-26.4884948730469,-0.017059126868844,0.00150597793981433
3.75640535354614,-26.4909687042236,-0.0181490387767553,0.00145065737888217
4.0128345489502,-26.4932518005371,-0.0160763170570135,0.00130096822977066
4.26949787139893,-26.4959239959717,-0.0147862015292048,0.00125389639288187
4.52636671066284,-26.4986114501953,-0.0141848148778081,0.0012715719640255
4.78362321853638,-26.5014762878418,-0.0150562878698111,0.00125735253095627
5.04030561447144,-26.5038394927979,-0.013232721015811,0.00132362544536591
5.29720258712769,-26.5060253143311,-0.0121592991054058,0.00134262349456549
-4.44036912918091,-26.6611824035645,0.00813313759863377,0.000592578202486038
-4.18595504760742,-26.6632328033447,0.0123784076422453,0.00091530941426754
-3.93111371994019,-26.6653861999512,0.0148261468857527,0.00127039477229118
-3.67589807510376,-26.6677932739258,0.0157557893544436,0.0013961298391223
-3.42013621330261,-26.6702709197998,0.0143478466197848,0.00134461279958487
-3.16402387619019,-26.6730766296387,0.0115642100572586,0.00129603408277035
-2.90794897079468,-26.6756973266602,0.00917648710310459,0.00125175807625055
-2.65245676040649,-26.6781005859375,0.00973126664757729,0.00135346129536629
-2.39699482917786,-26.6804676055908,0.0106492135673761,0.00144836213439703
-2.14073777198792,-26.6831569671631,0.00812294706702232,0.00143581815063953
-1.88410687446594,-26.6860313415527,0.00411838758736849,0.00143428146839142
-1.62804460525513,-26.6886215209961,0.00296449288725853,0.00147829670459032
-1.37231922149658,-26.6911563873291,0.0035971871111542,0.00153392553329468
-1.1163911819458,-26.693790435791,0.00352929742075503,0.00156563241034746
-0.860181927680969,-26.6964340209961,0.00239299586974084,0.00159613788127899
-0.603829443454742,-26.6990242004395,0.000822520290967077,0.00166720431298018
-0.347266346216202,-26.7016296386719,-0.00148034130688757,0.00166806951165199
-0.090767003595829,-26.7042083740234,-0.00325862201862037,0.00158396083861589
0.165560364723206,-26.7067012786865,-0.0040271389298141,0.00150292739272118
0.42197448015213,-26.7093391418457,-0.00494669424369931,0.00153708085417747
0.678122520446777,-26.7118110656738,-0.00444456376135349,0.00165821518748999
0.934117794036865,-26.7142105102539,-0.00303341285325587,0.00175609020516276
1.18991661071777,-26.7164554595947,-0.000530437740962952,0.00176369119435549
1.44657039642334,-26.7191276550293,-0.00163522374350578,0.001690364908427
1.70397818088531,-26.7222385406494,-0.00586850894615054,0.00168437277898192
1.96105659008026,-26.7249927520752,-0.00841594021767378,0.00169967440888286
2.21749711036682,-26.727331161499,-0.0079064080491662,0.00166259706020355
2.47386860847473,-26.7295799255371,-0.00687781209126115,0.00156007707118988
2.7308087348938,-26.73219871521,-0.00813599769026041,0.00145849725231528
2.98787260055542,-26.7348556518555,-0.0097161578014493,0.00139101501554251
3.24524521827698,-26.7375450134277,-0.0124420030042529,0.00141537049785256
3.5024631023407,-26.7400951385498,-0.0142616285011172,0.00145554449409246
3.75943064689636,-26.7425289154053,-0.0147534031420946,0.00137747917324305
4.01630210876465,-26.7451591491699,-0.014573285356164,0.00122372433543205
4.27363348007202,-26.7481708526611,-0.0161671135574579,0.0011676112189889
4.53060913085938,-26.7509651184082,-0.0159855373203754,0.00122763961553574
4.787513256073,-26.7534999847412,-0.0153006929904222,0.00129832699894905
5.04526090621948,-26.7563552856445,-0.0180706325918436,0.00129303801804781
5.30323171615601,-26.7591419219971,-0.0215992797166109,0.00126333069056273
5.56448793411255,-26.763557434082,-0.0391055792570114,0.00111781060695648
-4.43710470199585,-26.9126014709473,0.00935991480946541,0.000790985301136971
-4.18299293518066,-26.914436340332,0.0150486901402473,0.00100891292095184
-3.92816710472107,-26.9165897369385,0.0176046304404736,0.00128532759845257
-3.67240142822266,-26.9190654754639,0.0159799754619598,0.0013412032276392
-3.41657614707947,-26.921781539917,0.0143375936895609,0.00136370304971933
-3.16005325317383,-26.9247665405273,0.00968483928591013,0.00128579325973988
-2.90401077270508,-26.9273719787598,0.00748993596062064,0.00120929535478354
-2.64883637428284,-26.929500579834,0.0095429215580225,0.00135001633316278
-2.39337968826294,-26.9318943023682,0.0105281760916114,0.0015073474496603
-2.13697934150696,-26.9347629547119,0.00739259365946054,0.00150287244468927
-1.88026392459869,-26.9377365112305,0.00304606556892395,0.00144254788756371
-1.6244010925293,-26.9402618408203,0.00285096699371934,0.0014311233535409
-1.36857032775879,-26.9428958892822,0.00304556172341108,0.00150167103856802
-1.11264789104462,-26.9455089569092,0.00304042501375079,0.00155403651297092
-0.85672652721405,-26.9480228424072,0.0032558455131948,0.00156546663492918
-0.600801587104797,-26.9503936767578,0.00366419786587358,0.00157683435827494
-0.344669967889786,-26.9527702331543,0.00334837194532156,0.00154903437942266
-0.0883442461490631,-26.9552955627441,0.00238718814216554,0.00146613549441099
0.168085843324661,-26.9579200744629,0.001189382863231,0.00141998659819365
0.424828588962555,-26.960750579834,-0.00118162564467639,0.0014802273362875
0.681597709655762,-26.9634952545166,-0.00344755314290524,0.00163925997912884
0.93795770406723,-26.9661254882812,-0.00363273941911757,0.00172526575624943
1.19392871856689,-26.9684352874756,-0.00186489580664784,0.00170360319316387
1.4503276348114,-26.9709720611572,-0.00179155729711056,0.00161261484026909
1.70773375034332,-26.9740772247314,-0.00597989140078425,0.00161087606102228
1.96498036384583,-26.9769096374512,-0.00923968572169542,0.00164092145860195
2.22117161750793,-26.9792594909668,-0.00756899593397975,0.00159828225150704
2.47731328010559,-26.9814777374268,-0.00547498278319836,0.00151423923671246
2.73427987098694,-26.9841575622559,-0.00681134825572371,0.0014274874702096
2.99175477027893,-26.9869575500488,-0.0101787466555834,0.00137246772646904
3.24920988082886,-26.9896564483643,-0.0132333338260651,0.00135148223489523
3.50627660751343,-26.9922618865967,-0.0143350958824158,0.00137137155979872
3.76290822029114,-26.9946594238281,-0.0133016211912036,0.00134346820414066
4.01950025558472,-26.9970664978027,-0.0118732927367091,0.00127135589718819
4.2768669128418,-26.9999313354492,-0.0136071210727096,0.0012570871040225
4.5342583656311,-27.0028018951416,-0.0152219319716096,0.00126580148935318
4.79184341430664,-27.0057353973389,-0.0174573864787817,0.00127141643315554
5.04968404769897,-27.0087146759033,-0.0205837767571211,0.00125005282461643
5.30785989761353,-27.0117111206055,-0.02494484372437,0.00118061434477568
5.56724691390991,-27.0151996612549,-0.0343213491141796,0.00107390526682138
-4.68751049041748,-27.1622428894043,0.00296214036643505,0.00122622773051262
-4.43339157104492,-27.1640472412109,0.00845124013721943,0.0010658036917448
-4.17942571640015,-27.1657657623291,0.0148624982684851,0.00115394219756126
-3.92443108558655,-27.1679096221924,0.0166581999510527,0.00119731016457081
-3.66936731338501,-27.1702098846436,0.0183671917766333,0.00136678479611874
-3.4133722782135,-27.1728534698486,0.0159516390413046,0.00138797517865896
-3.15679550170898,-27.1757793426514,0.011073924601078,0.00127024762332439
-2.90065622329712,-27.1785373687744,0.00847917515784502,0.00119275879114866
-2.64526534080505,-27.180871963501,0.00957997422665358,0.0013640932738781
-2.38978600502014,-27.1834278106689,0.0105153294280171,0.00154588185250759
-2.13355708122253,-27.186243057251,0.00821199640631676,0.00156985502690077
-1.87705814838409,-27.1890926361084,0.00489467522129416,0.0014812434092164
-1.6211348772049,-27.1916637420654,0.00445890519768,0.00142037495970726
-1.36485135555267,-27.19460105896,0.00262617086991668,0.00149300787597895
-1.10857021808624,-27.1974487304688,0.00102942390367389,0.00155375711619854
-0.852766275405884,-27.1998500823975,0.00181570556014776,0.00153859797865152
-0.597532987594604,-27.2018146514893,0.00540194334462285,0.00148764718323946
-0.341844737529755,-27.204044342041,0.00714021595194936,0.00147387199103832
-0.0854338556528091,-27.2067108154297,0.00583444721996784,0.00144015066325665
0.171197086572647,-27.2094783782959,0.00376483355648816,0.00138340331614017
0.428230494260788,-27.2124633789062,0.000116941744636279,0.00145857688039541
0.685203969478607,-27.21533203125,-0.00303080398589373,0.00162742659449577
0.941722333431244,-27.2179985046387,-0.00389523571357131,0.0017029782757163
1.19779360294342,-27.2203788757324,-0.00253573106601834,0.00165373925119638
1.45398199558258,-27.2228012084961,-0.001483618398197,0.00156350433826447
1.71104943752289,-27.2257862091064,-0.0041194986552,0.00154203735291958
1.968101978302,-27.2285137176514,-0.00648239813745022,0.00154845509678125
2.22431683540344,-27.2308311462402,-0.00489034363999963,0.00151323154568672
2.48082041740417,-27.2332324981689,-0.0043691205792129,0.00149097014218569
2.73816990852356,-27.236083984375,-0.0073661282658577,0.00142691750079393
2.99572658538818,-27.2390098571777,-0.0110462792217731,0.00141117535531521
3.25301313400269,-27.2418079376221,-0.0132992900907993,0.00136809144169092
3.5100634098053,-27.2446346282959,-0.0142651861533523,0.00134706869721413
3.76650023460388,-27.246955871582,-0.0123369069769979,0.00134193152189255
4.02262878417969,-27.2489967346191,-0.00885933917015791,0.00131710711866617
4.27975749969482,-27.2515926361084,-0.0095390472561121,0.00132458936423063
4.53747940063477,-27.2545509338379,-0.0125747537240386,0.00130276288837194
4.79555606842041,-27.2577610015869,-0.0169153548777103,0.00123978219926357
5.05374956130981,-27.2609348297119,-0.0215329527854919,0.00119721703231335
5.31144428253174,-27.2637825012207,-0.0237613748759031,0.00116090010851622
5.56944704055786,-27.2665042877197,-0.0271241720765829,0.0010776249691844
5.82601499557495,-27.2685775756836,-0.0240518748760223,0.000980295240879059
-4.68433809280396,-27.4130611419678,0.00450773816555738,0.00131386332213879
-4.42980241775513,-27.4152126312256,0.00809260178357363,0.00123175978660583
-4.1756796836853,-27.4170379638672,0.0138139193877578,0.00125045701861382
-3.92090320587158,-27.4191722869873,0.0166839621961117,0.00128333829343319
-3.66594910621643,-27.4212799072266,0.0189279653131962,0.00134237110614777
-3.41018962860107,-27.4238128662109,0.0176483727991581,0.00130109116435051
-3.15406966209412,-27.4266052246094,0.0149387875571847,0.00121496897190809
-2.89775919914246,-27.4295101165771,0.0115889245644212,0.0011808630079031
-2.64168643951416,-27.4322929382324,0.00958115234971046,0.00134627893567085
-2.38591027259827,-27.4349098205566,0.00917622167617083,0.00151245016604662
-2.12988018989563,-27.4377040863037,0.0078388936817646,0.00153559166938066
-1.87361264228821,-27.4405059814453,0.00563200563192368,0.00145087484270334
-1.61750638484955,-27.4432373046875,0.00440274178981781,0.00138978380709887
-1.36094856262207,-27.446325302124,0.00135536177549511,0.00145388301461935
-1.10442233085632,-27.4492740631104,-0.00132200366351753,0.00152568053454161
-0.848806321620941,-27.4515933990479,0.000365266139851883,0.00150419399142265
-0.593826830387115,-27.4534702301025,0.00515099847689271,0.0014650970697403
-0.33834570646286,-27.4556560516357,0.00787415727972984,0.00144391413778067
-0.0817754939198494,-27.4584503173828,0.00588919827714562,0.00141292344778776
0.175151064991951,-27.4613704681396,0.00252254656516016,0.00137363746762276
0.432417362928391,-27.464448928833,-0.00213736202567816,0.00148633308708668
0.689372420310974,-27.467212677002,-0.00517052551731467,0.00163582991808653
0.945659160614014,-27.4696884155273,-0.00496158981695771,0.00165402330458164
1.2014125585556,-27.4720458984375,-0.00212332885712385,0.00158459600061178
1.45719945430756,-27.4743576049805,0.000770783226471394,0.00151332654058933
1.71383154392242,-27.4770908355713,0.000106435792986304,0.00150002166628838
1.9706164598465,-27.4796581268311,-0.0010394275886938,0.00149831734597683
2.22718954086304,-27.4821262359619,-0.0010163615224883,0.00150925479829311
2.48414945602417,-27.4848232269287,-0.00247990083880723,0.00151694938540459
2.74171853065491,-27.4878673553467,-0.00640606554225087,0.00147919356822968
2.99902439117432,-27.4908008575439,-0.00892864353954792,0.00146618578583002
3.25613617897034,-27.4936466217041,-0.0103628328070045,0.00140942353755236
3.513347864151,-27.4966449737549,-0.0119968401268125,0.00132540892809629
3.77004957199097,-27.499116897583,-0.0111954873427749,0.001267921179533
4.02605724334717,-27.5010471343994,-0.00715914461761713,0.00123741012066603
4.28291320800781,-27.5034160614014,-0.00662441179156303,0.00124183297157288
4.54090785980225,-27.5065536499023,-0.0108128860592842,0.00124497432261705
4.79922580718994,-27.5099563598633,-0.0161606092005968,0.0012034485116601
5.05713701248169,-27.5129375457764,-0.0195244085043669,0.00119266100227833
5.31470489501953,-27.515718460083,-0.0211682878434658,0.00111540965735912
5.57219982147217,-27.5182857513428,-0.0222904700785875,0.000983523204922676
5.82956266403198,-27.5210857391357,-0.0225856807082891,0.000884829089045525
6.08780193328857,-27.5244293212891,-0.026423018425703,0.00105169042944908
-4.93908977508545,-27.6597232818604,0.0185809209942818,0.00135805830359459
-4.68194627761841,-27.6635875701904,0.00973114464432001,0.00131976045668125
-4.42665338516235,-27.6661758422852,0.00979742035269737,0.00128513760864735
-4.17182683944702,-27.6684341430664,0.0122691784054041,0.00126700103282928
-3.91718721389771,-27.6705169677734,0.0158232972025871,0.00126439705491066
-3.66235446929932,-27.6726226806641,0.0186829660087824,0.00122928060591221
-3.40697312355042,-27.6750450134277,0.0192127469927073,0.00118232145905495
-3.1510546207428,-27.6777591705322,0.0174764730036259,0.0011584497988224
-2.89451432228088,-27.6808032989502,0.0130984764546156,0.00117041170597076
-2.6379132270813,-27.6838893890381,0.00868899654597044,0.0013001412153244
-2.38188481330872,-27.6865997314453,0.00715795997530222,0.00140674319118261
-2.12592601776123,-27.6893653869629,0.00619369791820645,0.00142591446638107
-1.86972188949585,-27.6921997070312,0.0043271672911942,0.00140551943331957
-1.61330235004425,-27.6951351165771,0.0017088174354285,0.0013930881395936
-1.356684923172,-27.6982326507568,-0.00156882067676634,0.00142069812864065
-1.10043525695801,-27.7009773254395,-0.00294627388939261,0.0014186417683959
-0.84484076499939,-27.7032871246338,-0.00111919967457652,0.0014003673568368
-0.589651167392731,-27.7053470611572,0.00276234676130116,0.00140028819441795
-0.334167420864105,-27.7075386047363,0.00551750743761659,0.00138785783201456
-0.0777217373251915,-27.7103691101074,0.00415069423615932,0.00138296186923981
0.179342284798622,-27.713357925415,0.000205037125851959,0.00142189487814903
0.436623215675354,-27.7163391113281,-0.00448989309370518,0.00151368044316769
0.693411767482758,-27.7189331054688,-0.00674176914617419,0.00158071052283049
0.949381768703461,-27.7212257385254,-0.00507270125672221,0.00152933038771152
1.20484209060669,-27.7236709594727,-0.000855884805787355,0.00146085675805807
1.46050238609314,-27.7260322570801,0.00265217944979668,0.00144862849265337
1.71708142757416,-27.7287750244141,0.00226250686682761,0.0014903862029314
1.97388303279877,-27.7313404083252,0.00107408559415489,0.00151468627154827
2.2308406829834,-27.7340297698975,-0.00057396775810048,0.00152094010263681
2.48794221878052,-27.7368774414062,-0.00262024090625346,0.00150082167237997
2.74526047706604,-27.7397766113281,-0.00540062459185719,0.00148669071495533
3.00218963623047,-27.7425880432129,-0.00621741823852062,0.00147504918277264
3.2592191696167,-27.7454814910889,-0.00724677508696914,0.00139622483402491
3.51661086082458,-27.7485542297363,-0.00964256096631289,0.00124492403119802
3.77348923683167,-27.7511348724365,-0.00958141312003136,0.00113897863775492
4.02980709075928,-27.7532215118408,-0.00686951819807291,0.00108837056905031
4.28648090362549,-27.7554473876953,-0.00550558790564537,0.00110871344804764
4.54444313049316,-27.7585124969482,-0.00952419359236956,0.00117444340139627
4.80270290374756,-27.7618312835693,-0.0145908482372761,0.00123747531324625
5.06041049957275,-27.764684677124,-0.0170375555753708,0.00119084864854813
5.31782722473145,-27.7674388885498,-0.0179882571101189,0.00107763987034559
5.57567691802979,-27.7704086303711,-0.0205884203314781,0.000908962450921535
5.83344984054565,-27.7734909057617,-0.0226100441068411,0.000849902629852295
6.09164667129517,-27.7767925262451,-0.0262283831834793,0.001000109128654
-4.93591833114624,-27.9110851287842,0.020143723115325,0.00122682377696037
-4.67929410934448,-27.9145450592041,0.0137596242129803,0.00121560879051685
-4.42363691329956,-27.9172878265381,0.0121449213474989,0.00121947191655636
-4.1685357093811,-27.9196262359619,0.0133588695898652,0.00124303996562958
-3.91354393959045,-27.9219493865967,0.0153121780604124,0.00122368708252907
-3.65853953361511,-27.924280166626,0.0174291227012873,0.00118987075984478
-3.40310835838318,-27.9267807006836,0.0177759025245905,0.00117478333413601
-3.14709615707397,-27.9295806884766,0.0156520325690508,0.00122673995792866
-2.89056992530823,-27.9326763153076,0.0113906441256404,0.00123784691095352
-2.63403987884521,-27.9356822967529,0.00734686385840178,0.00124708935618401
-2.37818384170532,-27.9382057189941,0.00664213299751282,0.00124750286340714
-2.12240386009216,-27.940767288208,0.00652868859469891,0.00128778908401728
-1.86628866195679,-27.9435520172119,0.00510854506865144,0.00137192942202091
-1.60965263843536,-27.9466209411621,0.00153804989531636,0.00140124745666981
-1.35324108600616,-27.9496307373047,-0.000756814784836024,0.00136447139084339
-1.09722852706909,-27.9522876739502,-0.00101138255558908,0.00132386758923531
-0.841276168823242,-27.9548568725586,-0.000770171114709228,0.00128773879259825
-0.585512816905975,-27.9572811126709,0.000550013035535812,0.00129040144383907
-0.329846948385239,-27.9596977233887,0.00253762095235288,0.00129512418061495
-0.0737267807126045,-27.9624252319336,0.00269622332416475,0.00131793692708015
0.182960912585258,-27.9651565551758,0.000483799114590511,0.00138004031032324
0.439876019954681,-27.967809677124,-0.00254141632467508,0.00144423078745604
0.696595668792725,-27.9703598022461,-0.00445010373368859,0.00144370086491108
0.952590465545654,-27.9727478027344,-0.0028493907302618,0.00135666318237782
1.2081001996994,-27.9752578735352,0.00118418119382113,0.00127940997481346
1.46404242515564,-27.9778518676758,0.00347679760307074,0.00132763013243675
1.72091364860535,-27.9807777404785,0.00182438804768026,0.00139793753623962
1.97789442539215,-27.9834804534912,-0.000117285067972261,0.0014533344656229
2.23483800888062,-27.9862480163574,-0.00165242003276944,0.00144444312900305
2.49163413047791,-27.9889984130859,-0.00229804730042815,0.00142346601933241
2.7485032081604,-27.991792678833,-0.0030409162864089,0.00140646193176508
3.00526261329651,-27.994592666626,-0.0030665691010654,0.00137589499354362
3.26231908798218,-27.9973983764648,-0.00419398956000805,0.00128894113004208
3.51984810829163,-28.000431060791,-0.00717434985563159,0.0011659013107419
3.77694153785706,-28.0030975341797,-0.00802707020193338,0.00103854015469551
4.03377437591553,-28.0053787231445,-0.0075412318110466,0.000956724397838116
4.29048013687134,-28.0075855255127,-0.00628436729311943,0.000988604500889778
4.54810380935669,-28.0104236602783,-0.0087940227240324,0.00112514663487673
4.80616188049316,-28.0136909484863,-0.0129389418289065,0.00126559007912874
5.06397581100464,-28.0167388916016,-0.0157966073602438,0.0011884905397892
5.32152652740479,-28.0196228027344,-0.01728530600667,0.00104894861578941
5.57937860488892,-28.0226898193359,-0.0198478046804667,0.000940739177167416
5.83730792999268,-28.025707244873,-0.0225253906100988,0.000932230614125729
6.095139503479,-28.0287857055664,-0.0245379451662302,0.001011629588902
6.3519983291626,-28.0313835144043,-0.0221389010548592,0.000898035243153572
-5.18507528305054,-28.161792755127,0.00808624364435673,0.0012362077832222
-4.93217945098877,-28.1628322601318,0.0190381556749344,0.00112328864634037
-4.67641973495483,-28.1657485961914,0.0167511943727732,0.00109744630753994
-4.42102336883545,-28.1682548522949,0.0163839403539896,0.00113413482904434
-4.1654109954834,-28.1709613800049,0.0152487875893712,0.00114833004772663
-3.90997052192688,-28.1734504699707,0.015135177411139,0.00118276663124561
-3.65457987785339,-28.1759967803955,0.0154943242669106,0.00117971934378147
-3.39892721176147,-28.178617477417,0.0148545606061816,0.00121705792844296
-3.14289975166321,-28.1813888549805,0.0127029912546277,0.00131692737340927
-2.88672876358032,-28.1843128204346,0.01013458147645,0.00133661180734634
-2.63049936294556,-28.1872329711914,0.00753071112558246,0.00125371851027012
-2.37485313415527,-28.1897201538086,0.0078422399237752,0.00114907510578632
-2.11917781829834,-28.1921482086182,0.00823727808892727,0.00120921712368727
-1.86319768428802,-28.1948356628418,0.0074709146283567,0.00133250094950199
-1.6069324016571,-28.1976737976074,0.00562898069620132,0.00135145429521799
-1.35089528560638,-28.2003746032715,0.00506330002099276,0.00130653660744429
-1.09474802017212,-28.2031860351562,0.0042311018332839,0.00128854438662529
-0.838414311408997,-28.2060623168945,0.00277648260816932,0.00130355171859264
-0.582081198692322,-28.2089138031006,0.00155441963579506,0.00131463725119829
-0.326154947280884,-28.2115211486816,0.0024047615006566,0.00128249917179346
-0.0702564790844917,-28.2140369415283,0.00359419593587518,0.00127213913947344
0.186068713665009,-28.2166004180908,0.00305751850828528,0.00135684013366699
0.442804932594299,-28.21923828125,0.000880437262821943,0.00138637982308865
0.699493885040283,-28.2218322753906,-0.000852312718052417,0.0013496782630682
0.955611109733582,-28.2243480682373,0.00023756266455166,0.00126027967780828
1.21128928661346,-28.2268905639648,0.00354257691651583,0.00116760563105345
1.46757745742798,-28.2296848297119,0.00432554027065635,0.0012042336165905
1.72470271587372,-28.2326488494873,0.00156595872249454,0.00127247162163258
1.98196065425873,-28.2355823516846,-0.00156036054249853,0.00133284460753202
2.23874664306641,-28.2383270263672,-0.00234779273159802,0.00132120400667191
2.4950098991394,-28.2408771514893,-0.000584160326980054,0.00132610462605953
2.75153517723083,-28.2436084747314,0.000242545909713954,0.00129161402583122
3.0082893371582,-28.2464847564697,0.000280320266028866,0.00121959205716848
3.26559162139893,-28.2493915557861,-0.00190132670104504,0.00115920696407557
3.52322196960449,-28.252384185791,-0.00530475843697786,0.00109304487705231
3.78053712844849,-28.2550792694092,-0.00710451230406761,0.000979672186076641
4.03776979446411,-28.2576675415039,-0.0083219651132822,0.000918913632631302
4.29447317123413,-28.2599277496338,-0.0070091518573463,0.000969702377915382
4.5515832901001,-28.2625102996826,-0.00723747303709388,0.00112326443195343
4.80939722061157,-28.2656574249268,-0.0102848000824451,0.00123546924442053
5.06734275817871,-28.268798828125,-0.013678346760571,0.00116813648492098
5.32530975341797,-28.2718906402588,-0.0169380772858858,0.00107225682586432
5.58315229415894,-28.2749347686768,-0.0194254573434591,0.000986846163868904
5.84092950820923,-28.2778453826904,-0.0214110836386681,0.00099080428481102
6.09847497940063,-28.2808074951172,-0.0221502240747213,0.000967260450124741
6.35564565658569,-28.2836303710938,-0.0210499335080385,0.00080215185880661
-5.18225145339966,-28.4125213623047,0.0111887883394957,0.00113739818334579
-4.92868089675903,-28.4141883850098,0.019028689712286,0.00106730125844479
-4.67339038848877,-28.4168834686279,0.0189909264445305,0.00103693827986717
-4.41786098480225,-28.4195117950439,0.018042391166091,0.00106830894947052
-4.16202402114868,-28.4223594665527,0.0158952940255404,0.0010992307215929
-3.9062807559967,-28.4250106811523,0.0144073544070125,0.00116771273314953
-3.65075063705444,-28.4276103973389,0.0141570931300521,0.00118649378418922
-3.39495968818665,-28.4303016662598,0.0129186855629086,0.00121982768177986
-3.1388635635376,-28.4330596923828,0.0104873236268759,0.00129877030849457
-2.8828980922699,-28.4357986450195,0.00890516489744186,0.00131942704319954
-2.62721681594849,-28.4384632110596,0.00888227764517069,0.00125117599964142
-2.37165904045105,-28.441068649292,0.00965727306902409,0.00113126169890165
-2.11567449569702,-28.4437503814697,0.00867579784244299,0.0011934619396925
-1.85976600646973,-28.4463672637939,0.00827393773943186,0.0012888191267848
-1.6040917634964,-28.4488220214844,0.00916898716241121,0.00129631068557501
-1.34853839874268,-28.4513149261475,0.0108525631949306,0.00127663929015398
-1.09234440326691,-28.4541912078857,0.00983873568475246,0.00132914446294308
-0.835745215415955,-28.4573631286621,0.00722130388021469,0.0013680262491107
-0.579138398170471,-28.4604892730713,0.00480100186541677,0.00136174168437719
-0.322952121496201,-28.4632244110107,0.00450361054390669,0.00131593178957701
-0.066884346306324,-28.4656963348389,0.00494645535945892,0.00132701359689236
0.189301803708076,-28.4681625366211,0.00507064582780004,0.00137650221586227
0.446005046367645,-28.4708595275879,0.00308531569316983,0.00139376893639565
0.702830493450165,-28.4736232757568,0.000784542295150459,0.0013262378051877
0.959280014038086,-28.476448059082,0.000434652756666765,0.00126843806356192
1.21521532535553,-28.4790744781494,0.00262097548693419,0.00117138400673866
1.47143173217773,-28.481632232666,0.00374208204448223,0.00111839640885592
1.72826838493347,-28.4843215942383,0.00229478464461863,0.00113550294190645
1.98524010181427,-28.4872016906738,0.000490080390591174,0.00121171958744526
2.24205994606018,-28.4899845123291,-0.00041187644819729,0.00126359425485134
2.49841523170471,-28.4926776885986,0.000990075874142349,0.00127104204148054
2.75494337081909,-28.4954948425293,0.00184862536843866,0.00122246146202087
3.01166772842407,-28.4984149932861,0.00206100358627737,0.00114245619624853
3.26909303665161,-28.5013275146484,-0.000635759090073407,0.00111832190304995
3.52672743797302,-28.504264831543,-0.00402785697951913,0.00110544264316559
3.78419828414917,-28.5070781707764,-0.006470434833318,0.0010028937831521
4.04153299331665,-28.5099201202393,-0.00807443168014288,0.000932988710701466
4.29836988449097,-28.512414932251,-0.00728684430941939,0.000937969423830509
4.55525827407837,-28.5148983001709,-0.00650821253657341,0.00107239186763763
4.81289005279541,-28.5179195404053,-0.00872944481670856,0.00114782433956861
5.07079648971558,-28.521032333374,-0.0119193410500884,0.00113376602530479
5.32887887954712,-28.5240993499756,-0.0156555287539959,0.00109132286161184
5.58667659759521,-28.5270538330078,-0.0179192535579205,0.00102320872247219
5.84417819976807,-28.5300121307373,-0.0186568573117256,0.000941515900194645
6.10223340988159,-28.533239364624,-0.0215599574148655,0.000852043740451336
6.36039018630981,-28.536548614502,-0.0246629063040018,0.000716832466423512
6.62056589126587,-28.5406188964844,-0.0362271778285503,0.000749807804822922
-5.43558645248413,-28.6599178314209,0.0188194382935762,0.000573080033063889
-5.17988348007202,-28.6630306243896,0.0164376311004162,0.000974912196397781
-4.92546033859253,-28.6652946472168,0.0203079655766487,0.00102805346250534
-4.66988182067871,-28.668155670166,0.0189578551799059,0.00105604715645313
-4.41473865509033,-28.6706142425537,0.0198671836405993,0.00107021816074848
-4.15882015228271,-28.6734561920166,0.0173714458942413,0.00108881667256355
-3.90283060073853,-28.6763324737549,0.0147815924137831,0.00110787712037563
-3.64722013473511,-28.6790065765381,0.0142003074288368,0.00111080519855022
-3.39136600494385,-28.6817684173584,0.0127127068117261,0.00111676752567291
-3.13528728485107,-28.684549331665,0.0104071293026209,0.00115807540714741
-2.87938117980957,-28.68727684021,0.00914402864873409,0.00118608027696609
-2.62392139434814,-28.6898918151855,0.0101914815604687,0.0011674128472805
-2.36812162399292,-28.6927089691162,0.00989809632301331,0.00111924670636654
-2.1116144657135,-28.6959018707275,0.00657981494441628,0.001181585714221
-1.85568785667419,-28.6985454559326,0.00614058785140514,0.00124609656631947
-1.60051429271698,-28.7007122039795,0.0093719819560647,0.00125364027917385
-1.34521400928497,-28.7029113769531,0.0122333718463778,0.00129755958914757
-1.08905947208405,-28.7057075500488,0.0114292064681649,0.00137398112565279
-0.832424581050873,-28.7089004516602,0.00868524424731731,0.00137332361191511
-0.575955390930176,-28.7120056152344,0.00693248631432652,0.00135629437863827
-0.31971400976181,-28.7148056030273,0.00642465753480792,0.00135889463126659
-0.0634737759828568,-28.7174320220947,0.00612992374226451,0.00142730958759785
0.192704275250435,-28.7199287414551,0.00633133295923471,0.00145562179386616
0.449421316385269,-28.7226657867432,0.00432392861694098,0.00138816144317389
0.706461310386658,-28.7255973815918,0.00110150268301368,0.0012726066634059
0.963320136070251,-28.7285709381104,-0.00105438660830259,0.00120356027036905
1.21953856945038,-28.7312507629395,-0.000104072722024284,0.00111897010356188
1.47549986839294,-28.7337055206299,0.00220489385537803,0.00104369129985571
1.73177576065063,-28.7361469268799,0.00330443331040442,0.0010807141661644
1.98823761940002,-28.7387466430664,0.00380344549193978,0.00121757760643959
2.2451605796814,-28.741720199585,0.00249208672903478,0.00130187906324863
2.5019097328186,-28.7446556091309,0.00218512932769954,0.00128083489835262
2.75869846343994,-28.747522354126,0.00191803032066673,0.00121389329433441
3.01565980911255,-28.7504653930664,0.00111133209429681,0.0011766841635108
3.27292537689209,-28.7532424926758,-0.000847820425406098,0.00118531193584204
3.53019857406616,-28.7560157775879,-0.0026105500292033,0.00116861797869205
3.78738355636597,-28.7588691711426,-0.00374200707301497,0.0010473383590579
4.04466772079468,-28.7619190216064,-0.00506494240835309,0.000945647247135639
4.30219554901123,-28.7649536132812,-0.00724053801968694,0.00093486811965704
4.5596022605896,-28.767707824707,-0.00868369918316603,0.00102332793176174
4.81706953048706,-28.770528793335,-0.0101612526923418,0.00106881465762854
5.07459878921509,-28.7733612060547,-0.0116808786988258,0.00109442882239819
5.33236122131348,-28.7763118743896,-0.0139850005507469,0.00106270704418421
5.59017133712769,-28.779390335083,-0.0162534359842539,0.00098459143191576
5.848069190979,-28.7825546264648,-0.0186673793941736,0.000895047560334206
6.10636949539185,-28.7859439849854,-0.0225807577371597,0.000835324637591839
6.36477518081665,-28.7893028259277,-0.0267228558659554,0.000831932760775089
6.6228928565979,-28.7924137115479,-0.0294042117893696,0.000957554206252098
6.87849760055542,-28.7944030761719,-0.0210762675851583,0.000973300077021122
-5.43238544464111,-28.9112720489502,0.0201356783509254,0.000630101189017296
-5.17720222473145,-28.9139308929443,0.020228311419487,0.000887572765350342
-4.92237997055054,-28.9164009094238,0.022251820191741,0.000992497429251671
-4.6668848991394,-28.9192390441895,0.0213349536061287,0.00105563178658485
-4.41156482696533,-28.9217681884766,0.0214477870613337,0.00107033178210258
-4.15586566925049,-28.9244079589844,0.0200056340545416,0.00104805082082748
-3.89991354942322,-28.9273014068604,0.017630822956562,0.00105198472738266
-3.64404487609863,-28.9302864074707,0.0159018579870462,0.00105501152575016
-3.38804769515991,-28.9332542419434,0.0138029539957643,0.00109733454883099
-3.13196420669556,-28.9360599517822,0.0115152727812529,0.00111226178705692
-2.87609601020813,-28.9387969970703,0.0104697160422802,0.00113735720515251
-2.62034702301025,-28.9416618347168,0.0102304434403777,0.00113645195960999
-2.36393356323242,-28.9447975158691,0.00714818947017193,0.00113336183130741
-2.1071343421936,-28.9480743408203,0.00252290698699653,0.00118996202945709
-1.85131454467773,-28.9505958557129,0.00261555169709027,0.00123187527060509
-1.5965564250946,-28.9527149200439,0.00781824719160795,0.00123423058539629
-1.34131765365601,-28.9548835754395,0.0110042029991746,0.00129897240549326
-1.08524942398071,-28.9576244354248,0.0106355482712388,0.0013604424893856
-0.828881561756134,-28.9606227874756,0.0091426707804203,0.00129641965031624
-0.572637856006622,-28.9636173248291,0.00845390558242798,0.00125347450375557
-0.316328167915344,-28.9665355682373,0.00768266245722771,0.00133344810456038
-0.0600208044052124,-28.9692840576172,0.00713090505450964,0.00145115330815315
0.196194648742676,-28.9718456268311,0.00720618199557066,0.0014556385576725
0.452731221914291,-28.9744873046875,0.00604928703978658,0.00130895525217056
0.709461450576782,-28.9773197174072,0.00426228763535619,0.00115902815014124
0.96633106470108,-28.9803314208984,0.00209457543678582,0.00113456044346094
1.22285735607147,-28.9830665588379,0.00168637163005769,0.00110938493162394
1.47905874252319,-28.9856052398682,0.00295325554907322,0.00104388780891895
1.73510122299194,-28.9881229400635,0.00515445740893483,0.00109792966395617
1.99122500419617,-28.9905071258545,0.00718836532905698,0.00124344788491726
2.24812602996826,-28.9934844970703,0.00600781943649054,0.0013326657935977
2.50542163848877,-28.9966163635254,0.00330146285705268,0.00128824915736914
2.76246881484985,-28.9995822906494,0.00192360882647336,0.0012213746085763
3.01944160461426,-29.0023899078369,0.00108856556471437,0.00119348336011171
3.27643013000488,-29.005033493042,0.000390264205634594,0.00118013750761747
3.53335452079773,-29.0078067779541,0.000218105298699811,0.00116489268839359
3.79021716117859,-29.0105648040771,0.00054163602180779,0.00104370433837175
4.04766893386841,-29.0137901306152,-0.0014739315956831,0.000975173898041248
4.30597448348999,-29.0173358917236,-0.00700496509671211,0.000975721515715122
4.56404685974121,-29.0206146240234,-0.0112897576764226,0.00102486740797758
4.82130575180054,-29.0231685638428,-0.0118332747370005,0.0010409839451313
5.0783224105835,-29.0256786346436,-0.0110927317291498,0.00105566531419754
5.33547735214233,-29.0284175872803,-0.0107146678492427,0.000990966334939003
5.59360694885254,-29.031774520874,-0.0143189067021012,0.000932659022510052
5.85203886032104,-29.0352058410645,-0.0190021526068449,0.000888478010892868
6.11058521270752,-29.0386409759521,-0.0239463839679956,0.000875717960298061
6.36829710006714,-29.0415649414062,-0.0250732209533453,0.00095036718994379
6.62535381317139,-29.0441646575928,-0.0231634490191936,0.00100274384021759
6.88107585906982,-29.0461120605469,-0.0153205711394548,0.000898846425116062
-5.68416357040405,-29.1599941253662,0.020565290004015,0.00114009343087673
-5.42884540557861,-29.1628932952881,0.0198513511568308,0.000876961275935173
-5.17395877838135,-29.1653175354004,0.021377781406045,0.000938678160309792
-4.91889715194702,-29.1677684783936,0.0222958978265524,0.00093417800962925
-4.66361474990845,-29.1704483032227,0.0224171038717031,0.00107064098119736
-4.40806436538696,-29.1731395721436,0.0214939434081316,0.0011049397289753
-4.15239763259888,-29.1758041381836,0.0202502217143774,0.0010847020894289
-3.89648509025574,-29.1787109375,0.0181065052747726,0.00105827860534191
-3.64039731025696,-29.1818943023682,0.0154063375666738,0.00107072666287422
-3.38421201705933,-29.1850700378418,0.0124867279082537,0.00111927650868893
-3.12842535972595,-29.187837600708,0.0116365235298872,0.00112799368798733
-2.87275052070618,-29.1905689239502,0.0115386368706822,0.00115183927118778
-2.61650443077087,-29.1936511993408,0.00903492048382759,0.00114932470023632
-2.35953164100647,-29.1969909667969,0.00340581499040127,0.00115840509533882
-2.10304093360901,-29.1999530792236,0.000232085614698008,0.0011832807213068
-1.84784173965454,-29.2022666931152,0.00323296524584293,0.00118992663919926
-1.59304308891296,-29.2043437957764,0.00828171987086535,0.00119397416710854
-1.33734357357025,-29.2068328857422,0.009409892372787,0.00126309972256422
-1.08104777336121,-29.2096996307373,0.00804680399596691,0.00131644029170275
-0.825137555599213,-29.2124042510986,0.00867710821330547,0.00125425960868597
-0.569362103939056,-29.2150802612305,0.010148199275136,0.0012051910161972
-0.313156574964523,-29.2180919647217,0.00990286935120821,0.00126518961042166
-0.0568125806748867,-29.2209815979004,0.00923494715243578,0.00136494822800159
0.199547991156578,-29.223690032959,0.00869857892394066,0.00136417057365179
0.455975651741028,-29.2263336181641,0.00807583797723055,0.00120048597455025
0.712224841117859,-29.2289733886719,0.00849345978349447,0.00107009429484606
0.968580305576324,-29.2316474914551,0.00865562912076712,0.00108059123158455
1.22529244422913,-29.2345504760742,0.00744934612885118,0.00109225325286388
1.48209142684937,-29.2374687194824,0.00608126912266016,0.0010500205680728
1.73839056491852,-29.2402286529541,0.00718397926539183,0.00107475556433201
1.99456131458282,-29.2426452636719,0.00904427468776703,0.00115218944847584
2.25136041641235,-29.2454452514648,0.00833754427731037,0.00123502034693956
2.50876879692078,-29.248556137085,0.00515616638585925,0.00120019633322954
2.76593136787415,-29.2515926361084,0.00330446613952518,0.00116968248039484
3.02282500267029,-29.2543392181396,0.00285288342274725,0.00115523394197226
3.27963209152222,-29.2570209503174,0.00300480565056205,0.00114685576409101
3.53668570518494,-29.259916305542,0.00230508157983422,0.00111835449934006
3.79385638237,-29.2628974914551,0.00131971656810492,0.0010592183098197
4.051438331604,-29.2661800384521,-0.00122864823788404,0.00101188756525517
4.30981636047363,-29.2698364257812,-0.00702921114861965,0.00100695993751287
4.56809949874878,-29.2732982635498,-0.0121852401643991,0.00100477784872055
4.82538986206055,-29.2759227752686,-0.0128196300938725,0.000990919768810272
5.08193922042847,-29.2781867980957,-0.0100087085738778,0.000984560698270798
5.33897686004639,-29.280834197998,-0.0090889148414135,0.000910066999495029
5.59751462936401,-29.2843036651611,-0.0144339464604855,0.00086459144949913
5.85626173019409,-29.2878379821777,-0.0204456299543381,0.000870866701006889
6.11442518234253,-29.2910175323486,-0.0237041991204023,0.000930251553654671
6.37153100967407,-29.2936820983887,-0.0221795421093702,0.000957884825766087
6.62883520126343,-29.2965106964111,-0.0212860368192196,0.000938195735216141
6.88548803329468,-29.2988548278809,-0.0174022670835257,0.000751442275941372
7.14422607421875,-29.3019409179688,-0.0222643036395311,0.000445354729890823
-5.68134784698486,-29.4112739562988,0.0236696731299162,0.00118148326873779
-5.42563962936401,-29.4143714904785,0.0211451333016157,0.00105138868093491
-5.17056703567505,-29.4168930053711,0.0218332149088383,0.00103684887290001
-4.91541051864624,-29.4193878173828,0.0223459079861641,0.00101841613650322
-4.66022968292236,-29.4218845367432,0.0229716300964355,0.00106700882315636
-4.40444755554199,-29.4247131347656,0.0210034195333719,0.00111107155680656
-4.14854764938354,-29.4275684356689,0.0187197346240282,0.00110460259020329
-3.89246511459351,-29.4306297302246,0.0158352721482515,0.00108733214437962
-3.63638877868652,-29.4337921142578,0.0132340006530285,0.00106607377529144
-3.38021469116211,-29.4370346069336,0.0104225296527147,0.00107359886169434
-3.12448263168335,-29.439905166626,0.00988665036857128,0.00108884647488594
-2.86894392967224,-29.442554473877,0.0104628205299377,0.00112304277718067
-2.61245036125183,-29.4457035064697,0.00685317860916257,0.00114259868860245
-2.3556694984436,-29.4488410949707,0.00214108475483954,0.00115387141704559
-2.09978842735291,-29.4514617919922,0.00181375723332167,0.00115114264190197
-1.84476625919342,-29.453727722168,0.00567177031189203,0.0011256281286478
-1.58946824073792,-29.4560565948486,0.00846613384783268,0.00112286768853664
-1.33317744731903,-29.4589042663574,0.00693665631115437,0.00119088962674141
-1.07703101634979,-29.4616451263428,0.00629529589787126,0.00123875122517347
-0.821672797203064,-29.464111328125,0.00948883127421141,0.00124883279204369
-0.566352486610413,-29.4665756225586,0.0130700254812837,0.00121822580695152
-0.310272306203842,-29.46950340271,0.0134247820824385,0.00122623238712549
-0.0537204667925835,-29.4725551605225,0.0118555575609207,0.0012541227042675
0.202934429049492,-29.4755191802979,0.0100364573299885,0.00125361979007721
0.459361344575882,-29.4782409667969,0.00946331117302179,0.00113746151328087
0.715183198451996,-29.4807071685791,0.0118455719202757,0.00106831640005112
0.971052348613739,-29.483154296875,0.0142253674566746,0.00110897701233625
1.22771847248077,-29.4861030578613,0.013261535204947,0.00113831646740437
1.48491978645325,-29.4893207550049,0.0101338746026158,0.00106684491038322
1.74164640903473,-29.492208480835,0.00935014896094799,0.00102390442043543
1.99821305274963,-29.4948997497559,0.00949251558631659,0.00106999557465315
2.25506520271301,-29.4976825714111,0.00858292728662491,0.00113437511026859
2.51237654685974,-29.5007438659668,0.00587035017088056,0.00108048971742392
2.76953220367432,-29.503755569458,0.00408472027629614,0.00105863623321056
3.02656245231628,-29.5066204071045,0.00307347299531102,0.00107548665255308
3.28371262550354,-29.5095710754395,0.00176380120683461,0.00110917910933495
3.54097843170166,-29.5126686096191,0.000184406439075246,0.00110954325646162
3.79820871353149,-29.515796661377,-0.00100484513677657,0.00106808822602034
4.05566358566284,-29.5189323425293,-0.00296223117038608,0.00103156361728907
4.31380176544189,-29.5223560333252,-0.007683124858886,0.00100516714155674
4.57191801071167,-29.5257263183594,-0.0120738241821527,0.000978832133114338
4.82929992675781,-29.528564453125,-0.0130462748929858,0.000915464013814926
5.08585834503174,-29.5309066772461,-0.0102265048772097,0.000902249477803707
5.34308385848999,-29.5336360931396,-0.0100811971351504,0.000803279690444469
5.60183525085449,-29.5371971130371,-0.0163125041872263,0.000757062807679176
5.86059427261353,-29.5406379699707,-0.0223419386893511,0.000809744000434875
6.11840295791626,-29.5436630249023,-0.0240265224128962,0.00089579913765192
6.3754677772522,-29.5463981628418,-0.0222747959196568,0.000919668935239315
6.633131980896,-29.5493068695068,-0.0228971131145954,0.000928780063986778
6.89049482345581,-29.5519790649414,-0.0220166798681021,0.000780925154685974
7.14887857437134,-29.5550594329834,-0.0252952929586172,0.000621011480689049
-5.9342474937439,-29.6598167419434,0.0295745562762022,0.000890642404556274
-5.67840099334717,-29.6626853942871,0.0261520035564899,0.00106583535671234
-5.42251682281494,-29.6658039093018,0.0228232908993959,0.00106229446828365
-5.16701126098633,-29.6684608459473,0.0214965231716633,0.0010887049138546
-4.91164493560791,-29.6711540222168,0.0210733599960804,0.00107145868241787
-4.65643072128296,-29.6735649108887,0.0215758625417948,0.00105677172541618
-4.40068054199219,-29.6763305664062,0.0198000054806471,0.00110005028545856
-4.14463043212891,-29.6793632507324,0.0168682299554348,0.00112250633537769
-3.88863778114319,-29.6824855804443,0.0144633585587144,0.00111211463809013
-3.63288021087646,-29.6855010986328,0.013396087102592,0.00106132589280605
-3.37684631347656,-29.6886901855469,0.0112799862399697,0.00101167149841785
-3.12078142166138,-29.6917324066162,0.0092390775680542,0.000985784456133842
-2.86507034301758,-29.6944427490234,0.00905692111700773,0.00098772905766964
-2.60875725746155,-29.6973838806152,0.00631254306063056,0.00104897283017635
-2.35256671905518,-29.7001972198486,0.00436459155753255,0.00108597613871098
-2.09695839881897,-29.7028255462646,0.00534599786624312,0.00107676535844803
-1.84178960323334,-29.7052803039551,0.00857731606811285,0.00107869319617748
-1.58600556850433,-29.7079029083252,0.00918419379740953,0.00109891779720783
-1.32955431938171,-29.7106895446777,0.00694299302995205,0.0011281855404377
-1.0737920999527,-29.7133026123047,0.00810425449162722,0.00115477293729782
-0.818506360054016,-29.7157878875732,0.0116714928299189,0.00118359550833702
-0.563177585601807,-29.7183361053467,0.0152595620602369,0.00117387622594833
-0.307175576686859,-29.7212295532227,0.0160058028995991,0.00117451790720224
-0.0504448600113392,-29.7243766784668,0.0136621333658695,0.00118518527597189
0.206434652209282,-29.7274551391602,0.0108651220798492,0.00118889566510916
0.462810397148132,-29.7301864624023,0.0105650164186954,0.00111133325845003
0.718466460704803,-29.732536315918,0.0137270782142878,0.00107940193265676
0.974532783031464,-29.7351913452148,0.0152708552777767,0.00111952144652605
1.23129272460938,-29.7381744384766,0.0139229260385036,0.00114953797310591
1.48858630657196,-29.7414436340332,0.0104216663166881,0.00109115336090326
1.745441198349,-29.7443656921387,0.00910175126045942,0.00105639081448317
2.0020546913147,-29.7471904754639,0.00908871088176966,0.00106864608824253
2.25878357887268,-29.7499923706055,0.00877732411026955,0.00107146427035332
2.51605677604675,-29.753002166748,0.00626916810870171,0.000977493822574615
2.77327060699463,-29.7559452056885,0.00425398629158735,0.000927884131669998
3.0307788848877,-29.7590656280518,0.00117235921788961,0.000966551713645458
3.28854966163635,-29.76247215271,-0.00281159556470811,0.00105682294815779
3.54597949981689,-29.7657299041748,-0.00505335349589586,0.00106112472712994
3.8029146194458,-29.7687435150146,-0.00489291781559587,0.00104278791695833
4.06004571914673,-29.7716693878174,-0.00539194699376822,0.00104001443833113
4.31791067123413,-29.7748546600342,-0.00888612680137157,0.00102066900581121
4.57582855224609,-29.7780437469482,-0.0123776169493794,0.000967961736023426
4.83314895629883,-29.7809047698975,-0.0130357854068279,0.000907354988157749
5.09003162384033,-29.7835731506348,-0.0115659032016993,0.000868522562086582
5.34759950637817,-29.786584854126,-0.0128496391698718,0.000764137133955956
5.60631275177002,-29.7901840209961,-0.0188623871654272,0.000669321045279503
5.86460828781128,-29.793363571167,-0.0228501372039318,0.000718028284609318
6.12218427658081,-29.7962741851807,-0.0234915390610695,0.000839944928884506
6.37957191467285,-29.7991104125977,-0.0230946093797684,0.000938034616410732
6.63702297210693,-29.801887512207,-0.0227638948708773,0.000899225473403931
6.89463138580322,-29.8046188354492,-0.0229023508727551,0.000900489278137684
7.15226602554321,-29.8074722290039,-0.0229181349277496,0.000792596489191055
7.40926122665405,-29.8101139068604,-0.0199738554656506,0.0007568234577775
-5.93070697784424,-29.9110507965088,0.0291267931461334,0.000836728140711784
-5.6750020980835,-29.9141025543213,0.0264516361057758,0.000963777303695679
-5.41912412643433,-29.9172210693359,0.023196229711175,0.000997764989733696
-5.1635913848877,-29.9199504852295,0.0217913463711739,0.00102506205439568
-4.90783452987671,-29.9228248596191,0.0195684898644686,0.00100987963378429
-4.65234184265137,-29.9253902435303,0.0188081488013268,0.00101456046104431
-4.39672183990479,-29.9280681610107,0.0176904611289501,0.00106962397694588
-4.141028881073,-29.9309978485107,0.0164887737482786,0.00106970779597759
-3.88543725013733,-29.9340343475342,0.0160163920372725,0.00105873495340347
-3.62982726097107,-29.9370994567871,0.015691177919507,0.00103694945573807
-3.37405586242676,-29.9401702880859,0.0148373208940029,0.000995557755231857
-3.11788773536682,-29.9432735443115,0.0123525932431221,0.000939972698688507
-2.86198806762695,-29.9461059570312,0.0113345170393586,0.00093134306371212
-2.60589671134949,-29.9488868713379,0.00964584480971098,0.000990802422165871
-2.34985375404358,-29.9515705108643,0.00840630009770393,0.00101999193429947
-2.09413957595825,-29.9543075561523,0.00894124899059534,0.00101071782410145
-1.83864343166351,-29.9570636749268,0.0107180625200272,0.00103550404310226
-1.58300840854645,-29.9597358703613,0.0120601058006287,0.001075379550457
-1.32687854766846,-29.9623985290527,0.0113284140825272,0.00108230486512184
-1.07108521461487,-29.9648780822754,0.0123618105426431,0.00108136795461178
-0.815467417240143,-29.9674625396729,0.0144400335848331,0.00107883289456367
-0.559893548488617,-29.9701805114746,0.0169546250253916,0.00106891989707947
-0.303894877433777,-29.9731159210205,0.0177584234625101,0.00108877196907997
-0.0470717139542103,-29.9763488769531,0.0150379855185747,0.00111330673098564
0.20993560552597,-29.9794864654541,0.0117003032937646,0.00112913269549608
0.466231167316437,-29.9821758270264,0.0118003925308585,0.00109995529055595
0.72208708524704,-29.9846649169922,0.0141054661944509,0.00110329408198595
0.97840827703476,-29.987434387207,0.0145431961864233,0.00113189686089754
1.2353847026825,-29.99045753479,0.0122590661048889,0.00113541446626186
1.49263417720795,-29.9936447143555,0.00899122841656208,0.00111420266330242
1.74930214881897,-29.9965019226074,0.0085516544058919,0.00112426467239857
2.00573110580444,-29.9993515014648,0.0094154691323638,0.00111970957368612
2.26237440109253,-30.0022468566895,0.00954036135226488,0.00108174234628677
2.5197160243988,-30.0053195953369,0.00677083898335695,0.000969940796494484
2.77704071998596,-30.0082263946533,0.00429235259070992,0.000906131230294704
3.03492021560669,-30.0114231109619,-0.000401116034481674,0.000901493243873119
3.29310512542725,-30.0151252746582,-0.00615656794980168,0.000942738726735115
3.55059480667114,-30.0184173583984,-0.00861512217670679,0.000954522751271725
3.80728554725647,-30.0213413238525,-0.0073303859680891,0.000967977568507195
4.06405973434448,-30.0241661071777,-0.00621201191097498,0.00103807356208563
4.32176542282104,-30.0272579193115,-0.00896852370351553,0.00103491358458996
4.57972574234009,-30.0304393768311,-0.0126085532829165,0.000978335738182068
4.83709907531738,-30.0333309173584,-0.0134568549692631,0.000941663980484009
5.09441709518433,-30.0363178253174,-0.0138253848999739,0.000927415676414967
5.35210275650024,-30.0395832061768,-0.0155530637130141,0.000833571888506413
5.61024522781372,-30.0430030822754,-0.0190383270382881,0.000693725422024727
5.86800003051758,-30.0459957122803,-0.0206399690359831,0.000698287971317768
6.12549114227295,-30.0487098693848,-0.0208966750651598,0.000800975598394871
6.38307523727417,-30.0514640808105,-0.0213326551020145,0.000949033536016941
6.64067983627319,-30.0543804168701,-0.0216162707656622,0.000910022296011448
6.89791965484619,-30.0569934844971,-0.0201284438371658,0.000880529172718525
7.15519666671753,-30.0598526000977,-0.0185598526149988,0.000734247267246246
7.41234159469604,-30.0627250671387,-0.0162044279277325,0.000588839873671532
-6.18099451065063,-30.1594944000244,0.0225128289312124,0.000850910320878029
-5.92666864395142,-30.1624488830566,0.0262930728495121,0.000841109082102776
-5.67122602462769,-30.1655578613281,0.0249358043074608,0.000922895967960358
-5.41571855545044,-30.1685371398926,0.0234888028353453,0.000955097377300262
-5.16004419326782,-30.1714344024658,0.0214677099138498,0.00098290853202343
-4.90416240692139,-30.1743850708008,0.0187042523175478,0.000974096357822418
-4.64845705032349,-30.1771240234375,0.0169958099722862,0.000991957262158394
-4.39287090301514,-30.1799049377441,0.0160974152386189,0.00104408897459507
-4.13766813278198,-30.1826286315918,0.0172462854534388,0.00105821155011654
-3.88254928588867,-30.185453414917,0.0190267730504274,0.00105138868093491
-3.62694001197815,-30.1885395050049,0.0187451038509607,0.00101412646472454
-3.37116146087646,-30.1915893554688,0.017889741808176,0.000943886116147041
-3.11511087417603,-30.1946468353271,0.0159884039312601,0.000888356938958168
-2.85937428474426,-30.197473526001,0.0157710984349251,0.000913448631763458
-2.60339617729187,-30.2003555297852,0.0146573940292001,0.00099232979118824
-2.34735631942749,-30.2031154632568,0.0134731940925121,0.0010299738496542
-2.09163236618042,-30.205753326416,0.0139806633815169,0.00100147537887096
-1.83604347705841,-30.20849609375,0.0153561420738697,0.00102126784622669
-1.58049154281616,-30.2111415863037,0.0171128232032061,0.00102697871625423
-1.32438540458679,-30.2138366699219,0.0165251232683659,0.000993860885500908
-1.06821548938751,-30.2165660858154,0.0158768333494663,0.000961180776357651
-0.81213253736496,-30.2193641662598,0.0158674363046885,0.000955399125814438
-0.556386888027191,-30.2221069335938,0.0176317356526852,0.000981293618679047
-0.300346344709396,-30.2250423431396,0.0182826146483421,0.0010242834687233
-0.043418075889349,-30.2283477783203,0.015128499828279,0.00107799284160137
0.213565498590469,-30.2313899993896,0.011928609572351,0.00109807029366493
0.46980345249176,-30.2340717315674,0.0123311681672931,0.0011238157749176
0.725759506225586,-30.2367134094238,0.0142378183081746,0.00114864576607943
0.982266783714294,-30.2395782470703,0.0138801978901029,0.00115434732288122
1.23928225040436,-30.2426109313965,0.0114617021754384,0.00113409757614136
1.49625289440155,-30.2456226348877,0.00947832316160202,0.00112345535308123
1.7528532743454,-30.2485294342041,0.00938965287059546,0.00111778452992439
2.00939559936523,-30.2514400482178,0.00978829897940159,0.00109009351581335
2.26634454727173,-30.2546062469482,0.00860859546810389,0.00105475820600986
2.5237238407135,-30.2578620910645,0.00573325995355844,0.000983018428087234
2.78076529502869,-30.2607154846191,0.00456152111291885,0.00092516653239727
3.03827095031738,-30.2636089324951,0.00154492643196136,0.000897320918738842
3.29627537727356,-30.2671031951904,-0.0033930407371372,0.000915559008717537
3.55393552780151,-30.2705497741699,-0.00655820453539491,0.000923182815313339
3.81074142456055,-30.2735385894775,-0.00574219925329089,0.00092701893299818
4.06758594512939,-30.2764015197754,-0.00489324145019054,0.000950281508266926
4.32502222061157,-30.2793960571289,-0.00643206667155027,0.000962352380156517
4.58291578292847,-30.282693862915,-0.00972745474427938,0.000923570245504379
4.84076881408691,-30.2859363555908,-0.012617208994925,0.000910411588847637
5.09839677810669,-30.2891254425049,-0.0142862880602479,0.000926369801163673
5.35589742660522,-30.2922649383545,-0.0151744205504656,0.000851187855005264
5.61353302001953,-30.2954235076904,-0.016427056863904,0.000735138542950153
5.87124109268188,-30.2984619140625,-0.0177841819822788,0.000729150138795376
6.1288685798645,-30.301197052002,-0.0185994897037745,0.000799047760665417
6.38632011413574,-30.3038520812988,-0.0184338316321373,0.00086602196097374
6.64384365081787,-30.3068046569824,-0.0183250531554222,0.000808126293122768
6.90126895904541,-30.3097476959229,-0.0175705030560493,0.000675962306559086
7.15847063064575,-30.3126068115234,-0.0156396571546793,0.000564196147024632
7.4159140586853,-30.3156986236572,-0.0145119875669479,0.000434098765254021
-6.17743921279907,-30.4115581512451,0.0220305733382702,0.000847030431032181
-5.92278528213501,-30.4142875671387,0.0242471843957901,0.000841500237584114
-5.66739654541016,-30.4173049926758,0.0231881812214851,0.000901302322745323
-5.41200113296509,-30.4201850891113,0.0223139673471451,0.000916028395295143
-5.1564245223999,-30.4230670928955,0.0208073928952217,0.000983461737632751
-4.90074491500854,-30.4259223937988,0.0190429650247097,0.00098118744790554
-4.64513969421387,-30.4286041259766,0.0178506299853325,0.000972907990217209
-4.38949966430664,-30.431489944458,0.0167483426630497,0.00100061297416687
-4.13431358337402,-30.4342632293701,0.018025578930974,0.00104831159114838
-3.87915182113647,-30.4371223449707,0.0196491479873657,0.00105569697916508
-3.62340402603149,-30.4402370452881,0.0187573190778494,0.000971982255578041
-3.36747670173645,-30.4432964324951,0.0172458048909903,0.000866800546646118
-3.11162352561951,-30.446252822876,0.0163050163537264,0.000803181901574135
-2.85621309280396,-30.4490146636963,0.0176527835428715,0.000860176980495453
-2.6006121635437,-30.4517955780029,0.0183328036218882,0.000948600471019745
-2.3447949886322,-30.4545116424561,0.0182196702808142,0.00100961327552795
-2.08897018432617,-30.4572448730469,0.0182995405048132,0.000991581007838249
-1.8331286907196,-30.4600944519043,0.0185446459800005,0.000989366322755814
-1.57735979557037,-30.462869644165,0.0193439982831478,0.00096508301794529
-1.32119703292847,-30.4655895233154,0.0185337923467159,0.00092582032084465
-1.06475496292114,-30.468433380127,0.0166774597018957,0.000908419489860535
-0.808387160301208,-30.4713973999023,0.0154126062989235,0.000948570668697357
-0.552556455135345,-30.4742374420166,0.0168393924832344,0.000980129465460777
-0.29658454656601,-30.4771156311035,0.0178419258445501,0.00098893977701664
-0.0398566052317619,-30.4802513122559,0.0156287234276533,0.00103225000202656
0.216812089085579,-30.4831829071045,0.0138970660045743,0.00106993690133095
0.473087340593338,-30.4860553741455,0.0141889229416847,0.0011269748210907
0.729171216487885,-30.4887599945068,0.0155575191602111,0.00113400816917419
0.985678553581238,-30.4915618896484,0.0152301415801048,0.00113103538751602
1.24244737625122,-30.4944286346436,0.0139497518539429,0.00109304301440716
1.49909567832947,-30.4973449707031,0.0134513983502984,0.00105520244687796
1.75596582889557,-30.5004997253418,0.0122048612684011,0.00102980807423592
2.01300597190857,-30.50364112854,0.0104187047109008,0.000974611379206181
2.27052998542786,-30.5071392059326,0.00672794319689274,0.000962371937930584
2.52781701087952,-30.5105152130127,0.0043275598436594,0.000954347662627697
2.78440475463867,-30.5133094787598,0.00522644584998488,0.000923589803278446
3.04115605354309,-30.5158100128174,0.00557873072102666,0.000945542007684708
3.29854226112366,-30.5188446044922,0.00337941595353186,0.000977326184511185
3.55622935295105,-30.5223407745361,0.000126314829685725,0.00095671322196722
3.8136157989502,-30.5255641937256,-0.00158494478091598,0.000887224450707436
4.07093191146851,-30.528621673584,-0.0027744269464165,0.000853113830089569
4.32835865020752,-30.5316257476807,-0.0042343563400209,0.000843855552375317
4.58622360229492,-30.5349884033203,-0.00735928071662784,0.000831636600196362
4.8443660736084,-30.5384654998779,-0.0114601757377386,0.000837340950965881
5.10215044021606,-30.5417060852051,-0.0137746660038829,0.000832531601190567
5.3596134185791,-30.5447692871094,-0.0144665203988552,0.000785287469625473
5.61701917648315,-30.5478229522705,-0.0146852284669876,0.000712718814611435
5.87503910064697,-30.5509910583496,-0.0173555463552475,0.00070674903690815
6.13295412063599,-30.5539684295654,-0.0193579122424126,0.000738342292606831
6.3903956413269,-30.5568084716797,-0.0190838929265738,0.000688095577061176
6.64770889282227,-30.5597229003906,-0.0180217735469341,0.00063011422753334
6.9050464630127,-30.56272315979,-0.0168385189026594,0.000550445169210434
7.16241598129272,-30.5657901763916,-0.015569731593132,0.000422127544879913
7.42023658752441,-30.5690994262695,-0.0160086508840322,0.000377041287720203
7.67919063568115,-30.5731582641602,-0.0210274942219257,0.000399099662899971
-6.4282808303833,-30.6614971160889,0.0183242224156857,0.000941051170229912
-6.17394638061523,-30.6635513305664,0.0218311697244644,0.000827167183160782
-5.91911840438843,-30.6662006378174,0.0232442785054445,0.000805407762527466
-5.66385173797607,-30.6690006256104,0.0227941442281008,0.000799804925918579
-5.40838623046875,-30.6719493865967,0.0216377563774586,0.000873712822794914
-5.15301084518433,-30.6747226715088,0.0211300253868103,0.000961603596806526
-4.89775037765503,-30.677375793457,0.0213853940367699,0.000968202948570251
-4.642258644104,-30.6800994873047,0.0207774192094803,0.000933319330215454
-4.38642120361328,-30.6832160949707,0.0188048481941223,0.000920578837394714
-4.13079738616943,-30.6861686706543,0.0180617906153202,0.000984042882919312
-3.87546539306641,-30.6889972686768,0.0189208723604679,0.00100217759609222
-3.61972069740295,-30.6919384002686,0.0180686619132757,0.000926023349165916
-3.36370587348938,-30.6949615478516,0.0161837339401245,0.000848801806569099
-3.10776543617249,-30.6979885101318,0.0148877250030637,0.000802932307124138
-2.85256791114807,-30.7007904052734,0.017285693436861,0.000825218856334686
-2.59729695320129,-30.7034568786621,0.0195411089807749,0.00087694451212883
-2.34177851676941,-30.7060623168945,0.0208514407277107,0.000908678397536278
-2.08584189414978,-30.7089977264404,0.0204711686819792,0.000939751043915749
-1.82959353923798,-30.7120723724365,0.0188866294920444,0.000970516353845596
-1.57354331016541,-30.7149677276611,0.0184350293129683,0.000958111137151718
-1.31751143932343,-30.7176456451416,0.0182709004729986,0.00092797540128231
-1.06142199039459,-30.7203254699707,0.0180683676153421,0.000899100676178932
-0.804932236671448,-30.7233848571777,0.0162907857447863,0.000916898250579834
-0.54868870973587,-30.7264366149902,0.0158812236040831,0.000949598848819733
-0.292579233646393,-30.7293968200684,0.0163048021495342,0.000955056399106979
-0.0361882522702217,-30.732400894165,0.0156664717942476,0.000995352864265442
0.220126420259476,-30.7351760864258,0.0155783202499151,0.0010698065161705
0.476374268531799,-30.7380542755127,0.0160339288413525,0.00113001279532909
0.732515811920166,-30.740779876709,0.0171795170754194,0.00110750645399094
0.9888995885849,-30.7434921264648,0.017441226169467,0.00102542527019978
1.2455233335495,-30.7462749481201,0.0168457608669996,0.000955758616328239
1.50217747688293,-30.7492733001709,0.0163659192621708,0.000899944454431534
1.7591165304184,-30.7524833679199,0.0148494802415371,0.000856172293424606
2.01633810997009,-30.7558250427246,0.012304650619626,0.000834550708532333
2.27406573295593,-30.7595443725586,0.00776067143306136,0.000843603163957596
2.5314633846283,-30.7629432678223,0.00490372255444527,0.000857943668961525
2.78803992271423,-30.7658405303955,0.00590615067631006,0.000877410173416138
3.0445511341095,-30.7683773040771,0.00737588759511709,0.000948285683989525
3.30173325538635,-30.7712478637695,0.00610605953261256,0.000978999771177769
3.55930161476135,-30.7745037078857,0.00338864861987531,0.000955759547650814
3.81686878204346,-30.7778072357178,0.000916842313017696,0.000868123024702072
4.07452154159546,-30.7810935974121,-0.00170347816310823,0.000801024958491325
4.3322286605835,-30.7843170166016,-0.0043397918343544,0.000766068696975708
4.5901927947998,-30.7877292633057,-0.00785832200199366,0.000763801857829094
4.84825134277344,-30.7910900115967,-0.0115609150379896,0.000743072479963303
5.10603857040405,-30.7943382263184,-0.0138469627127051,0.000702050514519215
5.36332702636719,-30.7973346710205,-0.0137375313788652,0.000665717758238316
5.62059020996094,-30.8003807067871,-0.0132906185463071,0.000674585811793804
5.8786506652832,-30.8035583496094,-0.0160990972071886,0.000734695233404636
6.13685703277588,-30.8068370819092,-0.0192999914288521,0.000707526691257954
6.39450311660767,-30.8098583221436,-0.0198552198708057,0.000625789165496826
6.65193128585815,-30.8128433227539,-0.019241152331233,0.000565567053854465
6.90949964523315,-30.8159923553467,-0.0189997982233763,0.000553728081285954
7.16722726821899,-30.8192558288574,-0.0192135144025087,0.000493704341351986
7.42529773712158,-30.8226642608643,-0.0206729788333178,0.000528177246451378
7.68401765823364,-30.8264751434326,-0.0246588997542858,0.000604254193603992
-6.42546939849854,-30.9126567840576,0.0212644208222628,0.000974304974079132
-6.17064476013184,-30.9151573181152,0.0224976949393749,0.000829838216304779
-5.91563177108765,-30.9179210662842,0.023079190403223,0.000782454386353493
-5.66050481796265,-30.9206981658936,0.0233425553888083,0.000779327005147934
-5.40506839752197,-30.9236259460449,0.0223691463470459,0.00077672116458416
-5.14981365203857,-30.9263668060303,0.0224763993173838,0.000818436965346336
-4.89468240737915,-30.9290542602539,0.0233970452100039,0.000824816524982452
-4.63919830322266,-30.9319362640381,0.0228832475841045,0.000832494348287582
-4.38334560394287,-30.9350185394287,0.0208735931664705,0.000847568735480309
-4.12732362747192,-30.9380912780762,0.0182973816990852,0.00091167725622654
-3.87172484397888,-30.9409618377686,0.0179411768913269,0.000952348113059998
-3.61595153808594,-30.9439449310303,0.0170043408870697,0.000984063372015953
-3.35995316505432,-30.9469509124756,0.0152410380542278,0.00100027956068516
-3.10399436950684,-30.9499282836914,0.0138975447043777,0.000920660793781281
-2.84876465797424,-30.9527206420898,0.0161895584315062,0.000843986868858337
-2.59356594085693,-30.9554901123047,0.0188415199518204,0.000820863991975784
-2.33802485466003,-30.9582424163818,0.0201076734811068,0.000838708132505417
-2.08202791213989,-30.9611892700195,0.0194923244416714,0.000868912786245346
-1.82573139667511,-30.9642848968506,0.0177306290715933,0.000918559730052948
-1.56972515583038,-30.9671421051025,0.0175240151584148,0.000959036871790886
-1.31406474113464,-30.9697017669678,0.0191123578697443,0.000961797311902046
-1.05833148956299,-30.9722423553467,0.0205814633518457,0.000931216403841972
-0.80179899930954,-30.9753379821777,0.0186475105583668,0.000910922884941101
-0.545163691043854,-30.9785594940186,0.0164903849363327,0.000895159319043159
-0.28869292140007,-30.9817295074463,0.0153189171105623,0.000887397676706314
-0.0322576202452183,-30.984790802002,0.0145280724391341,0.000934239476919174
0.224065080285072,-30.9875965118408,0.0144509011879563,0.00102732703089714
0.480236142873764,-30.9904537200928,0.0152990501374006,0.00110881216824055
0.736308097839355,-30.9931640625,0.0168031025677919,0.00109068676829338
0.992592394351959,-30.9958744049072,0.0175598878413439,0.000975413247942924
1.24926257133484,-30.99875831604,0.0168069712817669,0.000867148861289024
1.5059586763382,-31.0018291473389,0.0161866396665573,0.000821791589260101
1.7626805305481,-31.0050029754639,0.0156904608011246,0.000791082158684731
2.01970386505127,-31.0081729888916,0.0140589019283652,0.000792369246482849
2.2774224281311,-31.0118217468262,0.00958443526178598,0.000815937295556068
2.5351288318634,-31.015380859375,0.00539697986096144,0.000807322561740875
2.79203319549561,-31.0184993743896,0.00499524315819144,0.000783594325184822
3.04874467849731,-31.0212745666504,0.00564143620431423,0.000835103914141655
3.30588388442993,-31.0241947174072,0.00461334642022848,0.000880707055330276
3.56327962875366,-31.0272636413574,0.0026881112717092,0.000894110649824142
3.82081174850464,-31.030517578125,0.000408632244216278,0.000833958387374878
4.07852029800415,-31.0338439941406,-0.00241419044323266,0.000797195360064507
4.33636331558228,-31.0371952056885,-0.00559321325272322,0.000758379697799683
4.59420871734619,-31.0404396057129,-0.0085629103705287,0.000768579542636871
4.85190439224243,-31.0435390472412,-0.0106531977653503,0.000749610364437103
5.10945701599121,-31.0466804504395,-0.0118789337575436,0.00067298486828804
5.36662864685059,-31.0497436523438,-0.0112114977091551,0.000656388700008392
5.62396430969238,-31.0529556274414,-0.0110265510156751,0.000712195411324501
5.88196611404419,-31.0561180114746,-0.0135424230247736,0.000774906948208809
6.14030838012695,-31.0595264434814,-0.0172844473272562,0.000741159543395042
6.39837694168091,-31.0628261566162,-0.019611531868577,0.000684238038957119
6.65622091293335,-31.0660743713379,-0.0207345504313707,0.000628977082669735
6.91415739059448,-31.0694103240967,-0.0220244489610195,0.000665447674691677
7.17203950881958,-31.0727615356445,-0.0228497590869665,0.000689812935888767
7.43008041381836,-31.0760879516602,-0.0241408161818981,0.000678876414895058
7.68828582763672,-31.0796451568604,-0.0258884746581316,0.000674003735184669
-6.42261600494385,-31.1640205383301,0.024014487862587,0.000962443649768829
-6.16737747192383,-31.1667995452881,0.0233244262635708,0.000812115147709846
-5.91212844848633,-31.1697177886963,0.0228316951543093,0.000787079334259033
-5.65713739395142,-31.1723899841309,0.0237831920385361,0.000748177990317345
-5.40174674987793,-31.175313949585,0.0230728220194578,0.000714337453246117
-5.14648103713989,-31.1780776977539,0.0231746155768633,0.000690488144755363
-4.89115762710571,-31.1809635162354,0.023245008662343,0.000665904954075813
-4.63577795028687,-31.1839771270752,0.0232920851558447,0.00072404183447361
-4.38023376464844,-31.1868591308594,0.0227687750011683,0.000795783475041389
-4.12414216995239,-31.1899032592773,0.0198990553617477,0.000848881900310516
-3.86814618110657,-31.1929340362549,0.0177218317985535,0.000934910029172897
-3.61210036277771,-31.1960639953613,0.0155599871650338,0.0010583009570837
-3.35620331764221,-31.1990833282471,0.0143231274560094,0.00109375454485416
-3.10052013397217,-31.2019081115723,0.0143035668879747,0.000974848866462708
-2.84538960456848,-31.2046241760254,0.0170946177095175,0.000842997804284096
-2.5899715423584,-31.2075576782227,0.0187810342758894,0.000798042863607407
-2.33410859107971,-31.2104969024658,0.0186079423874617,0.000819018110632896
-2.07815027236938,-31.2134189605713,0.0182172823697329,0.000865431502461433
-1.82200062274933,-31.2163982391357,0.017170513048768,0.000919979065656662
-1.56618094444275,-31.2191562652588,0.0178624726831913,0.000944815576076508
-1.31071662902832,-31.2217559814453,0.0204072184860706,0.000952417030930519
-1.05513322353363,-31.2243022918701,0.0226101577281952,0.000947156921029091
-0.798615992069244,-31.2273902893066,0.0207842160016298,0.000915953889489174
-0.541735947132111,-31.2306728363037,0.017544437199831,0.000826744362711906
-0.284981399774551,-31.2339305877686,0.0151185458526015,0.000765029340982437
-0.028409019112587,-31.2370872497559,0.0137527203187346,0.000784354284405708
0.227947145700455,-31.2399940490723,0.013578437268734,0.000889768823981285
0.484027504920959,-31.2427768707275,0.014875840395689,0.00100927986204624
0.740210771560669,-31.2455463409424,0.0159225631505251,0.000979604199528694
0.996705710887909,-31.2484817504883,0.0157911721616983,0.000853125005960464
1.25368893146515,-31.2517051696777,0.0137031534686685,0.000785963609814644
1.51045680046082,-31.254846572876,0.0128150172531605,0.000827545300126076
1.76698935031891,-31.257942199707,0.013213699683547,0.000873461365699768
2.02374076843262,-31.2610187530518,0.0128450011834502,0.000888943672180176
2.28105306625366,-31.2643051147461,0.0102014243602753,0.000878239050507545
2.53859949111938,-31.2676963806152,0.00675366725772619,0.000816576182842255
2.795814037323,-31.2709617614746,0.00501593202352524,0.000728640705347061
3.05278873443604,-31.273962020874,0.00455237831920385,0.000730719417333603
3.30988192558289,-31.276927947998,0.0037791496142745,0.000791693106293678
3.56711530685425,-31.2799625396729,0.00261682807467878,0.000820837914943695
3.82460570335388,-31.2832565307617,0.000569638446904719,0.00079072080552578
4.08224821090698,-31.2866020202637,-0.00191568292211741,0.000812668353319168
4.34015464782715,-31.2899971008301,-0.00533163454383612,0.000817697495222092
4.59787750244141,-31.2931537628174,-0.0077287801541388,0.000837577506899834
4.85522317886353,-31.2961044311523,-0.00825184676796198,0.000810328871011734
5.11255741119385,-31.2991161346436,-0.00849357899278402,0.000770518556237221
5.36984777450562,-31.302267074585,-0.00830144062638283,0.000715279951691628
5.62737703323364,-31.305606842041,-0.00891462434083223,0.000711649656295776
5.88561153411865,-31.3089561462402,-0.0123917507007718,0.000751128420233727
6.1443133354187,-31.312536239624,-0.0176448579877615,0.000780073925852776
6.40264272689819,-31.3159561157227,-0.0210525114089251,0.00078452005982399
6.66049098968506,-31.3192348480225,-0.0221454109996557,0.000745134428143501
6.91828346252441,-31.3224430084229,-0.0227796733379364,0.00074369553476572
7.17606353759766,-31.3257160186768,-0.0231275763362646,0.000720958225429058
7.43403244018555,-31.3290843963623,-0.0240594334900379,0.000682845711708069
7.69200801849365,-31.3324813842773,-0.0247924383729696,0.000626416876912117
-6.67627811431885,-31.4120311737061,0.0337649136781693,0.0010397806763649
-6.41993618011475,-31.4154796600342,0.0276075508445501,0.000910729169845581
-6.16418504714966,-31.4185466766357,0.0245151203125715,0.000765116885304451
-5.90893030166626,-31.4214420318604,0.0240361727774143,0.000734621658921242
-5.65377902984619,-31.4242515563965,0.0242788922041655,0.000729011371731758
-5.39863348007202,-31.4270668029785,0.0247749071568251,0.000734178349375725
-5.14329671859741,-31.4298439025879,0.0245816316455603,0.000680914148688316
-4.8875789642334,-31.4328842163086,0.0228294674307108,0.000626180320978165
-4.63213872909546,-31.4359512329102,0.0226407572627068,0.000657696276903152
-4.37695503234863,-31.438648223877,0.0238556358963251,0.000765692442655563
-4.12084150314331,-31.4417572021484,0.0209330841898918,0.000853501260280609
-3.86442732810974,-31.4449863433838,0.0168409515172243,0.000949542969465256
-3.60825896263123,-31.4482936859131,0.0141679933294654,0.00106645934283733
-3.35254216194153,-31.4512634277344,0.0138235008344054,0.0010636430233717
-3.09714531898499,-31.4539813995361,0.0151841035112739,0.000930666923522949
-2.8420786857605,-31.456600189209,0.0183053780347109,0.000820925459265709
-2.58666086196899,-31.4594669342041,0.0200255177915096,0.000805426388978958
-2.33067607879639,-31.4624633789062,0.0193316861987114,0.000856317579746246
-2.07468581199646,-31.4653587341309,0.0188288316130638,0.000906087458133698
-1.81870460510254,-31.4681873321533,0.0185910351574421,0.000928338617086411
-1.56286203861237,-31.4710216522217,0.0192259717732668,0.000897550955414772
-1.30723404884338,-31.4738178253174,0.0210758615285158,0.000872975215315819
-1.05156409740448,-31.4765319824219,0.0229407027363777,0.000893903896212578
-0.795121073722839,-31.4796581268311,0.0215043444186449,0.000882558524608612
-0.538235425949097,-31.4828758239746,0.0182714592665434,0.00075770728290081
-0.281573861837387,-31.4859371185303,0.0162902474403381,0.000662108883261681
-0.0250997301191092,-31.488956451416,0.0153986141085625,0.000677503645420074
0.231439039111137,-31.4920978546143,0.0144555121660233,0.00079217366874218
0.488000631332397,-31.4951362609863,0.0136252781376243,0.00090901181101799
0.744633495807648,-31.4981327056885,0.0126935597509146,0.000892043113708496
1.00134301185608,-31.501256942749,0.0116578238084912,0.000765250995755196
1.2581433057785,-31.5044994354248,0.0104534775018692,0.000754805281758308
1.51457571983337,-31.5075912475586,0.0111287301406264,0.000811468809843063
1.77132022380829,-31.5107746124268,0.0106254639104009,0.000875622034072876
2.02806830406189,-31.513765335083,0.010309130884707,0.000903654843568802
2.28506755828857,-31.5168342590332,0.00909553840756416,0.000887218862771988
2.54213666915894,-31.5198516845703,0.00779128726571798,0.000813307240605354
2.79917120933533,-31.5229816436768,0.00688573066145182,0.000700820237398148
3.05613708496094,-31.5260887145996,0.00651156064122915,0.000666625797748566
3.31319999694824,-31.5292644500732,0.0059381416067481,0.000743541866540909
3.57049489021301,-31.5325241088867,0.0045657460577786,0.000796515494585037
3.8280873298645,-31.5358772277832,0.00210923166014254,0.000791672617197037
4.08574295043945,-31.5391674041748,-0.000403141370043159,0.000817775726318359
4.34358930587769,-31.5425052642822,-0.00352002191357315,0.000869961455464363
4.60120868682861,-31.545654296875,-0.0054216249845922,0.000870078802108765
4.85841751098633,-31.5487422943115,-0.00528717692941427,0.000821374356746674
5.11591339111328,-31.5519142150879,-0.0061858375556767,0.000799188390374184
5.37374353408813,-31.5553531646729,-0.00829615909606218,0.000729337334632874
5.63172817230225,-31.5587673187256,-0.0108563471585512,0.00066099502146244
5.89008760452271,-31.5621585845947,-0.0148270335048437,0.000657541677355766
6.14871311187744,-31.5657196044922,-0.0197033043950796,0.000753840431571007
6.40702247619629,-31.5691585540771,-0.0229740869253874,0.000837292522192001
6.66462516784668,-31.5723762512207,-0.0229598823934793,0.00081222876906395
6.92204809188843,-31.5754776000977,-0.0219576694071293,0.000711159780621529
7.17965793609619,-31.578649520874,-0.0215381272137165,0.000606318935751915
7.43770122528076,-31.5820598602295,-0.0227480977773666,0.000533780083060265
7.69575548171997,-31.5854148864746,-0.0237844660878181,0.000441670417785645
7.95532608032227,-31.5896415710449,-0.0310254693031311,0.00018003024160862
-6.673020362854,-31.6640071868896,0.0345663167536259,0.000915855169296265
-6.4170184135437,-31.6671600341797,0.0300643108785152,0.000821847468614578
-6.16097450256348,-31.6703243255615,0.0256108026951551,0.000696657225489616
-5.90553188323975,-31.6732559204102,0.024276789277792,0.000688346102833748
-5.65039253234863,-31.6761455535889,0.024631654843688,0.000689994543790817
-5.39555788040161,-31.678825378418,0.0266521666198969,0.000737622380256653
-5.14016199111938,-31.6816730499268,0.0262246187776327,0.000712897628545761
-4.88410902023315,-31.6847515106201,0.0229173433035612,0.000643441453576088
-4.62853670120239,-31.6877040863037,0.0221298113465309,0.000651000067591667
-4.37332248687744,-31.6904392242432,0.0232515707612038,0.000757891684770584
-4.11711406707764,-31.6937427520752,0.0199494436383247,0.000886254012584686
-3.86041259765625,-31.6972198486328,0.0145741626620293,0.000970801338553429
-3.60431146621704,-31.7005500793457,0.0122709181159735,0.00100078992545605
-3.34906816482544,-31.7032566070557,0.0141769861802459,0.000946382060647011
-3.09386467933655,-31.705940246582,0.0164872035384178,0.000832309946417809
-2.83848643302917,-31.7086944580078,0.0182034112513065,0.000779308378696442
-2.58290600776672,-31.7115669250488,0.019206415861845,0.000782912597060204
-2.3270218372345,-31.7144927978516,0.0190201904624701,0.000816425308585167
-2.07118892669678,-31.7172775268555,0.0192826725542545,0.000846890732645988
-1.81544709205627,-31.7199764251709,0.0201866403222084,0.000889906659722328
-1.55957114696503,-31.7228984832764,0.0207168646156788,0.000861154869198799
-1.30369901657104,-31.7258415222168,0.0214928276836872,0.000832922756671906
-1.04772019386292,-31.7287902832031,0.0219995696097612,0.000853486359119415
-0.791297018527985,-31.7320327758789,0.0207141675055027,0.000823255628347397
-0.53454726934433,-31.7352466583252,0.018152080476284,0.000695416703820229
-0.278214871883392,-31.7380218505859,0.0176928769797087,0.000573949888348579
-0.0219293460249901,-31.7408695220947,0.0176854114979506,0.000591341406106949
0.234708547592163,-31.744068145752,0.0163332279771566,0.000677237287163734
0.491939127445221,-31.7475967407227,0.0125437909737229,0.00082009844481945
0.749075531959534,-31.7508583068848,0.00939259957522154,0.000845495611429214
1.0058274269104,-31.7539558410645,0.00821029767394066,0.00077538751065731
1.26226580142975,-31.7570114135742,0.008676927536726,0.000768814235925674
1.51853239536285,-31.7599849700928,0.0101352361962199,0.00075518898665905
1.77517795562744,-31.7630786895752,0.010112913325429,0.000810325145721436
2.03193306922913,-31.7661094665527,0.00981247052550316,0.000873949378728867
2.28854823112488,-31.7690391540527,0.0103561617434025,0.000878054648637772
2.54528069496155,-31.7719821929932,0.0105957016348839,0.000823179259896278
2.8022027015686,-31.775053024292,0.0102238161489367,0.000696673989295959
3.05914974212646,-31.7781677246094,0.00997133366763592,0.000638516619801521
3.31619954109192,-31.7814102172852,0.00949887279421091,0.000716406852006912
3.57372164726257,-31.7849082946777,0.00717747071757913,0.000780768692493439
3.83142256736755,-31.7882347106934,0.00427225977182388,0.000767620280385017
4.08910036087036,-31.7915000915527,0.00169636763166636,0.00078568235039711
4.3467493057251,-31.7947940826416,-0.000513168459292501,0.000827606767416
4.60428333282471,-31.79807472229,-0.00198477902449667,0.000812953338027
4.86172437667847,-31.8013496398926,-0.00281831785105169,0.000742416828870773
5.11972618103027,-31.8048553466797,-0.00586747238412499,0.000709092244505882
5.37813234329224,-31.8085899353027,-0.0104320989921689,0.00068247877061367
5.63636636734009,-31.8120822906494,-0.0140310628339648,0.000642938539385796
5.89465618133545,-31.8155250549316,-0.0176439192146063,0.00059707835316658
6.15292406082153,-31.8189029693604,-0.0209306143224239,0.000694828107953072
6.41102027893066,-31.8222694396973,-0.0232352949678898,0.000801390036940575
6.66862154006958,-31.8255634307861,-0.0231630802154541,0.000801630318164825
6.92609119415283,-31.8287754058838,-0.0223048496991396,0.000660451129078865
7.18372631072998,-31.831901550293,-0.0219579748809338,0.000547103583812714
7.44167852401733,-31.8352527618408,-0.0227371286600828,0.000448515638709068
7.69968605041504,-31.8384914398193,-0.0235418546944857,0.000397196039557457
7.95868539810181,-31.8423252105713,-0.028327900916338,0.000389998778700829
-6.66927146911621,-31.9162158966064,0.0330032929778099,0.000773172825574875
-6.41354751586914,-31.9191265106201,0.0298687629401684,0.000727886334061623
-6.15781116485596,-31.9220523834229,0.0269200876355171,0.00072343647480011
-5.90202379226685,-31.9250984191895,0.0239809453487396,0.000638216733932495
-5.64695072174072,-31.9278621673584,0.0246881954371929,0.000669969245791435
-5.3922438621521,-31.9305248260498,0.0273661706596613,0.000735241919755936
-5.13701248168945,-31.933443069458,0.0277802404016256,0.000750256702303886
-4.88099527359009,-31.9365844726562,0.0246942173689604,0.000713706016540527
-4.62540769577026,-31.9394111633301,0.0238611847162247,0.00074288435280323
-4.36995840072632,-31.9421653747559,0.0239093750715256,0.000812096521258354
-4.11352157592773,-31.9454956054688,0.0195684991776943,0.000903187319636345
-3.85666036605835,-31.9491729736328,0.0135087510570884,0.00095711462199688
-3.6007559299469,-31.9525165557861,0.0121848220005631,0.000968270003795624
-3.34567284584045,-31.955286026001,0.0148994037881494,0.000892439857125282
-3.09041929244995,-31.9579658508301,0.017016539350152,0.000798037275671959
-2.83457398414612,-31.960994720459,0.0166167132556438,0.00075157918035984
-2.57889127731323,-31.9639453887939,0.0171979814767838,0.000747723504900932
-2.32312989234924,-31.9667625427246,0.0176204089075327,0.000752553343772888
-2.06752061843872,-31.9694061279297,0.0189583264291286,0.00076991505920887
-1.81197249889374,-31.9720783233643,0.0208048652857542,0.000793265178799629
-1.55616915225983,-31.9749984741211,0.0217156950384378,0.000796202570199966
-1.30026686191559,-31.9779644012451,0.0223960839211941,0.000814739614725113
-1.04409515857697,-31.9810276031494,0.0220658294856548,0.000812521204352379
-0.787540018558502,-31.9843120574951,0.0202192943543196,0.000784968957304955
-0.530842900276184,-31.9876136779785,0.0179550480097532,0.000703049823641777
-0.274681746959686,-31.9903869628906,0.0183268282562494,0.000617383047938347
-0.0184256471693516,-31.9932136535645,0.0184935964643955,0.00059695728123188
0.238467559218407,-31.9964790344238,0.0160213876515627,0.000633127987384796
0.495960474014282,-32.0001487731934,0.011093613691628,0.000755349174141884
0.753176867961884,-32.0034446716309,0.00762753840535879,0.000830253586173058
1.00977683067322,-32.006462097168,0.00717312935739756,0.000819766893982887
1.26600766181946,-32.0094184875488,0.00861566606909037,0.000817105174064636
1.52222943305969,-32.0124282836914,0.0103250415995717,0.000772472470998764
1.77866315841675,-32.0153732299805,0.0112848812714219,0.000823885202407837
2.0352144241333,-32.0182762145996,0.011929240077734,0.000872116535902023
2.29181933403015,-32.0212516784668,0.0125627489760518,0.000903667882084846
2.54868483543396,-32.0243988037109,0.0122679648920894,0.000858597457408905
2.80584859848022,-32.0276412963867,0.0108710369095206,0.000740913674235344
3.06295084953308,-32.0308074951172,0.00997048430144787,0.000704970210790634
3.31991720199585,-32.0339393615723,0.00990016013383865,0.000802470371127129
3.57731080055237,-32.0373725891113,0.00818550493568182,0.000808028504252434
3.83501434326172,-32.0407981872559,0.00532059418037534,0.000719683244824409
4.09278774261475,-32.0441818237305,0.00237577315419912,0.000702379271388054
4.35024499893188,-32.0474624633789,0.00105452153366059,0.000763453543186188
4.607741355896,-32.050724029541,-0.000213631588849239,0.000747667625546455
4.8655252456665,-32.0541725158691,-0.00249978830106556,0.000654587522149086
5.12391567230225,-32.0579299926758,-0.00719024706631899,0.000602131709456444
5.38254356384277,-32.0618171691895,-0.0126661993563175,0.000611200928688049
5.64078807830811,-32.0653228759766,-0.016259890049696,0.000653550028800964
5.8986611366272,-32.0685729980469,-0.0180234834551811,0.000647284090518951
6.15633201599121,-32.0716896057129,-0.018688203766942,0.000704221427440643
6.41408491134644,-32.0749702453613,-0.0194682292640209,0.000763228163123131
6.67203521728516,-32.0783615112305,-0.0208664145320654,0.000762797892093658
6.9301381111145,-32.0819320678711,-0.022679815068841,0.000635202974081039
7.18798446655273,-32.0851516723633,-0.0231945589184761,0.000544359907507896
7.44602298736572,-32.0885276794434,-0.0242960676550865,0.000474851578474045
7.70350408554077,-32.0915374755859,-0.022809499874711,0.000439798459410667
7.96184015274048,-32.0949440002441,-0.0247455108910799,0.000480806455016136
-6.91851234436035,-32.1668968200684,0.0216298084706068,0.000397898256778717
-6.66480827331543,-32.1688232421875,0.0280126631259918,0.000600801780819893
-6.4095344543457,-32.1713943481445,0.0270743500441313,0.000642314553260803
-6.15416383743286,-32.1741065979004,0.0259194821119308,0.000640256330370903
-5.8984580039978,-32.1769676208496,0.023400355130434,0.000664880499243736
-5.64341878890991,-32.1796112060547,0.0243035480380058,0.000700065866112709
-5.38878965377808,-32.1822891235352,0.0274048317223787,0.000729279592633247
-5.13379573822021,-32.1852416992188,0.0290079470723867,0.000716909766197205
-4.87810516357422,-32.1883811950684,0.0275282971560955,0.000702915713191032
-4.62248468399048,-32.1912574768066,0.026584642007947,0.000746890902519226
-4.36687707901001,-32.1939888000488,0.02591647580266,0.000797286629676819
-4.11051988601685,-32.197151184082,0.0219748374074697,0.000835618004202843
-3.85386157035828,-32.2008590698242,0.0169199556112289,0.000878727063536644
-3.59798884391785,-32.2041969299316,0.015784028917551,0.000879544764757156
-3.34242677688599,-32.2072486877441,0.016311414539814,0.00081656314432621
-3.08705925941467,-32.2100257873535,0.0179464034736156,0.000740507617592812
-2.83097815513611,-32.213207244873,0.0165001172572374,0.000710034742951393
-2.57491397857666,-32.2163391113281,0.015362118370831,0.000721599906682968
-2.31911897659302,-32.2192344665527,0.0156855192035437,0.000713275745511055
-2.06375074386597,-32.221736907959,0.0181790553033352,0.000698955729603767
-1.80835342407227,-32.2244186401367,0.020775469020009,0.000674296170473099
-1.55257272720337,-32.2273597717285,0.0218385066837072,0.000718388706445694
-1.29670512676239,-32.2303237915039,0.0227235238999128,0.000760054215788841
-1.04029583930969,-32.2335014343262,0.0213508009910583,0.000774495303630829
-0.783504486083984,-32.2368125915527,0.0184619668871164,0.000757128000259399
-0.526885628700256,-32.2400703430176,0.0166003182530403,0.000725442543625832
-0.270956575870514,-32.2428550720215,0.01808768697083,0.000680247321724892
-0.0146695002913475,-32.2457962036133,0.018170477822423,0.000581730157136917
0.242248877882957,-32.2491493225098,0.0156381502747536,0.000536324456334114
0.499376147985458,-32.2525939941406,0.0123981889337301,0.00060618482530117
0.756300389766693,-32.2557144165039,0.0102838380262256,0.000736113637685776
1.01301896572113,-32.2587776184082,0.00933268014341593,0.00078120082616806
1.2693704366684,-32.2618026733398,0.0102740218862891,0.000826574862003326
1.52555334568024,-32.2648429870605,0.0122030135244131,0.000857951119542122
1.78172540664673,-32.2676467895508,0.0143684800714254,0.000895751640200615
2.03831028938293,-32.2705497741699,0.0148983635008335,0.00088186003267765
2.29524326324463,-32.2737159729004,0.0141140520572662,0.000877460464835167
2.55243730545044,-32.2771110534668,0.0124113094061613,0.000856691971421242
2.80999183654785,-32.2806625366211,0.00934137031435966,0.000774513930082321
3.06728148460388,-32.2838821411133,0.00765418726950884,0.00076189823448658
3.32414078712463,-32.2869300842285,0.00809980556368828,0.000823566690087318
3.58141255378723,-32.2902641296387,0.0069632176309824,0.000785544514656067
3.83893775939941,-32.2937469482422,0.0049446769990027,0.000661654397845268
4.09659814834595,-32.2972297668457,0.00255827629007399,0.000625815242528915
4.35378837585449,-32.3003807067871,0.00244575296528637,0.000722851604223251
4.61124277114868,-32.3035736083984,0.00139630574267358,0.000731175765395164
4.86924600601196,-32.3071327209473,-0.00180626113433391,0.000642130151391029
5.12790060043335,-32.3110122680664,-0.00760331191122532,0.000582242384552956
5.3867301940918,-32.3149604797363,-0.0139139536768198,0.000600658357143402
5.64516401290894,-32.3185768127441,-0.0182820800691843,0.000697575509548187
5.90269041061401,-32.3217124938965,-0.0184933692216873,0.000721907243132591
6.15976476669312,-32.3246459960938,-0.01652891933918,0.000752983614802361
6.41719532012939,-32.327709197998,-0.0158886946737766,0.000735173001885414
6.67553853988647,-32.3311424255371,-0.0189594142138958,0.000711813569068909
6.93420362472534,-32.3350028991699,-0.0231389850378036,0.000611428171396255
7.19204616546631,-32.3383712768555,-0.0235735177993774,0.000510862097144127
7.44949340820312,-32.341495513916,-0.0221037324517965,0.000468667596578598
7.70692157745361,-32.3444938659668,-0.0203506126999855,0.000410743057727814
7.96478176116943,-32.3476066589355,-0.0202300045639277,0.000459743663668633
-6.91509675979614,-32.4183807373047,0.021520746871829,0.000364100560545921
-6.66071033477783,-32.4209289550781,0.0247181951999664,0.000483244657516479
-6.40574598312378,-32.4234046936035,0.0253210347145796,0.000574909150600433
-6.15043258666992,-32.4261512756348,0.0245005879551172,0.00061582587659359
-5.89505195617676,-32.428840637207,0.0235806461423635,0.000689741224050522
-5.63990783691406,-32.4317092895508,0.0240540951490402,0.000750735402107239
-5.38507127761841,-32.434513092041,0.0262242816388607,0.000753948464989662
-5.1300482749939,-32.4374656677246,0.02773841843009,0.000721585005521774
-4.87466287612915,-32.4405517578125,0.0277588572353125,0.000660032033920288
-4.61918973922729,-32.4434432983398,0.0275673102587461,0.000682808458805084
-4.36375045776367,-32.4460220336914,0.027727035805583,0.000706639140844345
-4.10784387588501,-32.4488754272461,0.0259275138378143,0.000730091705918312
-3.85154914855957,-32.4523735046387,0.0226071905344725,0.000769173726439476
-3.59549236297607,-32.455753326416,0.0206397362053394,0.000765949487686157
-3.33948278427124,-32.459056854248,0.0191222075372934,0.000716662034392357
-3.08382177352905,-32.4620323181152,0.0194405596703291,0.000676689669489861
-2.82768726348877,-32.4652481079102,0.0177896674722433,0.00065135769546032
-2.57139253616333,-32.4685134887695,0.0156294852495193,0.000684035941958427
-2.31560254096985,-32.4715042114258,0.0160328671336174,0.000694122165441513
-2.06044340133667,-32.4739685058594,0.0195419043302536,0.000694070011377335
-1.80508017539978,-32.4766998291016,0.0223457720130682,0.000666048377752304
-1.54903995990753,-32.4797477722168,0.0222569238394499,0.000658551231026649
-1.2927725315094,-32.4829711914062,0.0213628523051739,0.000668095424771309
-1.03603863716125,-32.4863014221191,0.0185531731694937,0.000700430944561958
-0.77914571762085,-32.4895820617676,0.0152413994073868,0.000736873596906662
-0.522831320762634,-32.4926795959473,0.0148145658895373,0.000769561156630516
-0.267195343971252,-32.4954223632812,0.0176927857100964,0.000759672373533249
-0.010946755297482,-32.4984893798828,0.0180130377411842,0.000634428113698959
0.245777323842049,-32.5017852783203,0.0164077486842871,0.000509630888700485
0.502585113048553,-32.5050163269043,0.0146442241966724,0.000545630231499672
0.759488523006439,-32.5081253051758,0.0126619720831513,0.000648461282253265
1.01646685600281,-32.5113182067871,0.0105827366933227,0.000676900148391724
1.2728978395462,-32.5143013000488,0.0111985513940454,0.000766472890973091
1.52893757820129,-32.5172805786133,0.0138108180835843,0.000848254188895226
1.78495645523071,-32.520092010498,0.0167104918509722,0.0008575189858675
2.0415415763855,-32.5230979919434,0.0172899048775434,0.000777510926127434
2.29870510101318,-32.5263900756836,0.0155207300558686,0.000736868008971214
2.55606842041016,-32.5299224853516,0.0131152700632811,0.000779848545789719
2.81393337249756,-32.5336227416992,0.00871155597269535,0.000775657594203949
3.07142162322998,-32.536922454834,0.00618918379768729,0.000768108293414116
3.32853293418884,-32.5401496887207,0.00557721219956875,0.000753851607441902
3.58584094047546,-32.5435256958008,0.00433186301961541,0.000721631571650505
3.84319615364075,-32.5470314025879,0.00312187755480409,0.000688932836055756
4.10051250457764,-32.5504112243652,0.00229698559269309,0.000700445845723152
4.35750198364258,-32.553409576416,0.00310116726905107,0.000796634703874588
4.6150074005127,-32.5566520690918,0.00187393964733928,0.000782698392868042
4.87322854995728,-32.5603370666504,-0.0022328021004796,0.000697189942002296
5.13192081451416,-32.5642051696777,-0.00815259013324976,0.000621022656559944
5.39081048965454,-32.5681343078613,-0.0146879088133574,0.000620827078819275
5.64964437484741,-32.5719757080078,-0.0207379329949617,0.000694207847118378
5.90708923339844,-32.5751571655273,-0.0205368511378765,0.000747580081224442
6.16356563568115,-32.5779571533203,-0.0159275569021702,0.000730821862816811
6.42060041427612,-32.5807075500488,-0.0135566825047135,0.000682355836033821
6.67923593521118,-32.5841827392578,-0.0178561080247164,0.000647667795419693
6.93823671340942,-32.5881767272949,-0.0234373044222593,0.000570362433791161
7.19589757919312,-32.5916213989258,-0.0230288226157427,0.000444324687123299
7.45298624038696,-32.5946044921875,-0.0199803560972214,0.000416001304984093
7.71014404296875,-32.5974769592285,-0.0170352179557085,0.000324726104736328
7.9675817489624,-32.6003608703613,-0.0150838494300842,0.000344494357705116
8.22435283660889,-32.6029930114746,-0.0100798336789012,0.000199846923351288
-6.91203880310059,-32.669734954834,0.0231206603348255,0.000281289219856262
-6.65732955932617,-32.6724624633789,0.0248197577893734,0.000366879627108574
-6.40234851837158,-32.6751365661621,0.0254166461527348,0.000493135303258896
-6.14740180969238,-32.677734375,0.0263962112367153,0.000580621883273125
-5.89215230941772,-32.6805877685547,0.0261744111776352,0.000681163743138313
-5.63669157028198,-32.6837997436523,0.0252118892967701,0.000749064609408379
-5.3814115524292,-32.6868591308594,0.0253296904265881,0.000741306692361832
-5.12609148025513,-32.6898612976074,0.0254762191325426,0.000679021701216698
-4.87072324752808,-32.6929054260254,0.0256285220384598,0.000575743615627289
-4.61529493331909,-32.6958045959473,0.0257023181766272,0.000563802197575569
-4.36006212234497,-32.6983261108398,0.0268861595541239,0.000589432194828987
-4.10472917556763,-32.7009353637695,0.0278313178569078,0.000616833567619324
-3.848881483078,-32.7041320800781,0.0266340617090464,0.000631827861070633
-3.59281730651855,-32.7074851989746,0.0246663745492697,0.000626659020781517
-3.33673691749573,-32.7108039855957,0.0228543411940336,0.000632276758551598
-3.08103847503662,-32.7137641906738,0.0230316985398531,0.000641392543911934
-2.82487487792969,-32.7170104980469,0.0212865434587002,0.000586206093430519
-2.56828713417053,-32.7204742431641,0.0178155675530434,0.000593297183513641
-2.3122820854187,-32.7236328125,0.0172738432884216,0.000621302053332329
-2.05713534355164,-32.7261962890625,0.0208963099867105,0.000669613480567932
-1.80191957950592,-32.7288703918457,0.0244222600013018,0.000677701085805893
-1.54575169086456,-32.7320594787598,0.023797869682312,0.000644417479634285
-1.28901159763336,-32.7355308532715,0.0207840744405985,0.000642644241452217
-1.03203499317169,-32.7389678955078,0.0169095899909735,0.000690668821334839
-0.775544047355652,-32.7420997619629,0.0154847037047148,0.000728802755475044
-0.519546389579773,-32.745002746582,0.0165376905351877,0.000758575275540352
-0.26382127404213,-32.7478523254395,0.0190599914640188,0.000758092850446701
-0.00759204430505633,-32.7509994506836,0.0195204541087151,0.000685807317495346
0.248985707759857,-32.7542686462402,0.0186235923320055,0.000555058941245079
0.505963742733002,-32.7575912475586,0.0161320399492979,0.000518636777997017
0.763185739517212,-32.7608451843262,0.012754918076098,0.000572754070162773
1.02011442184448,-32.7639846801758,0.010938772931695,0.000572800636291504
1.2763546705246,-32.7668647766113,0.0124518759548664,0.000632341951131821
1.53219306468964,-32.7697105407715,0.0160020142793655,0.000694727525115013
1.78825151920319,-32.7726097106934,0.0187731850892305,0.000688642263412476
2.04486322402954,-32.7757377624512,0.0192865096032619,0.000634171068668365
2.30211496353149,-32.779109954834,0.0171694625169039,0.00059090182185173
2.55946159362793,-32.7826156616211,0.0148757863789797,0.000687438994646072
2.81717467308044,-32.7861328125,0.0111714825034142,0.000746818259358406
3.07476997375488,-32.7895088195801,0.00821734126657248,0.000744275748729706
3.33235669136047,-32.7930603027344,0.00555861089378595,0.000653373077511787
3.59002184867859,-32.7966957092285,0.00279614236205816,0.000640193000435829
3.84750843048096,-32.800235748291,0.00105277425609529,0.000719267874956131
4.10462999343872,-32.8034057617188,0.0011157188564539,0.000789597630500793
4.36164236068726,-32.8064842224121,0.00187499495223165,0.00081147812306881
4.6192102432251,-32.8099250793457,0.000440350413555279,0.000730711966753006
4.87750244140625,-32.8137016296387,-0.00392092112451792,0.000662265345454216
5.13598394393921,-32.8174247741699,-0.00888452399522066,0.00060620903968811
5.39447450637817,-32.8211669921875,-0.0136415800079703,0.000597132369875908
5.65324735641479,-32.825023651123,-0.019379636272788,0.000612052157521248
5.9106125831604,-32.8282203674316,-0.0187871679663658,0.000650012865662575
6.16723155975342,-32.8310279846191,-0.0147593785077333,0.00067032128572464
6.42424011230469,-32.8338356018066,-0.0122257759794593,0.000673914328217506
6.68308591842651,-32.8374443054199,-0.0173829030245543,0.000679051503539085
6.94206762313843,-32.8414611816406,-0.0228353682905436,0.000605791807174683
7.19967222213745,-32.8449249267578,-0.0221387036144733,0.000483062118291855
7.45678758621216,-32.8479461669922,-0.0191584788262844,0.000412866473197937
7.71403551101685,-32.8509140014648,-0.016545943915844,0.000307973474264145
7.97143173217773,-32.8537559509277,-0.0143782403320074,0.000277984887361526
8.22915077209473,-32.8568344116211,-0.013354049064219,0.000222267583012581
-6.90886068344116,-32.9213218688965,0.024152684956789,0.000217573717236519
-6.65414810180664,-32.9240074157715,0.0258782431483269,0.000291246920824051
-6.39915084838867,-32.9267196655273,0.0264482889324427,0.000436794012784958
-6.14434766769409,-32.9292984008789,0.0281677059829235,0.000550683587789536
-5.88911867141724,-32.9322891235352,0.0281049590557814,0.000669356435537338
-5.63348913192749,-32.9356498718262,0.0263921469449997,0.000728154554963112
-5.3779468536377,-32.9388961791992,0.0253224968910217,0.000691967085003853
-5.12229347229004,-32.9420890808105,0.0239453800022602,0.000622531399130821
-4.86675930023193,-32.945182800293,0.0233598221093416,0.000536080449819565
-4.61129474639893,-32.9480781555176,0.023314731195569,0.000485664233565331
-4.35598516464233,-32.950756072998,0.0242061913013458,0.000485509634017944
-4.10057020187378,-32.9535598754883,0.0248391889035702,0.000500675290822983
-3.84481072425842,-32.9567031860352,0.0241062995046377,0.000517180189490318
-3.58899712562561,-32.9598846435547,0.023353535681963,0.000522110611200333
-3.33324074745178,-32.9629402160645,0.0230867173522711,0.000583203509449959
-3.07758235931396,-32.9658889770508,0.0234974976629019,0.000651275739073753
-2.82154297828674,-32.969123840332,0.0223795156925917,0.000570440664887428
-2.56526875495911,-32.9725494384766,0.0204176381230354,0.000521222129464149
-2.30931234359741,-32.9756889343262,0.0201422963291407,0.000531977042555809
-2.05406928062439,-32.9782981872559,0.023359565064311,0.000649183988571167
-1.79869854450226,-32.9810371398926,0.0262124370783567,0.000719025731086731
-1.54258453845978,-32.984203338623,0.0258773881942034,0.000702433288097382
-1.28585016727448,-32.9876518249512,0.0229276660829782,0.000668492168188095
-1.02908253669739,-32.9910545349121,0.0200571026653051,0.000702321529388428
-0.772935152053833,-32.9940872192383,0.0202456004917622,0.000714767724275589
-0.516730427742004,-32.9971504211426,0.0203987900167704,0.000702977180480957
-0.260603606700897,-33.0002632141113,0.0211424417793751,0.000706037506461143
-0.00428776303306222,-33.0034255981445,0.0212473887950182,0.000669552013278008
0.252253413200378,-33.006721496582,0.020562132820487,0.00059877336025238
0.509515404701233,-33.0102272033691,0.0168352145701647,0.000532163307070732
0.76688939332962,-33.0135498046875,0.0128160817548633,0.000548103824257851
1.02349603176117,-33.0165519714355,0.0124931950122118,0.000502064824104309
1.27952325344086,-33.0193862915039,0.0150097142904997,0.000503202900290489
1.53548443317413,-33.0223007202148,0.0180502459406853,0.00053604319691658
1.79192852973938,-33.0253715515137,0.0191372167319059,0.000593062490224838
2.04864406585693,-33.0285758972168,0.0192362181842327,0.000628741458058357
2.30577850341797,-33.0319862365723,0.0176962111145258,0.000620849430561066
2.56300830841064,-33.0354347229004,0.0159624963998795,0.000703614205121994
2.82044625282288,-33.0387573242188,0.0135108139365911,0.000763304531574249
3.0779230594635,-33.0421409606934,0.0111271366477013,0.000754646956920624
3.33561778068542,-33.0458221435547,0.00804096553474665,0.000648029148578644
3.59364938735962,-33.0495948791504,0.00369961536489427,0.000635664910078049
3.85151219367981,-33.0531883239746,0.000329289119690657,0.000774450600147247
4.10886907577515,-33.0564842224121,-0.000593223434407264,0.000838981941342354
4.36586141586304,-33.0596733093262,0.000317497062496841,0.000792020931839943
4.62323760986328,-33.0630950927734,-0.000224119343329221,0.000657003372907639
4.88151597976685,-33.0668907165527,-0.00447795120999217,0.0006095040589571
5.13979148864746,-33.0705299377441,-0.00849693641066551,0.000613145530223846
5.39785289764404,-33.0741157531738,-0.011342073790729,0.00061430037021637
5.65599155426025,-33.0776824951172,-0.014293129555881,0.000587837770581245
5.91325426101685,-33.0808753967285,-0.0132179716601968,0.000567244365811348
6.17039346694946,-33.083911895752,-0.0114040141925216,0.000594522804021835
6.42789554595947,-33.0870132446289,-0.0109494756907225,0.000632446259260178
6.68675899505615,-33.0908241271973,-0.0161162335425615,0.000674374401569366
6.94558048248291,-33.0948143005371,-0.0208340715616941,0.00066755898296833
7.20361995697021,-33.0984764099121,-0.0219576694071293,0.00059119425714016
7.46104383468628,-33.1015930175781,-0.0202572550624609,0.000500503927469254
7.71851968765259,-33.1045913696289,-0.0185784231871367,0.000398172065615654
7.97606229782104,-33.107608795166,-0.0169708654284477,0.000320818275213242
8.23392581939697,-33.1107635498047,-0.0165123492479324,0.00029090978205204
-6.90558767318726,-33.1731033325195,0.0247347913682461,0.000166643410921097
-6.65088558197021,-33.1757545471191,0.0265546571463346,0.000235853716731071
-6.39587020874023,-33.1785850524902,0.0271011851727962,0.000378770753741264
-6.14092016220093,-33.1813545227051,0.0281820427626371,0.000564420595765114
-5.88570833206177,-33.1843299865723,0.0282515939325094,0.00070759654045105
-5.63016891479492,-33.1876335144043,0.0270140301436186,0.000745868310332298
-5.37482738494873,-33.1908187866211,0.0269480422139168,0.000663088634610176
-5.11930847167969,-33.1939277648926,0.0262478478252888,0.000578591600060463
-4.86367654800415,-33.1970100402832,0.0252385046333075,0.000528991222381592
-4.60798645019531,-33.2000694274902,0.0241811200976372,0.000469274818897247
-4.35244035720825,-33.2030792236328,0.0240361988544464,0.000434909015893936
-4.09680414199829,-33.2061424255371,0.0236978232860565,0.000436488538980484
-3.84102034568787,-33.2093238830566,0.0229045916348696,0.000484436750411987
-3.58534693717957,-33.2123069763184,0.0228410586714745,0.000562494620680809
-3.32976174354553,-33.2151145935059,0.023398594930768,0.00065789557993412
-3.07404208183289,-33.2180519104004,0.0235650800168514,0.000681363046169281
-2.81805515289307,-33.2213401794434,0.02274782769382,0.00059022568166256
-2.5622398853302,-33.224609375,0.0229636617004871,0.000489410012960434
-2.30664372444153,-33.2275314331055,0.0243875682353973,0.000479415059089661
-2.05108022689819,-33.2303581237793,0.0261727757751942,0.000588245689868927
-1.79528594017029,-33.2333145141602,0.0271190218627453,0.000655939802527428
-1.53925359249115,-33.2363662719727,0.0271935202181339,0.00066174753010273
-1.28283667564392,-33.2396697998047,0.0257410053163767,0.000640040263533592
-1.02620577812195,-33.2431030273438,0.0235471483319998,0.000676935538649559
-0.769937694072723,-33.2463226318359,0.0232388582080603,0.000670034438371658
-0.513588845729828,-33.24951171875,0.022782564163208,0.000637853518128395
-0.25740173459053,-33.252613067627,0.0232873316854239,0.000628232955932617
-0.00113863800652325,-33.2557373046875,0.0236703399568796,0.00059964507818222
0.255502104759216,-33.2590866088867,0.0225755609571934,0.000598698854446411
0.512940645217896,-33.262767791748,0.0181038286536932,0.000568581745028496
0.770352602005005,-33.2661247253418,0.0139573998749256,0.000556517392396927
1.02670311927795,-33.2691192626953,0.0148424599319696,0.000484954565763474
1.28274059295654,-33.2719955444336,0.0173573829233646,0.00046519935131073
1.53903901576996,-33.2750968933105,0.0189318712800741,0.000508090481162071
1.79601883888245,-33.2784309387207,0.0176693834364414,0.000588595867156982
2.0529637336731,-33.2817611694336,0.0167949125170708,0.00066772848367691
2.30999612808228,-33.2851104736328,0.0157574135810137,0.000638281926512718
2.56706881523132,-33.2884788513184,0.014769266359508,0.00065905787050724
2.82431268692017,-33.2917823791504,0.013233426027,0.000697078183293343
3.08165216445923,-33.2951965332031,0.0115139679983258,0.000723561272025108
3.33910894393921,-33.2986907958984,0.00951086170971394,0.000668151304125786
3.59712338447571,-33.3023643493652,0.00527444016188383,0.00068281963467598
3.85500955581665,-33.3059387207031,0.00183895218651742,0.000755704939365387
4.11246871948242,-33.3093109130859,0.00051434466149658,0.00078633613884449
4.36962461471558,-33.3126525878906,0.000759014801587909,0.000693157315254211
4.62696838378906,-33.3161010742188,0.000409095053328201,0.00058380700647831
4.88535642623901,-33.3200035095215,-0.00427226303145289,0.000589501112699509
5.14363527297974,-33.3237686157227,-0.00824699550867081,0.000663131475448608
5.40149259567261,-33.3273544311523,-0.0101499119773507,0.000671699643135071
5.6589822769165,-33.3306198120117,-0.0102475713938475,0.000616205856204033
5.91617012023926,-33.3337364196777,-0.00881693884730339,0.000544954091310501
6.17400026321411,-33.3371086120605,-0.00994819868355989,0.000519948080182076
6.43206644058228,-33.3405303955078,-0.0118728317320347,0.000543521717190742
6.69048500061035,-33.3442306518555,-0.0150690646842122,0.000613510608673096
6.94881248474121,-33.3479385375977,-0.0176314674317837,0.000696979463100433
7.20733690261841,-33.3518257141113,-0.0207928828895092,0.000695999711751938
7.4653754234314,-33.3553085327148,-0.021663885563612,0.000599253922700882
7.72314310073853,-33.358455657959,-0.0211813785135746,0.000469611957669258
7.9808349609375,-33.3615875244141,-0.0201523900032043,0.000394392758607864
8.23868274688721,-33.3647575378418,-0.0195696242153645,0.000370757654309273
-6.90211725234985,-33.4251747131348,0.0243771690875292,0.000135164707899094
-6.64734697341919,-33.4278678894043,0.0259250439703465,0.000203786417841911
-6.39256381988525,-33.4305267333984,0.0276274736970663,0.000371942296624184
-6.13758420944214,-33.433292388916,0.0286145061254501,0.000571882352232933
-5.88238716125488,-33.4363136291504,0.0288090892136097,0.000728212296962738
-5.62704563140869,-33.4395484924316,0.0285642128437757,0.000753061845898628
-5.37168645858765,-33.4427604675293,0.0284605957567692,0.0006524957716465
-5.11619901657104,-33.4458808898926,0.0279606245458126,0.000544276088476181
-4.86042070388794,-33.4490928649902,0.0263123083859682,0.000462502241134644
-4.60461044311523,-33.4522972106934,0.0247465409338474,0.000398527830839157
-4.34885311126709,-33.4554672241211,0.0236620586365461,0.000354103744029999
-4.09300708770752,-33.4587593078613,0.0224040877074003,0.00035700760781765
-3.83710241317749,-33.4620590209961,0.02110555768013,0.000424955040216446
-3.58140254020691,-33.465015411377,0.0209636222571135,0.000560997053980827
-3.3259608745575,-33.467601776123,0.0222232006490231,0.000696923583745956
-3.07040643692017,-33.4703636169434,0.0231951791793108,0.000733019784092903
-2.81462979316711,-33.4735412597656,0.0233993045985699,0.000608531758189201
-2.558913230896,-33.4767684936523,0.0241187997162342,0.000463470816612244
-2.30343127250671,-33.4797248840332,0.026125805452466,0.000447928905487061
-2.0480489730835,-33.4824409484863,0.0287869274616241,0.000550393015146255
-1.79241478443146,-33.4852638244629,0.0305027421563864,0.000620320439338684
-1.53632462024689,-33.4883995056152,0.0303576663136482,0.000597007572650909
-1.27981603145599,-33.4917945861816,0.0285307075828314,0.000590646639466286
-1.02318549156189,-33.4952735900879,0.0263840518891811,0.000625167042016983
-0.766719460487366,-33.4986343383789,0.0252188835293055,0.00063585489988327
-0.510441780090332,-33.5018424987793,0.0251342840492725,0.000598119571805
-0.254250675439835,-33.5049362182617,0.0256606731563807,0.000570479780435562
0.00197676499374211,-33.5080757141113,0.0262497458606958,0.000561933964490891
0.258723258972168,-33.5115127563477,0.024720860645175,0.00055772066116333
0.516264975070953,-33.5152397155762,0.0198237150907516,0.000566117465496063
0.773750424385071,-33.5187568664551,0.0154035780578852,0.00053950771689415
1.0302746295929,-33.5218048095703,0.0155461868271232,0.000480135902762413
1.28619313240051,-33.5246849060059,0.0186461396515369,0.000446557998657227
1.54258739948273,-33.5278739929199,0.0198391824960709,0.000524513423442841
1.79971718788147,-33.5313339233398,0.0179572869092226,0.000645333901047707
2.05695939064026,-33.5348052978516,0.0158017240464687,0.000688595697283745
2.31401348114014,-33.5382232666016,0.0147207928821445,0.00066157802939415
2.57104563713074,-33.5415802001953,0.0139610888436437,0.000661550089716911
2.8280348777771,-33.5447959899902,0.0136038204655051,0.000723546370863914
3.08514022827148,-33.5480537414551,0.012957664206624,0.000730672851204872
3.34260535240173,-33.5515670776367,0.0109618101269007,0.000677509233355522
3.60066270828247,-33.5553207397461,0.00658569158986211,0.000673923641443253
3.85878658294678,-33.5590019226074,0.00214693276211619,0.000768806785345078
4.11618900299072,-33.5623931884766,0.00111982552334666,0.000794814899563789
4.37307548522949,-33.565673828125,0.002595225116238,0.000664429739117622
4.63053607940674,-33.5692405700684,0.00178459822200239,0.00053805485367775
4.88895797729492,-33.5731658935547,-0.00300200679339468,0.000569384545087814
5.14745426177979,-33.5770683288574,-0.00787551794201136,0.000693447887897491
5.40532159805298,-33.580623626709,-0.00978126097470522,0.000729609280824661
5.66262197494507,-33.583869934082,-0.00900657195597887,0.000637896358966827
5.91984701156616,-33.5870208740234,-0.00769199011847377,0.000526027753949165
6.17740964889526,-33.5902442932129,-0.00762854656204581,0.000471396371722221
6.43557167053223,-33.5937080383301,-0.00992748979479074,0.000497931614518166
6.69417142868042,-33.5975036621094,-0.0138575006276369,0.000594533979892731
6.95283126831055,-33.6015396118164,-0.0177809819579124,0.000723071396350861
7.21133327484131,-33.6054801940918,-0.0207931473851204,0.000762421637773514
7.46960973739624,-33.6090927124023,-0.0226326081901789,0.000691249966621399
7.72772121429443,-33.6124572753906,-0.0235605072230101,0.000577475875616074
7.9855694770813,-33.6156234741211,-0.0231530535966158,0.000473497435450554
8.24342346191406,-33.6188125610352,-0.0225423965603113,0.000462546944618225
-6.898362159729,-33.677547454834,0.0226622726768255,0.000157987698912621
-6.64345693588257,-33.6803550720215,0.0236219074577093,0.000231405720114708
-6.3885612487793,-33.6831359863281,0.0248523056507111,0.000420255586504936
-6.13361597061157,-33.6859092712402,0.0260615721344948,0.000643031671643257
-5.87868118286133,-33.6887588500977,0.0275559462606907,0.000800227746367455
-5.62388324737549,-33.691650390625,0.0299359373748302,0.000792862847447395
-5.36913633346558,-33.6944923400879,0.0327737852931023,0.00064537301659584
-5.11402463912964,-33.6974067687988,0.0340880453586578,0.000524129718542099
-4.85827445983887,-33.7006340026855,0.0326112471520901,0.000457160174846649
-4.60225105285645,-33.7040519714355,0.0300905518233776,0.000403882935643196
-4.34618234634399,-33.7075500488281,0.0276046004146338,0.000365050509572029
-4.09005546569824,-33.711124420166,0.0250895749777555,0.000394091010093689
-3.83401393890381,-33.7144889831543,0.0231914818286896,0.000512344762682915
-3.57832407951355,-33.7172966003418,0.023121690377593,0.000693326815962791
-3.32289958000183,-33.719669342041,0.0244779828935862,0.000833142548799515
-3.06724810600281,-33.7223205566406,0.0250211041420698,0.000834990292787552
-2.81142950057983,-33.7254486083984,0.0250661075115204,0.000649828463792801
-2.55585217475891,-33.7286224365234,0.0264752507209778,0.000428512692451477
-2.30047225952148,-33.731616973877,0.029006939381361,0.000328654423356056
-2.04495739936829,-33.7344932556152,0.0311098974198103,0.000358294695615768
-1.78913617134094,-33.7374382019043,0.0320108607411385,0.000393278896808624
-1.53301596641541,-33.7405662536621,0.0317684188485146,0.000382710248231888
-1.27652287483215,-33.7439880371094,0.0300598870962858,0.000422421842813492
-1.01975214481354,-33.747673034668,0.0273334868252277,0.000508245080709457
-0.763015985488892,-33.7513236999512,0.0250004138797522,0.000544542446732521
-0.50658917427063,-33.7546615600586,0.0242914333939552,0.000508552417159081
-0.250478953123093,-33.7576675415039,0.0252264123409986,0.000480534508824348
0.00556565262377262,-33.7606391906738,0.0266804676502943,0.000500179827213287
0.262230068445206,-33.7640228271484,0.0255661197006702,0.000558655709028244
0.519779801368713,-33.767822265625,0.0206854436546564,0.000642089173197746
0.777208089828491,-33.7714157104492,0.0165790040045977,0.000682631507515907
1.03368103504181,-33.7745170593262,0.017005130648613,0.000669980421662331
1.28981447219849,-33.7775344848633,0.0191876050084829,0.000650132074952126
1.54665338993073,-33.7809524536133,0.0184370521456003,0.000711293891072273
1.80418431758881,-33.7846298217773,0.0148143945261836,0.000784223899245262
2.06160521507263,-33.7882194519043,0.011918350122869,0.000750446692109108
2.3186719417572,-33.7916526794434,0.0108366888016462,0.000619491562247276
2.57568550109863,-33.7950325012207,0.0102153774350882,0.000520434230566025
2.83260059356689,-33.798282623291,0.0102488240227103,0.000547291710972786
3.08948040008545,-33.8014831542969,0.0106578040868044,0.000594006851315498
3.34652996063232,-33.8047943115234,0.0105449417605996,0.000594114884734154
3.60406517982483,-33.8082695007324,0.00850982032716274,0.000594403594732285
3.86170482635498,-33.811767578125,0.00624476047232747,0.000639041885733604
4.11879777908325,-33.8150939941406,0.00662239454686642,0.000622466206550598
4.37567663192749,-33.8183898925781,0.00816836208105087,0.000513102859258652
4.63347768783569,-33.822078704834,0.00589958159253001,0.000471532344818115
4.89246559143066,-33.8262748718262,-0.00131770619191229,0.000601589679718018
5.15150499343872,-33.8305053710938,-0.00850264821201563,0.000790532678365707
5.40962600708008,-33.8342475891113,-0.0114540122449398,0.000842690467834473
5.66696834564209,-33.8375358581543,-0.0108102029189467,0.000722669064998627
5.92436742782593,-33.8407783508301,-0.0101972110569477,0.00055462121963501
6.18220233917236,-33.8441581726074,-0.0112538989633322,0.000426346436142921
6.44029235839844,-33.8476028442383,-0.0131872445344925,0.000382119789719582
6.69826030731201,-33.85107421875,-0.0143562685698271,0.000453529879450798
6.95635318756104,-33.8548126220703,-0.0158029422163963,0.00062115490436554
7.2148904800415,-33.8587989807129,-0.0189209580421448,0.00073627382516861
7.47356748580933,-33.8626899719238,-0.0224186666309834,0.000724118202924728
7.73209238052368,-33.8663482666016,-0.0250503420829773,0.000643284991383553
7.990149974823,-33.8696899414062,-0.0254740975797176,0.000555317848920822
8.24803924560547,-33.8729209899902,-0.0249631516635418,0.000579364597797394
