-8.54741668701172,31.6720066070557,-0.0175697095692158,0.238336458802223
-8.29476356506348,31.6751270294189,-0.016271211206913,0.238292291760445
-8.04148101806641,31.6781520843506,-0.0178026780486107,0.238124430179596
-7.78803157806396,31.6810436248779,-0.0199163872748613,0.237938836216927
-7.53492593765259,31.6837635040283,-0.0201439820230007,0.237821698188782
-7.28227806091309,31.6863479614258,-0.0179515015333891,0.237808763980865
-7.02966260910034,31.688943862915,-0.0153942154720426,0.237814635038376
-6.77647590637207,31.6916027069092,-0.0153582207858562,0.237698510289192
-6.52287626266479,31.6943302154541,-0.0170729458332062,0.237545266747475
-6.26907348632812,31.6971740722656,-0.0195277761667967,0.237465411424637
-6.01503038406372,31.7001495361328,-0.022889781743288,0.237390011548996
-5.76118803024292,31.7031631469727,-0.0250676888972521,0.237254202365875
-5.50806617736816,31.706090927124,-0.0236025750637054,0.237093538045883
-5.25546312332153,31.7089519500732,-0.0194745883345604,0.236963555216789
-5.0024881362915,31.7118549346924,-0.0168952699750662,0.236875906586647
-4.74863624572754,31.7148571014404,-0.0182310957461596,0.236850038170815
-4.49454784393311,31.7178649902344,-0.0204491876065731,0.236827686429024
-4.24100875854492,31.7208290100098,-0.0198634061962366,0.236711278557777
-3.98803305625916,31.7238750457764,-0.016428017988801,0.23650711774826
-3.73519611358643,31.7270526885986,-0.0121376626193523,0.236366793513298
-3.48218655586243,31.7303104400635,-0.00844727735966444,0.236381456255913
-3.2288670539856,31.7334861755371,-0.00599102582782507,0.236462041735649
-2.9750657081604,31.7364921569824,-0.00555943325161934,0.236491724848747
-2.72062468528748,31.7394104003906,-0.00786569621413946,0.236447006464005
-2.46556758880615,31.7423572540283,-0.0127850389108062,0.236390680074692
-2.2100145816803,31.7453479766846,-0.0197448246181011,0.236351788043976
-1.95449495315552,31.7483978271484,-0.0263022370636463,0.236237019300461
-1.69954979419708,31.7515392303467,-0.0299764666706324,0.236018374562263
-1.44548285007477,31.7548160552979,-0.0293953567743301,0.235855281352997
-1.19210481643677,31.757999420166,-0.0254516266286373,0.235858932137489
-0.938697755336761,31.7609710693359,-0.0214374680072069,0.23597140610218
-0.684730410575867,31.7639656066895,-0.0197669137269258,0.236069098114967
-0.430211693048477,31.767110824585,-0.0203835982829332,0.236124634742737
-0.175561100244522,31.7702922821045,-0.0213744267821312,0.236146688461304
0.0790472701191902,31.7734260559082,-0.0219503603875637,0.236107617616653
0.333505988121033,31.7766265869141,-0.0216282811015844,0.235991775989532
0.587602078914642,31.779878616333,-0.0194548591971397,0.235885888338089
0.841454327106476,31.7831783294678,-0.0159748941659927,0.235901594161987
1.09545969963074,31.7865753173828,-0.0129744969308376,0.236006736755371
1.3500143289566,31.7899627685547,-0.0122226998209953,0.236069694161415
1.60515296459198,31.7931346893311,-0.0138624366372824,0.236077576875687
1.86065113544464,31.7961444854736,-0.0168787594884634,0.236099004745483
2.11615610122681,31.799201965332,-0.0196923073381186,0.236142873764038
2.37101006507874,31.8023319244385,-0.0193850826472044,0.236144185066223
2.62510967254639,31.8056125640869,-0.0155183756724,0.236109584569931
2.87920832633972,31.8091716766357,-0.0114414021372795,0.236076965928078
3.13407206535339,31.8127117156982,-0.0105353910475969,0.236059352755547
3.38925528526306,31.8159770965576,-0.0108195981010795,0.236073076725006
3.64421081542969,31.8191165924072,-0.0098854061216116,0.236121222376823
3.89940309524536,31.8224563598633,-0.00977000501006842,0.236227467656136
4.15522289276123,31.8260631561279,-0.0121780736371875,0.236394494771957
4.41097354888916,31.8297309875488,-0.0140552371740341,0.236671060323715
4.66618490219116,31.8333568572998,-0.0133558670058846,0.237007796764374
4.92109107971191,31.8367538452148,-0.0111138978973031,0.237281829118729
5.17603445053101,31.8400573730469,-0.00882090628147125,0.237347140908241
6.96238327026367,31.8647613525391,0.00562298996374011,0.237849563360214
7.21777486801147,31.8681392669678,0.007681870367378,0.237914055585861
-8.54505443572998,31.422966003418,-0.0120620988309383,0.238126039505005
-8.29247856140137,31.4260082244873,-0.0103831766173244,0.238040313124657
-8.03935623168945,31.4289226531982,-0.0111384205520153,0.237811595201492
-7.78610134124756,31.4317150115967,-0.0123080825433135,0.237541332840919
-7.53304386138916,31.4343757629395,-0.0123036280274391,0.237345531582832
-7.28002834320068,31.4370059967041,-0.0118757542222738,0.237305536866188
-7.02658414840698,31.4397525787354,-0.0132835851982236,0.237385660409927
-6.77259635925293,31.4425354003906,-0.0170658957213163,0.237365454435349
-6.51871204376221,31.4452381134033,-0.0201177336275578,0.237241253256798
-6.26514673233032,31.4479141235352,-0.0214152187108994,0.237122356891632
-6.01152038574219,31.4507160186768,-0.0227756127715111,0.236997827887535
-5.75793790817261,31.453634262085,-0.0236994419246912,0.236833661794662
-5.50482892990112,31.4565544128418,-0.0221587177366018,0.236662104725838
-5.25209856033325,31.4594783782959,-0.0186131577938795,0.236545547842979
-4.99908208847046,31.4624938964844,-0.0162118822336197,0.236489728093147
-4.74536418914795,31.4656028747559,-0.0168952941894531,0.236490160226822
-4.49140548706055,31.468656539917,-0.0184865165501833,0.236471861600876
-4.23772096633911,31.4715747833252,-0.0185664463788271,0.236345618963242
-3.98423981666565,31.474458694458,-0.017476124688983,0.236129373311996
-3.73077321052551,31.4774188995361,-0.0161008853465319,0.235979005694389
-3.47753024101257,31.4805335998535,-0.0134679600596428,0.235973030328751
-3.22460985183716,31.4836864471436,-0.00912852492183447,0.236014112830162
-2.97137117385864,31.4867172241211,-0.00606135698035359,0.235999092459679
-2.71701622009277,31.4896221160889,-0.00794756412506104,0.235915526747704
-2.46167230606079,31.4925651550293,-0.0141683090478182,0.235834062099457
-2.20605850219727,31.4955997467041,-0.0213843323290348,0.235796943306923
-1.95091736316681,31.4986743927002,-0.0261777080595493,0.235729053616524
-1.69650721549988,31.5017642974854,-0.0273781213909388,0.235576763749123
-1.44273734092712,31.5049362182617,-0.025423051789403,0.235435172915459
-1.18927705287933,31.5080871582031,-0.0218420680612326,0.235408827662468
-0.935569763183594,31.5111598968506,-0.0191817786544561,0.23547637462616
-0.681329488754272,31.5142955780029,-0.0187346637248993,0.235540837049484
-0.426706373691559,31.5174655914307,-0.0198061242699623,0.235591128468513
-0.172111958265305,31.5205192565918,-0.0205234866589308,0.235646322369576
0.0822790265083313,31.5234775543213,-0.0200988966971636,0.235658913850784
0.336461633443832,31.5265865325928,-0.0185150671750307,0.235576927661896
0.590528547763824,31.5298538208008,-0.0161960180848837,0.235472396016121
0.84480482339859,31.5331935882568,-0.0146058788523078,0.235468670725822
1.09937822818756,31.5365829467773,-0.0141333714127541,0.235548287630081
1.35409557819366,31.5399303436279,-0.0140869757160544,0.235593155026436
1.60881471633911,31.5430717468262,-0.0138301961123943,0.235590815544128
1.86362397670746,31.5460624694824,-0.0137566300109029,0.235593736171722
2.11863541603088,31.5491104125977,-0.0143622495234013,0.235612854361534
2.37336325645447,31.5522403717041,-0.0134855564683676,0.235612511634827
2.62759232521057,31.5555191040039,-0.0101849362254143,0.235608413815498
2.88193917274475,31.559024810791,-0.00719591369852424,0.235619470477104
3.13707756996155,31.5624675750732,-0.00748956110328436,0.235672727227211
3.39242935180664,31.5656547546387,-0.00850291457027197,0.235800191760063
3.64734745025635,31.5687713623047,-0.00738828862085938,0.23597015440464
3.90238952636719,31.5720958709717,-0.00660107797011733,0.236122041940689
4.15826606750488,31.5756359100342,-0.00924546644091606,0.23623226583004
4.41442680358887,31.579195022583,-0.0129010528326035,0.236389696598053
4.67010259628296,31.5827236175537,-0.0142068797722459,0.236606925725937
4.92512893676758,31.5861186981201,-0.0124680893495679,0.236782297492027
5.17983198165894,31.5894069671631,-0.00911173224449158,0.236837118864059
6.96651029586792,31.6138515472412,0.00404790323227644,0.237490430474281
7.22221565246582,31.6171836853027,0.004786292091012,0.23760886490345
-8.54151344299316,31.1737384796143,-0.0123007912188768,0.237770020961761
-8.28898811340332,31.1767272949219,-0.0103588560596108,0.237689480185509
-8.03560829162598,31.1795215606689,-0.0123383589088917,0.237480908632278
-7.78243446350098,31.1824131011963,-0.0130969164893031,0.237255021929741
-7.52915573120117,31.1850509643555,-0.0141368610784411,0.237055271863937
-7.27605438232422,31.1877136230469,-0.0140985520556569,0.237003639340401
-7.02244567871094,31.1905059814453,-0.0162706729024649,0.237029373645782
-6.76861429214478,31.1932945251465,-0.0192782245576382,0.23698066174984
-6.51492404937744,31.19606590271,-0.0213762708008289,0.236856371164322
-6.26157999038696,31.1987495422363,-0.0215974450111389,0.236746668815613
-6.00832271575928,31.2015590667725,-0.0211834199726582,0.236594453454018
-5.75490713119507,31.2043724060059,-0.0212986040860415,0.236435800790787
-5.50188970565796,31.2072944641113,-0.0193098671734333,0.23626121878624
-5.24892425537109,31.2101497650146,-0.0168613605201244,0.236142411828041
-4.99573278427124,31.2131290435791,-0.0152665842324495,0.236104249954224
-4.74200105667114,31.2162456512451,-0.0159978121519089,0.236067965626717
-4.4879994392395,31.2192230224609,-0.0177719444036484,0.236024707555771
-4.23419570922852,31.222131729126,-0.018390167504549,0.235899835824966
-3.98045420646667,31.2250118255615,-0.0184956286102533,0.235716640949249
-3.72683453559875,31.2279186248779,-0.0178107935935259,0.235589519143105
-3.47343254089355,31.2309303283691,-0.0158939938992262,0.235557481646538
-3.22025227546692,31.2340259552002,-0.0127346096560359,0.235564380884171
-2.96678280830383,31.2370262145996,-0.0107071315869689,0.23550708591938
-2.71259117126465,31.2399253845215,-0.011808062903583,0.23537839949131
-2.4578754901886,31.2428741455078,-0.0150999454781413,0.235286742448807
-2.20280456542969,31.2459411621094,-0.0197930056601763,0.235267698764801
-1.94811975955963,31.2489833831787,-0.0224707331508398,0.235201954841614
-1.69396352767944,31.2520294189453,-0.0224938243627548,0.235078409314156
-1.4401775598526,31.2552013397217,-0.0206009559333324,0.235002219676971
-1.18646395206451,31.2583122253418,-0.018165547400713,0.234996095299721
-0.93262791633606,31.2613792419434,-0.0160776898264885,0.235045060515404
-0.678264677524567,31.2645492553711,-0.0161745678633451,0.235068440437317
-0.42363315820694,31.2676982879639,-0.0172679889947176,0.235094577074051
-0.169202104210854,31.27073097229,-0.017229376360774,0.235143080353737
0.0852347388863564,31.2736988067627,-0.0169971622526646,0.235162198543549
0.339566946029663,31.2767601013184,-0.0160732492804527,0.235100984573364
0.593891978263855,31.2800025939941,-0.0148993926122785,0.23504014313221
0.848341047763824,31.2832183837891,-0.014067642390728,0.235019683837891
1.10289895534515,31.2865047454834,-0.0135063380002975,0.235088810324669
1.35768389701843,31.2898044586182,-0.0137429041787982,0.235134720802307
1.61222422122955,31.2929172515869,-0.0126675236970186,0.235115751624107
1.86688828468323,31.2959804534912,-0.0119277853518724,0.235131606459618
2.12169861793518,31.2990818023682,-0.0116219772025943,0.235154494643211
2.37631702423096,31.3022480010986,-0.0102451359853148,0.235167667269707
2.63062834739685,31.3054504394531,-0.00729364017024636,0.235185399651527
2.88511729240417,31.3088874816895,-0.00491850124672055,0.235233262181282
3.14043426513672,31.3122711181641,-0.00598446233198047,0.23534594476223
3.39551663398743,31.3155269622803,-0.00579532003030181,0.235485091805458
3.65052485466003,31.3186511993408,-0.0050618820823729,0.235635489225388
3.9054069519043,31.3219871520996,-0.00355686317197978,0.235783353447914
4.16116142272949,31.3254299163818,-0.00565365981310606,0.235881015658379
4.41716241836548,31.3288497924805,-0.00859964359551668,0.235982611775398
4.67263603210449,31.33225440979,-0.00901814177632332,0.236143186688423
4.92789459228516,31.3355846405029,-0.00827840995043516,0.236282661557198
5.18293428421021,31.3389053344727,-0.00637137610465288,0.236365869641304
5.43776512145996,31.3422336578369,-0.00335064739920199,0.236419051885605
5.69268560409546,31.3455829620361,-0.000507803692016751,0.236501887440681
5.94762563705444,31.3490180969238,0.00246149348095059,0.236660301685333
6.20288562774658,31.3525276184082,0.00425919611006975,0.236794129014015
6.45861721038818,31.3560962677002,0.00424440624192357,0.236894235014915
6.7146897315979,31.3595714569092,0.00298568583093584,0.237018048763275
6.97082138061523,31.3628845214844,0.00170000724028796,0.237135484814644
7.22689723968506,31.3661403656006,0.000876496196724474,0.237301245331764
-8.53736305236816,30.9244346618652,-0.0155137712135911,0.23728546500206
-8.28481960296631,30.927375793457,-0.0136358821764588,0.237264513969421
-8.03177165985107,30.930233001709,-0.0139858238399029,0.237121671438217
-7.77891206741333,30.9330444335938,-0.0132018318399787,0.236926540732384
-7.52583026885986,30.9357032775879,-0.0132725862786174,0.236710205674171
-7.27259254455566,30.9384117126465,-0.0138717638328671,0.236643269658089
-7.01843214035034,30.9411869049072,-0.01867082901299,0.236706256866455
-6.76393461227417,30.9440269470215,-0.024838550016284,0.236693412065506
-6.51053762435913,30.9468994140625,-0.0255041550844908,0.236538484692574
-6.25788974761963,30.9495506286621,-0.0223787985742092,0.236366346478462
-6.00528383255005,30.9524116516113,-0.0188468974083662,0.23620118200779
-5.75205326080322,30.9552040100098,-0.0180704295635223,0.236048370599747
-5.49894189834595,30.9580211639404,-0.0165093559771776,0.23588490486145
-5.24565744400024,30.960880279541,-0.015554515644908,0.235772088170052
-4.99229860305786,30.9638957977295,-0.0147299924865365,0.235718294978142
-4.7387056350708,30.9669609069824,-0.0147879887372255,0.235636979341507
-4.48485708236694,30.9698791503906,-0.0158255007117987,0.235553815960884
-4.23105716705322,30.9727363586426,-0.016410605981946,0.235389113426208
-3.97694659233093,30.9756565093994,-0.0182212311774492,0.235240265727043
-3.72251677513123,30.9784526824951,-0.0212929304689169,0.235140204429626
-3.46870088577271,30.9814071655273,-0.0212735086679459,0.235117092728615
-3.21586179733276,30.9844951629639,-0.0164966937154531,0.235073059797287
-2.96301651000977,30.9874973297119,-0.0115476259961724,0.23500981926918
-2.70901823043823,30.9903354644775,-0.0117312716320157,0.23486290872097
-2.45385122299194,30.9932155609131,-0.017084302380681,0.23474195599556
-2.19890809059143,30.9963359832764,-0.0211611147969961,0.234693989157677
-1.94502317905426,30.9994373321533,-0.0201395284384489,0.234679356217384
-1.69131207466125,31.0023860931396,-0.0181047655642033,0.234675258398056
-1.43774282932281,31.0054607391357,-0.0152081120759249,0.234635636210442
-1.1838002204895,31.0085411071777,-0.0138076851144433,0.234579026699066
-0.929421722888947,31.0116195678711,-0.0141781764104962,0.234587743878365
-0.675057828426361,31.0148963928223,-0.0142593216150999,0.234609723091125
-0.420576751232147,31.0181503295898,-0.0146514205262065,0.234604522585869
-0.166046991944313,31.0210418701172,-0.0150439804419875,0.234648451209068
0.088447317481041,31.0238456726074,-0.0150548052042723,0.234673410654068
0.342712104320526,31.0268363952637,-0.013809273019433,0.234644368290901
0.59694242477417,31.0301265716553,-0.0121920499950647,0.234583646059036
0.851731598377228,31.0333728790283,-0.0128710074350238,0.234571531414986
1.1067019701004,31.0366535186768,-0.0141389863565564,0.23460228741169
1.36152672767639,31.0398540496826,-0.0145314875990152,0.234615102410316
1.61575055122375,31.0429630279541,-0.0120199834927917,0.234632924199104
1.8699141740799,31.0459690093994,-0.00903161615133286,0.234668955206871
2.12462568283081,31.0490322113037,-0.00827102269977331,0.234702691435814
2.3792941570282,31.0521774291992,-0.0071015115827322,0.234723970293999
2.63369250297546,31.0554122924805,-0.00452129961922765,0.234755709767342
2.88814091682434,31.058837890625,-0.00195133301895112,0.234828904271126
3.14341259002686,31.0621776580811,-0.00280352565459907,0.234950691461563
3.39870762825012,31.0653781890869,-0.00353512959554791,0.235140845179558
3.65382671356201,31.0685367584229,-0.00327315018512309,0.235363081097603
3.90851807594299,31.0718936920166,-0.000915980199351907,0.235513433814049
4.16382074356079,31.0753040313721,-0.00102180009707808,0.235523670911789
4.41970825195312,31.0786037445068,-0.00346145080402493,0.235534831881523
4.67553424835205,31.081937789917,-0.00540492869913578,0.235636115074158
4.93098783493042,31.0852298736572,-0.00550179881975055,0.23575621843338
5.18603467941284,31.0885219573975,-0.0036119082942605,0.235881105065346
5.44093656539917,31.091869354248,-0.000885057845152915,0.235976606607437
5.69604825973511,31.0951957702637,0.00114646309521049,0.236118525266647
5.95130491256714,31.0985412597656,0.00276366341859102,0.236277773976326
6.20685005187988,31.101921081543,0.00335027556866407,0.236381351947784
6.4626636505127,31.1053619384766,0.0030029765330255,0.236502155661583
6.71901559829712,31.1087455749512,0.000567465031053871,0.236650347709656
6.97504425048828,31.1120643615723,-0.000255859864410013,0.236782684922218
7.23128652572632,31.1152439117432,-0.0017684530466795,0.236980006098747
-8.5328197479248,30.6751861572266,-0.020649703219533,0.236813813447952
-8.28013324737549,30.6780891418457,-0.0194343440234661,0.236863762140274
-8.02717113494873,30.6809253692627,-0.0193352121859789,0.236741006374359
-7.77445363998413,30.6838569641113,-0.017836844548583,0.236692801117897
-7.52158117294312,30.6866359710693,-0.0168685913085938,0.236533656716347
-7.26827239990234,30.689266204834,-0.0177809689193964,0.236395090818405
-7.01387929916382,30.6919612884521,-0.0236661732196808,0.236359715461731
-6.75929594039917,30.6947078704834,-0.0302143152803183,0.236292287707329
-6.50632333755493,30.6976795196533,-0.0288208108395338,0.236120700836182
-6.25436067581177,30.700439453125,-0.0224041156470776,0.235909998416901
-6.00242137908936,30.7033443450928,-0.015681579709053,0.235727071762085
-5.74944400787354,30.706127166748,-0.0136891035363078,0.235586658120155
-5.49615669250488,30.7088394165039,-0.012951435521245,0.235445126891136
-5.24245357513428,30.7116775512695,-0.0139574808999896,0.235355705022812
-4.98890686035156,30.7145767211914,-0.0140016842633486,0.235322773456573
-4.73526954650879,30.7175102233887,-0.0142490928992629,0.235204502940178
-4.48137760162354,30.7203578948975,-0.0154694253578782,0.235055327415466
-4.22761106491089,30.7232322692871,-0.0158762782812119,0.234878301620483
-3.97346425056458,30.7262210845947,-0.0178346037864685,0.234740421175957
-3.71875262260437,30.7291145324707,-0.0221984721720219,0.234650284051895
-3.46456122398376,30.732307434082,-0.023899732157588,0.234673798084259
-3.21169495582581,30.7352447509766,-0.0192225892096758,0.234588176012039
-2.95910215377808,30.7381191253662,-0.0130771370604634,0.234499052166939
-2.70500516891479,30.7408256530762,-0.0136916041374207,0.234299123287201
-2.44994688034058,30.7436618804932,-0.0185160413384438,0.234175384044647
-2.19551610946655,30.7467555999756,-0.0202099923044443,0.234152480959892
-1.94214332103729,30.7499179840088,-0.0168141573667526,0.234140142798424
-1.68884599208832,30.7529430389404,-0.0128663675859571,0.234214439988136
-1.43514335155487,30.7558689117432,-0.0105693014338613,0.234215527772903
-1.18073081970215,30.758846282959,-0.0113019766286016,0.234140783548355
-0.926051557064056,30.7619094848633,-0.0130256991833448,0.2340989112854
-0.671753108501434,30.7652111053467,-0.0127889616414905,0.23410239815712
-0.417535752058029,30.768461227417,-0.0119652580469847,0.234131559729576
-0.163081288337708,30.7712898254395,-0.0120000541210175,0.234186396002769
0.0916259959340096,30.7740612030029,-0.0129570532590151,0.234194114804268
0.346094280481339,30.7770290374756,-0.0126111982390285,0.234166994690895
0.600449442863464,30.7803249359131,-0.0115359351038933,0.234123021364212
0.855207562446594,30.7835674285889,-0.0120547190308571,0.234141066670418
1.11020576953888,30.7866840362549,-0.0134279662743211,0.234155923128128
1.36519622802734,30.7898540496826,-0.0145409256219864,0.234113082289696
1.61953508853912,30.7929916381836,-0.0125211337581277,0.234118670225143
1.87356162071228,30.7960777282715,-0.00889852922409773,0.234224587678909
2.12796449661255,30.7990379333496,-0.00674425018951297,0.234294906258583
2.38267469406128,30.8022174835205,-0.00574201205745339,0.234334975481033
2.6371009349823,30.8054428100586,-0.00326562090776861,0.234337970614433
2.8913881778717,30.8088092803955,3.39613761752844e-05,0.234394043684006
3.14633321762085,30.8120975494385,0.00063909578602761,0.234527856111526
3.40184497833252,30.8153018951416,-0.0010324704926461,0.234754756093025
3.65711259841919,30.8185997009277,-0.00140436319634318,0.234942868351936
3.91182374954224,30.821964263916,0.000882745487615466,0.235039979219437
4.16695642471313,30.8252334594727,0.00153544219210744,0.235006615519524
4.42250156402588,30.8283729553223,0.000605730398092419,0.235036104917526
4.67819404602051,30.8316307067871,-0.000743711832910776,0.235173299908638
4.93375587463379,30.8349609375,-0.00130047125276178,0.235285609960556
5.18904209136963,30.8382816314697,-0.000439017981989309,0.235409632325172
5.44431495666504,30.8416423797607,0.000697497394867241,0.235558971762657
5.69983863830566,30.8449993133545,0.000962907797656953,0.235733330249786
5.95551681518555,30.8482570648193,0.000781898619607091,0.235890537500381
6.21129035949707,30.8515815734863,0.000408370571676642,0.236020043492317
6.46678447723389,30.855001449585,0.0014575804816559,0.236128643155098
6.72239828109741,30.8583679199219,0.00220905127935112,0.23626634478569
6.97872018814087,30.8615207672119,0.000146452657645568,0.236446857452393
7.23493242263794,30.8646144866943,-0.00122215237934142,0.236657589673996
-8.52801036834717,30.4260425567627,-0.02709642611444,0.236366912722588
-8.27501487731934,30.4289360046387,-0.0273406561464071,0.236517861485481
-8.02257823944092,30.4317665100098,-0.0246644970029593,0.236411273479462
-7.76981687545776,30.4347324371338,-0.0233466774225235,0.236429676413536
-7.51716804504395,30.437572479248,-0.0212682820856571,0.236279115080833
-7.26414585113525,30.4402275085449,-0.0207719299942255,0.236066073179245
-7.01018047332764,30.4428844451904,-0.0245804078876972,0.235895752906799
-6.75581407546997,30.4454784393311,-0.0300658512860537,0.235788568854332
-6.5028657913208,30.4484710693359,-0.0285380221903324,0.23563277721405
-6.25089168548584,30.4513320922852,-0.0221530832350254,0.235409781336784
-5.99909496307373,30.4542694091797,-0.0147297540679574,0.235207289457321
-5.74628639221191,30.4569931030273,-0.0119193671271205,0.235079482197762
-5.4928822517395,30.4596481323242,-0.0117162568494678,0.234978497028351
-5.23904180526733,30.4624309539795,-0.0133522376418114,0.234900861978531
-4.98536825180054,30.4652900695801,-0.013971452601254,0.234894260764122
-4.73162841796875,30.4681701660156,-0.0146788135170937,0.234825536608696
-4.47773265838623,30.4709854125977,-0.0158948618918657,0.234630197286606
-4.2241096496582,30.4738826751709,-0.0156055735424161,0.234412282705307
-3.97014164924622,30.4769096374512,-0.016706882044673,0.234262987971306
-3.71558952331543,30.4798183441162,-0.0203068666160107,0.23417241871357
-3.46144485473633,30.4829158782959,-0.0217725913971663,0.23420949280262
-3.20825409889221,30.4858245849609,-0.018583569675684,0.234144568443298
-2.95532917976379,30.4886722564697,-0.0139558436349034,0.23402726650238
-2.70139646530151,30.491361618042,-0.0137854926288128,0.233844965696335
-2.44701361656189,30.4942245483398,-0.0154704814776778,0.233736470341682
-2.19266986846924,30.4972343444824,-0.0167472399771214,0.23371921479702
-1.93892562389374,30.5003604888916,-0.0150427222251892,0.233650639653206
-1.68531227111816,30.5033893585205,-0.0125247510150075,0.233701065182686
-1.43129110336304,30.5062866210938,-0.0116631500422955,0.233729273080826
-1.17669820785522,30.5092754364014,-0.0131935123354197,0.233695551753044
-0.922096848487854,30.5123844146729,-0.0145351346582174,0.233619332313538
-0.668016791343689,30.5155735015869,-0.0132801830768585,0.233579844236374
-0.41391521692276,30.5186614990234,-0.0119079891592264,0.233671337366104
-0.159523323178291,30.5215301513672,-0.0116363866254687,0.233745977282524
0.0949774608016014,30.5243530273438,-0.0116378283128142,0.233723059296608
0.349360466003418,30.5273056030273,-0.0108874086290598,0.233641564846039
0.603731095790863,30.5304927825928,-0.00986321270465851,0.233575239777565
0.85837584733963,30.5336952209473,-0.00985369272530079,0.233620315790176
1.11335492134094,30.5367889404297,-0.0111231515184045,0.2336555570364
1.36867392063141,30.5399875640869,-0.0136872138828039,0.233620882034302
1.62321484088898,30.5431289672852,-0.012548454105854,0.233593001961708
1.87709188461304,30.5462951660156,-0.00823798775672913,0.233691424131393
2.13114166259766,30.5492362976074,-0.00449298787862062,0.233824551105499
2.38594508171082,30.5523567199707,-0.00388718489557505,0.233911409974098
2.64051365852356,30.5555381774902,-0.00202378397807479,0.233844444155693
2.89476990699768,30.5588207244873,0.00143214769195765,0.233899459242821
3.1496274471283,30.562047958374,0.0024424297735095,0.234058722853661
3.40539073944092,30.565336227417,-0.000317832891596481,0.234283685684204
3.66084480285645,30.5686168670654,-0.00148870178963989,0.234437525272369
3.91561436653137,30.5719089508057,0.000563296547625214,0.234522938728333
4.17074966430664,30.5750350952148,0.0012265028199181,0.234498724341393
4.42607736587524,30.5781307220459,0.00126610591541976,0.234610289335251
4.68163442611694,30.5813312530518,0.000525455398019403,0.234803095459938
4.93706178665161,30.5847053527832,0.00057382887462154,0.23494653403759
5.19256925582886,30.5880699157715,0.000491758401039988,0.235034435987473
5.44820165634155,30.5914363861084,8.81180967553519e-05,0.235188901424408
5.70399522781372,30.594762802124,-0.000789754441939294,0.235374271869659
5.95983982086182,30.5979557037354,-0.00166769861243665,0.23552905023098
6.21535301208496,30.6012535095215,-0.000895021541509777,0.235628992319107
6.47045564651489,30.6046543121338,0.00185869610868394,0.235775768756866
6.72563409805298,30.6079502105713,0.00449491804465652,0.235978305339813
6.98146772384644,30.611234664917,0.00453621195629239,0.236126452684402
7.2375636100769,30.6142807006836,0.00367604871280491,0.236326456069946
-8.5236291885376,30.1771335601807,-0.0314698442816734,0.236067265272141
-8.27030086517334,30.1800498962402,-0.0333036407828331,0.236283391714096
-8.01774120330811,30.1828689575195,-0.031186256557703,0.236288696527481
-7.76541805267334,30.1856536865234,-0.0277180746197701,0.236125111579895
-7.51303195953369,30.1884155273438,-0.0243446081876755,0.23588439822197
-7.26045227050781,30.1910533905029,-0.021695252507925,0.235596001148224
-7.00700807571411,30.1937713623047,-0.0229806341230869,0.23535592854023
-6.75300550460815,30.1963768005371,-0.0267095919698477,0.235288321971893
-6.49984264373779,30.1993160247803,-0.0261883400380611,0.235222116112709
-6.24745464324951,30.2022361755371,-0.0217593684792519,0.235036283731461
-5.99522638320923,30.2051582336426,-0.0163665618747473,0.234854161739349
-5.74258470535278,30.2079029083252,-0.0127366138622165,0.234723046422005
-5.48931312561035,30.2104911804199,-0.0118822166696191,0.234629034996033
-5.23553848266602,30.2131423950195,-0.0131856668740511,0.234506830573082
-4.98160219192505,30.2159271240234,-0.0150224100798368,0.234478935599327
-4.72767496109009,30.218921661377,-0.0165858305990696,0.234430998563766
-4.47394847869873,30.2218647003174,-0.016979543492198,0.234239831566811
-4.22046184539795,30.2247562408447,-0.0160262901335955,0.234018474817276
-3.96659421920776,30.2276649475098,-0.016635337844491,0.233844831585884
-3.71225786209106,30.2303867340088,-0.0192062929272652,0.233743369579315
-3.4581310749054,30.2332954406738,-0.0205688253045082,0.233725890517235
-3.20483160018921,30.2362060546875,-0.0178647637367249,0.233656391501427
-2.95178461074829,30.2391242980957,-0.0137797687202692,0.233544304966927
-2.69833326339722,30.2420101165771,-0.0113605540245771,0.233401030302048
-2.44410419464111,30.2448596954346,-0.0123184202238917,0.233327001333237
-2.18957853317261,30.2477264404297,-0.0144159849733114,0.233285188674927
-1.93537855148315,30.2507305145264,-0.0147867659106851,0.233200445771217
-1.68134140968323,30.2537059783936,-0.0141893746331334,0.233152061700821
-1.42701923847198,30.2566318511963,-0.014677464030683,0.233135581016541
-1.17226707935333,30.2596683502197,-0.0169048700481653,0.233151972293854
-0.917932569980621,30.2628211975098,-0.0169994663447142,0.23310886323452
-0.664168953895569,30.2659397125244,-0.0142778363078833,0.233079954981804
-0.410248994827271,30.2689933776855,-0.0120562622323632,0.233196333050728
-0.156066924333572,30.271993637085,-0.0108105204999447,0.233278855681419
0.098115473985672,30.2748928070068,-0.00935144349932671,0.233236566185951
0.35238578915596,30.2777500152588,-0.00807471014559269,0.233108371496201
0.606880128383636,30.2807598114014,-0.00759041728451848,0.233015120029449
0.861497819423676,30.2838916778564,-0.00744138285517693,0.233069375157356
1.11651575565338,30.2869453430176,-0.00886728055775166,0.233156353235245
1.37191843986511,30.2900772094727,-0.0117870904505253,0.233175784349442
1.62644040584564,30.29319190979,-0.0105454605072737,0.233106583356857
1.88018774986267,30.296365737915,-0.0056380657479167,0.233143627643585
2.13418960571289,30.2994022369385,-0.00166339532006532,0.233274862170219
2.38888144493103,30.3025341033936,-0.000544575683306903,0.233405038714409
2.64370441436768,30.3056678771973,0.000208314362680539,0.23339581489563
2.89847540855408,30.3088474273682,0.00140662014018744,0.233437865972519
3.15392088890076,30.3120784759521,-0.000153204819071107,0.233597338199615
3.40970802307129,30.3153343200684,-0.00299081136472523,0.233834430575371
3.66484665870667,30.3185520172119,-0.00275004329159856,0.234025731682777
3.91958379745483,30.3217449188232,-0.000531583267729729,0.234112814068794
4.17486429214478,30.3248100280762,-0.000479120179079473,0.234087973833084
4.43021440505981,30.3279705047607,-0.000513954437337816,0.234217151999474
4.68574666976929,30.3312129974365,-0.00111968594137579,0.234441041946411
4.94093704223633,30.3346080780029,-1.89715356100351e-05,0.234657391905785
5.19618797302246,30.337947845459,0.00103437248617411,0.234818398952484
5.45191335678101,30.3412685394287,0.000249546981649473,0.234938889741898
5.70793390274048,30.3445701599121,-0.00159203889779747,0.235053464770317
5.96369409561157,30.3477973937988,-0.00208249129354954,0.235144048929214
6.21886777877808,30.3510627746582,0.000172212545294315,0.235205978155136
6.47355937957764,30.3543319702148,0.00470998464152217,0.235392332077026
6.72852754592896,30.3577671051025,0.00826065056025982,0.235542669892311
6.9835991859436,30.3610458374023,0.0115763172507286,0.235834017395973
7.23959922790527,30.3641147613525,0.0111297927796841,0.236036464571953
-8.51926517486572,29.9284553527832,-0.0357793755829334,0.235915020108223
-8.26662635803223,29.931339263916,-0.0342382602393627,0.23607012629509
-8.0142993927002,29.9339351654053,-0.0309746377170086,0.235987991094589
-7.76206350326538,29.9366130828857,-0.0270649790763855,0.235757321119308
-7.50951051712036,29.9391670227051,-0.0244758259505033,0.235473617911339
-7.25687026977539,29.9417839050293,-0.0220950748771429,0.235170379281044
-7.00374412536621,29.9445877075195,-0.0218320228159428,0.234963268041611
-6.75022172927856,29.9473285675049,-0.0232428908348083,0.234929472208023
-6.49683523178101,29.9501247406006,-0.0237751975655556,0.234894692897797
-6.24397945404053,29.9530239105225,-0.0215579979121685,0.234741702675819
-5.99136638641357,29.9559764862061,-0.0179712418466806,0.234537452459335
-5.73863697052002,29.958833694458,-0.0147313652560115,0.234403669834137
-5.48540878295898,29.9614524841309,-0.0136451674625278,0.234348967671394
-5.23169946670532,29.9639701843262,-0.0146128395572305,0.23427826166153
-4.97779178619385,29.9667453765869,-0.0162891522049904,0.234173193573952
-4.72387075424194,29.9697723388672,-0.0177969634532928,0.234025612473488
-4.4702262878418,29.9727115631104,-0.0177781339734793,0.233815088868141
-4.21681594848633,29.9755802154541,-0.0164435524493456,0.233618974685669
-3.96313571929932,29.9783229827881,-0.01615384593606,0.233450010418892
-3.70901465415955,29.9809741973877,-0.0176988858729601,0.233315512537956
-3.45466279983521,29.983715057373,-0.0200885627418756,0.233221217989922
-3.20116591453552,29.9866561889648,-0.0182772185653448,0.233162209391594
-2.94818258285522,29.9897308349609,-0.0138727445155382,0.233079195022583
-2.6950798034668,29.9926471710205,-0.00981865450739861,0.232977673411369
-2.44081234931946,29.9954681396484,-0.0109324920922518,0.23291127383709
-2.18624258041382,29.9982490539551,-0.0132127963006496,0.232813775539398
-1.93197774887085,30.0011863708496,-0.0138602470979095,0.232700690627098
-1.67777705192566,30.0041427612305,-0.0139906881377101,0.232592388987541
-1.42326474189758,30.0071411132812,-0.015324829146266,0.232560962438583
-1.16854465007782,30.0101509094238,-0.0173806007951498,0.232615366578102
-0.914368748664856,30.01318359375,-0.0167284961789846,0.232647761702538
-0.66057687997818,30.0161895751953,-0.014112307690084,0.232668876647949
-0.406693071126938,30.0192852020264,-0.011703466065228,0.232695668935776
-0.15255406498909,30.0224075317383,-0.010239246301353,0.232727125287056
0.101619265973568,30.0253982543945,-0.00871628802269697,0.232667371630669
0.355936706066132,30.0282440185547,-0.00762955751270056,0.232563957571983
0.610446810722351,30.0311393737793,-0.00719384755939245,0.232507854700089
0.864831805229187,30.0341968536377,-0.00597777310758829,0.232594937086105
1.11964344978333,30.0372142791748,-0.0064584375359118,0.232738569378853
1.37462544441223,30.0402374267578,-0.00747922249138355,0.232805818319321
1.62905788421631,30.0433521270752,-0.00582328671589494,0.232732057571411
1.88291311264038,30.0464916229248,-0.00138333439826965,0.232653588056564
2.13718891143799,30.0496520996094,0.00138967577368021,0.232714787125587
2.39196062088013,30.052734375,0.00216935621574521,0.232889086008072
2.64675569534302,30.05588722229,0.0030637679155916,0.232999011874199
2.90209746360779,30.0590419769287,0.00175809755455703,0.233069211244583
3.15823554992676,30.0622081756592,-0.0028341596480459,0.23321807384491
3.41426420211792,30.0653553009033,-0.00670770974829793,0.233422324061394
3.66932773590088,30.0685005187988,-0.00610783416777849,0.233648985624313
3.92386031150818,30.0716609954834,-0.00296372966840863,0.233761966228485
4.17885303497314,30.0748138427734,-0.00162574579007924,0.233789920806885
4.43428707122803,30.0780353546143,-0.00200072606094182,0.233873441815376
4.68975782394409,30.0813980102539,-0.00231414474546909,0.234072238206863
4.94483518600464,30.0847434997559,-0.000697650073561817,0.23429548740387
5.19965600967407,30.0879707336426,0.00224399357102811,0.234528422355652
5.45511770248413,30.091178894043,0.00261746090836823,0.234694182872772
5.71115446090698,30.0943775177002,0.000722736469469965,0.234800279140472
5.9670352935791,30.0975131988525,-0.000272399949608371,0.234848216176033
6.22198724746704,30.1006565093994,0.00295322388410568,0.234883919358253
6.47653293609619,30.1040153503418,0.00813223235309124,0.235083892941475
6.73128175735474,30.1074085235596,0.0126370275393128,0.235191509127617
6.98594903945923,30.1107444763184,0.01769426651299,0.235556304454803
7.24143743515015,30.1138019561768,0.0194407999515533,0.235836371779442
-8.2645092010498,29.6825904846191,-0.0276373662054539,0.235751420259476
-8.01210308074951,29.6850337982178,-0.0247531589120626,0.235643833875656
-7.75965976715088,29.6876583099365,-0.0218342207372189,0.235425248742104
-7.50661516189575,29.6902389526367,-0.0216020606458187,0.235141053795815
-7.25352382659912,29.6928443908691,-0.0213728845119476,0.234791338443756
-7.00046491622925,29.6955451965332,-0.0207655038684607,0.234593123197556
-6.74731111526489,29.6982688903809,-0.0203943941742182,0.234584212303162
-6.49398231506348,29.7009983062744,-0.0206352286040783,0.234555289149284
-6.24063920974731,29.7039356231689,-0.0207210816442966,0.234380483627319
-5.98764705657959,29.7069435119629,-0.0189160015434027,0.234177619218826
-5.73475503921509,29.7098197937012,-0.0164228677749634,0.234057143330574
-5.48149156570435,29.7124042510986,-0.0154759557917714,0.233995363116264
-5.22787189483643,29.7148571014404,-0.0159917995333672,0.23394101858139
-4.9740629196167,29.7175388336182,-0.0171762518584728,0.233790695667267
-4.72019958496094,29.7204971313477,-0.0183890406042337,0.233609452843666
-4.46663761138916,29.7234439849854,-0.0179578978568316,0.233381494879723
-4.21337556838989,29.7262992858887,-0.0159040819853544,0.233202636241913
-3.95991921424866,29.7289962768555,-0.0145462797954679,0.233025774359703
-3.70603680610657,29.7317295074463,-0.0149580622091889,0.232877150177956
-3.45167016983032,29.7345333099365,-0.0173982381820679,0.232754558324814
-3.19779467582703,29.7374229431152,-0.0173268988728523,0.232687190175056
-2.94456028938293,29.7404327392578,-0.0140634560957551,0.23263455927372
-2.69137907028198,29.7433662414551,-0.0103462804108858,0.232504546642303
-2.4371063709259,29.74609375,-0.011459844186902,0.232376620173454
-2.18268013000488,29.7488975524902,-0.0130536975339055,0.232253789901733
-1.92858397960663,29.751838684082,-0.0129023930057883,0.232159540057182
-1.67462003231049,29.7548198699951,-0.0119251077994704,0.232077673077583
-1.4202675819397,29.7577781677246,-0.0125077879056334,0.232068091630936
-1.16583061218262,29.7606525421143,-0.0132536552846432,0.232135906815529
-0.911595940589905,29.7636013031006,-0.0128534371033311,0.232219442725182
-0.657531499862671,29.7665748596191,-0.0114606460556388,0.232207998633385
-0.403443455696106,29.7696590423584,-0.00995947234332561,0.232193320989609
-0.149070113897324,29.7727832794189,-0.00953580159693956,0.232180595397949
0.105451248586178,29.775806427002,-0.00956251751631498,0.232122644782066
0.359874218702316,29.7786846160889,-0.00892569031566381,0.232047244906425
0.614048361778259,29.7815570831299,-0.00695178518071771,0.232007727026939
0.868112623691559,29.7845439910889,-0.00427191657945514,0.232146933674812
1.12267780303955,29.7875423431396,-0.00362784648314118,0.232289180159569
1.37716853618622,29.79052734375,-0.0024337840732187,0.23238205909729
1.63150012493134,29.7936191558838,-0.000314209988573566,0.232351154088974
1.88573276996613,29.7967185974121,0.00245674070902169,0.232258275151253
2.14037299156189,29.7998886108398,0.00362493516877294,0.232254981994629
2.39529490470886,29.8029327392578,0.00375754502601922,0.232425138354301
2.65018320083618,29.8060970306396,0.00425864616408944,0.232621148228645
2.90566039085388,29.8092193603516,0.00237539713270962,0.232797265052795
3.16178822517395,29.8123359680176,-0.00214916979894042,0.232980951666832
3.41795253753662,29.8154468536377,-0.00659812614321709,0.233109846711159
3.67340207099915,29.818510055542,-0.00767106702551246,0.233246996998787
3.92814612388611,29.8216133117676,-0.00542859965935349,0.233319699764252
4.18282794952393,29.8248863220215,-0.00270406971685588,0.233415186405182
4.43805742263794,29.8282241821289,-0.00215988862328231,0.233500063419342
4.69344472885132,29.8315658569336,-0.00208863546140492,0.233645007014275
4.94837236404419,29.8347225189209,0.00019941819482483,0.233883708715439
5.20293140411377,29.8378791809082,0.00429766625165939,0.234150394797325
5.45796823501587,29.8410911560059,0.00652725575491786,0.234408989548683
5.71389007568359,29.8441600799561,0.00514438049867749,0.234540954232216
5.9699912071228,29.8472290039062,0.00321127334609628,0.234590291976929
6.22543048858643,29.8502902984619,0.00435270695015788,0.234607368707657
6.48019313812256,29.8537693023682,0.00861701555550098,0.234752103686333
6.73476839065552,29.8571357727051,0.0138858910650015,0.234867542982101
6.98932361602783,29.8605670928955,0.0194391533732414,0.235247030854225
-8.26254081726074,29.433744430542,-0.0203352887183428,0.235396131873131
-8.01000022888184,29.4361629486084,-0.0180911384522915,0.235309690237045
-7.75691175460815,29.4387245178223,-0.0182777438312769,0.235078379511833
-7.50384950637817,29.441370010376,-0.0181170683354139,0.234836354851723
-7.2507266998291,29.4440670013428,-0.0180221069604158,0.234511703252792
-6.99774217605591,29.4467353820801,-0.0170440562069416,0.234267637133598
-6.74446105957031,29.4493827819824,-0.0172655526548624,0.234190657734871
-6.49082565307617,29.4520320892334,-0.0189541559666395,0.234111219644547
-6.23724222183228,29.454906463623,-0.0201650243252516,0.233921304345131
-5.98418712615967,29.457820892334,-0.0186374820768833,0.233712404966354
-5.73112726211548,29.4606399536133,-0.0169177316129208,0.233573734760284
-5.47760391235352,29.4632148742676,-0.0171736367046833,0.233478158712387
-5.22391986846924,29.4657497406006,-0.0179669801145792,0.233390972018242
-4.97024488449097,29.4683933258057,-0.0184926055371761,0.233271032571793
-4.71645021438599,29.4712238311768,-0.0193544384092093,0.233157828450203
-4.46286249160767,29.4741363525391,-0.0190207250416279,0.232959538698196
-4.20981407165527,29.4770603179932,-0.0159402713179588,0.2327571362257
-3.95676779747009,29.4798126220703,-0.0126400757580996,0.232543915510178
-3.70313429832458,29.4826316833496,-0.0118710547685623,0.232412442564964
-3.44880843162537,29.4855136871338,-0.0141030522063375,0.232311874628067
-3.1945652961731,29.4883613586426,-0.0157200805842876,0.232257142663002
-2.9409031867981,29.4912376403809,-0.0144180618226528,0.232193693518639
-2.68740606307983,29.4941444396973,-0.0121359769254923,0.232031181454659
-2.43327474594116,29.4968128204346,-0.0125690838322043,0.231834560632706
-2.1788923740387,29.4996700286865,-0.0139337042346597,0.231673687696457
-1.92477202415466,29.5025959014893,-0.0138668166473508,0.231630653142929
-1.67115271091461,29.5055866241455,-0.0112830474972725,0.231585219502449
-1.41723334789276,29.5084686279297,-0.00986135099083185,0.231605067849159
-1.16311979293823,29.5112972259521,-0.00911174528300762,0.231687858700752
-0.908760190010071,29.5141410827637,-0.00926512386649847,0.231740608811378
-0.65446263551712,29.5170288085938,-0.00891484785825014,0.231703191995621
-0.400178223848343,29.5200843811035,-0.00828545354306698,0.231704220175743
-0.145501106977463,29.5231990814209,-0.0092158867046237,0.231706067919731
0.109279364347458,29.5262451171875,-0.0103893233463168,0.23166885972023
0.363712251186371,29.5291061401367,-0.00977090373635292,0.231576785445213
0.617739498615265,29.5319309234619,-0.00711001548916101,0.231552615761757
0.871604561805725,29.5348739624023,-0.00351129611954093,0.231695994734764
1.12595295906067,29.5379047393799,-0.00187328201718628,0.231795847415924
1.38021516799927,29.5409507751465,0.000363629631465301,0.231877312064171
1.63475406169891,29.5439834594727,0.00157607486471534,0.23183374106884
1.88926482200623,29.5470314025879,0.00312879029661417,0.231767252087593
2.14406228065491,29.5501537322998,0.00362079497426748,0.231782078742981
2.39905118942261,29.5531845092773,0.0034806604962796,0.231965020298958
2.65395379066467,29.5563163757324,0.00394147960469127,0.232256650924683
2.90908813476562,29.5593852996826,0.0035973007325083,0.232514202594757
3.16492462158203,29.5624465942383,0.000377732707420364,0.232669666409492
3.42104172706604,29.5655269622803,-0.00384468119591475,0.232731848955154
3.67668652534485,29.5685272216797,-0.00575726106762886,0.232799634337425
3.93185520172119,29.5715770721436,-0.00535678630694747,0.232869282364845
4.18667459487915,29.5748920440674,-0.00321062956936657,0.233021125197411
4.4416561126709,29.5782585144043,-0.00156284123659134,0.233186542987823
4.69662094116211,29.5814666748047,0.000370068766642362,0.233278170228004
4.95124340057373,29.5845165252686,0.00400361139327288,0.233448877930641
5.20580959320068,29.587646484375,0.00808433722704649,0.233681708574295
5.46088361740112,29.5908946990967,0.0101677151396871,0.233996510505676
5.7167797088623,29.5939521789551,0.00890902895480394,0.234216198325157
5.97307014465332,29.5970325469971,0.00617375457659364,0.234318643808365
6.22864389419556,29.6001663208008,0.00675283139571548,0.234364524483681
6.48374176025391,29.6034317016602,0.00959161296486855,0.234426751732826
6.73831033706665,29.606990814209,0.0149103226140141,0.234570056200027
6.99332189559937,29.6105098724365,0.0185289923101664,0.23496600985527
-8.2599983215332,29.1848278045654,-0.0158242080360651,0.235048934817314
-8.00720310211182,29.1872730255127,-0.0147987147793174,0.234987869858742
-7.75405740737915,29.1899185180664,-0.0152483778074384,0.23480424284935
-7.50056791305542,29.1925487518311,-0.0171261467039585,0.23449844121933
-7.24749898910522,29.195255279541,-0.0167529787868261,0.234182715415955
-6.99450874328613,29.1978740692139,-0.0157811027020216,0.233916416764259
-6.74095916748047,29.2005271911621,-0.0172646883875132,0.233785405755043
-6.48698377609253,29.2031517028809,-0.0205538868904114,0.233685031533241
-6.2332649230957,29.2059345245361,-0.0223821252584457,0.233495891094208
-5.98048067092896,29.2087421417236,-0.0195385161787271,0.233258679509163
-5.72746849060059,29.2114906311035,-0.0175672713667154,0.233024388551712
-5.47378587722778,29.2141284942627,-0.0185515694320202,0.232854515314102
-5.22002220153809,29.2167434692383,-0.0196938756853342,0.232752457261086
-4.9664249420166,29.2194194793701,-0.0198244750499725,0.232677385210991
-4.71258974075317,29.2221851348877,-0.0208487026393414,0.2326290756464
-4.45912837982178,29.2250556945801,-0.019893167540431,0.232456862926483
-4.20633316040039,29.2279491424561,-0.0156007139012218,0.232256785035133
-3.95350933074951,29.2307224273682,-0.0112392222508788,0.232054874300957
-3.69998025894165,29.2335605621338,-0.00996109191328287,0.231959596276283
-3.44566321372986,29.2364253997803,-0.0121312197297812,0.231853663921356
-3.19107604026794,29.2392177581787,-0.0153249390423298,0.231780260801315
-2.93722724914551,29.2420635223389,-0.014862478710711,0.231741815805435
-2.68373918533325,29.2449970245361,-0.0125129306688905,0.231611728668213
-2.4297456741333,29.2476959228516,-0.0122841550037265,0.231425061821938
-2.17528247833252,29.2505035400391,-0.0139957433566451,0.231219187378883
-1.9209908246994,29.2533054351807,-0.0146918008103967,0.231177791953087
-1.66751933097839,29.256275177002,-0.0114035475999117,0.231156677007675
-1.41371071338654,29.2591228485107,-0.00945006683468819,0.231213092803955
-1.15954685211182,29.2619895935059,-0.00890579354017973,0.231251984834671
-0.905019462108612,29.2647724151611,-0.00979890581220388,0.231213003396988
-0.650734543800354,29.2676334381104,-0.00936493836343288,0.231147453188896
-0.396606296300888,29.270637512207,-0.00800135731697083,0.231171324849129
-0.142208203673363,29.273738861084,-0.00764434924349189,0.231194466352463
0.112519636750221,29.2767143249512,-0.00855844281613827,0.231178507208824
0.367101460695267,29.2795066833496,-0.00859060604125261,0.231098547577858
0.621407091617584,29.2823276519775,-0.00715977977961302,0.231097891926765
0.875228345394135,29.2853240966797,-0.00333958747796714,0.231222361326218
1.12942433357239,29.2884006500244,-0.000993831548839808,0.231326907873154
1.38370227813721,29.2914981842041,0.00119522167369723,0.23134683072567
1.63833808898926,29.2944450378418,0.00199813093058765,0.231255486607552
1.89296305179596,29.2974834442139,0.00306571344844997,0.231278017163277
2.14775705337524,29.30055809021,0.00359652983024716,0.231390163302422
2.40268039703369,29.3035564422607,0.00377192650921643,0.231581330299377
2.65751981735229,29.3066158294678,0.00453612767159939,0.231819689273834
2.91256284713745,29.3096179962158,0.00461745960637927,0.232073605060577
3.16820502281189,29.3125953674316,0.00227660313248634,0.232166931033134
3.42421865463257,29.3155956268311,-0.00147120992187411,0.23223914206028
3.67960429191589,29.3185272216797,-0.00222713523544371,0.232336550951004
3.934734582901,29.3215484619141,-0.00164182030130178,0.23248653113842
4.18970632553101,29.3248138427734,-0.000145680533023551,0.232708111405373
4.44461679458618,29.328104019165,0.00182773091364652,0.232871830463409
4.69943237304688,29.3313312530518,0.00442856969311833,0.232931554317474
4.9539647102356,29.3343753814697,0.00846715550869703,0.233037665486336
5.20882940292358,29.3374462127686,0.0112648736685514,0.233284965157509
5.46443843841553,29.3406372070312,0.0110491784289479,0.233621716499329
5.72047138214111,29.3437442779541,0.00922023225575686,0.233880713582039
5.97654819488525,29.3468189239502,0.00742624001577497,0.234036654233932
6.23160839080811,29.349983215332,0.0102349892258644,0.23411962389946
6.48661708831787,29.3532962799072,0.0134739456698298,0.23418590426445
6.74104166030884,29.3568286895752,0.0194215476512909,0.234260842204094
6.99736642837524,29.3604393005371,0.0174329169094563,0.234702810645103
-8.25607776641846,28.9357242584229,-0.018005084246397,0.23468105494976
-8.003342628479,28.9383411407471,-0.0166610684245825,0.234651580452919
-7.75002670288086,28.9410800933838,-0.0179038885980844,0.234484195709229
-7.49683380126953,28.9437046051025,-0.0183253083378077,0.234193488955498
-7.24368667602539,28.9464130401611,-0.0183016397058964,0.233901739120483
-6.99047374725342,28.9489822387695,-0.0183688811957836,0.233619853854179
-6.73669147491455,28.9515228271484,-0.0209381226450205,0.233424261212349
-6.48261594772339,28.9540710449219,-0.0246719066053629,0.233305647969246
-6.22914791107178,28.9568786621094,-0.0252740252763033,0.233121380209923
-5.97659683227539,28.9597949981689,-0.0212904326617718,0.232854336500168
-5.72374677658081,28.9624996185303,-0.0185222662985325,0.232538491487503
-5.47018766403198,28.9650955200195,-0.0188964866101742,0.232350125908852
-5.21631813049316,28.9677734375,-0.0205131135880947,0.232242256402969
-4.96269464492798,28.9704914093018,-0.0207394566386938,0.232176691293716
-4.70883846282959,28.9732284545898,-0.0218360256403685,0.232053354382515
-4.45558547973633,28.9760398864746,-0.0198759865015745,0.231878235936165
-4.202880859375,28.9789161682129,-0.0151358172297478,0.231727227568626
-3.95004320144653,28.9817333221436,-0.0108133675530553,0.23157125711441
-3.69640183448792,28.9845752716064,-0.010033356025815,0.231477841734886
-3.44218969345093,28.9873313903809,-0.0116913393139839,0.23135407269001
-3.18783903121948,28.9900722503662,-0.0137622756883502,0.231262385845184
-2.93406701087952,28.9929809570312,-0.0129217905923724,0.231215909123421
-2.68071365356445,28.9958477020264,-0.00992851238697767,0.231150761246681
-2.42662024497986,28.9985237121582,-0.0101398499682546,0.231036752462387
-2.1721339225769,29.0012359619141,-0.0119382068514824,0.230797871947289
-1.91757810115814,29.0039691925049,-0.0138257266953588,0.230689480900764
-1.6638765335083,29.0068836212158,-0.0115689113736153,0.230684220790863
-1.40990936756134,29.0097999572754,-0.01031494140625,0.230765283107758
-1.15561997890472,29.0127182006836,-0.0103157572448254,0.23074845969677
-0.901133239269257,29.0155086517334,-0.010995214805007,0.230671763420105
-0.646864414215088,29.018310546875,-0.0104603562504053,0.230630040168762
-0.392873346805573,29.02126121521,-0.00844681542366743,0.230648562312126
-0.138895750045776,29.0242767333984,-0.00616006273776293,0.230646222829819
0.115556098520756,29.0272026062012,-0.00580512918531895,0.230638384819031
0.370263278484344,29.0300006866455,-0.00638262229040265,0.230635866522789
0.62496417760849,29.0328330993652,-0.00670925341546535,0.230692118406296
0.87915176153183,29.0358695983887,-0.00450971070677042,0.230804145336151
1.13318109512329,29.0389785766602,-0.00139019463676959,0.230887472629547
1.38745999336243,29.0420246124268,0.000820413639303297,0.230871438980103
1.64193081855774,29.0449161529541,0.00238499115221202,0.230796426534653
1.89657688140869,29.0479068756104,0.00338254403322935,0.230854064226151
2.15127277374268,29.0509452819824,0.00437404727563262,0.231016844511032
2.4060206413269,29.0539321899414,0.00535007426515222,0.231191053986549
2.66092920303345,29.0569896697998,0.0058299065567553,0.231335282325745
2.91626167297363,29.0600070953369,0.00465441076084971,0.231456726789474
3.17183566093445,29.062967300415,0.00263812416233122,0.231525063514709
3.42723727226257,29.0659713745117,0.00160729954950511,0.231700673699379
3.68237090110779,29.0689086914062,0.00197541597299278,0.231954798102379
3.93745183944702,29.0718631744385,0.00279155327007174,0.232195869088173
4.19253873825073,29.0748500823975,0.0037980426568538,0.232363104820251
4.44739103317261,29.0779571533203,0.00604127300903201,0.232456117868423
4.70232343673706,29.0811214447021,0.00814815051853657,0.2325409501791
4.95719337463379,29.0842475891113,0.0107337348163128,0.232654705643654
5.21251201629639,29.0873680114746,0.0115816555917263,0.232909858226776
5.46841478347778,29.0904598236084,0.0101160798221827,0.233202904462814
5.72465562820435,29.0935745239258,0.00741167273372412,0.23348779976368
5.98038196563721,29.0967082977295,0.00715722469612956,0.233705177903175
6.23478889465332,29.0999145507812,0.0128002855926752,0.233844384551048
6.48959159851074,29.1031818389893,0.0169397816061974,0.233965739607811
6.743408203125,29.1066455841064,0.0255088247358799,0.233954221010208
-7.99932861328125,28.689582824707,-0.0192794371396303,0.234346807003021
-7.74573802947998,28.6923294067383,-0.021816611289978,0.234190821647644
-7.49287986755371,28.6949882507324,-0.0205931924283504,0.233923017978668
-7.23982524871826,28.6975765228271,-0.0200972743332386,0.233643785119057
-6.98642921447754,28.7000503540039,-0.0210160426795483,0.233355790376663
-6.73258972167969,28.7024688720703,-0.0238282699137926,0.233122274279594
-6.47877311706543,28.7049598693848,-0.0262959320098162,0.232990115880966
-6.22568225860596,28.7078056335449,-0.0250726137310266,0.232788488268852
-5.97298288345337,28.7107639312744,-0.0217699948698282,0.232505515217781
-5.7201681137085,28.7135410308838,-0.0188074912875891,0.232171475887299
-5.46690511703491,28.7161273956299,-0.0177540276199579,0.231980130076408
-5.21297359466553,28.7187633514404,-0.0196403749287128,0.231901869177818
-4.9589467048645,28.7215366363525,-0.0217437464743853,0.231789276003838
-4.70512056350708,28.7242584228516,-0.0226725693792105,0.231571838259697
-4.45211124420166,28.7270812988281,-0.0195411145687103,0.23135282099247
-4.19932651519775,28.729907989502,-0.0151507621631026,0.231235355138779
-3.94627976417542,28.7327117919922,-0.0117800459265709,0.231158539652824
-3.69256019592285,28.7354793548584,-0.0113387405872345,0.231035485863686
-3.43869924545288,28.7382049560547,-0.0113335950300097,0.230919674038887
-3.18481421470642,28.7409992218018,-0.0112181669101119,0.230824366211891
-2.93122887611389,28.7438201904297,-0.00949284993112087,0.230760022997856
-2.67783761024475,28.7465801239014,-0.00665629515424371,0.230721697211266
-2.42374920845032,28.7492961883545,-0.00682616885751486,0.2306237667799
-2.16944098472595,28.7520923614502,-0.00778402108699083,0.230358451604843
-1.91505765914917,28.7548542022705,-0.00886246468871832,0.230168044567108
-1.66080951690674,28.7576866149902,-0.00909519847482443,0.230083018541336
-1.40625,28.760555267334,-0.0105300471186638,0.23014934360981
-1.15191996097565,28.7634105682373,-0.0106904841959476,0.230106085538864
-0.89771032333374,28.7663154602051,-0.010080854408443,0.230045422911644
-0.643519997596741,28.7691688537598,-0.00916511565446854,0.230028867721558
-0.389395475387573,28.7720184326172,-0.00773406820371747,0.230044916272163
-0.135425195097923,28.7747955322266,-0.00539025710895658,0.230078488588333
0.119016274809837,28.7775936126709,-0.00496433535590768,0.230109602212906
0.373669356107712,28.7804431915283,-0.00527384225279093,0.230148449540138
0.628359973430634,28.7833671569824,-0.00553099019452929,0.230233117938042
0.882685959339142,28.7864208221436,-0.00392957963049412,0.230321779847145
1.13680505752563,28.7895545959473,-0.00118809333071113,0.230416387319565
1.39118266105652,28.7925586700439,0.000605997571256012,0.230447709560394
1.64557707309723,28.7954330444336,0.00253756041638553,0.230448454618454
1.90013790130615,28.7983360290527,0.00393910286948085,0.230469033122063
2.15467596054077,28.8013362884521,0.00565548241138458,0.230576887726784
2.40953612327576,28.8043365478516,0.00615594210103154,0.230743214488029
2.66478133201599,28.8073959350586,0.0051695117726922,0.230821996927261
2.92027878761292,28.8105125427246,0.00329136266373098,0.230844900012016
3.17563223838806,28.8134784698486,0.00227418984286487,0.230944916605949
3.43059372901917,28.8165168762207,0.00320489052683115,0.231227144598961
3.68566226959229,28.8194065093994,0.00387966074049473,0.231618568301201
3.94073820114136,28.8222103118896,0.00473869312554598,0.231860145926476
4.19569778442383,28.8250255584717,0.0063217943534255,0.2319555580616
4.45045042037964,28.8279838562012,0.00902062281966209,0.232061326503754
4.7055230140686,28.831127166748,0.0105310706421733,0.23218235373497
4.9608097076416,28.8342170715332,0.0113256396725774,0.232357680797577
5.21641397476196,28.8373432159424,0.0109565770253539,0.232587054371834
5.47244310379028,28.8404159545898,0.00896781496703625,0.232826411724091
5.72870111465454,28.843448638916,0.00621594302356243,0.233157157897949
5.98405599594116,28.8465518951416,0.00758757907897234,0.233429178595543
6.23851251602173,28.8498992919922,0.0130378771573305,0.233581647276878
6.49319553375244,28.8531436920166,0.0177127979695797,0.233780324459076
6.74675130844116,28.8565425872803,0.0274195224046707,0.233720079064369
-7.99530839920044,28.4409523010254,-0.0219392441213131,0.234001219272614
-7.74195003509521,28.4436588287354,-0.023324390873313,0.233871966600418
-7.48960113525391,28.4463081359863,-0.0196240432560444,0.233586639165878
-7.23671007156372,28.4488639831543,-0.0183176659047604,0.233295276761055
-6.98356294631958,28.4512977600098,-0.0180234704166651,0.233007833361626
-6.72972059249878,28.4537372589111,-0.0208288878202438,0.232800379395485
-6.47604370117188,28.4562320709229,-0.0226121749728918,0.232650056481361
-6.22280502319336,28.4590435028076,-0.0220749508589506,0.232458546757698
-5.96971464157104,28.4618892669678,-0.0206122621893883,0.232179179787636
-5.71681213378906,28.4646587371826,-0.0180441085249186,0.231938987970352
-5.46380710601807,28.4672317504883,-0.015745896846056,0.231790259480476
-5.20979690551758,28.4698162078857,-0.0179828014224768,0.231678023934364
-4.95543003082275,28.4725551605225,-0.0216661412268877,0.231491282582283
-4.70178842544556,28.4753150939941,-0.0217011868953705,0.231183931231499
-4.44889974594116,28.4781684875488,-0.0179815702140331,0.230896025896072
-4.19586896896362,28.4809436798096,-0.0147199677303433,0.230733126401901
-3.94238424301147,28.4836750030518,-0.0133693898096681,0.230632945895195
-3.68873333930969,28.4863586425781,-0.0125780897215009,0.230542317032814
-3.4351921081543,28.4890842437744,-0.0110573610290885,0.230493858456612
-3.18167090415955,28.4918441772461,-0.00922755617648363,0.230429515242577
-2.92799830436707,28.4945888519287,-0.00788482557982206,0.230320438742638
-2.67420816421509,28.4973373413086,-0.00686898548156023,0.230249613523483
-2.42026448249817,28.5000648498535,-0.00634411908686161,0.230108588933945
-2.16627860069275,28.5029125213623,-0.00579420430585742,0.229896038770676
-1.91230797767639,28.505729675293,-0.00495441537350416,0.229683145880699
-1.65776348114014,28.5086078643799,-0.00652694143354893,0.229602172970772
-1.40271198749542,28.5113735198975,-0.0101914824917912,0.229594767093658
-1.14850556850433,28.5141868591309,-0.00976151973009109,0.229569166898727
-0.894714713096619,28.5170555114746,-0.0072201699949801,0.229563236236572
-0.640855371952057,28.5200958251953,-0.00477953581139445,0.229538053274155
-0.386422991752625,28.5228958129883,-0.0047280085273087,0.229538351297379
-0.131941869854927,28.5254211425781,-0.0046767950989306,0.229589343070984
0.122665792703629,28.5280437469482,-0.00497698271647096,0.229636430740356
0.377256274223328,28.5310020446777,-0.00497821159660816,0.229649260640144
0.631743311882019,28.5340023040771,-0.00429375329986215,0.229690045118332
0.886002540588379,28.5370407104492,-0.00236958358436823,0.2297483086586
1.14027345180511,28.5400505065918,-0.00028601213125512,0.229850590229034
1.3947479724884,28.5430374145508,0.00109901768155396,0.22997909784317
1.64914894104004,28.545934677124,0.0030257145408541,0.230050653219223
1.90359008312225,28.5488052368164,0.00498498044908047,0.230088040232658
2.15814352035522,28.5517349243164,0.00665609398856759,0.230152279138565
2.41321969032288,28.5546112060547,0.00622176378965378,0.230277180671692
2.6688506603241,28.5576877593994,0.00355332274921238,0.230384081602097
2.92423677444458,28.5608558654785,0.00219516246579587,0.230417236685753
3.17931699752808,28.5639038085938,0.00240915594622493,0.230551734566689
3.43413758277893,28.5668697357178,0.00398417748510838,0.230844438076019
3.68943810462952,28.5697422027588,0.00366442883387208,0.231202393770218
3.94455027580261,28.5725402832031,0.00438984157517552,0.231372401118279
4.19925117492676,28.5753726959229,0.00712891994044185,0.231418892741203
4.45381689071655,28.5782375335693,0.0106652220711112,0.231584623456001
4.70886945724487,28.5811996459961,0.0122856963425875,0.231832280755043
4.96424961090088,28.5842533111572,0.0126927644014359,0.232106283307076
5.21997117996216,28.5874156951904,0.0118366116657853,0.23233887553215
5.47606086730957,28.5905017852783,0.00960610713809729,0.232518315315247
5.73221349716187,28.5934600830078,0.00733202090486884,0.232766404747963
5.98757076263428,28.596622467041,0.00871384050697088,0.233048051595688
6.24306201934814,28.5997905731201,0.00973277166485786,0.23332554101944
6.49711847305298,28.6032028198242,0.0171283092349768,0.233532309532166
6.75059604644775,28.6065559387207,0.0271941591054201,0.233458638191223
-7.7388334274292,28.1949768066406,-0.0216048955917358,0.233508169651031
-7.48691940307617,28.1976470947266,-0.0157884135842323,0.233181998133659
-7.23380613327026,28.2001438140869,-0.0155356917530298,0.232923597097397
-6.98104047775269,28.202657699585,-0.0133919166401029,0.232693329453468
-6.72742509841919,28.2051582336426,-0.0150971654802561,0.232552915811539
-6.47358417510986,28.2076835632324,-0.0176500137895346,0.232353910803795
-6.21987390518188,28.2103157043457,-0.0193447526544333,0.232085883617401
-5.96622323989868,28.212926864624,-0.0205253213644028,0.231817126274109
-5.71319723129272,28.2156600952148,-0.0185151379555464,0.231631472706795
-5.460289478302,28.2183418273926,-0.0157304704189301,0.231479689478874
-5.20669460296631,28.2209033966064,-0.0159795247018337,0.231298595666885
-4.95247077941895,28.2235488891602,-0.0189677830785513,0.231080323457718
-4.69915866851807,28.2263164520264,-0.0174332652240992,0.230805709958076
-4.44627571105957,28.2291622161865,-0.013669328764081,0.23059007525444
-4.19268178939819,28.231954574585,-0.0130284251645207,0.23036552965641
-3.93861532211304,28.2345733642578,-0.0143719594925642,0.230149552226067
-3.68507504463196,28.2372303009033,-0.0130361141636968,0.230036064982414
-3.4315779209137,28.239953994751,-0.0112833753228188,0.229981780052185
-3.17804360389709,28.2426795959473,-0.00948666501790285,0.229924231767654
-2.9240870475769,28.2454147338867,-0.0094326538965106,0.229785770177841
-2.66998505592346,28.2482357025146,-0.00982829090207815,0.229706555604935
-2.41616678237915,28.2510681152344,-0.00869213603436947,0.229547888040543
-2.16275668144226,28.2538642883301,-0.00545985950157046,0.229391470551491
-1.90905237197876,28.2566356658936,-0.00337105989456177,0.229234293103218
-1.65437293052673,28.2594718933105,-0.00553914112970233,0.229204654693604
-1.39925682544708,28.2622203826904,-0.00947398040443659,0.229142427444458
-1.14497721195221,28.2649898529053,-0.00935372430831194,0.229118064045906
-0.891323983669281,28.2677936553955,-0.00615924643352628,0.229111596941948
-0.637403070926666,28.270751953125,-0.00397448800504208,0.229045689105988
-0.382758647203445,28.2734870910645,-0.00485955830663443,0.229041755199432
-0.127966269850731,28.2760276794434,-0.00619032653048635,0.229119628667831
0.126646339893341,28.2786903381348,-0.00648318324238062,0.229215607047081
0.381180137395859,28.2816848754883,-0.00619935570284724,0.229158639907837
0.635403692722321,28.2846813201904,-0.00430100271478295,0.229176416993141
0.889468014240265,28.2876396179199,-0.00147529190871865,0.229236453771591
1.14379966259003,28.290506362915,0.000360786041710526,0.229331642389297
1.39831399917603,28.2934474945068,0.00159224576782435,0.229450717568398
1.65277826786041,28.296350479126,0.00326132774353027,0.229560866951942
1.90721273422241,28.2992706298828,0.00527569744735956,0.229647725820541
2.16189885139465,28.3021602630615,0.0063832588493824,0.229723036289215
2.41707801818848,28.3049697875977,0.00551800150424242,0.229824975132942
2.67258930206299,28.307991027832,0.00340563547797501,0.229965463280678
2.9279248714447,28.311092376709,0.00229720724746585,0.230069667100906
3.18297052383423,28.3141021728516,0.00268941395916045,0.230262532830238
3.43801641464233,28.3170413970947,0.00329746399074793,0.23049084842205
3.69332671165466,28.3199653625488,0.00296073849312961,0.230706751346588
3.94833993911743,28.3229427337646,0.00414631608873606,0.230885490775108
4.20315885543823,28.3258571624756,0.0063944417051971,0.2309909760952
4.45774364471436,28.3287029266357,0.0098741352558136,0.231192424893379
4.71266269683838,28.331470489502,0.0121019994840026,0.231455564498901
4.96774005889893,28.3344707489014,0.0138498321175575,0.231773748993874
5.22343921661377,28.3375587463379,0.0131115177646279,0.232100591063499
5.47958660125732,28.3405799865723,0.0106540052220225,0.2322738468647
5.73564291000366,28.3434600830078,0.00881701707839966,0.232395127415657
5.99088716506958,28.3465976715088,0.0107080647721887,0.232617184519768
6.24640512466431,28.3498268127441,0.0116289192810655,0.232851520180702
6.50075483322144,28.3533020019531,0.0177848059684038,0.233132034540176
6.75425815582275,28.3568286895752,0.0277611389756203,0.233058393001556
-7.73576593399048,27.9462203979492,-0.0196602419018745,0.233093082904816
-7.48385095596313,27.9488620758057,-0.0138274542987347,0.232758760452271
-7.23152589797974,27.9514026641846,-0.0097660580649972,0.232567131519318
-6.97790479660034,27.9538307189941,-0.0117100272327662,0.232343003153801
-6.72483396530151,27.9563312530518,-0.0107898926362395,0.232184156775475
-6.47090816497803,27.9588603973389,-0.0137294800952077,0.231971800327301
-6.21662282943726,27.9614753723145,-0.0181464441120625,0.231711491942406
-5.9624171257019,27.9640636444092,-0.0219402853399515,0.231458574533463
-5.70925426483154,27.966796875,-0.0205509699881077,0.231254667043686
-5.45651721954346,27.9694862365723,-0.0169280860573053,0.230997264385223
-5.20355558395386,27.972074508667,-0.0141587425023317,0.230759963393211
-4.95004415512085,27.9746074676514,-0.0137675683945417,0.230566278100014
-4.6969165802002,27.9773025512695,-0.0113503132015467,0.230412498116493
-4.44374465942383,27.9801445007324,-0.00892843119800091,0.230280056595802
-4.18967533111572,27.9828948974609,-0.0104943253099918,0.230003997683525
-3.93525338172913,27.9855289459229,-0.0134778972715139,0.229706615209579
-3.68156027793884,27.9882488250732,-0.0128302145749331,0.2295942902565
-3.42810797691345,27.9909439086914,-0.0108409076929092,0.229531288146973
-3.17443299293518,27.993579864502,-0.00967254303395748,0.229454651474953
-2.92027378082275,27.9962158203125,-0.0105291921645403,0.229261308908463
-2.66591143608093,27.9990177154541,-0.0120989605784416,0.229200348258018
-2.41206765174866,28.0019359588623,-0.0110484156757593,0.229096561670303
-2.15875768661499,28.0047454833984,-0.00732380989938974,0.228978455066681
-1.90523386001587,28.0074157714844,-0.00437477976083755,0.228891372680664
-1.65072095394135,28.010232925415,-0.00575024029240012,0.228857278823853
-1.39569425582886,28.0130500793457,-0.00924905855208635,0.228788003325462
-1.14124417304993,28.0158615112305,-0.00987990945577621,0.228745684027672
-0.887436628341675,28.0186214447021,-0.00736051704734564,0.228685781359673
-0.633294999599457,28.0212326049805,-0.0061491122469306,0.228600338101387
-0.378799051046371,28.0239505767822,-0.00632930546998978,0.228586494922638
-0.124071732163429,28.0266189575195,-0.00733554922044277,0.228689655661583
0.130465894937515,28.0294933319092,-0.00726046226918697,0.228800222277641
0.384835451841354,28.032470703125,-0.00620786147192121,0.228725045919418
0.638762652873993,28.0354423522949,-0.00294947414658964,0.228750362992287
0.89260470867157,28.0383625030518,0.000897483201697469,0.228812992572784
1.14696288108826,28.0411586761475,0.00263648643158376,0.228882685303688
1.40156209468842,28.0439605712891,0.00351042463444173,0.228928968310356
1.65619277954102,28.0467472076416,0.00445945700630546,0.228998765349388
1.91084921360016,28.0496501922607,0.00550965452566743,0.229134321212769
2.16568803787231,28.0525131225586,0.00596376648172736,0.229257956147194
2.42069149017334,28.0553722381592,0.00590573251247406,0.229420408606529
2.67577695846558,28.0583019256592,0.00570247415453196,0.229596078395844
2.93116116523743,28.06130027771,0.00439971219748259,0.229730680584908
3.18637490272522,28.0642337799072,0.00407321518287063,0.229900345206261
3.44160223007202,28.0671691894531,0.00390616129152477,0.230055794119835
3.69673800468445,28.0701675415039,0.00436021387577057,0.230275690555573
3.95190858840942,28.0732593536377,0.00487711885944009,0.230508267879486
4.20705556869507,28.0762042999268,0.00571439880877733,0.230681955814362
4.4618067741394,28.0790748596191,0.00849359668791294,0.230853289365768
4.71663856506348,28.0817699432373,0.0111303264275193,0.231047555804253
4.97159194946289,28.0846309661865,0.0134440110996366,0.231354996562004
5.22729825973511,28.0875988006592,0.0126997381448746,0.231737241148949
5.48330068588257,28.0905475616455,0.0108951786532998,0.231950640678406
5.739098072052,28.0935153961182,0.01020138990134,0.232051387429237
5.9941291809082,28.0967102050781,0.0130313578993082,0.232229545712471
6.24961519241333,28.0998210906982,0.0141100268810987,0.232451140880585
6.50410461425781,28.1032562255859,0.0196834169328213,0.232755854725838
-7.7324595451355,27.6974658966064,-0.0188779458403587,0.232645511627197
-7.48008251190186,27.6999607086182,-0.0152460895478725,0.232363432645798
-7.22794723510742,27.7023754119873,-0.0102445306256413,0.232249110937119
-6.97428035736084,27.7048568725586,-0.0123796686530113,0.232005044817924
-6.72118330001831,27.7072257995605,-0.0115592991933227,0.231750920414925
-6.46700716018677,27.709716796875,-0.0156656447798014,0.231456875801086
-6.21297407150269,27.7123928070068,-0.018847893923521,0.231222227215767
-5.95914316177368,27.7152194976807,-0.0208354406058788,0.231067821383476
-5.70550966262817,27.7179985046387,-0.0216512139886618,0.230834156274796
-5.45258951187134,27.7206268310547,-0.0188670102506876,0.230470672249794
-5.19989728927612,27.7232494354248,-0.0147946514189243,0.230157569050789
-4.94715452194214,27.725700378418,-0.0107533102855086,0.229981854557991
-4.69422054290771,27.7283630371094,-0.00740557862445712,0.229956671595573
-4.4409441947937,27.7311363220215,-0.00545580964535475,0.229840740561485
-4.18687677383423,27.7338848114014,-0.00699362671002746,0.229531213641167
-3.9324107170105,27.7366104125977,-0.010163452476263,0.229220896959305
-3.67835116386414,27.7392673492432,-0.0112027516588569,0.229087933897972
-3.42476296424866,27.7419013977051,-0.00982258375734091,0.229054048657417
-3.17089581489563,27.7445240020752,-0.00951991882175207,0.228992074728012
-2.91675710678101,27.7471618652344,-0.010254436172545,0.228820905089378
-2.66217827796936,27.7498989105225,-0.012797606177628,0.22872656583786
-2.4080216884613,27.7527732849121,-0.0131607679650187,0.228651657700539
-2.15443706512451,27.7556171417236,-0.0106687154620886,0.228577166795731
-1.90076124668121,27.7582511901855,-0.00838385615497828,0.228491231799126
-1.64623212814331,27.7609958648682,-0.00979785993695259,0.228415757417679
-1.39139020442963,27.7637329101562,-0.0124155953526497,0.228334441781044
-1.1371603012085,27.7666187286377,-0.0120072420686483,0.228257223963737
-0.883411109447479,27.769458770752,-0.00919056124985218,0.228199899196625
-0.629241049289703,27.7720069885254,-0.0080772303044796,0.228191703557968
-0.375018298625946,27.7745914459229,-0.00698675680905581,0.22818560898304
-0.120687276124954,27.7772483825684,-0.0061704246327281,0.22825887799263
0.133554980158806,27.7802715301514,-0.00473650591447949,0.228298544883728
0.387744575738907,27.7832870483398,-0.00285086571238935,0.228250771760941
0.641720116138458,27.7862281799316,0.000209930571145378,0.228323474526405
0.895679771900177,27.7891483306885,0.00354968197643757,0.228417009115219
1.15004646778107,27.7918720245361,0.0052719390951097,0.228498578071594
1.40465152263641,27.7946300506592,0.00614112056791782,0.228536650538445
1.65945243835449,27.7973518371582,0.00635241437703371,0.228589057922363
1.91444456577301,27.8001556396484,0.00593025656417012,0.228704869747162
2.16931128501892,27.802978515625,0.00628677243366838,0.228783637285233
2.42411756515503,27.8058319091797,0.00712788617238402,0.228940665721893
2.67902159690857,27.808650970459,0.00775280641391873,0.229129210114479
2.9343056678772,27.8115577697754,0.00691463658586144,0.229315295815468
3.18943619728088,27.8145198822021,0.00697510177269578,0.229506894946098
3.44464516639709,27.8174781799316,0.00690893270075321,0.229664221405983
3.70007920265198,27.8204326629639,0.00607347069308162,0.229893863201141
3.955646276474,27.8234100341797,0.00487571535632014,0.230132177472115
4.21126651763916,27.8263835906982,0.00366858579218388,0.230332389473915
4.46615171432495,27.8292655944824,0.00589220970869064,0.230469986796379
4.72099876403809,27.8320426940918,0.00849242880940437,0.230665549635887
4.97603797912598,27.8349342346191,0.0104645993560553,0.230924040079117
5.23153781890869,27.8378562927246,0.0106466365978122,0.231232076883316
5.48712253570557,27.8407230377197,0.0106784291565418,0.231471255421638
5.74237775802612,27.8437519073486,0.012351555749774,0.231717020273209
5.99722766876221,27.8469085693359,0.0159842818975449,0.231964856386185
6.25254249572754,27.850004196167,0.0178177617490292,0.232181236147881
6.50696420669556,27.8533611297607,0.0236968714743853,0.232449680566788
-7.4756293296814,27.4509334564209,-0.0199709106236696,0.232054337859154
-7.22388935089111,27.4533576965332,-0.0130322678014636,0.23199999332428
-6.97061920166016,27.4557228088379,-0.0132351722568274,0.231721729040146
-6.71685743331909,27.4584102630615,-0.015563540160656,0.231396898627281
-6.46296167373657,27.4609680175781,-0.0182970762252808,0.231009632349014
-6.20971012115479,27.4636974334717,-0.0177264120429754,0.23074297606945
-5.95633554458618,27.4664916992188,-0.0175212267786264,0.230613380670547
-5.70250129699707,27.4692535400391,-0.0192687381058931,0.230439782142639
-5.44915676116943,27.4719009399414,-0.0184712577611208,0.230036318302155
-5.19614219665527,27.4745044708252,-0.0158944167196751,0.229735568165779
-4.94338893890381,27.4769096374512,-0.0118740079924464,0.229566991329193
-4.69067192077637,27.4795036315918,-0.00747577240690589,0.229536727070808
-4.43762159347534,27.4821949005127,-0.00443786522373557,0.229330003261566
-4.18388700485229,27.4849548339844,-0.00439117942005396,0.228997871279716
-3.92954730987549,27.4877433776855,-0.00694981683045626,0.22874028980732
-3.67533206939697,27.4903736114502,-0.00869379378855228,0.228607073426247
-3.42127871513367,27.4929256439209,-0.0094543918967247,0.228553131222725
-3.16712617874146,27.4955196380615,-0.010449237190187,0.228474915027618
-2.91309213638306,27.4981803894043,-0.0106699159368873,0.22833539545536
-2.65877819061279,27.5009212493896,-0.0119605511426926,0.228214994072914
-2.40455508232117,27.5037612915039,-0.0126043269410729,0.228124246001244
-2.15078067779541,27.5065937042236,-0.0109589444473386,0.228075489401817
-1.89687263965607,27.5092334747314,-0.00971219688653946,0.227974444627762
-1.64186441898346,27.5118541717529,-0.0132914679124951,0.227869734168053
-1.38690114021301,27.5145416259766,-0.016428479924798,0.227767020463943
-1.13300359249115,27.5174999237061,-0.0144677488133311,0.227660119533539
-0.87968385219574,27.5202713012695,-0.00966213643550873,0.227631285786629
-0.625616908073425,27.522891998291,-0.00805143360048532,0.227648749947548
-0.371615201234818,27.5255260467529,-0.00593065889552236,0.227664798498154
-0.117807433009148,27.5282421112061,-0.00272047729231417,0.22771954536438
0.135989010334015,27.531156539917,0.000747682875953615,0.227739632129669
0.390224546194077,27.5341243743896,0.00244235573336482,0.227730423212051
0.64457780122757,27.5370121002197,0.00382066494785249,0.227814346551895
0.898830711841583,27.5398979187012,0.00586379785090685,0.227909773588181
1.1532986164093,27.5425777435303,0.00715525401756167,0.228065103292465
1.40793287754059,27.5452632904053,0.00791742000728846,0.228184998035431
1.6627482175827,27.5480003356934,0.00808788742870092,0.228264197707176
1.91787815093994,27.5507678985596,0.00707594817504287,0.228323698043823
2.17274308204651,27.5536022186279,0.00746444007381797,0.228325054049492
2.42757344245911,27.5563850402832,0.00822412315756083,0.228423491120338
2.68242454528809,27.559139251709,0.00910735595971346,0.228591740131378
2.93753790855408,27.5620136260986,0.00904684606939554,0.228826493024826
3.19274282455444,27.5649700164795,0.00880152452737093,0.229052871465683
3.44809913635254,27.5678329467773,0.00810970924794674,0.229242995381355
3.70382928848267,27.5706634521484,0.00599790643900633,0.229508832097054
3.95963621139526,27.5735092163086,0.0037767116446048,0.229715451598167
4.21542596817017,27.5763874053955,0.00185626547317952,0.229881033301353
4.47027730941772,27.5793209075928,0.00425819959491491,0.230034336447716
4.72504854202271,27.582311630249,0.0072152060456574,0.230292066931725
4.98014307022095,27.5853309631348,0.0089746518060565,0.230496138334274
5.23538589477539,27.5882301330566,0.0102996397763491,0.230683878064156
5.49050617218018,27.5910587310791,0.0123683735728264,0.230989634990692
5.74547624588013,27.5940723419189,0.015294867567718,0.23137429356575
6.00067186355591,27.5971069335938,0.0174550078809261,0.231656089425087
6.25534963607788,27.6003437042236,0.0220518931746483,0.231979414820671
6.50960159301758,27.6037101745605,0.0286742337048054,0.232226356863976
-7.47130870819092,27.201997756958,-0.0240651536732912,0.231759414076805
-7.22009229660034,27.204776763916,-0.014578141272068,0.231782048940659
-6.96641254425049,27.2072315216064,-0.0167136993259192,0.231455251574516
-6.71305656433105,27.2099800109863,-0.0170687641948462,0.231102883815765
-6.45944690704346,27.2125453948975,-0.0184059329330921,0.230688154697418
-6.20642995834351,27.2152557373047,-0.0166905149817467,0.230374902486801
-5.95321702957153,27.2179851531982,-0.015690989792347,0.230198696255684
-5.69917297363281,27.2206439971924,-0.0184123795479536,0.229996904730797
-5.44580554962158,27.2232551574707,-0.0176957547664642,0.229624852538109
-5.19253778457642,27.2258720397949,-0.0162871517241001,0.229326918721199
-4.93940210342407,27.2283229827881,-0.0140411667525768,0.229141101241112
-4.68667030334473,27.230884552002,-0.00968012120574713,0.229061454534531
-4.43380975723267,27.2334365844727,-0.0057186670601368,0.228823393583298
-4.18042993545532,27.2360515594482,-0.0039817332290113,0.228543743491173
-3.92613220214844,27.2387866973877,-0.00631670700386167,0.228325679898262
-3.6718168258667,27.2413921356201,-0.00850129313766956,0.228188768029213
-3.41754770278931,27.2439498901367,-0.0102381007745862,0.228090927004814
-3.16350650787354,27.2466354370117,-0.0106863109394908,0.228018492460251
-2.90968370437622,27.2493495941162,-0.00989987328648567,0.227918222546577
-2.65567374229431,27.2520618438721,-0.00975897256284952,0.227778121829033
-2.40160512924194,27.2548389434814,-0.00966714508831501,0.227662533521652
-2.14768314361572,27.2575931549072,-0.00867880415171385,0.227572023868561
-1.89354956150055,27.2602348327637,-0.00844461098313332,0.2274409532547
-1.6383250951767,27.2627849578857,-0.0129885822534561,0.227325513958931
-1.38349211215973,27.2654094696045,-0.0155023466795683,0.227252185344696
-1.12957239151001,27.2682361602783,-0.0136167025193572,0.227159559726715
-0.876046299934387,27.2710742950439,-0.00972465705126524,0.227118581533432
-0.62175989151001,27.2737922668457,-0.00908334273844957,0.227097660303116
-0.367865920066833,27.2764320373535,-0.00644398387521505,0.227098450064659
-0.114431001245975,27.2791481018066,-0.00151718279812485,0.227186620235443
0.138895556330681,27.2819385528564,0.00409903284162283,0.227260082960129
0.39306116104126,27.284725189209,0.00613015983253717,0.227278426289558
0.64771556854248,27.2875595092773,0.00617403769865632,0.22733248770237
0.90226936340332,27.290412902832,0.00688932277262211,0.227410912513733
1.15698421001434,27.2931938171387,0.00709965452551842,0.227543637156487
1.41150176525116,27.2958583831787,0.00841140188276768,0.22768822312355
1.6661137342453,27.2986068725586,0.00951557699590921,0.227819472551346
1.92117702960968,27.301399230957,0.00882487837225199,0.227894008159637
2.1763322353363,27.3042392730713,0.00794716738164425,0.227938249707222
2.43146586418152,27.3069591522217,0.00738775497302413,0.228030234575272
2.68632221221924,27.3096790313721,0.00827720202505589,0.228168666362762
2.94120526313782,27.3125267028809,0.00926236435770988,0.228356212377548
3.1965491771698,27.3153495788574,0.0084308423101902,0.228576064109802
3.45202541351318,27.3180980682373,0.00723948981612921,0.22880619764328
3.70767283439636,27.3208694458008,0.00551984226331115,0.229064494371414
3.96319818496704,27.3236465454102,0.00455960538238287,0.229195132851601
4.21881294250488,27.3264579772949,0.00343019189313054,0.229356288909912
4.47364473342896,27.3294677734375,0.0059388130903244,0.229626208543777
4.72842407226562,27.3326282501221,0.00888164434581995,0.229931175708771
4.98366594314575,27.3356742858887,0.0100218057632446,0.230131715536118
5.2388596534729,27.3385467529297,0.0115846637636423,0.230266660451889
5.49377584457397,27.3413619995117,0.0145601751282811,0.230569541454315
5.74867963790894,27.3442821502686,0.0177946798503399,0.23098748922348
6.00368356704712,27.3473777770996,0.0207999553531408,0.23132136464119
6.25841283798218,27.3505744934082,0.0251932758837938,0.231762170791626
6.51254844665527,27.3541984558105,0.0323340818285942,0.232037678360939
-7.21677875518799,26.9566745758057,-0.0138126732781529,0.231583714485168
-6.96268844604492,26.9591484069824,-0.0178895555436611,0.231231272220612
-6.70941591262817,26.9616928100586,-0.0178146474063396,0.230819791555405
-6.45627164840698,26.9641876220703,-0.0169032830744982,0.230476140975952
-6.20304822921753,26.9667778015137,-0.0161474719643593,0.230109930038452
-5.9494514465332,26.969331741333,-0.0169441737234592,0.229856118559837
-5.69556331634521,26.971996307373,-0.0188942458480597,0.229582875967026
-5.44238424301147,26.9746417999268,-0.0172593984752893,0.229222193360329
-5.18902587890625,26.9771633148193,-0.0162516832351685,0.228917226195335
-4.93550539016724,26.9796314239502,-0.0157898478209972,0.228717058897018
-4.68263149261475,26.9821949005127,-0.0120639875531197,0.228593081235886
-4.4298038482666,26.9847068786621,-0.00791591592133045,0.228384986519814
-4.17667865753174,26.9872398376465,-0.00495516927912831,0.228131741285324
-3.92241597175598,26.9898815155029,-0.00709528895094991,0.227904379367828
-3.66811776161194,26.9924659729004,-0.00916937924921513,0.227689757943153
-3.41400170326233,26.9951095581055,-0.0101635670289397,0.227528318762779
-3.16006588935852,26.9978332519531,-0.0100956037640572,0.227465212345123
-2.90620756149292,27.0004863739014,-0.00944655761122704,0.22738578915596
-2.65229225158691,27.0031585693359,-0.0088399276137352,0.227281451225281
-2.39862847328186,27.0058403015137,-0.00685467990115285,0.227220952510834
-2.144855260849,27.0085277557373,-0.00515932217240334,0.227135643362999
-1.89053690433502,27.011157989502,-0.00575210712850094,0.226976692676544
-1.63559114933014,27.0137405395508,-0.00899644009768963,0.226845934987068
-1.38092052936554,27.016321182251,-0.0107468562200665,0.226806327700615
-1.1267386674881,27.0190830230713,-0.0100387912243605,0.226746127009392
-0.872661173343658,27.021800994873,-0.00863711722195148,0.226630643010139
-0.617974817752838,27.0244922637939,-0.00978755857795477,0.226520702242851
-0.36401030421257,27.0272827148438,-0.00743859726935625,0.226554244756699
-0.110545985400677,27.0299396514893,-0.00261443224735558,0.226716801524162
0.142796576023102,27.0326175689697,0.0029601261485368,0.226844161748886
0.396733164787292,27.0352535247803,0.0060545401647687,0.226827919483185
0.651237845420837,27.038028717041,0.00680040987208486,0.226834803819656
0.905919373035431,27.0409297943115,0.00696857925504446,0.226895615458488
1.16072475910187,27.0438232421875,0.00680101476609707,0.227016359567642
1.41527760028839,27.0465793609619,0.00798334740102291,0.227130278944969
1.66988933086395,27.0492877960205,0.00911713112145662,0.227261140942574
1.92480885982513,27.0519886016846,0.00909507088363171,0.22742223739624
2.17999887466431,27.0548343658447,0.00808990094810724,0.227527976036072
2.43536376953125,27.0576324462891,0.00653255684301257,0.227632656693459
2.69037842750549,27.0603828430176,0.00674904650077224,0.227764904499054
2.94533061981201,27.0631217956543,0.00746016995981336,0.227937012910843
3.20056390762329,27.0657615661621,0.00714833848178387,0.228149846196175
3.45578718185425,27.068416595459,0.00709896301850677,0.228361994028091
3.71112966537476,27.0711917877197,0.00674507906660438,0.22857740521431
3.96631097793579,27.0740642547607,0.00731575349345803,0.228716805577278
4.22162818908691,27.0768985748291,0.00750882690772414,0.228947132825851
4.47660303115845,27.079776763916,0.00941147655248642,0.229267820715904
4.73145914077759,27.082893371582,0.0120400916785002,0.229559019207954
4.98684644699097,27.085916519165,0.0125668849796057,0.229771122336388
5.24219655990601,27.0886707305908,0.0134725533425808,0.229945406317711
5.49716138839722,27.0914516448975,0.0162584781646729,0.230245649814606
5.75223445892334,27.0943660736084,0.0187840331345797,0.230516046285629
6.00680637359619,27.0973739624023,0.0236756559461355,0.230947837233543
6.26161193847656,27.1003475189209,0.0277615170925856,0.231458693742752
-7.21298599243164,26.7085056304932,-0.0153570733964443,0.231271222233772
-6.95893239974976,26.7109375,-0.019227646291256,0.23091647028923
-6.70599842071533,26.7133693695068,-0.0175006464123726,0.230525091290474
-6.45309257507324,26.7158031463623,-0.0154239917173982,0.230156749486923
-6.19997310638428,26.7183036804199,-0.0141503252089024,0.229843512177467
-5.9462776184082,26.7208347320557,-0.0153929889202118,0.229554995894432
-5.69246006011963,26.7234916687012,-0.0169846601784229,0.229245319962502
-5.43925380706787,26.7260761260986,-0.0154523868113756,0.228888675570488
-5.18577814102173,26.7285041809082,-0.0149748390540481,0.228567570447922
-4.93223237991333,26.7309417724609,-0.0146050984039903,0.228301122784615
-4.67919158935547,26.7335205078125,-0.0116393249481916,0.228128388524055
-4.42610025405884,26.736026763916,-0.00870121642947197,0.227945312857628
-4.17292261123657,26.7385997772217,-0.00595375802367926,0.227723836898804
-3.91866135597229,26.7412376403809,-0.00805746670812368,0.227473005652428
-3.66451692581177,26.7438259124756,-0.00938302464783192,0.227203264832497
-3.41065263748169,26.7463970184326,-0.00917802751064301,0.227030262351036
-3.15678739547729,26.7489490509033,-0.00875549297779799,0.226950347423553
-2.90274739265442,26.7515544891357,-0.00892161391675472,0.226832240819931
-2.64850401878357,26.7541790008545,-0.00980303343385458,0.226733729243279
-2.3948380947113,26.7567882537842,-0.0077970689162612,0.226727545261383
-2.14127206802368,26.7593955993652,-0.00511710066348314,0.226656422019005
-1.88710629940033,26.7620372772217,-0.00498022604733706,0.226480066776276
-1.63262498378754,26.7646389007568,-0.00606884714215994,0.226343065500259
-1.37833189964294,26.7672367095947,-0.00607017846778035,0.226302832365036
-1.12410056591034,26.7699851989746,-0.00556875579059124,0.226271346211433
-0.869558691978455,26.7726440429688,-0.0062623112462461,0.226133048534393
-0.614866614341736,26.7753028869629,-0.00741487462073565,0.226049616932869
-0.360763609409332,26.7779998779297,-0.00566999800503254,0.226146072149277
-0.106685981154442,26.7807121276855,-0.00359709374606609,0.22630700469017
0.147262051701546,26.7833251953125,-0.000726627593394369,0.226402804255486
0.40136992931366,26.7859897613525,0.0016316189430654,0.226356729865074
0.655430912971497,26.7886753082275,0.00441106595098972,0.226320937275887
0.909691393375397,26.7915954589844,0.00650253426283598,0.226405560970306
1.1644059419632,26.7945423126221,0.00677096098661423,0.226513788104057
1.41914558410645,26.7973117828369,0.0071463119238615,0.226626604795456
1.67395341396332,26.7999610900879,0.00743500562384725,0.226765096187592
1.92874193191528,26.8026599884033,0.0080279940739274,0.226909339427948
2.18379259109497,26.8054733276367,0.00767229124903679,0.226993829011917
2.43911933898926,26.8083076477051,0.00631209975108504,0.227119415998459
2.69434714317322,26.8111038208008,0.00561386439949274,0.227277904748917
2.94959163665771,26.8137664794922,0.00506421504542232,0.227465093135834
3.20462441444397,26.8162651062012,0.00566860288381577,0.227710381150246
3.45945191383362,26.8188705444336,0.00739122275263071,0.227940931916237
3.71436929702759,26.8216590881348,0.00893002841621637,0.228196114301682
3.9694299697876,26.8246688842773,0.0100515875965357,0.228408992290497
4.22455930709839,26.8275966644287,0.0110853491351008,0.228673234581947
4.47954368591309,26.8304214477539,0.0129666505381465,0.229003012180328
4.73457765579224,26.8332824707031,0.0148417949676514,0.22929584980011
4.9900074005127,26.836109161377,0.0152053823694587,0.229527309536934
5.24538135528564,26.8388710021973,0.0160292182117701,0.22975204885006
5.50070190429688,26.8416843414307,0.0172960963100195,0.230028599500656
5.75574684143066,26.8444538116455,0.0199670735746622,0.230263143777847
6.01027774810791,26.84743309021,0.0250596348196268,0.230595842003822
6.26483154296875,26.850118637085,0.0302512813359499,0.231070756912231
-7.2084813117981,26.4601726531982,-0.0203286223113537,0.230811759829521
-6.95496845245361,26.4624366760254,-0.0215676538646221,0.230436697602272
-6.70254945755005,26.4647598266602,-0.0173478815704584,0.230102017521858
-6.44973516464233,26.4671592712402,-0.014806023798883,0.229790225625038
-6.19678544998169,26.4696922302246,-0.0126950973644853,0.229521527886391
-5.94333124160767,26.4722576141357,-0.01276577077806,0.229258358478546
-5.68957281112671,26.4748859405518,-0.0140561191365123,0.228960275650024
-5.43605899810791,26.4774723052979,-0.0139553165063262,0.228594779968262
-5.18263101577759,26.4799480438232,-0.0132278650999069,0.228239431977272
-4.92937088012695,26.4824180603027,-0.0114893419668078,0.227902889251709
-4.67620182037354,26.4849014282227,-0.00910470634698868,0.227705702185631
-4.42271041870117,26.4874324798584,-0.00801753997802734,0.227553203701973
-4.1691312789917,26.4899845123291,-0.00712335575371981,0.227358102798462
-3.91500520706177,26.4926433563232,-0.00856269616633654,0.227032944560051
-3.66115164756775,26.4951725006104,-0.00850326381623745,0.226747900247574
-3.4073121547699,26.4975509643555,-0.00815557222813368,0.226591348648071
-3.15331554412842,26.499963760376,-0.00831439346075058,0.226509392261505
-2.89889311790466,26.5025253295898,-0.0102230664342642,0.226358324289322
-2.64440488815308,26.5051784515381,-0.0122056100517511,0.226207584142685
-2.39067482948303,26.5078163146973,-0.0104609793052077,0.226142317056656
-2.13726019859314,26.5104904174805,-0.0070499056018889,0.2261051684618
-1.88348484039307,26.5131187438965,-0.0050870468840003,0.225982010364532
-1.62924039363861,26.515739440918,-0.00506024062633514,0.225854784250259
-1.37524545192719,26.5183658599854,-0.00367138627916574,0.225790545344353
-1.12123715877533,26.5210418701172,-0.00212772749364376,0.225714758038521
-0.866771936416626,26.5236835479736,-0.00245037814602256,0.225588798522949
-0.612163424491882,26.5262680053711,-0.00320147280581295,0.225580945611
-0.357674151659012,26.528902053833,-0.00318807526491582,0.225695252418518
-0.103072144091129,26.5315284729004,-0.0034644475672394,0.225823298096657
0.151487693190575,26.5341053009033,-0.00332853966392577,0.225848510861397
0.405762642621994,26.5368251800537,-0.00168939563445747,0.225827321410179
0.659630179405212,26.5395584106445,0.00199558702297509,0.225801765918732
0.913605570793152,26.5424022674561,0.00540052400901914,0.225852832198143
1.16823577880859,26.5451984405518,0.00607822090387344,0.225983634591103
1.42335557937622,26.5479145050049,0.00478392327204347,0.226140007376671
1.67852544784546,26.5505676269531,0.00349091738462448,0.226260960102081
1.93330550193787,26.5533084869385,0.00415791803970933,0.226376354694366
2.18806076049805,26.5561618804932,0.0051507605239749,0.226447254419327
2.4429771900177,26.5590515136719,0.00564232794567943,0.226594597101212
2.69807052612305,26.5618133544922,0.0055687497369945,0.226802870631218
2.95353364944458,26.5644359588623,0.0040819738060236,0.227025136351585
3.20873403549194,26.5669021606445,0.0039779101498425,0.227349534630775
3.46336126327515,26.5695190429688,0.00661216117441654,0.227635219693184
3.71789360046387,26.5723972320557,0.0098691126331687,0.227910324931145
3.9728262424469,26.5753746032715,0.0115769691765308,0.228093177080154
4.22795534133911,26.5782890319824,0.0126360701397061,0.228347077965736
4.48303890228271,26.5810489654541,0.0141101712360978,0.228665813803673
4.73801708221436,26.5837631225586,0.0162515640258789,0.22898131608963
4.99314451217651,26.5865612030029,0.0179555341601372,0.229257389903069
5.24839067459106,26.5893440246582,0.0193523876368999,0.229525148868561
5.50409555435181,26.5919914245605,0.0189766194671392,0.229826003313065
5.75930976867676,26.5948257446289,0.0209379326552153,0.230092108249664
6.01413154602051,26.5978469848633,0.0248003527522087,0.230312049388885
-6.95150232315063,26.2136993408203,-0.0215316582471132,0.229883104562759
-6.69908571243286,26.2159595489502,-0.0172718670219183,0.229651838541031
-6.44653987884521,26.2184982299805,-0.0134202120825648,0.229425653815269
-6.19344615936279,26.2210559844971,-0.0119698913767934,0.229173734784126
-5.94045495986938,26.223653793335,-0.0098154665902257,0.228981137275696
-5.68678665161133,26.226224899292,-0.0106543889269233,0.228724554181099
-5.43301725387573,26.2287521362305,-0.0117417834699154,0.22835798561573
-5.17962694168091,26.2313175201416,-0.0108125545084476,0.227932572364807
-4.92661571502686,26.2338600158691,-0.0078769288957119,0.227567851543427
-4.67346525192261,26.2362957000732,-0.0053833513520658,0.227384984493256
-4.41969633102417,26.2387657165527,-0.00557712139561772,0.227233409881592
-4.16579532623291,26.241247177124,-0.00616409024223685,0.227013617753983
-3.9118025302887,26.2438182830811,-0.00695467507466674,0.22666110098362
-3.65802311897278,26.2463359832764,-0.00652331206947565,0.226392015814781
-3.40406608581543,26.2487030029297,-0.00669680023565888,0.226240247488022
-3.14986610412598,26.2509479522705,-0.00777328619733453,0.226077988743782
-2.89536833763123,26.2535037994385,-0.0100024584680796,0.225872933864594
-2.64087009429932,26.2562484741211,-0.0120018012821674,0.225682511925697
-2.38696527481079,26.2589836120605,-0.0110337035730481,0.225601062178612
-2.13347411155701,26.2617511749268,-0.00794481486082077,0.225569382309914
-1.87991392612457,26.2643356323242,-0.00496271997690201,0.225450605154037
-1.62582683563232,26.2669143676758,-0.00418602116405964,0.225316435098648
-1.37203621864319,26.2695369720459,-0.00183502805884928,0.22525580227375
-1.11824417114258,26.2721862792969,0.000721241522114724,0.225208893418312
-0.863869309425354,26.2747669219971,0.000833856523968279,0.225117027759552
-0.608948707580566,26.2773208618164,-0.00131290452554822,0.225093737244606
-0.354082345962524,26.2798862457275,-0.00298405112698674,0.22518964111805
-0.0993504226207733,26.2824535369873,-0.00381921930238605,0.225270509719849
0.155125230550766,26.2850494384766,-0.00327320978976786,0.225294664502144
0.40933883190155,26.2877731323242,-0.0013285493478179,0.225320875644684
0.663187325000763,26.290548324585,0.00247001810930669,0.225330680608749
0.917081952095032,26.2933197021484,0.0062658004462719,0.225361377000809
1.1716787815094,26.2959690093994,0.00712044490501285,0.22549831867218
1.42697322368622,26.2985324859619,0.00507283909246325,0.225618973374367
1.68221747875214,26.301290512085,0.00347587582655251,0.225651353597641
1.93722534179688,26.3041534423828,0.00315671740099788,0.225761607289314
2.19208717346191,26.3069820404053,0.00370595837011933,0.225886046886444
2.44663047790527,26.3097763061523,0.00588498963043094,0.226128175854683
2.70121288299561,26.3124809265137,0.00810015574097633,0.226381316781044
2.95646333694458,26.3151149749756,0.00757554639130831,0.226680099964142
3.21192073822021,26.3176937103271,0.00635896483436227,0.227018296718597
3.46692252159119,26.3202857971191,0.00736913690343499,0.227280080318451
3.72149181365967,26.3230571746826,0.0104911020025611,0.227516621351242
3.97639846801758,26.3259048461914,0.0123398480936885,0.227692246437073
4.23143768310547,26.3287143707275,0.0138191366568208,0.227961733937263
4.48633337020874,26.331470489502,0.0161359682679176,0.228268459439278
4.74114036560059,26.334171295166,0.0190476905554533,0.228606432676315
4.99633646011353,26.3369636535645,0.0204721298068762,0.228904142975807
5.25166273117065,26.339750289917,0.021543612703681,0.229223117232323
5.50728321075439,26.342565536499,0.021556070074439,0.22954735159874
5.76248216629028,26.3454093933105,0.0236041340976954,0.229853793978691
6.01779890060425,26.3484172821045,0.0253528021275997,0.229976043105125
-6.94861125946045,25.9650630950928,-0.0187491253018379,0.22935950756073
-6.69529390335083,25.9671611785889,-0.0187716651707888,0.229272767901421
-6.44279050827026,25.9698333740234,-0.0146866654977202,0.229111090302467
-6.18969774246216,25.9723682403564,-0.0131998062133789,0.228822335600853
-5.93710231781006,25.9749603271484,-0.00913229957222939,0.228615775704384
-5.68352746963501,25.9774436950684,-0.00950124580413103,0.228350356221199
-5.42966651916504,25.9798793792725,-0.01099550165236,0.227983698248863
-5.17635774612427,25.9824409484863,-0.00965320970863104,0.227547898888588
-4.92324781417847,25.9850749969482,-0.00715453270822763,0.227209314703941
-4.66997718811035,25.9876365661621,-0.00519821466878057,0.2270338088274
-4.41626739501953,25.9901695251465,-0.00508685596287251,0.226876467466354
-4.16256237030029,25.9925289154053,-0.00472765509039164,0.226618975400925
-3.90866661071777,25.9949493408203,-0.00503862462937832,0.226268142461777
-3.65479731559753,25.9974384307861,-0.00500063551589847,0.225988656282425
-3.40066647529602,25.9998779296875,-0.00595566304400563,0.225837051868439
-3.14638662338257,26.0022315979004,-0.00737440027296543,0.225652039051056
-2.89208173751831,26.0047760009766,-0.00868163723498583,0.225449740886688
-2.63783550262451,26.0074977874756,-0.00948964152485132,0.22526179254055
-2.38379955291748,26.0102844238281,-0.00910219922661781,0.225143790245056
-2.12988829612732,26.0130004882812,-0.00792050641030073,0.225063130259514
-1.8761214017868,26.0155239105225,-0.00585765764117241,0.22497683763504
-1.6220760345459,26.0180282592773,-0.00485748844221234,0.224872380495071
-1.36848151683807,26.0206413269043,-0.00157832680270076,0.22479946911335
-1.11490178108215,26.0232677459717,0.00197582063265145,0.224764943122864
-0.860638916492462,26.0258045196533,0.00262572825886309,0.224690452218056
-0.605313122272491,26.0283527374268,-0.00133635639213026,0.224658116698265
-0.35008504986763,26.0309066772461,-0.00461834575980902,0.224682345986366
-0.0955934971570969,26.0335559844971,-0.00433300854638219,0.224711924791336
0.158362120389938,26.0361557006836,-0.00140767742414027,0.224782437086105
0.412247717380524,26.0387516021729,0.00204147188924253,0.224842980504036
0.66633677482605,26.0414218902588,0.0047810017131269,0.224869430065155
0.920454204082489,26.044095993042,0.0076017021201551,0.224927425384521
1.17508459091187,26.0467128753662,0.00833263993263245,0.225030973553658
1.43000936508179,26.0493640899658,0.00796384178102016,0.225053176283836
1.68514704704285,26.0521831512451,0.00686507765203714,0.225036844611168
1.94031369686127,26.0549697875977,0.00586109329015017,0.225169390439987
2.19539284706116,26.057710647583,0.00546870054677129,0.225416630506516
2.45004773139954,26.0603008270264,0.00717866886407137,0.225735440850258
2.70429062843323,26.0630912780762,0.0109223909676075,0.22601030766964
2.95929408073425,26.0657806396484,0.0115109188482165,0.226342126727104
3.21470332145691,26.0683898925781,0.0105263506993651,0.226679340004921
3.47016739845276,26.0709495544434,0.0095242578536272,0.226899355649948
3.72529435157776,26.0735950469971,0.0102214766666293,0.227026626467705
3.98027896881104,26.0762996673584,0.0117580769583583,0.227209448814392
4.23486566543579,26.0790920257568,0.0152453519403934,0.227524861693382
4.48940515518188,26.081844329834,0.0191400889307261,0.227829501032829
4.7442307472229,26.0845069885254,0.0219938773661852,0.228130951523781
4.99985885620117,26.0873374938965,0.0215624552220106,0.228414416313171
5.25509738922119,26.0901222229004,0.0230389796197414,0.228745728731155
5.51088571548462,26.0930595397949,0.0223458707332611,0.229094102978706
5.76538419723511,26.0959987640381,0.0274453591555357,0.229594200849533
-6.69069957733154,25.718297958374,-0.0241146460175514,0.228996485471725
-6.43856430053711,25.7212333679199,-0.0182357374578714,0.228815332055092
-6.18647527694702,25.7239398956299,-0.0119329951703548,0.228540539741516
-5.93329668045044,25.726469039917,-0.0106092747300863,0.22819621860981
-5.67996883392334,25.7287998199463,-0.00977405160665512,0.227851241827011
-5.42626094818115,25.7310771942139,-0.0105136567726731,0.227521151304245
-5.17276334762573,25.7335758209229,-0.0100345285609365,0.22718533873558
-4.9192419052124,25.7362251281738,-0.0094432020559907,0.22688601911068
-4.66563415527344,25.7388553619385,-0.00903767440468073,0.226650819182396
-4.41210556030273,25.7414798736572,-0.0080384872853756,0.22640061378479
-4.15888929367065,25.7439441680908,-0.0053552002646029,0.226111426949501
-3.90534424781799,25.7463397979736,-0.00399719690904021,0.225824743509293
-3.65133881568909,25.7487773895264,-0.00456546153873205,0.225597515702248
-3.39688229560852,25.7512130737305,-0.0070060221478343,0.225359261035919
-3.14240765571594,25.7536163330078,-0.00929667893797159,0.225119486451149
-2.88831806182861,25.7560691833496,-0.00957175903022289,0.224982544779778
-2.63442444801331,25.7586421966553,-0.00871861539781094,0.22486923635006
-2.38046717643738,25.7613525390625,-0.00793913006782532,0.224725261330605
-2.1262035369873,25.7640266418457,-0.00835118722170591,0.224557369947433
-1.87220585346222,25.7665767669678,-0.00731755699962378,0.224399372935295
-1.61810338497162,25.7690334320068,-0.00654577556997538,0.224290102720261
-1.36449408531189,25.7715873718262,-0.00330083770677447,0.224260479211807
-1.11102020740509,25.7742137908936,0.000769937119912356,0.224269598722458
-0.856951534748077,25.7767486572266,0.00233701406978071,0.224234893918037
-0.601565718650818,25.779296875,-0.00186730327550322,0.2242062240839
-0.346119940280914,25.7819061279297,-0.00610560271888971,0.224181950092316
-0.0918399691581726,25.784553527832,-0.00482982536777854,0.224183797836304
0.161991089582443,25.7872161865234,-0.00131151173263788,0.224238008260727
0.415773957967758,25.78977394104,0.00263037998229265,0.224287137389183
0.670036911964417,25.7922859191895,0.00461697904393077,0.224312156438828
0.924273490905762,25.7948665618896,0.0069331806153059,0.224416434764862
1.17887079715729,25.7974624633789,0.00784345529973507,0.224492281675339
1.43340802192688,25.8001670837402,0.00923735927790403,0.224518209695816
1.68824315071106,25.8029766082764,0.00951535534113646,0.224553853273392
1.9433798789978,25.8056488037109,0.00866853445768356,0.224690765142441
2.19839811325073,25.8082618713379,0.00857098679989576,0.224957823753357
2.45330762863159,25.8108539581299,0.00917526800185442,0.225239560008049
2.7077100276947,25.8136596679688,0.0122376894578338,0.225491747260094
2.96259546279907,25.8164100646973,0.01337222289294,0.225858569145203
3.21789932250977,25.8190422058105,0.0128782736137509,0.2261803150177
3.47362589836121,25.8214645385742,0.0107445688918233,0.226373389363289
3.72914385795593,25.8239612579346,0.00975385680794716,0.226492807269096
3.98415732383728,25.8266906738281,0.0111916540190578,0.226768031716347
4.23843431472778,25.8294658660889,0.0160611364990473,0.227130234241486
4.49271535873413,25.8322505950928,0.0211128499358892,0.227483466267586
4.74769830703735,25.8349075317383,0.023302162066102,0.227774187922478
5.00281286239624,25.8375854492188,0.0251300167292356,0.228006139397621
5.25894355773926,25.8403644561768,0.0227578449994326,0.228256896138191
5.51510524749756,25.8433570861816,0.0204753298312426,0.228514984250069
-6.68625736236572,25.4696159362793,-0.0287407003343105,0.228666231036186
-6.43417453765869,25.4727478027344,-0.0225716456770897,0.228472143411636
-6.1822304725647,25.4754238128662,-0.0155404256656766,0.228100597858429
-5.92914915084839,25.477855682373,-0.0137163931503892,0.227743878960609
-5.67623662948608,25.4802398681641,-0.0108764981850982,0.227348551154137
-5.42274236679077,25.4824810028076,-0.0105719836428761,0.22704316675663
-5.16905546188354,25.48486328125,-0.010955442674458,0.226767748594284
-4.9153037071228,25.4874057769775,-0.0114185381680727,0.22648012638092
-4.66159200668335,25.4900360107422,-0.0114665552973747,0.226151347160339
-4.40819072723389,25.4926319122314,-0.00983381643891335,0.225823387503624
-4.15485954284668,25.4950923919678,-0.0076572890393436,0.225533649325371
-3.90131616592407,25.4975318908691,-0.00625449698418379,0.225310504436493
-3.64731669425964,25.5000286102295,-0.00676000397652388,0.225118935108185
-3.39307713508606,25.5025615692139,-0.00815743766725063,0.224837884306908
-3.13872981071472,25.5049839019775,-0.00982434581965208,0.224637374281883
-2.88470530509949,25.5073337554932,-0.00976621080189943,0.224554628133774
-2.63091206550598,25.5097980499268,-0.00841742102056742,0.224497690796852
-2.37691974639893,25.5123996734619,-0.00777033716440201,0.224302247166634
-2.1225483417511,25.5149879455566,-0.00864751543849707,0.224013030529022
-1.86846053600311,25.5174884796143,-0.00799589417874813,0.22378833591938
-1.61426305770874,25.5200214385986,-0.00762811955064535,0.223698422312737
-1.360520362854,25.5225944519043,-0.0049605704843998,0.22366027534008
-1.10701990127563,25.5251960754395,-0.000977463671006262,0.223663613200188
-0.853047609329224,25.5277214050293,0.0010624669957906,0.223646983504295
-0.597803592681885,25.530252456665,-0.00246431073173881,0.223612427711487
-0.342335224151611,25.5328464508057,-0.00677360733971,0.223591685295105
-0.0878432989120483,25.5355091094971,-0.00642568012699485,0.223579809069633
0.166345924139023,25.5381870269775,-0.00449170125648379,0.223620519042015
0.420294225215912,25.5406246185303,-0.00125830864999443,0.223660081624985
0.674426019191742,25.5429973602295,0.00135698355734348,0.223701849579811
0.92843097448349,25.5455341339111,0.00474985176697373,0.223827719688416
1.1828019618988,25.5482368469238,0.00670764595270157,0.223946303129196
1.43709182739258,25.5510177612305,0.00923872366547585,0.224092870950699
1.69167864322662,25.5537128448486,0.0106543889269233,0.22423729300499
1.94666290283203,25.5562038421631,0.0105150612071157,0.224392965435982
2.20154166221619,25.5587062835693,0.011064144782722,0.224553778767586
2.45662331581116,25.5613307952881,0.0109285125508904,0.224747389554977
2.71169114112854,25.5640602111816,0.0110724531114101,0.224964335560799
2.9669713973999,25.566801071167,0.0104953590780497,0.225292041897774
3.22230768203735,25.5694103240967,0.00989270862191916,0.225561797618866
3.47734045982361,25.571949005127,0.0108449868857861,0.225794166326523
3.73252367973328,25.574499130249,0.0113515965640545,0.226005092263222
3.9876401424408,25.5771903991699,0.0123643111437559,0.226333513855934
4.24201393127441,25.5799579620361,0.0168373305350542,0.226726561784744
4.49645185470581,25.5827560424805,0.021228913217783,0.227072909474373
4.75166702270508,25.585376739502,0.0224357899278402,0.227376610040665
5.00661563873291,25.5880069732666,0.0250145513564348,0.22765189409256
5.26318311691284,25.5906772613525,0.0207767859101295,0.2278743237257
5.51913499832153,25.5936813354492,0.0194339230656624,0.228033646941185
-6.429603099823,25.2243995666504,-0.0277821812778711,0.228146061301231
-6.17786169052124,25.2268772125244,-0.0197441000491381,0.227695643901825
-5.9254412651062,25.2292098999023,-0.0147424722090364,0.227265015244484
-5.67241382598877,25.2315254211426,-0.0124115319922566,0.22694656252861
-5.41909074783325,25.2338638305664,-0.0112659856677055,0.226605996489525
-5.16538763046265,25.2362518310547,-0.011693898588419,0.226302564144135
-4.91174030303955,25.2387428283691,-0.0116334753111005,0.226003155112267
-4.65836238861084,25.2413024902344,-0.0100816395133734,0.225673675537109
-4.40514898300171,25.2438163757324,-0.00754075264558196,0.225369691848755
-4.15155982971191,25.2462310791016,-0.00654268497601151,0.2251046448946
-3.89774489402771,25.2486915588379,-0.00638140272349119,0.224853858351707
-3.64372515678406,25.2512741088867,-0.00695198960602283,0.2245884090662
-3.38969397544861,25.2538795471191,-0.00734905526041985,0.224305018782616
-3.1356143951416,25.2563285827637,-0.00774530321359634,0.22414194047451
-2.88152551651001,25.258617401123,-0.00795769318938255,0.224078863859177
-2.62766480445862,25.2610130310059,-0.00689412700012326,0.224017009139061
-2.37366318702698,25.2634983062744,-0.00626098643988371,0.223801389336586
-2.11928677558899,25.2659397125244,-0.00713317142799497,0.223491668701172
-1.86504948139191,25.2684631347656,-0.00714074447751045,0.223270252346992
-1.61070096492767,25.2710494995117,-0.00743649806827307,0.223187789320946
-1.35690689086914,25.2736530303955,-0.00497364718466997,0.223147019743919
-1.10336542129517,25.2761878967285,-0.00114686856977642,0.223133847117424
-0.849399507045746,25.2786865234375,0.000953187118284404,0.223078995943069
-0.594360947608948,25.2812404632568,-0.0016092857113108,0.223027467727661
-0.339011490345001,25.2838268280029,-0.00535045564174652,0.222981154918671
-0.0840620473027229,25.2864513397217,-0.00704530905932188,0.223000377416611
0.170554161071777,25.2890796661377,-0.00700786244124174,0.22304679453373
0.424420535564423,25.2915267944336,-0.00336970016360283,0.223057761788368
0.678199887275696,25.2938175201416,0.000865976966451854,0.223075404763222
0.932050049304962,25.2962799072266,0.00498519791290164,0.223208323121071
1.18632340431213,25.2990322113037,0.00740944594144821,0.223406210541725
1.44049775600433,25.3018093109131,0.0104856602847576,0.223627835512161
1.69512915611267,25.3045196533203,0.0117295971140265,0.223851814866066
1.95024180412292,25.3069686889648,0.0110466685146093,0.224085733294487
2.20515966415405,25.3093910217285,0.0114505542442203,0.22418949007988
2.46029710769653,25.3119640350342,0.0110970912501216,0.22429470717907
2.71595788002014,25.3145351409912,0.008647789247334,0.22445946931839
2.97167229652405,25.3172435760498,0.00618731090798974,0.224680200219154
3.22635078430176,25.3199882507324,0.00852136593312025,0.224888280034065
3.48053359985352,25.3226795196533,0.013243199326098,0.225167140364647
3.73535442352295,25.3252735137939,0.0153639931231737,0.225465446710587
3.99073696136475,25.3278198242188,0.0152325918897986,0.22586028277874
4.24540615081787,25.3304615020752,0.0184374190866947,0.226282730698586
4.50005197525024,25.3332195281982,0.0219487436115742,0.226660430431366
4.75478553771973,25.3359069824219,0.0252781677991152,0.227050065994263
5.01038312911987,25.338529586792,0.0250589102506638,0.22732812166214
5.26788520812988,25.3410797119141,0.0167973879724741,0.227564722299576
-6.425461769104,24.9757537841797,-0.0309435762465,0.227858141064644
-6.17377185821533,24.978048324585,-0.0226253382861614,0.227382779121399
-5.92153358459473,24.9803428649902,-0.016718715429306,0.226952031254768
-5.66855764389038,24.9827136993408,-0.0141127938404679,0.22663639485836
-5.41555500030518,24.9851818084717,-0.0114159137010574,0.226286113262177
-5.16198110580444,24.9877033233643,-0.0112040638923645,0.225925967097282
-4.90850400924683,24.9902248382568,-0.010313181206584,0.225596874952316
-4.65538311004639,24.9927062988281,-0.00752524612471461,0.225356251001358
-4.40231704711914,24.9951801300049,-0.0042662788182497,0.225152015686035
-4.14862442016602,24.9975395202637,-0.00373086426407099,0.224880620837212
-3.89466333389282,24.9999599456787,-0.00422587664797902,0.224502757191658
-3.64059042930603,25.0025520324707,-0.00501770805567503,0.224119797348976
-3.38646793365479,25.0051002502441,-0.00581178441643715,0.223837614059448
-3.13247847557068,25.0075588226318,-0.00576188508421183,0.223657816648483
-2.87850284576416,25.009895324707,-0.00542442500591278,0.223525077104568
-2.62473797798157,25.0123157501221,-0.00389134231954813,0.2234006524086
-2.3707103729248,25.0146999359131,-0.00335382274352014,0.223221749067307
-2.11612296104431,25.0170917510986,-0.00517133018001914,0.22301396727562
-1.86174309253693,25.0196552276611,-0.0058070826344192,0.222824990749359
-1.6073032617569,25.0222492218018,-0.00649299984797835,0.222734421491623
-1.35359072685242,25.0248489379883,-0.00362897966988385,0.222660839557648
-1.10005223751068,25.0273303985596,0.000240245281020179,0.222605332732201
-0.846192121505737,25.0298271179199,0.0028500163462013,0.222533643245697
-0.591297328472137,25.0323867797852,0.000967683095950633,0.222476691007614
-0.336091786623001,25.0348834991455,-0.0020945577416569,0.222459033131599
-0.080966904759407,25.0374374389648,-0.00455899629741907,0.222494095563889
0.173767745494843,25.0399799346924,-0.00503035262227058,0.222527667880058
0.427787721157074,25.0424137115479,-0.00205780169926584,0.222491770982742
0.681738615036011,25.0447292327881,0.00143414561171085,0.22247788310051
0.935735166072845,25.0471687316895,0.00492568081244826,0.222621157765388
1.18990361690521,25.0498600006104,0.00785065442323685,0.222869649529457
1.4439150094986,25.0527076721191,0.0116838505491614,0.223117724061012
1.69860756397247,25.0554180145264,0.0126829398795962,0.223368406295776
1.95395863056183,25.0578002929688,0.010967000387609,0.223646745085716
2.20899033546448,25.0602245330811,0.0108952466398478,0.223775923252106
2.46414685249329,25.0628299713135,0.0104882419109344,0.223838001489639
2.71965432167053,25.065357208252,0.00874859746545553,0.223957762122154
2.97523069381714,25.0680179595947,0.00692728534340858,0.224114969372749
3.22975897789001,25.0707206726074,0.00995141454041004,0.224348142743111
3.48365902900696,25.0734214782715,0.0159429963678122,0.224623158574104
3.73828172683716,25.0760383605957,0.0189576670527458,0.224962517619133
3.99364757537842,25.078483581543,0.0189219359308481,0.225362181663513
4.2485089302063,25.0810203552246,0.0213094726204872,0.225796669721603
4.50322484970093,25.0836696624756,0.024537768214941,0.22623485326767
4.75796604156494,25.08642578125,0.0278584156185389,0.226642116904259
5.01339292526245,25.0890941619873,0.028403228148818,0.226960316300392
5.27212762832642,25.0917205810547,0.0148151684552431,0.227137550711632
-6.16971874237061,24.7290229797363,-0.0253345649689436,0.227118879556656
-5.91790580749512,24.7314624786377,-0.0173734966665506,0.226697862148285
-5.66546869277954,24.7340488433838,-0.0121817169710994,0.226346299052238
-5.4121298789978,24.7366313934326,-0.0110501013696194,0.225967437028885
-5.15866565704346,24.7392482757568,-0.0102901803329587,0.225581496953964
-4.90503978729248,24.7417736053467,-0.0100703621283174,0.225184068083763
-4.65166854858398,24.7441921234131,-0.00842721108347178,0.224943667650223
-4.39843416213989,24.7466259002686,-0.00592697924003005,0.224767178297043
-4.14488697052002,24.7489395141602,-0.00467456551268697,0.224474042654037
-3.89115810394287,24.7512836456299,-0.00405260222032666,0.224075719714165
-3.63724899291992,24.7537498474121,-0.004048858769238,0.223697647452354
-3.38308644294739,24.7562255859375,-0.00499979127198458,0.223434656858444
-3.1291937828064,24.7587471008301,-0.00447155954316258,0.223215743899345
-2.87541389465332,24.7611675262451,-0.00319960271008313,0.222977951169014
-2.62170433998108,24.7635555267334,-0.00138487480580807,0.22275784611702
-2.36758041381836,24.7658748626709,-0.00126396061386913,0.222598984837532
-2.11288142204285,24.7683067321777,-0.00356844090856612,0.222473755478859
-1.85843753814697,24.7708854675293,-0.00447055790573359,0.222371876239777
-1.6040678024292,24.7734184265137,-0.00480674440041184,0.222290277481079
-1.35035490989685,24.776050567627,-0.00191687373444438,0.222145095467567
-1.09672105312347,24.7785778045654,0.00154442724306136,0.222058311104774
-0.842812776565552,24.7810649871826,0.00396313285455108,0.222037583589554
-0.587946355342865,24.7835597991943,0.00223928410559893,0.222016856074333
-0.332855582237244,24.7859497070312,-0.000273503188509494,0.222031399607658
-0.0777749568223953,24.7884330749512,-0.00250980840064585,0.222061276435852
0.176813468337059,24.790901184082,-0.00229353946633637,0.222079485654831
0.430950701236725,24.7934284210205,0.000175194611074403,0.222032114863396
0.685038030147552,24.7958126068115,0.00307903485372663,0.222032457590103
0.939135909080505,24.7983455657959,0.0061423946171999,0.222165182232857
1.19339716434479,24.8009967803955,0.00867998320609331,0.222365587949753
1.44760954380035,24.8037147521973,0.0116447685286403,0.222542777657509
1.7026914358139,24.8061752319336,0.010939160361886,0.222755819559097
1.95793962478638,24.8085498809814,0.00971558224409819,0.22304779291153
2.2130184173584,24.8109798431396,0.00946756079792976,0.223260059952736
2.46819567680359,24.813570022583,0.00900144968181849,0.22335010766983
2.72356057167053,24.81614112854,0.00792457442730665,0.223457336425781
2.97858500480652,24.8187808990479,0.00857368670403957,0.22362944483757
3.23305535316467,24.821418762207,0.011879819445312,0.223911911249161
3.48729968070984,24.8240089416504,0.0163842979818583,0.224217429757118
3.74203014373779,24.826566696167,0.0189542472362518,0.224571511149406
3.99679279327393,24.8291721343994,0.0215896759182215,0.224947318434715
4.25148105621338,24.831787109375,0.0247552860528231,0.225396558642387
4.50633716583252,24.8343925476074,0.027394650503993,0.225791901350021
4.76064682006836,24.8369674682617,0.0326187759637833,0.226259827613831
5.01535320281982,24.8395595550537,0.0363159105181694,0.226654976606369
-6.16541385650635,24.4800624847412,-0.0292490925639868,0.226863995194435
-5.91466331481934,24.4828796386719,-0.0162053778767586,0.226395472884178
-5.66237640380859,24.4856624603271,-0.0102724293246865,0.22607184946537
-5.40909099578857,24.4883575439453,-0.0088631147518754,0.225662678480148
-5.15538263320923,24.4909000396729,-0.0092290760949254,0.225279688835144
-4.90146446228027,24.4933128356934,-0.0103544453158975,0.224842846393585
-4.64759063720703,24.4956588745117,-0.0110423499718308,0.224487155675888
-4.39380502700806,24.4980316162109,-0.0110888509079814,0.224225416779518
-4.1400032043457,24.5002670288086,-0.0109852598980069,0.223916962742805
-3.88661074638367,24.5025062561035,-0.00874725077301264,0.223513662815094
-3.63340210914612,24.5048809051514,-0.00543741462752223,0.223182871937752
-3.37969613075256,24.5073432922363,-0.00423187483102083,0.222951173782349
-3.12595224380493,24.5099411010742,-0.00298348651267588,0.222755327820778
-2.87218713760376,24.51243019104,-0.0016152854077518,0.22250272333622
-2.61833667755127,24.5147609710693,-0.000423161312937737,0.222252875566483
-2.36422538757324,24.5170516967773,-0.000214501458685845,0.222035795450211
-2.10957622528076,24.5194988250732,-0.00226057227700949,0.221905633807182
-1.85507905483246,24.5220794677734,-0.00337831303477287,0.221853107213974
-1.60089576244354,24.5246543884277,-0.00283081294037402,0.22179688513279
-1.34713280200958,24.5273284912109,-0.000143146011396311,0.221724137663841
-1.09315776824951,24.5298652648926,0.00178900163155049,0.221635296940804
-0.839018583297729,24.5323123931885,0.00318735768087208,0.221608892083168
-0.584459960460663,24.5346775054932,0.0028961964417249,0.221584662795067
-0.329679518938065,24.5370235443115,0.00182116765063256,0.221587359905243
-0.0745406895875931,24.5394268035889,-0.000651010836008936,0.221601396799088
0.180187731981277,24.541877746582,-0.00103944388683885,0.221605524420738
0.434440732002258,24.5443897247314,0.000936152588110417,0.22160230576992
0.688262343406677,24.546947479248,0.00506323529407382,0.221618577837944
0.942393243312836,24.5495834350586,0.00800460297614336,0.221728414297104
1.19693470001221,24.5522365570068,0.00931405648589134,0.2218898832798
1.45154666900635,24.5547943115234,0.0105227306485176,0.222035571932793
1.70674550533295,24.557107925415,0.0093302596360445,0.22220516204834
1.96172440052032,24.559383392334,0.00934010930359364,0.222430989146233
2.21695327758789,24.5617275238037,0.0084576103836298,0.222682133316994
2.47222661972046,24.5642509460449,0.00759823387488723,0.222849979996681
2.72717928886414,24.5668125152588,0.00837954878807068,0.222997888922691
2.98181986808777,24.5694541931152,0.0107516841962934,0.223205238580704
3.23632955551147,24.5719909667969,0.0139110926538706,0.223539113998413
3.4909520149231,24.5745429992676,0.0167787428945303,0.223885148763657
3.74601769447327,24.5770320892334,0.01790601760149,0.224189192056656
4.00071907043457,24.5797061920166,0.0208419393748045,0.224515676498413
4.25531816482544,24.5823917388916,0.0244291238486767,0.22491417825222
4.50957679748535,24.5852127075195,0.0297021828591824,0.225383728742599
4.7634973526001,24.5877208709717,0.0366450920701027,0.225913971662521
5.01815605163574,24.5901641845703,0.0405717752873898,0.226349160075188
-5.91234254837036,24.2348041534424,-0.0106661049649119,0.225989297032356
-5.65950965881348,24.2375202178955,-0.0073019927367568,0.22573047876358
-5.40588855743408,24.2400970458984,-0.00745521858334541,0.225349202752113
-5.15194082260132,24.2423992156982,-0.0089205214753747,0.224927052855492
-4.89795827865601,24.2447357177734,-0.0103200394660234,0.224492773413658
-4.64369916915894,24.2470111846924,-0.0127845332026482,0.223995432257652
-4.38921689987183,24.2492580413818,-0.0160628147423267,0.223557576537132
-4.13512849807739,24.2514820098877,-0.0172589682042599,0.223193988204002
-3.8821074962616,24.253776550293,-0.0132400374859571,0.222882091999054
-3.62927937507629,24.2562503814697,-0.00811653677374125,0.222635313868523
-3.37609004974365,24.2588443756104,-0.00447242334485054,0.222407177090645
-3.12259149551392,24.2614154815674,-0.00205364008434117,0.222243413329124
-2.86882424354553,24.2637042999268,-0.000663070706650615,0.222022473812103
-2.61480450630188,24.265941619873,-0.000222180999116972,0.221734002232552
-2.3607029914856,24.2682247161865,6.26578694209456e-05,0.221445813775063
-2.10628581047058,24.2706661224365,-0.000884617620613426,0.221299737691879
-1.85184943675995,24.2732353210449,-0.00169460754841566,0.22131110727787
-1.59784865379333,24.2758693695068,-0.000283197325188667,0.221330061554909
-1.34397113323212,24.2785320281982,0.00190739380195737,0.221323117613792
-1.0895984172821,24.2809238433838,0.00205333135090768,0.22121649980545
-0.834880769252777,24.2832260131836,0.000849949545226991,0.221117347478867
-0.580615222454071,24.2855644226074,0.00192709895782173,0.221104711294174
-0.326400190591812,24.2880687713623,0.00344838015735149,0.22111377120018
-0.0714270994067192,24.2906455993652,0.0017531180055812,0.221142500638962
0.183550670742989,24.2930850982666,0.000265264941845089,0.221116438508034
0.437880665063858,24.2954883575439,0.00192332162987441,0.221087127923965
0.691788554191589,24.2979736328125,0.00569231016561389,0.221089333295822
0.946059226989746,24.3006019592285,0.00803611986339092,0.221219137310982
1.20070374011993,24.3032093048096,0.00891548022627831,0.221387848258018
1.45530760288239,24.3056545257568,0.0101935639977455,0.221552640199661
1.71005392074585,24.3080081939697,0.0110508166253567,0.221704944968224
1.96489369869232,24.3103046417236,0.0117072043940425,0.221883341670036
2.22041010856628,24.3126258850098,0.00957406125962734,0.222101911902428
2.47625589370728,24.3150100708008,0.00620582327246666,0.222308143973351
2.73152709007263,24.3174304962158,0.00561169348657131,0.222526460886002
2.98578763008118,24.3200092315674,0.00969952251762152,0.222822636365891
3.2399697303772,24.3226585388184,0.0143336849287152,0.223166853189468
3.4944543838501,24.3252773284912,0.0178355406969786,0.223500177264214
3.74954009056091,24.3277587890625,0.0189042445272207,0.223767623305321
4.00461578369141,24.3304138183594,0.0202278550714254,0.224040195345879
4.25940990447998,24.3330020904541,0.0229921210557222,0.224457323551178
4.51371765136719,24.3360366821289,0.0280829891562462,0.224928468465805
4.7666449546814,24.3386936187744,0.0393825359642506,0.22560428082943
-5.90979814529419,23.9867305755615,-0.00619590887799859,0.225607439875603
-5.65620613098145,23.989200592041,-0.00640552118420601,0.225366309285164
-5.40236520767212,23.9916496276855,-0.00756849767640233,0.224984258413315
-5.148362159729,23.9938774108887,-0.00926355086266994,0.224511429667473
-4.89444494247437,23.9961242675781,-0.0103193363174796,0.224064514040947
-4.64017724990845,23.9983749389648,-0.0127953924238682,0.223535045981407
-4.3856029510498,24.0006103515625,-0.016471553593874,0.223032012581825
-4.13147640228271,24.0028762817383,-0.0178135056048632,0.222685590386391
-3.87850952148438,24.0052528381348,-0.0135094299912453,0.222410529851913
-3.62574982643127,24.0078067779541,-0.00803611427545547,0.222162574529648
-3.37251496315002,24.0104751586914,-0.00457174889743328,0.221891358494759
-3.11886763572693,24.0128765106201,-0.00280967750586569,0.221674934029579
-2.86497712135315,24.015007019043,-0.00195594527758658,0.221402361989021
-2.61092901229858,24.0172252655029,-0.00161034369375557,0.221097126603127
-2.35690641403198,24.019458770752,-0.000926248321775347,0.220796674489975
-2.10291075706482,24.0218448638916,0.000100723460491281,0.220648556947708
-1.84885740280151,24.0243988037109,0.00107930065132678,0.220624148845673
-1.59467780590057,24.0270729064941,0.00169697951059788,0.220654606819153
-1.34057891368866,24.0296649932861,0.00290338206104934,0.22071635723114
-1.08607172966003,24.0319671630859,0.00246630515903234,0.220634296536446
-0.831128478050232,24.0341320037842,0.000268307107035071,0.220508828759193
-0.576915502548218,24.0364742279053,0.00161769113037735,0.220479354262352
-0.322823345661163,24.0391235351562,0.00372724724002182,0.220507964491844
-0.0682694166898727,24.0419178009033,0.00395805668085814,0.22054135799408
0.186748474836349,24.0444850921631,0.00231504533439875,0.220507368445396
0.441342890262604,24.0468120574951,0.00280966120772064,0.22046622633934
0.695759177207947,24.0489902496338,0.00432448135688901,0.220445036888123
0.950425565242767,24.0513076782227,0.00492930272594094,0.220588326454163
1.20493650436401,24.0537929534912,0.006445636972785,0.22082693874836
1.45894753932953,24.0564041137695,0.0104082589969039,0.221020728349686
1.71307170391083,24.0589466094971,0.0140700545161963,0.221122577786446
1.96778786182404,24.0613594055176,0.0153009779751301,0.221229657530785
2.2235164642334,24.0636901855469,0.0122484210878611,0.221401989459991
2.47960591316223,24.0659484863281,0.00782761815935373,0.22168180346489
2.73512887954712,24.0683403015137,0.00614712294191122,0.222011253237724
2.98957180976868,24.0707950592041,0.00946013629436493,0.222373798489571
3.24372816085815,24.0733871459961,0.0142387356609106,0.222731664776802
3.49789881706238,24.076114654541,0.0191517323255539,0.223058059811592
3.75277709960938,24.0786838531494,0.0211571510881186,0.223309844732285
4.00790643692017,24.0811061859131,0.0222734976559877,0.223628178238869
4.26352691650391,24.0836639404297,0.0214530266821384,0.223906099796295
4.51864385604858,24.0867195129395,0.0230426620692015,0.224344611167908
-5.65213298797607,23.7406349182129,-0.00916216615587473,0.22494375705719
-5.39859485626221,23.7431316375732,-0.00885334610939026,0.224562644958496
-5.14486122131348,23.7454032897949,-0.00924248062074184,0.224140793085098
-4.89100551605225,23.7476406097412,-0.00997845642268658,0.2236318141222
-4.63700342178345,23.7498359680176,-0.0111723402515054,0.223134085536003
-4.38300609588623,23.752067565918,-0.0121158631518483,0.222640007734299
-4.12931632995605,23.7543430328369,-0.0113895880058408,0.222301736474037
-3.87610054016113,23.756721496582,-0.00822976231575012,0.222042843699455
-3.62282228469849,23.7592468261719,-0.00515179662033916,0.221785545349121
-3.36919283866882,23.7617931365967,-0.00349491485394537,0.221442922949791
-3.11546659469604,23.7641220092773,-0.00206912867724895,0.2211082726717
-2.86153030395508,23.7662792205811,-0.00139620213303715,0.220757573843002
-2.6074481010437,23.7685642242432,-0.00117740104906261,0.220451563596725
-2.35338258743286,23.7708072662354,-0.000659641867969185,0.220211312174797
-2.09968638420105,23.7731781005859,0.0017760134069249,0.220086738467216
-1.84602117538452,23.7756233215332,0.00456732045859098,0.219963103532791
-1.59162712097168,23.7781066894531,0.00422851881012321,0.219891414046288
-1.33694219589233,23.7806491851807,0.00278323469683528,0.219947278499603
-1.08248019218445,23.7829475402832,0.00258502899669111,0.219916626811028
-0.82789671421051,23.7851333618164,0.00205665291287005,0.219836190342903
-0.57357919216156,23.7875385284424,0.00295885046944022,0.219819828867912
-0.319331616163254,23.7901611328125,0.00439308676868677,0.219842746853828
-0.0650634244084358,23.7930507659912,0.00594648625701666,0.219896569848061
0.189661383628845,23.7956981658936,0.00565407704561949,0.219860762357712
0.444496810436249,23.7980422973633,0.00508741941303015,0.219835385680199
0.699230194091797,23.8001670837402,0.00520397536456585,0.219790160655975
0.953968346118927,23.8022861480713,0.00551867578178644,0.21989218890667
1.20836448669434,23.8046264648438,0.00758134946227074,0.220143929123878
1.4623156785965,23.8072471618652,0.0118402019143105,0.220322161912918
1.7162971496582,23.8099842071533,0.0161651223897934,0.220424562692642
1.97128367424011,23.8124179840088,0.0162193477153778,0.220574200153351
2.22712349891663,23.8145847320557,0.0127039980143309,0.220821753144264
2.48306155204773,23.8167400360107,0.00898555852472782,0.221191018819809
2.73842906951904,23.8191318511963,0.00802122429013252,0.221548974514008
2.99306344985962,23.8215847015381,0.0105164898559451,0.221892565488815
3.24726486206055,23.8241748809814,0.0151253882795572,0.222235485911369
3.50119733810425,23.8269386291504,0.0211133640259504,0.222551435232162
3.75577545166016,23.8295516967773,0.0244621224701405,0.222868770360947
4.01076030731201,23.8320732116699,0.0262339673936367,0.223118245601654
4.26708507537842,23.834545135498,0.0223568920046091,0.223348021507263
4.52316236495972,23.8374843597412,0.0197893977165222,0.22379994392395
-5.64808225631714,23.4921970367432,-0.0118167269974947,0.224390730261803
-5.39527940750122,23.4947910308838,-0.0079940902069211,0.224097475409508
-5.14159822463989,23.4970283508301,-0.00810344982892275,0.223718836903572
-4.88796472549438,23.4992008209229,-0.00776215689256787,0.223216950893402
-4.6340765953064,23.501392364502,-0.00839463155716658,0.222780883312225
-4.38054370880127,23.50364112854,-0.00713149877265096,0.222343042492867
-4.12729263305664,23.5058784484863,-0.0043317899107933,0.22196826338768
-3.87372040748596,23.5082359313965,-0.0028191979508847,0.22164098918438
-3.61980962753296,23.5106105804443,-0.00266565196216106,0.221331611275673
-3.3660306930542,23.5130233764648,-0.00167573860380799,0.220966175198555
-3.11238646507263,23.5153827667236,0.000159354283823632,0.220562934875488
-2.85860228538513,23.5176773071289,0.00156314251944423,0.220183253288269
-2.60465335845947,23.5200233459473,0.00242316024377942,0.219919443130493
-2.35052442550659,23.5222511291504,0.00267273257486522,0.219770446419716
-2.09661221504211,23.5245113372803,0.00414227275177836,0.219619423151016
-1.84285724163055,23.5268516540527,0.0065492382273078,0.219433039426804
-1.58851373195648,23.5292091369629,0.0064720157533884,0.219222992658615
-1.33354818820953,23.5316009521484,0.00377295515500009,0.219164863228798
-1.07932126522064,23.5339775085449,0.00467690825462341,0.219160586595535
-0.825280785560608,23.5364570617676,0.00664648087695241,0.219187572598457
-0.570826649665833,23.5388832092285,0.00695039285346866,0.219224631786346
-0.316214889287949,23.5413513183594,0.00675873784348369,0.219230636954308
-0.0617911890149117,23.5439796447754,0.00763817364349961,0.219237118959427
0.192788362503052,23.546594619751,0.00803070981055498,0.219223603606224
0.44746857881546,23.5490455627441,0.00818976946175098,0.219219923019409
0.702004849910736,23.551248550415,0.0092178164049983,0.219190612435341
0.956597805023193,23.5533618927002,0.010208192281425,0.219256788492203
1.21108973026276,23.5556449890137,0.0118644526228309,0.219471976161003
1.46543979644775,23.5581512451172,0.0143648572266102,0.219663321971893
1.71983110904694,23.5608520507812,0.0168882980942726,0.219831451773643
1.97515606880188,23.5633220672607,0.0154658956453204,0.220040798187256
2.23113298416138,23.5654048919678,0.0113750817254186,0.220347762107849
2.48683190345764,23.5674839019775,0.00875242333859205,0.220733821392059
2.74180483818054,23.5698127746582,0.00956630054861307,0.221106350421906
2.99612212181091,23.5723915100098,0.0134888514876366,0.221421107649803
3.25025105476379,23.5749950408936,0.0184408631175756,0.221712961792946
3.50408720970154,23.5776100158691,0.0248787812888622,0.222045332193375
3.75844764709473,23.5802764892578,0.0292058140039444,0.222377344965935
4.01282024383545,23.5828742980957,0.0336802154779434,0.222654387354851
4.2693452835083,23.5854663848877,0.0289423987269402,0.222756832838058
-5.39280319213867,23.2465362548828,-0.00316964345984161,0.223661735653877
-5.13863182067871,23.2486629486084,-0.00557082379236817,0.223295465111732
-4.88456678390503,23.2507247924805,-0.00723401224240661,0.222826018929482
-4.63098526000977,23.252872467041,-0.00639214832335711,0.222371578216553
-4.37756776809692,23.2551441192627,-0.00456190807744861,0.221931353211403
-4.12439298629761,23.2574100494385,-0.0013769343495369,0.221544668078423
-3.87058925628662,23.2597389221191,-0.000918066711165011,0.221145510673523
-3.61640763282776,23.2619934082031,-0.00199637818150222,0.220776572823524
-3.36249589920044,23.2643241882324,-0.00159229221753776,0.220406368374825
-3.10885906219482,23.2667388916016,0.000308885180857033,0.220025211572647
-2.85532188415527,23.2691249847412,0.00288834399543703,0.219658344984055
-2.60178232192993,23.2714500427246,0.00566915003582835,0.219434052705765
-2.34777522087097,23.273624420166,0.00650817900896072,0.219316616654396
-2.09334564208984,23.275857925415,0.00562198460102081,0.219168335199356
-1.83906328678131,23.2782039642334,0.00563722662627697,0.218938797712326
-1.58463084697723,23.2805271148682,0.00518750073388219,0.218654707074165
-1.33015954494476,23.2828330993652,0.00478387949988246,0.218518882989883
-1.07625436782837,23.2852077484131,0.00718678208068013,0.218538746237755
-0.822329640388489,23.2877407073975,0.00971031282097101,0.218650296330452
-0.567985057830811,23.2901954650879,0.0105378916487098,0.218732371926308
-0.313302159309387,23.2924900054932,0.0100506581366062,0.218710914254189
-0.0586411543190479,23.2947978973389,0.00988512299954891,0.218641385436058
0.195954978466034,23.2972640991211,0.0102320834994316,0.218618646264076
0.450617045164108,23.2997913360596,0.0104998983442783,0.218646332621574
0.704967319965363,23.3022117614746,0.0123900882899761,0.218628197908401
0.959452867507935,23.3044567108154,0.0138867124915123,0.21864153444767
1.21423184871674,23.3066177368164,0.0142832659184933,0.218804851174355
1.46900069713593,23.3089714050293,0.0149404583498836,0.219049602746964
1.72361433506012,23.3115272521973,0.0165046043694019,0.219274759292603
1.97883462905884,23.3140411376953,0.0155802760273218,0.219497367739677
2.2346830368042,23.3161849975586,0.0120918359607458,0.219833120703697
2.49015712738037,23.3183937072754,0.0104943569749594,0.220202788710594
2.74487113952637,23.3207340240479,0.0124824829399586,0.220585361123085
2.99895787239075,23.3232707977295,0.0174481850117445,0.22093965113163
3.25301623344421,23.3257923126221,0.0227362252771854,0.221240609884262
3.50696921348572,23.3283424377441,0.0286828279495239,0.221582591533661
3.76101613044739,23.3308906555176,0.0344105437397957,0.221918433904648
4.01478481292725,23.3333778381348,0.0415501892566681,0.222275212407112
-5.39044046401978,22.9980297088623,0.00218830467201769,0.223170146346092
-5.13550901412964,23.0001659393311,-0.00377884740009904,0.222847044467926
-4.8812518119812,23.0021724700928,-0.00631759408861399,0.222340792417526
-4.62787103652954,23.0044097900391,-0.0045025572180748,0.221896171569824
-4.37444972991943,23.0066318511963,-0.00265921582467854,0.221431091427803
-4.12121772766113,23.0089321136475,0.000286369875539094,0.221026048064232
-3.86730313301086,23.0112743377686,0.000255708815529943,0.220626771450043
-3.61307215690613,23.0135517120361,-0.00102241663262248,0.22020535171032
-3.35892248153687,23.0158081054688,-0.00169285084120929,0.219821885228157
-3.10493135452271,23.0181274414062,-0.00140065758023411,0.219468832015991
-2.85115242004395,23.0204639434814,9.58573436946608e-05,0.219107776880264
-2.59767413139343,23.0227432250977,0.0031998606864363,0.218877166509628
-2.34405946731567,23.0249328613281,0.00588640291243792,0.218715637922287
-2.08965563774109,23.0272426605225,0.00515141943469644,0.218615859746933
-1.83499562740326,23.0296363830566,0.00346646830439568,0.218414276838303
-1.58068227767944,23.0319480895996,0.00360003532841802,0.218159437179565
-1.32672536373138,23.0341911315918,0.00558567745611072,0.218002915382385
-1.07277524471283,23.0364551544189,0.00781546905636787,0.218019977211952
-0.818635642528534,23.0388889312744,0.00939339026808739,0.21815325319767
-0.564331114292145,23.0413589477539,0.0104363206773996,0.218212559819221
-0.310008227825165,23.0437297821045,0.0116136558353901,0.218154773116112
-0.0555482693016529,23.0459308624268,0.0123885292559862,0.21803230047226
0.199108719825745,23.0482311248779,0.0124899558722973,0.217988252639771
0.454076766967773,23.050630569458,0.0114082880318165,0.218040570616722
0.708659589290619,23.0530891418457,0.0122827282175422,0.21808286011219
0.963162541389465,23.0554370880127,0.0137327956035733,0.21811243891716
1.2178145647049,23.0576915740967,0.0147300651296973,0.218205109238625
1.47258865833282,23.0600414276123,0.0153952045366168,0.218454137444496
1.72724485397339,23.0623893737793,0.0168027356266975,0.218718066811562
1.98201966285706,23.0648517608643,0.0178936254233122,0.218919903039932
2.23748278617859,23.0671615600586,0.0161423627287149,0.219180673360825
2.49292922019958,23.0694046020508,0.0146902063861489,0.219561606645584
2.74771022796631,23.0717506408691,0.0164057724177837,0.2199746966362
3.00166034698486,23.0742874145508,0.0219979640096426,0.220347538590431
3.25585436820984,23.0767230987549,0.0267108976840973,0.220695808529854
3.50967240333557,23.0792083740234,0.0332753472030163,0.22107894718647
3.76398944854736,23.0816383361816,0.0378412641584873,0.221449792385101
4.01750612258911,23.0840110778809,0.046111274510622,0.221931532025337
-5.13188600540161,22.7516975402832,-0.00435192510485649,0.222416490316391
-4.87780141830444,22.7536487579346,-0.0060410900041461,0.221805021166801
-4.62458944320679,22.7558307647705,-0.00340061937458813,0.221320971846581
-4.37139511108398,22.7581748962402,-0.000463665666757151,0.220886319875717
-4.1181492805481,22.7604579925537,0.00244614970870316,0.220494762063026
-3.86433076858521,22.7627811431885,0.00289322668686509,0.220119401812553
-3.61018395423889,22.765022277832,0.00203469698317349,0.219663545489311
-3.35592293739319,22.7672748565674,0.000873058044817299,0.219250902533531
-3.10151624679565,22.7695693969727,-0.000734447385184467,0.218875542283058
-2.84702730178833,22.7718200683594,-0.0024924729950726,0.218531876802444
-2.59304094314575,22.7739791870117,-0.00169669557362795,0.218275398015976
-2.33954572677612,22.7761669158936,0.00158469309099019,0.218083217740059
-2.08575820922852,22.7786102294922,0.00372699345462024,0.21795779466629
-1.83132195472717,22.7810592651367,0.00310419802553952,0.217786461114883
-1.57696855068207,22.7833061218262,0.00308886636048555,0.217610985040665
-1.323002576828,22.7854747772217,0.00506810285151005,0.217489764094353
-1.06905019283295,22.7877006530762,0.00732258567586541,0.217478856444359
-0.814891338348389,22.7901077270508,0.00884700845927,0.217513784766197
-0.560786843299866,22.7925701141357,0.0108328284695745,0.217531472444534
-0.30672612786293,22.7950458526611,0.0132300509139895,0.217489123344421
-0.0522866770625114,22.7972583770752,0.0141272684559226,0.21737764775753
0.20251826941967,22.7994117736816,0.0135915437713265,0.21733295917511
0.457602292299271,22.801643371582,0.0120197087526321,0.217410802841187
0.712254703044891,22.8040466308594,0.0126132005825639,0.217493116855621
0.966689825057983,22.8064022064209,0.0143998702988029,0.217540413141251
1.22101414203644,22.808801651001,0.0168938748538494,0.217587500810623
1.47569799423218,22.8112964630127,0.0179891679435968,0.21779553592205
1.73044240474701,22.8136882781982,0.0190294627100229,0.218058526515961
1.98513555526733,22.8158626556396,0.0205149464309216,0.21826933324337
2.24025177955627,22.8180541992188,0.0203332342207432,0.218506187200546
2.4954879283905,22.8203964233398,0.0198361407965422,0.218845680356026
2.75047039985657,22.822774887085,0.020680658519268,0.219272002577782
3.0046706199646,22.8252201080322,0.0251928810030222,0.219674959778786
3.25893688201904,22.8276271820068,0.029613709077239,0.22011524438858
3.51284050941467,22.8300724029541,0.0358274951577187,0.22048045694828
3.76754355430603,22.832462310791,0.0387262366712093,0.220869019627571
-5.12880563735962,22.5033130645752,-0.00236779032275081,0.221921876072884
-4.8748025894165,22.5052757263184,-0.00364385009743273,0.221223905682564
-4.6217942237854,22.5074920654297,-1.80612405529246e-05,0.22075030207634
-4.36848640441895,22.5098056793213,0.00241148378700018,0.220339134335518
-4.11508131027222,22.5120639801025,0.00460375053808093,0.219942092895508
-3.86117649078369,22.5143127441406,0.00467751966789365,0.219560980796814
-3.60687160491943,22.5164566040039,0.00311348517425358,0.219130918383598
-3.35253477096558,22.518590927124,0.00163183792028576,0.218725442886353
-3.09801268577576,22.5207824707031,-0.000478811474749818,0.218333840370178
-2.84321022033691,22.5230007171631,-0.00365391396917403,0.217964008450508
-2.58881092071533,22.5252113342285,-0.00473075453191996,0.217678025364876
-2.33550262451172,22.5275096893311,-0.000549120246432722,0.217486649751663
-2.08217549324036,22.5299911499023,0.00374827021732926,0.217337265610695
-1.82810056209564,22.5323238372803,0.00481969490647316,0.217153653502464
-1.57363522052765,22.5344791412354,0.0043222364038229,0.216981559991837
-1.31947469711304,22.5366287231445,0.00544325448572636,0.216856643557549
-1.06525683403015,22.5389442443848,0.00651791179552674,0.216788664460182
-0.810975849628448,22.5413913726807,0.00752057321369648,0.216749414801598
-0.556921243667603,22.5438213348389,0.00976946577429771,0.216769129037857
-0.303019970655441,22.5462532043457,0.0129254525527358,0.216778978705406
-0.0489063672721386,22.5484943389893,0.0153306713327765,0.216733202338219
0.205711826682091,22.5506343841553,0.0156691372394562,0.216681182384491
0.460712373256683,22.5527515411377,0.0145037183538079,0.216717943549156
0.715283095836639,22.5550212860107,0.0154941529035568,0.216819018125534
0.969593405723572,22.5573825836182,0.017867574468255,0.216913089156151
1.22367346286774,22.5599212646484,0.0214800965040922,0.216968059539795
1.47834467887878,22.5625133514404,0.0226535797119141,0.217147305607796
1.73352682590485,22.564826965332,0.021765299141407,0.217425018548965
1.98872697353363,22.5669116973877,0.0210220161825418,0.217695325613022
2.24385976791382,22.5689678192139,0.02079938352108,0.217954054474831
2.49891209602356,22.5712738037109,0.0211495999246836,0.218252241611481
2.75394082069397,22.5736312866211,0.0218197982758284,0.218644067645073
3.00840616226196,22.5759773254395,0.0251926612108946,0.219075039029121
3.26265001296997,22.5784130096436,0.0297434274107218,0.219478383660316
3.51639199256897,22.5808048248291,0.0367003306746483,0.219890356063843
3.77109217643738,22.5833034515381,0.0396391004323959,0.220363229513168
-4.87194871902466,22.2570323944092,-0.000571377109736204,0.220606774091721
-4.61881971359253,22.2592067718506,0.00251620751805604,0.220175206661224
-4.36552333831787,22.2614326477051,0.00502836937084794,0.21978534758091
-4.1116681098938,22.2636470794678,0.00514390738680959,0.219365686178207
-3.85774993896484,22.2658405303955,0.00518862484022975,0.218960285186768
-3.60333847999573,22.2679233551025,0.00316145760007203,0.218569383025169
-3.34878873825073,22.2699432373047,0.00072463828837499,0.218166455626488
-3.09410285949707,22.272045135498,-0.00210922467522323,0.217763155698776
-2.83932137489319,22.2742309570312,-0.00515041360631585,0.217348426580429
-2.58525991439819,22.2765502929688,-0.00463025690987706,0.217051297426224
-2.33183908462524,22.2788925170898,-0.000934835057705641,0.21685329079628
-2.07858681678772,22.2813377380371,0.00374231371097267,0.21668441593647
-1.82490289211273,22.2835636138916,0.00664344849064946,0.21649295091629
-1.57054483890533,22.2856674194336,0.00666831852868199,0.216317608952522
-1.31626737117767,22.2878513336182,0.0072828852571547,0.216194897890091
-1.06163454055786,22.2902355194092,0.0064931707456708,0.216120049357414
-0.80716598033905,22.2926731109619,0.00667547760531306,0.216046020388603
-0.552997350692749,22.2949714660645,0.00844314228743315,0.216025352478027
-0.299034118652344,22.2972793579102,0.0113557456061244,0.216091558337212
-0.0450456440448761,22.2995433807373,0.0143634881824255,0.216157481074333
0.209390416741371,22.3017158508301,0.0155593687668443,0.216140002012253
0.464211076498032,22.3038902282715,0.0152374086901546,0.216087535023689
0.718637645244598,22.3060932159424,0.0169085022062063,0.216141402721405
0.972688019275665,22.3084373474121,0.0204791780561209,0.21626715362072
1.22672474384308,22.3109397888184,0.024313198402524,0.216371953487396
1.48145830631256,22.3134803771973,0.0252357944846153,0.216557934880257
1.73673737049103,22.3157825469971,0.0239432416856289,0.216827809810638
1.99199557304382,22.3178596496582,0.0229700431227684,0.217142820358276
2.24716973304749,22.3199558258057,0.0225922614336014,0.217412441968918
2.50227022171021,22.3221988677979,0.0227581672370434,0.217703700065613
2.75733041763306,22.3244590759277,0.0233198627829552,0.218081206083298
3.01242065429688,22.3267555236816,0.0239624753594398,0.218466147780418
3.26677465438843,22.3290901184082,0.0280644968152046,0.218891680240631
3.52036046981812,22.33131980896,0.0357451848685741,0.219288513064384
-4.86920642852783,22.0087490081787,0.00302504701539874,0.220081031322479
-4.61515331268311,22.0107555389404,0.00179831322748214,0.219623550772667
-4.36136436462402,22.0128746032715,0.00203782087191939,0.219193547964096
-4.10752010345459,22.0150871276855,0.00224316562525928,0.21880216896534
-3.85395908355713,22.0173225402832,0.00399643508717418,0.218334347009659
-3.59985160827637,22.0193729400635,0.00342169986106455,0.217924281954765
-3.34503531455994,22.021354675293,-0.000218998771742918,0.217560946941376
-3.09017586708069,22.0233402252197,-0.00382125750184059,0.217176675796509
-2.83547854423523,22.0255699157715,-0.00643589906394482,0.216752961277962
-2.58156418800354,22.0279560089111,-0.00519996182993054,0.216435939073563
-2.32800507545471,22.0303630828857,-0.00210850453004241,0.216236248612404
-2.0747435092926,22.0326652526855,0.00256446329876781,0.216036379337311
-1.82141423225403,22.0348377227783,0.00713070575147867,0.21585251390934
-1.56725120544434,22.036994934082,0.00808138772845268,0.215692833065987
-1.31269121170044,22.0392169952393,0.00743441237136722,0.215573951601982
-1.0580826997757,22.0414543151855,0.00679064681753516,0.215489476919174
-0.80388206243515,22.04368019104,0.00822895392775536,0.21542526781559
-0.549836993217468,22.0459041595459,0.0105893341824412,0.215411990880966
-0.295462608337402,22.0481281280518,0.0116679891943932,0.215498596429825
-0.0411903858184814,22.0505332946777,0.0134228765964508,0.215616747736931
0.213243409991264,22.0527725219727,0.014663620851934,0.215590834617615
0.467938899993896,22.0550689697266,0.0149395251646638,0.215498551726341
0.722233593463898,22.0573596954346,0.017236489802599,0.21547669172287
0.97624796628952,22.0596752166748,0.0210014712065458,0.21561287343502
1.23053872585297,22.061990737915,0.0237325020134449,0.215753167867661
1.48533153533936,22.0643672943115,0.0244268178939819,0.215963542461395
1.74034667015076,22.0666980743408,0.0243457518517971,0.216266974806786
1.99538362026215,22.0688762664795,0.0243879538029432,0.216598004102707
2.25039720535278,22.070972442627,0.0247538611292839,0.21687738597393
2.50541591644287,22.0731449127197,0.0253116302192211,0.217183411121368
2.76060271263123,22.0753192901611,0.0253413617610931,0.21755263209343
3.0157790184021,22.0775871276855,0.0256334897130728,0.217940658330917
3.27061438560486,22.0798835754395,0.0276431683450937,0.218377813696861
3.52453327178955,22.0818214416504,0.033896841108799,0.218798995018005
-4.61028242111206,21.7620410919189,-0.00458024302497506,0.219069212675095
-4.35641860961914,21.7641010284424,-0.00464116502553225,0.218594163656235
-4.10355854034424,21.7664127349854,0.000216556247323751,0.218127533793449
-3.84993171691895,21.7686939239502,0.00169813178945333,0.217714339494705
-3.59652709960938,21.7708015441895,0.00443805102258921,0.217293068766594
-3.34188032150269,21.7728672027588,0.00161577551625669,0.216946929693222
-3.08708477020264,21.7749843597412,-0.0016611359314993,0.216584101319313
-2.83233499526978,21.777135848999,-0.00448752287775278,0.216172769665718
-2.57814455032349,21.7794551849365,-0.0044968044385314,0.215872570872307
-2.32427358627319,21.7817459106445,-0.00280866050161421,0.215658098459244
-2.07062768936157,21.7839012145996,0.000132161352667026,0.215449884533882
-1.81748807430267,21.7860908508301,0.00560859218239784,0.215282008051872
-1.56367874145508,21.7882652282715,0.00821676570922136,0.215124815702438
-1.30927515029907,21.7905120849609,0.00831877440214157,0.21498741209507
-1.05497610569,21.7926616668701,0.00912007410079241,0.214866012334824
-0.800927042961121,21.7948341369629,0.011278273537755,0.214806705713272
-0.546974897384644,21.7970581054688,0.0140883680433035,0.21477772295475
-0.292295813560486,21.7992839813232,0.0138121172785759,0.214882016181946
-0.0377397798001766,21.801628112793,0.0143129657953978,0.215009108185768
0.216673254966736,21.8039150238037,0.015678720548749,0.214989617466927
0.471325486898422,21.8062515258789,0.0161804854869843,0.214897096157074
0.725770711898804,21.8086280822754,0.0178305581212044,0.214893639087677
0.980292797088623,21.8109111785889,0.0193494856357574,0.215046346187592
1.23495578765869,21.8130569458008,0.0204528551548719,0.215179681777954
1.48985111713409,21.8153858184814,0.0207292083650827,0.215357333421707
1.74463975429535,21.8177013397217,0.0216994192451239,0.215627029538155
1.99933004379272,21.8198719024658,0.0233237314969301,0.215935304760933
2.2539689540863,21.8219451904297,0.0253893956542015,0.216238975524902
2.50857186317444,21.8240852355957,0.0278223995119333,0.216584622859955
2.76370763778687,21.8263111114502,0.0281050577759743,0.216957852244377
3.01866459846497,21.8285503387451,0.0293926745653152,0.217362061142921
3.27393054962158,21.8308773040771,0.0295303985476494,0.21780925989151
-4.60521697998047,21.5133228302002,-0.0118735022842884,0.218560382723808
-4.35158205032349,21.5153141021729,-0.0108117805793881,0.218026146292686
-4.09958648681641,21.5177211761475,-0.00186429172754288,0.217559114098549
-3.846275806427,21.5200634002686,0.00113384681753814,0.217157408595085
-3.59316563606262,21.5223331451416,0.00527779525145888,0.216746672987938
-3.33858013153076,21.5244026184082,0.00277269631624222,0.216424152255058
-3.08388805389404,21.5265865325928,7.46936393625219e-06,0.216027393937111
-2.82949662208557,21.5287036895752,-0.00112895003985614,0.215604186058044
-2.57524514198303,21.530912399292,-0.00139150279574096,0.215276658535004
-2.32109928131104,21.5331020355225,-0.000941414851695299,0.21506030857563
-2.0671124458313,21.5351390838623,0.000463543721707538,0.21486322581768
-1.81380653381348,21.5373210906982,0.00521003687754273,0.214701384305954
-1.56024742126465,21.5394802093506,0.00899944081902504,0.214539408683777
-1.30623531341553,21.5416831970215,0.0109244976192713,0.214373752474785
-1.05205762386322,21.5438747406006,0.0123081589117646,0.214215457439423
-0.797857701778412,21.5460414886475,0.0138067668303847,0.214121624827385
-0.54355400800705,21.5482292175293,0.0150490943342447,0.214099511504173
-0.28876855969429,21.550464630127,0.0143222911283374,0.214190661907196
-0.0341536216437817,21.5527744293213,0.0145900258794427,0.214300379157066
0.220314964652061,21.5550651550293,0.0157381948083639,0.214306235313416
0.475032448768616,21.5574169158936,0.0159794352948666,0.214233860373497
0.729779839515686,21.559757232666,0.0163051784038544,0.214290261268616
0.98452365398407,21.5619049072266,0.0168680623173714,0.214437663555145
1.23919749259949,21.5639343261719,0.0179629400372505,0.214553758502007
1.49401450157166,21.5661849975586,0.0186289083212614,0.214692264795303
1.74878668785095,21.5684661865234,0.0197106078267097,0.214919075369835
2.00348663330078,21.5706005096436,0.0213300827890635,0.215257927775383
2.25783634185791,21.5726833343506,0.0247173234820366,0.215619936585426
2.51201629638672,21.5749206542969,0.0290597174316645,0.215981855988503
2.76650857925415,21.5771656036377,0.0322183854877949,0.216368675231934
3.02141380310059,21.5795555114746,0.033757034689188,0.216720446944237
3.27717709541321,21.5818386077881,0.0317278243601322,0.217167794704437
-4.34741926193237,21.266622543335,-0.0138251390308142,0.217465758323669
-4.09622097015381,21.2691669464111,-0.00110791204497218,0.217032596468925
-3.84369945526123,21.2716197967529,0.00560434767976403,0.216633677482605
-3.58968234062195,21.2739086151123,0.0055480720475316,0.216231554746628
-3.33509874343872,21.2759304046631,0.0030869385227561,0.215839549899101
-3.08047223091125,21.2780246734619,0.000659960496705025,0.215444341301918
-2.82640719413757,21.2800979614258,0.0010688048787415,0.214971601963043
-2.57240748405457,21.2823066711426,0.00199972139671445,0.214608818292618
-2.31802558898926,21.2845039367676,0.00138839648570865,0.214419856667519
-2.06377172470093,21.2865543365479,0.0015943442704156,0.214250296354294
-1.81032800674438,21.2887306213379,0.00574039993807673,0.214074864983559
-1.556924700737,21.290828704834,0.0102777658030391,0.213825479149818
-1.30308365821838,21.2929744720459,0.01301743183285,0.213614761829376
-1.04871046543121,21.2951736450195,0.0135386548936367,0.213465347886086
-0.793872117996216,21.29736328125,0.012162365950644,0.213391423225403
-0.539158463478088,21.2995586395264,0.0115794986486435,0.213395595550537
-0.284777998924255,21.3017501831055,0.0127311479300261,0.213420838117599
-0.0303986724466085,21.3039722442627,0.0141035420820117,0.213484987616539
0.224247634410858,21.3061771392822,0.0144856059923768,0.213516309857368
0.479192137718201,21.3083248138428,0.0137433307245374,0.213538110256195
0.733987927436829,21.3105907440186,0.0138910403475165,0.213653296232224
0.98847770690918,21.3127632141113,0.0156324058771133,0.213747203350067
1.2428435087204,21.314826965332,0.0181428603827953,0.213838189840317
1.49750626087189,21.3170433044434,0.0195323396474123,0.213990688323975
1.75231409072876,21.3192386627197,0.0204880908131599,0.214244157075882
2.00709891319275,21.3213634490967,0.0217617936432362,0.214614927768707
2.26136064529419,21.3235206604004,0.025570971891284,0.214985638856888
2.51544880867004,21.3257503509521,0.0303514450788498,0.21534352004528
2.76971745491028,21.3280544281006,0.0345307365059853,0.21574841439724
3.02419257164001,21.3305740356445,0.0379941388964653,0.21604710817337
3.28058886528015,21.332799911499,0.0332006216049194,0.216485843062401
-4.34402799606323,21.0182209014893,-0.0132284853607416,0.21693953871727
-4.09295511245728,21.0207042694092,0.000110096145363059,0.216503158211708
-3.84023427963257,21.0231246948242,0.00592333404347301,0.216108933091164
-3.58596038818359,21.0253562927246,0.00470509845763445,0.215656757354736
-3.33160519599915,21.0273818969727,0.00334237283095717,0.21520958840847
-3.07728457450867,21.029390335083,0.00237098475918174,0.214745834469795
-2.82333278656006,21.0314617156982,0.00333514413796365,0.214274197816849
-2.56919980049133,21.0336360931396,0.00368080311454833,0.213914036750793
-2.31468367576599,21.0358390808105,0.00248183286748827,0.213719084858894
-2.06063556671143,21.037992477417,0.00366535759530962,0.213544264435768
-1.80719304084778,21.0401649475098,0.00784663576632738,0.213353902101517
-1.55363082885742,21.04225730896,0.0116867609322071,0.213050648570061
-1.29950833320618,21.0443897247314,0.0131712453439832,0.212819993495941
-1.04498708248138,21.0465679168701,0.0130517836660147,0.212679490447044
-0.790058434009552,21.0486869812012,0.0113009819760919,0.212614670395851
-0.535308420658112,21.0507831573486,0.0105907320976257,0.212624073028564
-0.281116306781769,21.0529708862305,0.0126327145844698,0.212642475962639
-0.0265917908400297,21.0551910400391,0.0133827077224851,0.212675973773003
0.228406935930252,21.0572891235352,0.0122107826173306,0.212743952870369
0.483291745185852,21.0593338012695,0.0117780156433582,0.212840050458908
0.737868130207062,21.0615062713623,0.012952072545886,0.212966367602348
0.992195904254913,21.0636425018311,0.015456885099411,0.213021770119667
1.24658358097076,21.0658092498779,0.0179022904485464,0.213126689195633
1.50102436542511,21.0680370330811,0.020317567512393,0.213302835822105
1.75564134120941,21.0701789855957,0.0221578534692526,0.213578581809998
2.01034021377563,21.0722980499268,0.0238448046147823,0.213936567306519
2.26468849182129,21.0744876861572,0.0272990446537733,0.214316576719284
2.51882100105286,21.0767879486084,0.0319114699959755,0.214674457907677
2.77315878868103,21.0789775848389,0.035815853625536,0.215095013380051
3.02705049514771,21.0816059112549,0.041884358972311,0.21534951031208
-4.08928823471069,20.7720890045166,-0.000550288648810238,0.215918719768524
-3.83649134635925,20.7745246887207,0.00494546256959438,0.21551276743412
-3.58237862586975,20.7767581939697,0.00451536616310477,0.215036854147911
-3.32798314094543,20.7788162231445,0.00300025730393827,0.214547619223595
-3.07397699356079,20.7808856964111,0.00352259259670973,0.214070007205009
-2.8199462890625,20.7829608917236,0.00415320601314306,0.213635116815567
-2.56562733650208,20.7850399017334,0.00367409223690629,0.213283985853195
-2.31118202209473,20.7871627807617,0.00283833453431726,0.21302804350853
-2.05715465545654,20.7893676757812,0.00415047397837043,0.212816327810287
-1.80369544029236,20.7915706634521,0.00828839559108019,0.212607383728027
-1.54996824264526,20.7937164306641,0.011405760422349,0.212315991520882
-1.29588258266449,20.795862197876,0.0130938943475485,0.212087988853455
-1.04148411750793,20.7979774475098,0.0135703580453992,0.21194039285183
-0.786832392215729,20.8000106811523,0.0131149906665087,0.211855456233025
-0.532262980937958,20.8020305633545,0.0132575668394566,0.211869522929192
-0.277862668037415,20.804162979126,0.0143854869529605,0.211889490485191
-0.0229689907282591,20.8063888549805,0.0134959686547518,0.211915910243988
0.232298269867897,20.8084125518799,0.0111469896510243,0.211984679102898
0.487039297819138,20.8103828430176,0.0114000011235476,0.21210666000843
0.741445064544678,20.8124084472656,0.0133786648511887,0.212233021855354
0.995894491672516,20.8145370483398,0.0153708895668387,0.212295949459076
1.25055742263794,20.8167400360107,0.0166172944009304,0.212419211864471
1.50499045848846,20.8190174102783,0.0191032588481903,0.212616831064224
1.75941264629364,20.8211879730225,0.0218483991920948,0.212888404726982
2.0139012336731,20.8233184814453,0.0245050992816687,0.213224768638611
2.26841163635254,20.8254795074463,0.0272716153413057,0.213596984744072
2.52284979820251,20.827600479126,0.0305661614984274,0.213995099067688
2.77704048156738,20.829891204834,0.0351567156612873,0.2143824249506
3.03071284294128,20.8325443267822,0.0422277338802814,0.214623361825943
-4.08474397659302,20.5233325958252,-0.00531366188079119,0.215280637145042
-3.83270072937012,20.5259609222412,0.00374231766909361,0.214876905083656
-3.57871222496033,20.528226852417,0.00392791116610169,0.214364126324654
-3.32446217536926,20.530330657959,0.0031247369479388,0.213880375027657
-3.07035756111145,20.5324459075928,0.00322447693906724,0.213405147194862
-2.81614208221436,20.5344791412354,0.00303611741401255,0.212967559695244
-2.56196141242981,20.5365123748779,0.00323464861139655,0.212604686617851
-2.30772566795349,20.5385341644287,0.00340195372700691,0.212321400642395
-2.05364775657654,20.5406742095947,0.00451616337522864,0.212089702486992
-1.80015480518341,20.5429229736328,0.00853328965604305,0.211872607469559
-1.54656076431274,20.5452175140381,0.0122921532019973,0.211622655391693
-1.2926744222641,20.5473957061768,0.0149241555482149,0.211423933506012
-1.03824138641357,20.5493564605713,0.0152766006067395,0.211271286010742
-0.783487498760223,20.5512752532959,0.0143893249332905,0.211167484521866
-0.528920948505402,20.5532779693604,0.0145771317183971,0.211179628968239
-0.274471670389175,20.5554122924805,0.0155152007937431,0.211195051670074
-0.0196638908237219,20.5576057434082,0.0150472624227405,0.211221322417259
0.23568719625473,20.5596790313721,0.0123505359515548,0.211250528693199
0.490611404180527,20.5616779327393,0.0118097504600883,0.211338505148888
0.745312035083771,20.5635871887207,0.0124980378895998,0.211465880274773
0.999987959861755,20.5655136108398,0.0135135911405087,0.211578175425529
1.25463628768921,20.5675716400146,0.0148657038807869,0.211720928549767
1.50888168811798,20.5698642730713,0.0182279795408249,0.211896032094955
1.76309525966644,20.5721244812012,0.0219378042966127,0.212139949202538
2.01734447479248,20.5743274688721,0.0256928540766239,0.212463453412056
2.27192497253418,20.5764846801758,0.0281797349452972,0.212851613759995
2.5265781879425,20.5785980224609,0.0305528528988361,0.213251248002052
2.78132724761963,20.580696105957,0.0327097065746784,0.213678359985352
3.03549814224243,20.5832653045654,0.0376194566488266,0.213944315910339
-3.82953572273254,20.2776565551758,0.0054553747177124,0.214236527681351
-3.5752866268158,20.2797813415527,0.00445995107293129,0.21368619799614
-3.32080054283142,20.2818355560303,0.0025942693464458,0.213185027241707
-3.06668925285339,20.2838230133057,0.00270148389972746,0.212715297937393
-2.81242847442627,20.2858600616455,0.00233929394744337,0.212250754237175
-2.55833101272583,20.2878932952881,0.00295913987793028,0.211884781718254
-2.30412554740906,20.2898635864258,0.00330265332013369,0.211591303348541
-2.04991459846497,20.2919464111328,0.00384062249213457,0.211344510316849
-1.79645466804504,20.2942867279053,0.00804450176656246,0.21112060546875
-1.5431352853775,20.2966480255127,0.0130973504856229,0.210906475782394
-1.28944337368011,20.2987213134766,0.0166528951376677,0.210741221904755
-1.03483402729034,20.3005123138428,0.0162351690232754,0.210624203085899
-0.779907166957855,20.3023567199707,0.0145949367433786,0.210523054003716
-0.525492906570435,20.3044548034668,0.0155078088864684,0.210528448224068
-0.271251529455185,20.3066444396973,0.0174206029623747,0.210544690489769
-0.0166977029293776,20.3087558746338,0.0181338749825954,0.210561364889145
0.238658055663109,20.310791015625,0.0154451951384544,0.210541218519211
0.493986964225769,20.3128414154053,0.0131084695458412,0.210549831390381
0.749094247817993,20.3148307800293,0.0119988508522511,0.210664808750153
1.00377357006073,20.31667137146,0.013036104850471,0.210822895169258
1.2581799030304,20.3185844421387,0.0155101111158729,0.210988834500313
1.51220166683197,20.3208065032959,0.0199063643813133,0.211154460906982
1.76627433300018,20.3231067657471,0.0242745708674192,0.211378186941147
2.02037405967712,20.3254070281982,0.0287228133529425,0.211716562509537
2.27490329742432,20.3275470733643,0.0314651057124138,0.212071970105171
2.52948951721191,20.3296852111816,0.0341617241501808,0.212499752640724
2.78473448753357,20.3315773010254,0.0341550260782242,0.21294267475605
-3.82607102394104,20.0292320251465,0.00576786464080215,0.213562682271004
-3.57197046279907,20.0312080383301,0.00550252618268132,0.212990164756775
-3.31740021705627,20.0332088470459,0.00327901169657707,0.212465882301331
-3.06314635276794,20.0351905822754,0.00275927945040166,0.211990475654602
-2.8088686466217,20.0372085571289,0.00235489895567298,0.211502850055695
-2.55458498001099,20.0392055511475,0.00214886642061174,0.211127102375031
-2.30016922950745,20.0411682128906,0.00156035495456308,0.210836932063103
-2.04608082771301,20.0432224273682,0.00270289671607316,0.21061272919178
-1.79271006584167,20.0454978942871,0.00735421013087034,0.210380658507347
-1.53952991962433,20.0478248596191,0.0130821252241731,0.210154756903648
-1.28566443920135,20.0498390197754,0.0158805344253778,0.21000412106514
-1.03076446056366,20.0515460968018,0.0141753889620304,0.209904834628105
-0.77588027715683,20.0533790588379,0.0127691328525543,0.209860250353813
-0.521713495254517,20.0555458068848,0.014844368211925,0.209887981414795
-0.267841786146164,20.0577487945557,0.0184691790491343,0.209900736808777
-0.0133263412863016,20.0597019195557,0.0193916577845812,0.209869995713234
0.242046728730202,20.0617141723633,0.0166576560586691,0.209807455539703
0.497452020645142,20.0638980865479,0.0140069248154759,0.209761753678322
0.75256884098053,20.0660438537598,0.0128848385065794,0.209851250052452
1.00729167461395,20.067892074585,0.0137600125744939,0.210025697946548
1.26164567470551,20.0697956085205,0.0165013149380684,0.210176259279251
1.51544606685638,20.071949005127,0.0219207350164652,0.210362985730171
1.76922512054443,20.0742626190186,0.0276282504200935,0.210629746317863
2.02338290214539,20.0764694213867,0.031847670674324,0.21101301908493
2.27759742736816,20.0786323547363,0.0360155403614044,0.211350098252296
2.53224921226501,20.0807647705078,0.0384466610848904,0.211777418851852
2.78736662864685,20.0825939178467,0.0390307195484638,0.212134286761284
-3.56883764266968,19.7825908660889,0.00739700719714165,0.212261870503426
-3.31413269042969,19.7845764160156,0.00458050705492496,0.211746469140053
-3.05974555015564,19.7865295410156,0.00347513239830732,0.211224853992462
-2.80537343025208,19.7884922027588,0.00266886572353542,0.21083652973175
-2.55092787742615,19.7904281616211,0.00175189948640764,0.210457190871239
-2.29640817642212,19.792423248291,0.000719371309969574,0.210163593292236
-2.04258322715759,19.7945232391357,0.00311004254035652,0.209912613034248
-1.78916454315186,19.796745300293,0.00757699878886342,0.209652498364449
-1.5357905626297,19.7989540100098,0.0124539006501436,0.209421396255493
-1.28156495094299,19.8009643554688,0.0136429676786065,0.209278076887131
-1.02643024921417,19.8027477264404,0.010905827395618,0.209189385175705
-0.771499991416931,19.8045673370361,0.00933226570487022,0.209146976470947
-0.517226874828339,19.8065319061279,0.0109701324254274,0.209160849452019
-0.263566315174103,19.8086395263672,0.0155971888452768,0.209175512194633
-0.00905913766473532,19.8105354309082,0.0165993086993694,0.209142804145813
0.246194735169411,19.8125553131104,0.0144443614408374,0.209094867110252
0.501232862472534,19.8148231506348,0.0134860100224614,0.209030404686928
0.755865812301636,19.8170890808105,0.014573598280549,0.209062471985817
1.01036882400513,19.8189659118652,0.016466211527586,0.209227830171585
1.26499152183533,19.8209743499756,0.0180320981889963,0.209395065903664
1.5190304517746,19.8231468200684,0.0224159862846136,0.209609180688858
1.77264022827148,19.8253955841064,0.0289134103804827,0.209903687238693
2.02692770957947,19.8273983001709,0.0325906276702881,0.210295215249062
2.28075242042542,19.829704284668,0.0385209359228611,0.210658997297287
2.53565549850464,19.83176612854,0.03986856341362,0.211136639118195
-3.56541228294373,19.5341949462891,0.00792447384446859,0.211544007062912
-3.31064748764038,19.536018371582,0.00486650597304106,0.211084336042404
-3.05619835853577,19.5378246307373,0.0035118805244565,0.210572376847267
-2.80174779891968,19.5397987365723,0.00237793545238674,0.210193514823914
-2.54730367660522,19.5417232513428,0.00150378537364304,0.209801584482193
-2.29285478591919,19.5437297821045,0.000834762584418058,0.209487229585648
-2.03910279273987,19.5458469390869,0.00359551189467311,0.209187164902687
-1.78551375865936,19.5480213165283,0.00731639238074422,0.208891898393631
-1.53186428546906,19.5501270294189,0.0109682334586978,0.20867457985878
-1.27754485607147,19.5521831512451,0.0117665752768517,0.208541378378868
-1.02247321605682,19.5540008544922,0.0093562351539731,0.20845228433609
-0.767439961433411,19.5557689666748,0.00735350418835878,0.208386957645416
-0.512741565704346,19.5575180053711,0.00710267294198275,0.208346545696259
-0.258689731359482,19.5594615936279,0.0100022377446294,0.208343505859375
-0.00435978313907981,19.5614471435547,0.0118515836074948,0.208316013216972
0.250686258077621,19.5635681152344,0.0106781721115112,0.208269074559212
0.505353271961212,19.5659370422363,0.0114332921802998,0.208228051662445
0.759320497512817,19.5680923461914,0.015555583871901,0.2082659304142
1.01343786716461,19.5700531005859,0.0192100200802088,0.208429962396622
1.26823806762695,19.5720539093018,0.0200103726238012,0.208621382713318
1.5226229429245,19.5742301940918,0.0228791404515505,0.208828181028366
1.77632164955139,19.5764865875244,0.0290136262774467,0.209117397665977
2.03005743026733,19.5787029266357,0.0351763963699341,0.209423884749413
2.28435635566711,19.5807361602783,0.0390348099172115,0.209872201085091
2.53950953483582,19.582670211792,0.0393094643950462,0.210466355085373
-3.30695033073425,19.2873229980469,0.00416911579668522,0.210487991571426
-3.05251216888428,19.2891063690186,0.00290210824459791,0.20992037653923
-2.79809165000916,19.2911376953125,0.00194396579172462,0.20949225127697
-2.54406309127808,19.2931938171387,0.00302441883832216,0.209093675017357
-2.28977465629578,19.2951889038086,0.00312720309011638,0.208767801523209
-2.03576993942261,19.2972354888916,0.00475874915719032,0.208427742123604
-1.78176665306091,19.2992687225342,0.00661312928423285,0.208116456866264
-1.52781081199646,19.3012981414795,0.00890033319592476,0.207890823483467
-1.27366936206818,19.3033390045166,0.0105525953695178,0.207722306251526
-1.01910328865051,19.3051261901855,0.0104876151308417,0.207609012722969
-0.763974547386169,19.3068313598633,0.00808483827859163,0.207509070634842
-0.508949220180511,19.3085803985596,0.00638305768370628,0.207447022199631
-0.254675567150116,19.3105659484863,0.00831310171633959,0.207439094781876
-0.000504614901728928,19.3127002716064,0.0109180826693773,0.207438856363297
0.254233330488205,19.3148517608643,0.0111726112663746,0.207421913743019
0.508910715579987,19.3171329498291,0.0119166290387511,0.207448661327362
0.763075292110443,19.3191051483154,0.0151890311390162,0.207516357302666
1.0173100233078,19.3210124969482,0.0183543097227812,0.207688957452774
1.2719315290451,19.3230400085449,0.0199911836534739,0.207892030477524
1.52629959583282,19.3252124786377,0.0229701530188322,0.208073481917381
1.7802197933197,19.3274078369141,0.0281524267047644,0.208306565880775
2.03413462638855,19.3295917510986,0.0335553511977196,0.208570808172226
2.28840017318726,19.3316650390625,0.0375992730259895,0.208957582712173
2.54372978210449,19.3336200714111,0.0371291227638721,0.209683790802956
-3.30388236045837,19.0388069152832,0.00639150757342577,0.209811508655548
-3.04870963096619,19.0406551361084,0.00174776127096266,0.209152206778526
-2.7945921421051,19.0428028106689,0.00222892453894019,0.208733052015305
-2.54056596755981,19.0447406768799,0.0033572637476027,0.208346083760262
-2.28669214248657,19.0467109680176,0.00540793081745505,0.208004131913185
-2.03246378898621,19.0485572814941,0.0060451989993453,0.207682192325592
-1.77804470062256,19.0504837036133,0.00602622330188751,0.207400470972061
-1.52393579483032,19.052453994751,0.00765058724209666,0.207143470644951
-1.26989018917084,19.0544719696045,0.00977965630590916,0.20689857006073
-1.01567041873932,19.0562877655029,0.0113312108442187,0.206727251410484
-0.760943472385406,19.0580654144287,0.0107910251244903,0.206618890166283
-0.506069004535675,19.0599250793457,0.00980263669043779,0.206554651260376
-0.251616597175598,19.0619812011719,0.0109495539218187,0.206547364592552
0.00278050848282874,19.0641250610352,0.0125611759722233,0.206567570567131
0.257443487644196,19.0661201477051,0.0131892561912537,0.20661036670208
0.512458682060242,19.0681037902832,0.0124480416998267,0.206665873527527
0.76715612411499,19.0700531005859,0.0133594386279583,0.206742346286774
1.02161979675293,19.0719509124756,0.0155363138765097,0.206932261586189
1.27590370178223,19.0739250183105,0.0187271051108837,0.207164436578751
1.53011572360992,19.0759201049805,0.0224444959312677,0.207376569509506
1.78441095352173,19.0780372619629,0.0259915851056576,0.207597032189369
2.03850936889648,19.080192565918,0.030617743730545,0.207801625132561
2.29270052909851,19.0823917388916,0.0350294634699821,0.20808881521225
-3.04448413848877,18.7922325134277,-0.00136959715746343,0.208288818597794
-2.79071950912476,18.7944011688232,0.000786808610428125,0.207874432206154
-2.53671526908875,18.7961750030518,0.00205866293981671,0.207509815692902
-2.28295350074768,18.798059463501,0.00466586090624332,0.207183167338371
-2.02875852584839,18.7997760772705,0.00549738435074687,0.206919595599174
-1.77426862716675,18.8016147613525,0.00519227655604482,0.206696510314941
-1.52010881900787,18.8035678863525,0.00662129418924451,0.206448927521706
-1.2662125825882,18.8055992126465,0.00947142858058214,0.206196442246437
-1.01222598552704,18.8075351715088,0.0121214641258121,0.20597730576992
-0.757796585559845,18.8094387054443,0.0129672316834331,0.205854654312134
-0.503202319145203,18.8114032745361,0.0132812792435288,0.205783978104591
-0.248688623309135,18.8133869171143,0.0141803901642561,0.205738946795464
0.00603126781061292,18.8153476715088,0.0143642416223884,0.205757334828377
0.260907590389252,18.8172245025635,0.0140632800757885,0.205827668309212
0.51612788438797,18.8191261291504,0.012433503754437,0.205902710556984
0.771046102046967,18.8210430145264,0.0123884119093418,0.205989181995392
1.02570819854736,18.8229541778564,0.0137119982391596,0.206194296479225
1.27989709377289,18.8248310089111,0.0173693411052227,0.206430241465569
1.5341534614563,18.8266525268555,0.0209302511066198,0.206666380167007
1.78859210014343,18.8286285400391,0.0238788761198521,0.206896141171455
2.04313087463379,18.8306751251221,0.0265864841639996,0.207113564014435
2.29723691940308,18.8330135345459,0.0314171835780144,0.20741318166256
-3.04069018363953,18.5437126159668,-0.00248482706956565,0.207414716482162
-2.78711247444153,18.5458087921143,0.000576497055590153,0.206957533955574
-2.53317475318909,18.547607421875,0.00219270796515048,0.20664282143116
-2.27924728393555,18.5493335723877,0.00407538143917918,0.206328764557838
-2.02501463890076,18.5509815216064,0.00477176019921899,0.206126123666763
-1.77040386199951,18.5528011322021,0.00394993834197521,0.205981060862541
-1.51633405685425,18.554780960083,0.0058296681381762,0.205781355500221
-1.26257765293121,18.5568408966064,0.00935622863471508,0.205539599061012
-1.00880062580109,18.5588550567627,0.0129967564716935,0.205309897661209
-0.754392623901367,18.5608158111572,0.0139734838157892,0.20519495010376
-0.499823033809662,18.5627899169922,0.0144333699718118,0.205099761486053
-0.245318084955215,18.5646743774414,0.015407606959343,0.205036386847496
0.00952521804720163,18.5664329528809,0.0150705706328154,0.205035135149956
0.264566034078598,18.5683498382568,0.0140605848282576,0.205096706748009
0.519702434539795,18.5702934265137,0.0128437019884586,0.205175548791885
0.774391531944275,18.5722179412842,0.0138635560870171,0.205279514193535
1.0290287733078,18.5740242004395,0.0153335612267256,0.205475747585297
1.28343415260315,18.5758171081543,0.0180554538965225,0.205658093094826
1.53800904750824,18.5776309967041,0.0202270001173019,0.205847680568695
1.79264974594116,18.5794086456299,0.022315489128232,0.206116408109665
2.047682762146,18.581298828125,0.0228652860969305,0.206331372261047
2.3024001121521,18.5834217071533,0.0250267703086138,0.206766590476036
-3.03764367103577,18.295093536377,-0.000131787484860979,0.206490218639374
-2.78437829017639,18.297119140625,0.00440789153799415,0.206039294600487
-2.53026127815247,18.2988319396973,0.00522578367963433,0.205724492669106
-2.27606773376465,18.3005561828613,0.00591247389093041,0.205504402518272
-2.02155137062073,18.3021945953369,0.00533660035580397,0.205340504646301
-1.76684308052063,18.3040218353271,0.00410245219245553,0.205228447914124
-1.51266360282898,18.3060131072998,0.00551548646762967,0.205050677061081
-1.25881230831146,18.3080215454102,0.00864618550986052,0.204856216907501
-1.00496971607208,18.3100566864014,0.0120254401117563,0.204647034406662
-0.750355899333954,18.3120098114014,0.0121030742302537,0.204492300748825
-0.495688676834106,18.3139495849609,0.0121600637212396,0.204340443015099
-0.241332426667213,18.3158054351807,0.0138499205932021,0.204228803515434
0.0131725380197167,18.31764793396,0.015081143938005,0.204202890396118
0.267952769994736,18.3196258544922,0.0152823450043797,0.204255491495132
0.522968769073486,18.3216037750244,0.014640623703599,0.204340159893036
0.777582347393036,18.3234558105469,0.0160335972905159,0.204478204250336
1.03221356868744,18.3250751495361,0.0175660904496908,0.204685181379318
1.28679382801056,18.3267784118652,0.0195378512144089,0.204841375350952
1.5413978099823,18.3286800384521,0.0216098614037037,0.204993069171906
1.79618465900421,18.330509185791,0.0230783503502607,0.20523028075695
2.05136704444885,18.3324508666992,0.0229953490197659,0.205434858798981
-3.03569674491882,18.0465450286865,0.00731925293803215,0.205552101135254
-2.78201413154602,18.0484752655029,0.00995131768286228,0.205281838774681
-2.52727842330933,18.0501327514648,0.00793681293725967,0.205021679401398
-2.27283072471619,18.051887512207,0.00748252123594284,0.204790577292442
-2.01816558837891,18.0535869598389,0.00625398335978389,0.204611167311668
-1.76354420185089,18.0554504394531,0.00545292254537344,0.20442470908165
-1.5091609954834,18.0572948455811,0.00596969667822123,0.204202696681023
-1.25497162342072,18.0592060089111,0.00759206851944327,0.203980088233948
-1.00068354606628,18.0611991882324,0.00897797662764788,0.203789442777634
-0.74620920419693,18.0632133483887,0.00973235815763474,0.203644186258316
-0.491665750741959,18.0651607513428,0.0103925988078117,0.203506305813789
-0.237483665347099,18.0669746398926,0.0129126468673348,0.203377991914749
0.0168289095163345,18.068790435791,0.0150530682876706,0.203352302312851
0.271326452493668,18.0708198547363,0.0165657047182322,0.203381508588791
0.526160001754761,18.0727710723877,0.0167799759656191,0.203453794121742
0.780821263790131,18.0745525360107,0.0179914254695177,0.203595370054245
1.03545212745667,18.0761451721191,0.0195580627769232,0.203784584999084
1.29012382030487,18.0778636932373,0.0211520474404097,0.203931719064713
1.54492723941803,18.0798397064209,0.0223634634166956,0.204101696610451
1.7999153137207,18.0816593170166,0.0229687429964542,0.204307705163956
2.05522727966309,18.0836849212646,0.0223426800221205,0.204574033617973
-2.77837181091309,17.7998237609863,0.00957736652344465,0.204675927758217
-2.52333164215088,17.801477432251,0.00619391351938248,0.204377308487892
-2.26884460449219,17.8032264709473,0.00559857627376914,0.204086378216743
-2.01446080207825,17.8049755096436,0.00570447184145451,0.203813314437866
-1.76009273529053,17.8068389892578,0.00610357662662864,0.203561633825302
-1.50559771060944,17.808614730835,0.00614480068907142,0.203325867652893
-1.25078690052032,17.8103771209717,0.00496534444391727,0.203122705221176
-0.996342957019806,17.8123168945312,0.00568360928446054,0.20293790102005
-0.742076456546783,17.8143424987793,0.00742680300027132,0.202787697315216
-0.487822353839874,17.8162670135498,0.00944335293024778,0.202675700187683
-0.233752965927124,17.8180084228516,0.0125143500044942,0.202570915222168
0.0206771474331617,17.8197593688965,0.01416149828583,0.202538341283798
0.275115817785263,17.821756362915,0.0159785337746143,0.202559158205986
0.529658138751984,17.8237590789795,0.017541266977787,0.20261462032795
0.784146666526794,17.8255863189697,0.0195629615336657,0.202720880508423
1.03874611854553,17.8272361755371,0.0213022865355015,0.202851742506027
1.29363214969635,17.8289909362793,0.021967776119709,0.202978849411011
1.54883253574371,17.8309154510498,0.0214406847953796,0.203189671039581
1.80373930931091,17.8327941894531,0.0224447809159756,0.20331834256649
2.05928897857666,17.8348236083984,0.020797360688448,0.203644022345543
-2.77411365509033,17.5511112213135,0.0063529028557241,0.203861907124519
-2.51900506019592,17.5527610778809,0.00269733695313334,0.203515321016312
-2.26472496986389,17.5544967651367,0.00309987785294652,0.203185096383095
-2.01042151451111,17.5562515258789,0.00361772556789219,0.202893748879433
-1.75614273548126,17.5580615997314,0.0044690971262753,0.202643811702728
-1.50158286094666,17.5598125457764,0.0042534270323813,0.202422976493835
-1.24676835536957,17.5615863800049,0.00309787574224174,0.202278271317482
-0.992574036121368,17.5636005401611,0.00499382568523288,0.202132239937782
-0.738460600376129,17.5655574798584,0.0074731819331646,0.202014476060867
-0.484311789274216,17.5673999786377,0.0100063178688288,0.201908081769943
-0.230261772871017,17.5690860748291,0.0132016139104962,0.201824307441711
0.0241668354719877,17.5707607269287,0.0148922884836793,0.201803520321846
0.278662711381912,17.5727138519287,0.0164868142455816,0.201790407299995
0.53315144777298,17.5746898651123,0.0183267015963793,0.201811224222183
0.787592172622681,17.5765953063965,0.0205962490290403,0.201869904994965
1.04215455055237,17.5783920288086,0.0225327331572771,0.201935902237892
1.29701805114746,17.5801753997803,0.023332079872489,0.202002555131912
1.55228507518768,17.5819778442383,0.0225426815450191,0.202197000384331
1.80737388134003,17.5838737487793,0.0227681305259466,0.202306568622589
2.06309270858765,17.5858573913574,0.0204043798148632,0.202633649110794
-2.77031111717224,17.3024673461914,0.00523555651307106,0.202892020344734
-2.51517653465271,17.304105758667,0.00150037417188287,0.202495887875557
-2.26097321510315,17.3058338165283,0.0022958645131439,0.202190458774567
-2.00657749176025,17.3074340820312,0.00243109138682485,0.201880604028702
-1.75222635269165,17.3091220855713,0.00299218855798244,0.201667979359627
-1.49783861637115,17.3109169006348,0.00360476551577449,0.201491087675095
-1.24327480792999,17.3128223419189,0.00363008305430412,0.201389595866203
-0.989133238792419,17.3148708343506,0.00580125022679567,0.201294273138046
-0.734937071800232,17.3167190551758,0.00794162880629301,0.201210752129555
-0.480624049901962,17.3184146881104,0.00976753700524569,0.201124757528305
-0.226464182138443,17.3201141357422,0.0125017035752535,0.201057851314545
0.027956772595644,17.321949005127,0.0142613556236029,0.200983569025993
0.282414317131042,17.3238658905029,0.0160673968493938,0.200931563973427
0.537006914615631,17.3257427215576,0.0174787752330303,0.200943261384964
0.791509032249451,17.3276176452637,0.0195109490305185,0.20100761950016
1.04603445529938,17.3294143676758,0.0216517075896263,0.201094537973404
1.30069923400879,17.3311939239502,0.0233787447214127,0.20114628970623
1.55576241016388,17.3329887390137,0.0235367901623249,0.201281189918518
1.81080186367035,17.3348236083984,0.0240177195519209,0.201411128044128
2.06647157669067,17.3367595672607,0.0219065453857183,0.201677337288857
-2.76685070991516,17.0538997650146,0.0056997430510819,0.201959475874901
-2.51179218292236,17.0555763244629,0.00235154945403337,0.20152360200882
-2.25762248039246,17.057279586792,0.00333816232159734,0.201235190033913
-2.00314593315125,17.05881690979,0.00313792168162763,0.200910195708275
-1.74870979785919,17.0603485107422,0.00334760011173785,0.200761467218399
-1.49436986446381,17.0620517730713,0.004217020701617,0.200638487935066
-1.23995900154114,17.0639820098877,0.00497674103826284,0.200532734394073
-0.985602259635925,17.0659828186035,0.00620116991922259,0.200385391712189
-0.731179535388947,17.0677394866943,0.00734837865456939,0.200265750288963
-0.476694017648697,17.0693759918213,0.00842998176813126,0.200219660997391
-0.222460642457008,17.0712070465088,0.010867340490222,0.200207248330116
0.0320028178393841,17.0731639862061,0.0124718174338341,0.200110957026482
0.286467105150223,17.0750503540039,0.0142882624641061,0.19999760389328
0.541003286838531,17.0768356323242,0.0159960296005011,0.199970111250877
0.795527815818787,17.0786018371582,0.0179691985249519,0.20002768933773
1.04997062683105,17.0804252624512,0.0205191858112812,0.200214698910713
1.30448842048645,17.082181930542,0.0229441486299038,0.200334995985031
1.5593638420105,17.0839500427246,0.0239786636084318,0.200457364320755
1.81414604187012,17.085807800293,0.0256412029266357,0.200633704662323
2.06960415840149,17.0876998901367,0.0245053712278605,0.200811296701431
-2.76322603225708,16.8052711486816,0.00540470657870173,0.201067492365837
-2.50838160514832,16.8070468902588,0.00308080716058612,0.20063491165638
-2.25411820411682,16.8086681365967,0.0036725455429405,0.200354903936386
-1.99976992607117,16.810302734375,0.00409694341942668,0.200050875544548
-1.7454172372818,16.8117561340332,0.0047269007191062,0.199890196323395
-1.49108028411865,16.8133068084717,0.0056477109901607,0.199754267930984
-1.23675346374512,16.815149307251,0.00682740425691009,0.199603766202927
-0.982144296169281,16.8170471191406,0.00693584093824029,0.199425369501114
-0.727572858333588,16.8188457489014,0.00744033046066761,0.199317634105682
-0.472911030054092,16.8204402923584,0.00775873847305775,0.199313163757324
-0.218403100967407,16.8221893310547,0.00899138767272234,0.199330404400826
0.0362153798341751,16.8240928649902,0.00993635132908821,0.199224755167961
0.290699303150177,16.8259925842285,0.0117056639865041,0.199028521776199
0.545027673244476,16.8277606964111,0.014391865581274,0.198969230055809
0.799497127532959,16.8295249938965,0.0166526399552822,0.199032828211784
1.05394399166107,16.831428527832,0.0192220397293568,0.199232444167137
1.3083062171936,16.8332557678223,0.0223801843822002,0.199452355504036
1.56287574768066,16.8350315093994,0.0248190816491842,0.199595406651497
1.81747388839722,16.8368759155273,0.027337646111846,0.199798241257668
2.07259583473206,16.8387451171875,0.0277315974235535,0.199901804327965
-2.75955724716187,16.5564975738525,0.00490814307704568,0.200051963329315
-2.50494432449341,16.5583515167236,0.00369030353613198,0.19968980550766
-2.25068020820618,16.5599880218506,0.00431429734453559,0.199428975582123
-1.99650657176971,16.5617332458496,0.00557490345090628,0.199199914932251
-1.7422844171524,16.5632705688477,0.00683635892346501,0.199008256196976
-1.48781430721283,16.5647354125977,0.00718206865713,0.198814660310745
-1.23333346843719,16.5664443969727,0.00769530842080712,0.1986243724823
-0.978767335414886,16.5683040618896,0.00803594477474689,0.198478400707245
-0.724116683006287,16.5701217651367,0.00821395311504602,0.198382571339607
-0.469188213348389,16.5716094970703,0.0073589039966464,0.19839771091938
-0.214393690228462,16.5731639862061,0.00733469054102898,0.198401793837547
0.0401982180774212,16.5749130249023,0.00844372715801001,0.19832156598568
0.294644415378571,16.5767669677734,0.0104242311790586,0.19814296066761
0.549112915992737,16.5785961151123,0.012517080642283,0.198033422231674
0.80377322435379,16.5804214477539,0.0139585733413696,0.19804148375988
1.05823242664337,16.5823040008545,0.016514852643013,0.198189303278923
1.31229674816132,16.5841445922852,0.0210488252341747,0.198436915874481
1.56642723083496,16.5859889984131,0.0254873614758253,0.198624759912491
1.82075583934784,16.5877895355225,0.0292432606220245,0.198838040232658
2.07550835609436,16.589672088623,0.0313129909336567,0.198901385068893
-2.75635504722595,16.3077602386475,0.00657009379938245,0.198901757597923
-2.50180697441101,16.3095817565918,0.00568594597280025,0.198634266853333
-2.2475380897522,16.3112640380859,0.00632167514413595,0.198406383395195
-1.99325907230377,16.3129901885986,0.00713027408346534,0.198256582021713
-1.73909139633179,16.3146686553955,0.00867259129881859,0.198077589273453
-1.4844970703125,16.3161697387695,0.0084816999733448,0.197812885046005
-1.22984731197357,16.3177661895752,0.00825987476855516,0.197629615664482
-0.975329220294952,16.3195648193359,0.00885699037462473,0.197517842054367
-0.720727443695068,16.3213348388672,0.00929395202547312,0.197460606694221
-0.465743750333786,16.3227996826172,0.00822355039417744,0.197445407509804
-0.210668325424194,16.3242702484131,0.0069632469676435,0.197426468133926
0.0439310520887375,16.3259983062744,0.00807667709887028,0.197346568107605
0.298332273960114,16.3278770446777,0.0102971559390426,0.197221368551254
0.553154647350311,16.3295783996582,0.010835669003427,0.1971056163311
0.808070302009583,16.3312911987305,0.0111720412969589,0.197038993239403
1.06234979629517,16.3330135345459,0.01458072476089,0.197136089205742
1.3160400390625,16.3348751068115,0.0208300594240427,0.197362631559372
1.56983149051666,16.3367519378662,0.0268192607909441,0.197580620646477
1.82396233081818,16.3385429382324,0.0314913392066956,0.197808817028999
2.07851719856262,16.3404579162598,0.0344714932143688,0.197870433330536
-2.75376129150391,16.05930519104,0.0110418759286404,0.197825193405151
-2.49914884567261,16.0609931945801,0.00989196635782719,0.197591081261635
-2.2447304725647,16.0626106262207,0.0098680779337883,0.197374880313873
-1.99002230167389,16.0641841888428,0.00873623508960009,0.197240576148033
-1.7355078458786,16.0658111572266,0.00872215908020735,0.197065189480782
-1.48075079917908,16.0674247741699,0.00782069098204374,0.196827292442322
-1.22603368759155,16.0690517425537,0.00732861505821347,0.196615770459175
-0.971455454826355,16.0707740783691,0.00769244367256761,0.196503490209579
-0.716702222824097,16.0724086761475,0.00748269492760301,0.196440935134888
-0.461803674697876,16.073902130127,0.00683940714225173,0.196426466107368
-0.206587105989456,16.0754528045654,0.0049772597849369,0.196396455168724
0.0479073785245419,16.0772686004639,0.00660400511696935,0.19634573161602
0.301883965730667,16.0792331695557,0.0107793444767594,0.196266025304794
0.556294620037079,16.0809631347656,0.0132079478353262,0.196126982569695
0.811132609844208,16.082592010498,0.0139274839311838,0.195990577340126
1.06551241874695,16.0841674804688,0.0169206243008375,0.196042165160179
1.31923234462738,16.0859203338623,0.0230716560035944,0.196292251348495
1.57318770885468,16.0877246856689,0.0283622574061155,0.196557641029358
1.82713937759399,16.0894584655762,0.0338678508996964,0.19679856300354
2.08175802230835,16.0913581848145,0.0365962348878384,0.196880355477333
-2.75106716156006,15.8110322952271,0.0150432139635086,0.19684100151062
-2.49647426605225,15.8125896453857,0.0140164811164141,0.196585133671761
-2.2419445514679,15.8141555786133,0.0135089354589581,0.196401253342628
-1.9870810508728,15.8155422210693,0.0116976089775562,0.196194157004356
-1.73219215869904,15.8170213699341,0.00999973341822624,0.196009963750839
-1.47712206840515,15.8186435699463,0.00769852381199598,0.195843011140823
-1.22209250926971,15.8202800750732,0.00581561168655753,0.195661649107933
-0.967324674129486,15.8218822479248,0.0053581683896482,0.195511505007744
-0.71240496635437,15.823429107666,0.00443492736667395,0.195398658514023
-0.457284331321716,15.8249740600586,0.00282502151094377,0.195393219590187
-0.202182963490486,15.8266744613647,0.00152671337127686,0.195402920246124
0.0519645735621452,15.8285303115845,0.00476623699069023,0.195372402667999
0.30533492565155,15.8304824829102,0.0117194941267371,0.195284947752953
0.5594761967659,15.8321886062622,0.0153972925618291,0.195093914866447
0.814135015010834,15.833794593811,0.0169555675238371,0.194927200675011
1.0686811208725,15.8353443145752,0.0192339941859245,0.194960787892342
1.32260990142822,15.8370676040649,0.0244819261133671,0.195232927799225
1.57671558856964,15.8388195037842,0.0291362181305885,0.195538893342018
1.83058178424835,15.8406066894531,0.0350564382970333,0.195841088891029
2.08535480499268,15.8424196243286,0.0371335484087467,0.195940747857094
-2.74761033058167,15.562554359436,0.0155195975676179,0.195829302072525
-2.4932324886322,15.5640897750854,0.0155228180810809,0.195580631494522
-2.23854064941406,15.5655298233032,0.0143053038045764,0.195384070277214
-1.98395442962646,15.5669326782227,0.0138056734576821,0.195133745670319
-1.72905170917511,15.568395614624,0.0120774079114199,0.194972723722458
-1.4737811088562,15.5699586868286,0.00889269355684519,0.194866999983788
-1.21842467784882,15.5714588165283,0.00555404042825103,0.19472573697567
-0.963388741016388,15.5729427337646,0.00391445076093078,0.194533959031105
-0.708415031433105,15.5744743347168,0.00278623052872717,0.194356486201286
-0.4532650411129,15.5760793685913,0.00108206260483712,0.194323733448982
-0.198296591639519,15.5777978897095,0.000426599872298539,0.19437563419342
0.0557837225496769,15.5795660018921,0.00401182612404227,0.194387152791023
0.309183865785599,15.5814924240112,0.0108697712421417,0.194315776228905
0.563308715820312,15.5832014083862,0.0146603854373097,0.194115310907364
0.817858994007111,15.5848608016968,0.016743628308177,0.193943470716476
1.07248520851135,15.5864973068237,0.0186973009258509,0.19395487010479
1.32652735710144,15.5881567001343,0.0234774053096771,0.194232493638992
1.58071160316467,15.5898180007935,0.0278213284909725,0.194542363286018
1.83460831642151,15.591552734375,0.0336459279060364,0.194857850670815
2.08944177627563,15.5932550430298,0.035496823489666,0.194953456521034
-2.74366402626038,15.3137559890747,0.0137375462800264,0.194768711924553
-2.48953175544739,15.3153505325317,0.0149142760783434,0.194581881165504
-2.23491978645325,15.3167495727539,0.0141066778451204,0.194360017776489
-1.98051702976227,15.3182125091553,0.0144865745678544,0.194174081087112
-1.72591698169708,15.3197088241577,0.0141832605004311,0.194015726447105
-1.47065818309784,15.3211164474487,0.0110899554565549,0.193866327404976
-1.21527540683746,15.3225297927856,0.0076657785102725,0.193713501095772
-0.960034847259521,15.3240184783936,0.00512573728337884,0.193524584174156
-0.704897880554199,15.3255729675293,0.0032887039706111,0.193311721086502
-0.449694216251373,15.3271503448486,0.00137774017639458,0.193237140774727
-0.194730266928673,15.3287963867188,0.000781307986471802,0.193287700414658
0.0593242645263672,15.3305397033691,0.00452027749270201,0.19334502518177
0.313142031431198,15.3324089050293,0.00953020434826612,0.193281650543213
0.567657351493835,15.3340425491333,0.0116030490025878,0.193104982376099
0.822374641895294,15.3356199264526,0.0129808988422155,0.192946970462799
1.0767662525177,15.3372220993042,0.0160331390798092,0.192949831485748
1.33070743083954,15.3389101028442,0.0213066358119249,0.193235710263252
1.58488595485687,15.3405380249023,0.0257186070084572,0.193534597754478
1.83910083770752,15.3421382904053,0.0301685389131308,0.193764671683311
2.0939404964447,15.3437347412109,0.0320385545492172,0.193794548511505
-2.73981308937073,15.0648412704468,0.0123994499444962,0.193688213825226
-2.48584818840027,15.0664901733398,0.0143892411142588,0.193566888570786
-2.23133707046509,15.0679311752319,0.0140838902443647,0.193333715200424
-1.9768203496933,15.0694589614868,0.013975434936583,0.193143233656883
-1.72207176685333,15.0708560943604,0.0130318887531757,0.192926093935966
-1.46705198287964,15.072135925293,0.0110768247395754,0.192702621221542
-1.21206653118134,15.0735425949097,0.00950686354190111,0.192510038614273
-0.956899583339691,15.0751171112061,0.00733431428670883,0.192360669374466
-0.701501607894897,15.0766448974609,0.00434278976172209,0.192218333482742
-0.446348398923874,15.0781488418579,0.00269828154705465,0.192195519804955
-0.191322088241577,15.0796937942505,0.00185637397225946,0.192233920097351
0.0631458386778831,15.0813646316528,0.00376208126544952,0.192313015460968
0.317508280277252,15.0831212997437,0.00635459925979376,0.192277118563652
0.572161078453064,15.0847444534302,0.00785199459642172,0.192152261734009
0.826832473278046,15.0863304138184,0.00948075950145721,0.19201672077179
1.08099281787872,15.0879688262939,0.0136141180992126,0.19204393029213
1.33496057987213,15.0896396636963,0.018810635432601,0.192236363887787
1.58897888660431,15.0912618637085,0.0239807479083538,0.192377641797066
1.84325230121613,15.0928249359131,0.0282109621912241,0.192577973008156
2.09814262390137,15.094313621521,0.0298987105488777,0.192506179213524
-2.7361478805542,14.8159914016724,0.011919504031539,0.192538440227509
-2.48230481147766,14.8176403045654,0.0145111093297601,0.192446812987328
-2.22770309448242,14.8190851211548,0.0138252936303616,0.192246779799461
-1.97294867038727,14.8205862045288,0.0126628801226616,0.192041710019112
-1.7177187204361,14.8218746185303,0.00955335889011621,0.191804066300392
-1.46269917488098,14.8232383728027,0.00764200976118445,0.191572338342667
-1.20819401741028,14.8247833251953,0.00830877758562565,0.191388800740242
-0.953531384468079,14.8263053894043,0.00847813952714205,0.19125796854496
-0.698062539100647,14.8276901245117,0.00520301796495914,0.191161468625069
-0.44261160492897,14.8290719985962,0.00224510510452092,0.191154062747955
-0.187189698219299,14.8305130004883,-0.000348881381796673,0.191165998578072
0.0676923617720604,14.8321113586426,-0.000272922858130187,0.191214188933372
0.322053074836731,14.8337659835815,0.00237571052275598,0.191229000687599
0.576265811920166,14.8354797363281,0.00589902140200138,0.19122950732708
0.830619752407074,14.8371562957764,0.00899363309144974,0.191162064671516
1.08442413806915,14.8389682769775,0.0147572420537472,0.19119556248188
1.3382396697998,14.8407249450684,0.0206681620329618,0.191298753023148
1.59216403961182,14.8423624038696,0.0262899156659842,0.191352725028992
1.84653222560883,14.843879699707,0.0301311872899532,0.191425323486328
2.10152435302734,14.8452949523926,0.0314003005623817,0.191285043954849
-2.732506275177,14.5673446655273,0.0115436669439077,0.191386938095093
-2.47878336906433,14.5689401626587,0.0147301033139229,0.191291809082031
-2.22407579421997,14.5702972412109,0.0135962450876832,0.191104978322983
-1.96916079521179,14.5716733932495,0.0117373513057828,0.190901279449463
-1.71358144283295,14.5729341506958,0.00706366123631597,0.19072151184082
-1.45855534076691,14.5742826461792,0.00516599230468273,0.190539449453354
-1.20418131351471,14.5758447647095,0.00647469656541944,0.190351933240891
-0.949775874614716,14.5773591995239,0.00785938650369644,0.190251126885414
-0.694429576396942,14.578670501709,0.00518302991986275,0.190183505415916
-0.438904404640198,14.5800161361694,0.00192660291213542,0.190137982368469
-0.183315694332123,14.5814599990845,-0.00138553522992879,0.190083190798759
0.0718567222356796,14.5830793380737,-0.00258429208770394,0.190075621008873
0.326289862394333,14.5846643447876,-0.000218530083657242,0.190150901675224
0.580349147319794,14.5863466262817,0.00403940631076694,0.190243199467659
0.834275126457214,14.5880765914917,0.00909790489822626,0.19028651714325
1.08788299560547,14.5898904800415,0.0157799832522869,0.190316379070282
1.34152722358704,14.5916891098022,0.0224914643913507,0.190317794680595
1.59554815292358,14.5933504104614,0.0277143865823746,0.190296396613121
1.84973239898682,14.594916343689,0.0324088893830776,0.190316393971443
2.10477828979492,14.5963201522827,0.0334716439247131,0.190180495381355
-2.72866368293762,14.3187341690063,0.0102354576811194,0.190370067954063
-2.47502660751343,14.3202838897705,0.013861115090549,0.190250247716904
-2.22027969360352,14.3216409683228,0.0125857265666127,0.190061375498772
-1.96541512012482,14.3229303359985,0.0110009564086795,0.18988148868084
-1.70997285842896,14.324125289917,0.00699826003983617,0.189731240272522
-1.45486557483673,14.3254661560059,0.00476705050095916,0.189602494239807
-1.2003847360611,14.3269119262695,0.00562949059531093,0.189466595649719
-0.945970773696899,14.3283920288086,0.0070153153501451,0.189405471086502
-0.690772235393524,14.3297567367554,0.00504970550537109,0.189378574490547
-0.435525447130203,14.3311729431152,0.00309380632825196,0.189289078116417
-0.180285215377808,14.332667350769,0.00139515451155603,0.189108684659004
0.0747184380888939,14.3342542648315,0.000992551795206964,0.188933834433556
0.329389601945877,14.3357677459717,0.00231569656170905,0.188929677009583
0.583759009838104,14.3372650146484,0.00521372957155108,0.189078986644745
0.837887048721313,14.3388404846191,0.0094030536711216,0.189283847808838
1.09173333644867,14.3405752182007,0.0150539157912135,0.189329221844673
1.34536015987396,14.3423852920532,0.0218813773244619,0.18923981487751
1.59931135177612,14.3440923690796,0.027453038841486,0.18918751180172
1.85358417034149,14.3456420898438,0.0317902527749538,0.189126327633858
2.1084988117218,14.3470687866211,0.0334742739796638,0.189035296440125
-2.72474145889282,14.0699424743652,0.00856460724025965,0.189429134130478
-2.47107839584351,14.0714817047119,0.01211151573807,0.18926876783371
-2.21629214286804,14.0727376937866,0.0106985606253147,0.189103215932846
-1.96153521537781,14.0740280151367,0.00965163949877024,0.188923984766006
-1.70646893978119,14.0752210617065,0.00741621013730764,0.188742265105247
-1.45179295539856,14.0765981674194,0.00719656888395548,0.188617780804634
-1.19705379009247,14.0780210494995,0.00691119441762567,0.18852336704731
-0.941950082778931,14.079402923584,0.00518863275647163,0.188479274511337
-0.686784148216248,14.0808019638062,0.00341199687682092,0.188486650586128
-0.432265281677246,14.0823631286621,0.00480002583935857,0.188412085175514
-0.177886053919792,14.0839624404907,0.0070358831435442,0.18825426697731
0.0769243910908699,14.0854501724243,0.00753607554361224,0.18796643614769
0.331811666488647,14.0868654251099,0.00791038107126951,0.187886416912079
0.586701273918152,14.088228225708,0.00849441718310118,0.18802598118782
0.841373264789581,14.0896806716919,0.0102720214053988,0.188235700130463
1.09564113616943,14.0913057327271,0.014069770462811,0.188258782029152
1.34962546825409,14.0929889678955,0.0193389654159546,0.188110902905464
1.60362243652344,14.094705581665,0.0247483961284161,0.188000500202179
1.8578314781189,14.09632396698,0.0294101666659117,0.187903523445129
2.11260628700256,14.0977268218994,0.0317587926983833,0.187855780124664
-2.7208731174469,13.8209400177002,0.00714820716530085,0.188395336270332
-2.46704292297363,13.8224763870239,0.00996403302997351,0.188209235668182
-2.2123281955719,13.823769569397,0.00892381370067596,0.188041344285011
-1.95763659477234,13.8251142501831,0.0082165589556098,0.187874600291252
-1.70281398296356,13.8264055252075,0.00713782850652933,0.18769209086895
-1.44834661483765,13.8278465270996,0.00791075266897678,0.187585487961769
-1.19348657131195,13.829216003418,0.0071111642755568,0.187515109777451
-0.937940835952759,13.830358505249,0.00341625162400305,0.187526002526283
-0.68306028842926,13.8317518234253,0.00298068509437144,0.187528118491173
-0.428667187690735,13.8333625793457,0.00497708842158318,0.187465354800224
-0.174513712525368,13.8350229263306,0.00827178824692965,0.187365308403969
0.0800915285944939,13.8365106582642,0.00973545107990503,0.187109887599945
0.334781646728516,13.8379430770874,0.0110322516411543,0.187035158276558
0.589784741401672,13.839280128479,0.0111368633806705,0.187118589878082
0.844694793224335,13.8406791687012,0.0118776485323906,0.187189117074013
1.09922027587891,13.8422861099243,0.0145541485399008,0.187141731381416
1.35327410697937,13.8440427780151,0.01954604126513,0.186961129307747
1.60722410678864,13.8457126617432,0.0252026449888945,0.186866611242294
1.86159479618073,13.8472967147827,0.0291810315102339,0.186766400933266
2.1165246963501,13.8485851287842,0.0308808572590351,0.18674336373806
-2.71708130836487,13.5720129013062,0.00608515739440918,0.18728344142437
-2.46304869651794,13.5735292434692,0.00800654850900173,0.18710546195507
-2.20838332176208,13.5748500823975,0.00723416917026043,0.186955705285072
-1.95353245735168,13.5761299133301,0.00583904096856713,0.186820864677429
-1.69871389865875,13.5774393081665,0.00482145510613918,0.18666909635067
-1.44421422481537,13.578932762146,0.00548751791939139,0.186571374535561
-1.18956398963928,13.58034324646,0.00568836648017168,0.186513930559158
-0.934311926364899,13.581467628479,0.0033749477006495,0.186513230204582
-0.679519414901733,13.5827646255493,0.00338100269436836,0.18645940721035
-0.425018697977066,13.584321975708,0.00492692925035954,0.186411172151566
-0.170802399516106,13.585973739624,0.00797480903565884,0.18633921444416
0.0836171582341194,13.5874710083008,0.0103164408355951,0.186228543519974
0.338115692138672,13.5889387130737,0.0125136571004987,0.186185166239738
0.593223571777344,13.5902538299561,0.0121813537552953,0.186182826757431
0.848077654838562,13.5916481018066,0.01320896204561,0.186107650399208
1.10219347476959,13.5933456420898,0.0177553314715624,0.185985580086708
1.35614573955536,13.5951662063599,0.0232308357954025,0.185856178402901
1.61073017120361,13.5967445373535,0.0260847136378288,0.185811996459961
1.86515653133392,13.5983829498291,0.0298479702323675,0.185746222734451
2.12050414085388,13.5995616912842,0.0297275874763727,0.185737550258636
-2.71340179443359,13.3233203887939,0.00553377391770482,0.186225473880768
-2.45934724807739,13.3248481750488,0.0073929182253778,0.186076492071152
-2.20483112335205,13.3261957168579,0.00734817562624812,0.185959085822105
-1.95001006126404,13.3274946212769,0.00612703198567033,0.185835808515549
-1.6951402425766,13.3287696838379,0.00491256918758154,0.185674071311951
-1.44050741195679,13.3301248550415,0.00501044327393174,0.185584053397179
-1.1859335899353,13.3314847946167,0.00560167105868459,0.18552078306675
-0.931098163127899,13.3326787948608,0.00522473827004433,0.185512647032738
-0.676324188709259,13.3339262008667,0.00535066286101937,0.185430705547333
-0.421663820743561,13.3353586196899,0.00620880955830216,0.1853286921978
-0.167372539639473,13.3369665145874,0.00895305629819632,0.185273841023445
0.0868762135505676,13.3384628295898,0.0121031450107694,0.18523220717907
0.341501235961914,13.3399600982666,0.0137621602043509,0.185193121433258
0.596979200839996,13.3412275314331,0.0117988390848041,0.185065746307373
0.85168844461441,13.3426742553711,0.0135145001113415,0.184889599680901
1.10570287704468,13.3443412780762,0.0185535661876202,0.184789925813675
1.35980451107025,13.3460531234741,0.0233987271785736,0.184787467122078
1.61469566822052,13.3476181030273,0.0249191056936979,0.184795439243317
1.86954748630524,13.3491315841675,0.0268281325697899,0.18479260802269
2.12520122528076,13.3502597808838,0.0253899805247784,0.18480883538723
-2.70985507965088,13.0746431350708,0.00559790804982185,0.185169979929924
-2.45601677894592,13.0762414932251,0.00849119760096073,0.185052037239075
-2.20149993896484,13.0775651931763,0.00847997236996889,0.184928297996521
-1.94692373275757,13.0789413452148,0.00841852650046349,0.184822604060173
-1.69203341007233,13.0801239013672,0.00714574148878455,0.184664979577065
-1.4371874332428,13.0812759399414,0.00630713067948818,0.184593632817268
-1.18241488933563,13.082498550415,0.00602931901812553,0.184542745351791
-0.927744090557098,13.083758354187,0.00643884809687734,0.184485554695129
-0.67322051525116,13.0850963592529,0.00773714017122984,0.184375584125519
-0.418842434883118,13.086555480957,0.00990976020693779,0.184251129627228
-0.164473459124565,13.0880069732666,0.0123367346823215,0.184241369366646
0.0901438072323799,13.0893907546997,0.0138537921011448,0.184211075305939
0.345191180706024,13.0908603668213,0.0136407492682338,0.184111103415489
0.600716829299927,13.0921306610107,0.0115004144608974,0.183940455317497
0.855360567569733,13.0936050415039,0.0135475927963853,0.18375663459301
1.10941553115845,13.0951948165894,0.0184445455670357,0.183709785342216
1.36407172679901,13.0967407226562,0.0208488050848246,0.183738499879837
1.61928129196167,13.0981788635254,0.0209927074611187,0.183773726224899
1.87476325035095,13.0995073318481,0.020142575725913,0.183795839548111
2.1305730342865,13.1006059646606,0.0180613584816456,0.183842107653618
-2.70622134208679,12.8257761001587,0.00526365870609879,0.184066087007523
-2.45268416404724,12.8274545669556,0.00958549417555332,0.183979630470276
-2.19816780090332,12.8287162780762,0.00961368903517723,0.183860957622528
-1.94379317760468,12.8301134109497,0.0105149708688259,0.183755338191986
-1.68898463249207,12.8312587738037,0.00965301506221294,0.183637619018555
-1.43406867980957,12.8322505950928,0.00853140838444233,0.183597981929779
-1.17881596088409,12.8333559036255,0.00609557190909982,0.183552458882332
-0.923908174037933,12.8346605300903,0.00546041410416365,0.183485880494118
-0.669441103935242,12.8360376358032,0.00705492263659835,0.183358684182167
-0.415427684783936,12.8375673294067,0.0109213748946786,0.183261334896088
-0.16113056242466,12.8390626907349,0.0137083185836673,0.183225393295288
0.0940162688493729,12.8404321670532,0.0128647647798061,0.183145612478256
0.3497693836689,12.8416728973389,0.00951225310564041,0.183051511645317
0.605008661746979,12.8429470062256,0.0087082302197814,0.182958140969276
0.859126031398773,12.8444728851318,0.0131638599559665,0.182831883430481
1.11311674118042,12.8460397720337,0.0183880142867565,0.182753548026085
1.36815524101257,12.8474349975586,0.0191229339689016,0.182691350579262
1.62366950511932,12.8487358093262,0.0179500132799149,0.182692632079124
1.87957084178925,12.8499240875244,0.0152773698791862,0.182673737406731
2.13560771942139,12.8509464263916,0.0122354738414288,0.182721763849258
-2.70235729217529,12.576810836792,0.00386789371259511,0.182974025607109
-2.44903612136841,12.5785160064697,0.00922727305442095,0.182913795113564
-2.19464349746704,12.5797929763794,0.00986478105187416,0.182807266712189
-1.94041430950165,12.5811729431152,0.0114728352054954,0.182729661464691
-1.68554782867432,12.582257270813,0.0103828823193908,0.18265363574028
-1.43037092685699,12.5831098556519,0.00810755975544453,0.182628706097603
-1.17501246929169,12.5842332839966,0.00522653758525848,0.182534664869308
-0.920041739940643,12.5856342315674,0.00434133317321539,0.182466149330139
-0.665381193161011,12.5870227813721,0.00509493658319116,0.182336658239365
-0.411201566457748,12.5885848999023,0.00824693590402603,0.182252198457718
-0.156747564673424,12.5900650024414,0.0103665078058839,0.182186543941498
0.0984591543674469,12.5914249420166,0.00929690804332495,0.182080134749413
0.354240536689758,12.5925931930542,0.00586422067135572,0.182020530104637
0.609283745288849,12.5937967300415,0.0059908670373261,0.181997060775757
0.863240778446198,12.5952157974243,0.0112141873687506,0.18197637796402
1.11704671382904,12.5968685150146,0.0173057615756989,0.181820243597031
1.37188518047333,12.5982666015625,0.0189759153872728,0.181648463010788
1.62758505344391,12.5995044708252,0.0170133262872696,0.181563675403595
1.88333642482758,12.6006870269775,0.0150489322841167,0.181455343961716
2.13965630531311,12.6016244888306,0.0107880784198642,0.181461974978447
-2.69836759567261,12.3278751373291,0.00188867968972772,0.181907922029495
-2.44516849517822,12.3295450210571,0.0078556640073657,0.181854382157326
-2.19096684455872,12.3308553695679,0.00941369775682688,0.181736469268799
-1.93682181835175,12.3322153091431,0.0114489737898111,0.181688368320465
-1.6818208694458,12.3332614898682,0.00978103931993246,0.181606784462929
-1.42647087574005,12.3341579437256,0.00675134034827352,0.181543722748756
-1.17120575904846,12.335298538208,0.00433780904859304,0.181408181786537
-0.916339635848999,12.3366088867188,0.00397208565846086,0.181345924735069
-0.661638557910919,12.3379669189453,0.00458087306469679,0.181251883506775
-0.407007992267609,12.3394117355347,0.00572698144242167,0.18120351433754
-0.152415588498116,12.3409452438354,0.00726039847359061,0.181121528148651
0.10259547829628,12.3424024581909,0.00711698224768043,0.181051880121231
0.357875794172287,12.3436288833618,0.0059869890101254,0.180985510349274
0.612781345844269,12.3448610305786,0.00677060056477785,0.180951058864594
0.867158710956573,12.3461894989014,0.0101425517350435,0.180959776043892
1.12112009525299,12.3477439880371,0.0155795505270362,0.180845648050308
1.37554001808167,12.3492193222046,0.0191622022539377,0.180641993880272
1.63094210624695,12.3503637313843,0.0185708124190569,0.18045462667942
1.88630700111389,12.3516044616699,0.0183623246848583,0.180376395583153
2.14267253875732,12.352518081665,0.0139296734705567,0.180321216583252
-2.69450998306274,12.0789222717285,0.000522026675753295,0.180811956524849
-2.4413468837738,12.0805034637451,0.00669995043426752,0.180724963545799
-2.1872181892395,12.0818223953247,0.00863401219248772,0.180634453892708
-1.9332879781723,12.0831956863403,0.0116966543719172,0.180567145347595
-1.67850685119629,12.0843172073364,0.0110737336799502,0.180486723780632
-1.42308557033539,12.085391998291,0.00774686923250556,0.180416420102119
-1.16781187057495,12.0865592956543,0.00532963406294584,0.180277779698372
-0.913216233253479,12.087739944458,0.00623822445049882,0.180209651589394
-0.658674001693726,12.0890293121338,0.00760590517893434,0.18013396859169
-0.403707444667816,12.0902786254883,0.00726361107081175,0.180085420608521
-0.148570343852043,12.0916614532471,0.00636698165908456,0.180017694830894
0.106474198400974,12.0931673049927,0.00611017365008593,0.180018737912178
0.361329823732376,12.0944910049438,0.00693434569984674,0.179977491497993
0.615946412086487,12.0958375930786,0.00905185099691153,0.179877668619156
0.870640277862549,12.0971908569336,0.0110328234732151,0.179793328046799
1.12501764297485,12.0985717773438,0.0146443760022521,0.179758414626122
1.37938404083252,12.0999631881714,0.0185093730688095,0.179708540439606
1.63438701629639,12.1010723114014,0.0197412148118019,0.179599761962891
1.88945758342743,12.1022987365723,0.0208809748291969,0.179529219865799
2.1455020904541,12.1032724380493,0.0179065335541964,0.179445311427116
-2.69078397750854,11.8299694061279,-0.000235287327086553,0.179744616150856
-2.43752908706665,11.8314380645752,0.00556227145716548,0.179589286446571
-2.18359541893005,11.8327579498291,0.00843595433980227,0.17949603497982
-1.92963802814484,11.8341655731201,0.01141157746315,0.179393380880356
-1.67517399787903,11.8354473114014,0.0122782364487648,0.179328814148903
-1.41998755931854,11.8365831375122,0.0100607434287667,0.179277449846268
-1.16463029384613,11.8377389907837,0.00729467906057835,0.179197296500206
-0.910039305686951,11.8388681411743,0.00826065987348557,0.179186835885048
-0.65559446811676,11.8400535583496,0.0101087903603911,0.179143354296684
-0.400488257408142,11.8411731719971,0.00916937366127968,0.179034247994423
-0.144958034157753,11.8423757553101,0.00653046742081642,0.178941443562508
0.110472649335861,11.8437957763672,0.00456684408709407,0.178904369473457
0.365248739719391,11.8452110290527,0.00578799284994602,0.178934693336487
0.619536578655243,11.8466529846191,0.00942361168563366,0.178814485669136
0.874128460884094,11.8480043411255,0.011900071054697,0.178669556975365
1.12878489494324,11.8492727279663,0.0142991747707129,0.178617388010025
1.38345563411713,11.8505611419678,0.0168423596769571,0.178665995597839
1.63820731639862,11.8517036437988,0.019237456843257,0.178672254085541
1.89308333396912,11.8528881072998,0.0212843399494886,0.178675681352615
2.14859414100647,11.8539724349976,0.0207188241183758,0.178604409098625
-2.68717622756958,11.5810642242432,-0.000446222460595891,0.178783878684044
-2.43376636505127,11.5824689865112,0.00467626238241792,0.178564548492432
-2.17989492416382,11.5838527679443,0.00787513330578804,0.178465455770493
-1.92586231231689,11.5852298736572,0.0105448840186,0.17831090092659
-1.67160546779633,11.586573600769,0.0124005526304245,0.178267702460289
-1.41664624214172,11.58766746521,0.0112632876262069,0.178249701857567
-1.16118550300598,11.5887537002563,0.008062525652349,0.178214192390442
-0.905905306339264,11.5897312164307,0.00592600321397185,0.178259745240211
-0.651057422161102,11.5908651351929,0.00598410610109568,0.178252100944519
-0.395806789398193,11.5918893814087,0.00443820934742689,0.178092822432518
-0.140545397996902,11.5930776596069,0.00306639121845365,0.177979812026024
0.114923447370529,11.5943660736084,0.000979623291641474,0.177868872880936
0.369760185480118,11.5958271026611,0.00197054399177432,0.177817448973656
0.623552441596985,11.5974035263062,0.00788005441427231,0.177699714899063
0.87763237953186,11.5988159179688,0.0126973772421479,0.177554205060005
1.13228058815002,11.6000680923462,0.0151698431000113,0.177487537264824
1.38713240623474,11.6013431549072,0.0169385988265276,0.177518457174301
1.64176726341248,11.6025524139404,0.0198902115225792,0.177583821117878
1.89657461643219,11.603705406189,0.0222809929400682,0.177575767040253
2.15163826942444,11.6048860549927,0.0237378235906363,0.177533932030201
-2.68365597724915,11.3320817947388,-0.000248643540544435,0.177878081798553
-2.43020415306091,11.3335266113281,0.00471615698188543,0.177626848220825
-2.17647075653076,11.3349666595459,0.00858805421739817,0.177482813596725
-1.92239129543304,11.336353302002,0.0110785840079188,0.177346304059029
-1.66817808151245,11.3377113342285,0.0131705971434712,0.177260264754295
-1.41320538520813,11.3387403488159,0.012010739184916,0.177257299423218
-1.15747702121735,11.3397169113159,0.007627391256392,0.177224963903427
-0.901526391506195,11.3405790328979,0.00247504329308867,0.177212834358215
-0.646017014980316,11.3416261672974,-0.000430182146374136,0.177143946290016
-0.390839874744415,11.3427467346191,-0.00159416254609823,0.177032291889191
-0.135699242353439,11.3438987731934,-0.00236668391153216,0.17694154381752
0.119630560278893,11.3451509475708,-0.00377409579232335,0.176810964941978
0.373923599720001,11.346586227417,-0.00027987125213258,0.176653578877449
0.62720787525177,11.348165512085,0.00796081032603979,0.176541894674301
0.880799114704132,11.3496046066284,0.0150120388716459,0.176478259265423
1.13531994819641,11.350926399231,0.0180868282914162,0.176402948796749
1.39016366004944,11.3522291183472,0.0199218727648258,0.176377288997173
1.64493238925934,11.3534746170044,0.0223057009279728,0.176350556313992
1.89968979358673,11.3546409606934,0.0249508861452341,0.176302000880241
2.15464663505554,11.3558359146118,0.0269139185547829,0.176273338496685
-2.68005037307739,11.0827894210815,-0.00043667692807503,0.176924407482147
-2.42680048942566,11.0843734741211,0.00549526046961546,0.176657974720001
-2.17301607131958,11.0858373641968,0.00916821975260973,0.176486849784851
-1.91912400722504,11.087329864502,0.0125546343624592,0.176311761140823
-1.66496014595032,11.0887241363525,0.0149071058258414,0.176289916038513
-1.40990257263184,11.089747428894,0.0133936163038015,0.176264211535454
-1.1540048122406,11.090615272522,0.00827465020120144,0.17619164288044
-0.897793710231781,11.0914554595947,0.00197165249846876,0.176074877381325
-0.641756415367126,11.0924663543701,-0.00329666188918054,0.175912097096443
-0.386418849229813,11.0936670303345,-0.00514812162145972,0.175847575068474
-0.13147734105587,11.0949258804321,-0.004976368509233,0.17583967000246
0.12335566431284,11.0960521697998,-0.00408822298049927,0.175714418292046
0.377117305994034,11.0974931716919,0.00184355990495533,0.175557561218739
0.630517363548279,11.0990419387817,0.00959683395922184,0.175431907176971
0.883992195129395,11.1005306243896,0.0172041300684214,0.17543900758028
1.13834714889526,11.10182762146,0.0210571698844433,0.17540368437767
1.39311015605927,11.103063583374,0.0232875030487776,0.175308473408222
1.64806032180786,11.1042776107788,0.0248922910541296,0.175215244293213
1.90288698673248,11.1054420471191,0.0272607430815697,0.175097733736038
2.15812921524048,11.1065464019775,0.0279898289591074,0.17505269497633
-2.67628574371338,10.8334293365479,-0.00135616771876812,0.175865896046162
-2.42341899871826,10.8351802825928,0.00637968862429261,0.17559552937746
-2.16953802108765,10.8367385864258,0.0096399849280715,0.175444588065147
-1.91577422618866,10.8382511138916,0.0136531312018633,0.175257787108421
-1.66142690181732,10.8396158218384,0.0152007089927793,0.175225049257278
-1.40628027915955,10.8406562805176,0.0133160166442394,0.175230376422405
-1.1504328250885,10.8415403366089,0.00846511777490377,0.175145976245403
-0.894315600395203,10.8423919677734,0.00262797717005014,0.174958579242229
-0.638541042804718,10.8433818817139,-0.00140642013866454,0.174781903624535
-0.383477568626404,10.844575881958,-0.00197828025557101,0.174729146063328
-0.128570809960365,10.8458137512207,-0.00161693664267659,0.174734897911549
0.12633952498436,10.8469562530518,-0.00104828248731792,0.174688912928104
0.380227535963058,10.8483810424805,0.00434505054727197,0.174558445811272
0.633804738521576,10.8498210906982,0.0113365268334746,0.174453146755695
0.887388110160828,10.8513870239258,0.0184869524091482,0.174479000270367
1.1414966583252,10.8527336120605,0.0234788283705711,0.174441196024418
1.39634501934052,10.8538837432861,0.0253627970814705,0.174306511878967
1.65166521072388,10.8549575805664,0.0253520216792822,0.174174286425114
1.90660905838013,10.8561687469482,0.0272326339036226,0.174043565988541
2.16224431991577,10.8571643829346,0.0262527875602245,0.173965327441692
-2.67219662666321,10.5843324661255,-0.00378728681243956,0.174732111394405
-2.4197940826416,10.586238861084,0.00613089557737112,0.174482598900795
-2.16600632667542,10.5877494812012,0.00986126810312271,0.174347959458828
-1.91223251819611,10.5892972946167,0.0138649735599756,0.174193188548088
-1.65755879878998,10.590503692627,0.013957723043859,0.174129568040371
-1.40234279632568,10.5914440155029,0.0117995953187346,0.174069583415985
-1.14675545692444,10.5923318862915,0.0081790080294013,0.173949629068375
-0.89108544588089,10.5933237075806,0.00441632652655244,0.173818521201611
-0.635692298412323,10.5943508148193,0.00215124874375761,0.17373188585043
-0.380455613136292,10.5954532623291,0.000826515955850482,0.173685923218727
-0.125433340668678,10.5966653823853,0.000697233597747982,0.173670932650566
0.129370987415314,10.5978937149048,0.00177557987626642,0.173679202795029
0.383635371923447,10.5992193222046,0.00550491968169808,0.173597402870655
0.637573778629303,10.6005735397339,0.0109073184430599,0.1734968572855
0.891391634941101,10.6020307540894,0.0170456599444151,0.173457875847816
1.14536011219025,10.6034288406372,0.0227047745138407,0.173431247472763
1.40013337135315,10.6046648025513,0.0249608848243952,0.17329878360033
1.65559411048889,10.605749130249,0.0243595950305462,0.173172190785408
1.91060554981232,10.6069583892822,0.0259783491492271,0.17306749522686
2.16635179519653,10.6079196929932,0.0245465748012066,0.172974072396755
-2.66788268089294,10.3355121612549,-0.00726887909695506,0.17354916036129
-2.4158296585083,10.3374977111816,0.00430636014789343,0.173360213637352
-2.16197443008423,10.3389091491699,0.00777145801112056,0.173253074288368
-1.90818095207214,10.3403768539429,0.0117302164435387,0.173144437372684
-1.65342056751251,10.3414573669434,0.0114725073799491,0.173048578202724
-1.39837539196014,10.3423910140991,0.0101410020142794,0.172906987369061
-1.14323782920837,10.3433036804199,0.00861756410449743,0.172744005918503
-0.888132870197296,10.3444204330444,0.00746527314186096,0.172672525048256
-0.632965981960297,10.345495223999,0.00626046396791935,0.172661148011684
-0.37746399641037,10.3464698791504,0.00376443075947464,0.172635070979595
-0.122148863971233,10.3475160598755,0.00234533566981554,0.172612920403481
0.132733106613159,10.3486604690552,0.00310993101447821,0.172542810440063
0.387100011110306,10.3499631881714,0.00641234265640378,0.17247162014246
0.641164779663086,10.3512401580811,0.0112839192152023,0.172418512403965
0.895252287387848,10.352578163147,0.0162510052323341,0.17236752808094
1.14962899684906,10.3539333343506,0.0201187282800674,0.172369949519634
1.40431880950928,10.3552532196045,0.0227885954082012,0.172258138656616
1.65941405296326,10.3564767837524,0.0238575395196676,0.172160170972347
1.91443240642548,10.3576526641846,0.0254850946366787,0.172058671712875
2.16983199119568,10.3586683273315,0.0256316754966974,0.172011531889439
-2.66397500038147,10.086651802063,-0.00886815972626209,0.172350943088531
-2.41188383102417,10.0885877609253,0.00257486430928111,0.172231510281563
-2.15796184539795,10.0899066925049,0.00577686913311481,0.172154419124126
-1.90404295921326,10.0912799835205,0.00920454505831003,0.172095902264118
-1.64920854568481,10.0922689437866,0.00865392293781042,0.171978563070297
-1.39440929889679,10.0932102203369,0.00849333684891462,0.171798169612885
-1.14002358913422,10.094313621521,0.0104415314272046,0.171653173863888
-0.885664105415344,10.095630645752,0.0127177350223064,0.171636253595352
-0.630771458148956,10.0968189239502,0.0127844084054232,0.171659745275974
-0.375092297792435,10.0976686477661,0.00951253902167082,0.171607248485088
-0.119483254849911,10.0984773635864,0.00679577887058258,0.171545848250389
0.135465949773788,10.0994873046875,0.00728992559015751,0.171462915837765
0.390004724264145,10.1007461547852,0.00984698999673128,0.171409942209721
0.644408106803894,10.1020002365112,0.0132243158295751,0.171365514397621
0.898915827274323,10.1032361984253,0.0163391828536987,0.171301826834679
1.15371668338776,10.1044445037842,0.0183463264256716,0.171215854585171
1.40845000743866,10.1057462692261,0.0208630431443453,0.171104490756989
1.66305220127106,10.1069860458374,0.0241763889789581,0.171031102538109
1.91790556907654,10.1081438064575,0.0265770591795444,0.170941933989525
2.17277193069458,10.1092233657837,0.0291304215788841,0.17099779099226
-2.66104793548584,9.83773899078369,-0.00592559156939387,0.171173430979252
-2.40844798088074,9.8394832611084,0.00320637784898281,0.171095103025436
-2.15434432029724,9.8407678604126,0.00561002595350146,0.171061344444752
-1.90023446083069,9.8419075012207,0.00820564571768045,0.171015046536922
-1.64541566371918,9.8428955078125,0.00776737509295344,0.170903958380222
-1.39086925983429,9.84399509429932,0.00879899598658085,0.170766547322273
-1.13697338104248,9.845290184021,0.0130173740908504,0.170706063508987
-0.883306860923767,9.84675598144531,0.0184820219874382,0.170734256505966
-0.628914654254913,9.84797763824463,0.0208521876484156,0.170751310884953
-0.373162835836411,9.84883880615234,0.0172711275517941,0.170694530010223
-0.116997458040714,9.84943103790283,0.0120621509850025,0.170603320002556
0.138452604413033,9.85034656524658,0.0103206532076001,0.17051275074482
0.393228352069855,9.85154151916504,0.0118415979668498,0.170421965420246
0.647919356822968,9.85276508331299,0.0139576839283109,0.170367628335953
0.902557373046875,9.8539981842041,0.0165227837860584,0.170279763638973
1.15743470191956,9.85511589050293,0.0182274207472801,0.17012270539999
1.41211700439453,9.85631084442139,0.0210144016891718,0.169926375150681
1.66644728183746,9.85746192932129,0.0255840197205544,0.169898755848408
1.92094075679779,9.85866165161133,0.0296227298676968,0.169766306877136
2.17545175552368,9.85979080200195,0.0337877050042152,0.169916875660419
-2.65880441665649,9.58895301818848,0.000177761961822398,0.170081920921803
-2.40545392036438,9.59045314788818,0.00587596138939261,0.170002192258835
-2.15107750892639,9.59165382385254,0.00705839274451137,0.169985055923462
-1.89658200740814,9.59274768829346,0.0079174293205142,0.169931054115295
-1.64190697669983,9.59378814697266,0.0081759337335825,0.169871732592583
-1.38752698898315,9.5949010848999,0.0100068859755993,0.169823914766312
-1.13345539569855,9.59604930877686,0.0134636284783483,0.169849574565887
-0.87991601228714,9.59745502471924,0.0195473171770573,0.169854700565338
-0.625879168510437,9.59864807128906,0.0235724672675133,0.169810324907303
-0.370041310787201,9.59952545166016,0.0196322910487652,0.169729068875313
-0.113604716956615,9.60012340545654,0.013226623646915,0.169670343399048
0.142372325062752,9.60087490081787,0.00914249289780855,0.169624105095863
0.397416293621063,9.60197067260742,0.00949634984135628,0.169527649879456
0.652080714702606,9.60333156585693,0.0117694353684783,0.169454954564571
0.906354248523712,9.60468101501465,0.0160114206373692,0.169317930936813
1.16087448596954,9.60580825805664,0.0193570349365473,0.169099658727646
1.41534006595612,9.60692024230957,0.0231532268226147,0.168904274702072
1.66957426071167,9.60807704925537,0.0281845573335886,0.168854683637619
1.9235326051712,9.60939025878906,0.0346379168331623,0.168728396296501
2.17786598205566,9.61060619354248,0.0396170690655708,0.168904721736908
-2.65649437904358,9.34032535552979,0.00596671318635345,0.169081255793571
-2.40253806114197,9.34159755706787,0.0089018763974309,0.168976739048958
-2.14786815643311,9.34269618988037,0.0087663447484374,0.168939583003521
-1.89308452606201,9.34369468688965,0.00833808444440365,0.16890475153923
-1.63831722736359,9.34474086761475,0.00821063760668039,0.168908484280109
-1.38367426395416,9.34573745727539,0.0088792946189642,0.16893145442009
-1.12902081012726,9.34671115875244,0.00972254294902086,0.168956346809864
-0.874812424182892,9.34783935546875,0.012811022810638,0.168881788849831
-0.620532870292664,9.34892272949219,0.0157874189317226,0.168739147484303
-0.365222960710526,9.34994220733643,0.0142948273569345,0.168626829981804
-0.109275475144386,9.35069370269775,0.010150033980608,0.168607734143734
0.146633297204971,9.35141754150391,0.00642027286812663,0.168593965470791
0.401833564043045,9.35239124298096,0.00611665518954396,0.168488502502441
0.656510531902313,9.35370826721191,0.0083793830126524,0.168417602777481
0.910700082778931,9.35507202148438,0.0130431707948446,0.168330498039722
1.16479873657227,9.35628795623779,0.018321031704545,0.168213129043579
1.4188060760498,9.35754299163818,0.0242032818496227,0.168042950332165
1.67288100719452,9.35879611968994,0.0299785118550062,0.167998716235161
1.92665767669678,9.36007118225098,0.0372771732509136,0.167913667857647
2.18078207969666,9.36139297485352,0.0432139821350574,0.168058894574642
-2.65374684333801,9.09167385101318,0.00973176956176758,0.168138086795807
-2.39950609207153,9.09275722503662,0.0113896997645497,0.168012648820877
-2.14461255073547,9.09370803833008,0.0102626010775566,0.167956709861755
-1.88968074321747,9.09469985961914,0.00918845646083355,0.167892217636108
-1.63454556465149,9.09570693969727,0.00740984734147787,0.167894802987576
-1.37945210933685,9.0965576171875,0.00606020307168365,0.16793005913496
-1.12423896789551,9.0972957611084,0.00439784210175276,0.167914360761642
-0.86937814950943,9.0981330871582,0.00456999707967043,0.167795561254025
-0.615032613277435,9.09925937652588,0.00729947118088603,0.167615853250027
-0.360400468111038,9.10050487518311,0.00893334951251745,0.167491018772125
-0.105209067463875,9.10146903991699,0.00825762655586004,0.167486578226089
0.150239154696465,9.10223293304443,0.0066521605476737,0.167458690702915
0.405553132295609,9.10308742523193,0.00587705103680491,0.167317450046539
0.660472214221954,9.10422325134277,0.00709427474066615,0.167257115244865
0.914904773235321,9.10553169250488,0.0107072992250323,0.167228132486343
1.16925144195557,9.10666084289551,0.0149177340790629,0.167263709008694
1.42347455024719,9.10783290863037,0.0198815520852804,0.167227774858475
1.67745637893677,9.10904216766357,0.0261207055300474,0.16718465834856
1.93120729923248,9.11041831970215,0.0335757099092007,0.167128905653954
2.18507552146912,9.11178970336914,0.0406958498060703,0.167206831276417
-2.65065431594849,8.84280681610107,0.0119082611054182,0.1672038808465
-2.39640140533447,8.8437557220459,0.0135495541617274,0.167066879570484
-2.14146518707275,8.84468936920166,0.0122595150023699,0.166959367692471
-1.88647663593292,8.84561538696289,0.0109614059329033,0.166867755353451
-1.63098049163818,8.84654426574707,0.00756280310451984,0.166806429624557
-1.37560939788818,8.84733390808105,0.00498159835115075,0.166831456124783
-1.12038660049438,8.84807205200195,0.00331606063991785,0.166838653385639
-0.865278482437134,8.84891891479492,0.00239967228844762,0.16677337884903
-0.610663235187531,8.85001468658447,0.00394484959542751,0.166617900133133
-0.356208145618439,8.85129165649414,0.0064266943372786,0.166472464799881
-0.1015744805336,8.85242557525635,0.00831636227667332,0.166406475007534
0.153622761368752,8.85320568084717,0.0078837675973773,0.166349411010742
0.409150391817093,8.85397052764893,0.00618279306218028,0.166213512420654
0.66423088312149,8.85493659973145,0.00671623041853309,0.166157357394695
0.918915212154388,8.85606575012207,0.00924260728061199,0.166197367012501
1.17363083362579,8.85706233978271,0.0118430340662599,0.166309356689453
1.42831301689148,8.85817527770996,0.0147973913699389,0.166300229728222
1.68237268924713,8.85939598083496,0.0207355283200741,0.166225768625736
1.9364287853241,8.86063003540039,0.0268832501024008,0.166168555617332
2.19024562835693,8.86196994781494,0.0342836938798428,0.166154451668262
-2.64708924293518,8.59366035461426,0.0119084753096104,0.166294313967228
-2.39298105239868,8.59460544586182,0.0142562408000231,0.166125230491161
-2.13805365562439,8.59558296203613,0.013042981736362,0.165977381169796
-1.88321650028229,8.59649276733398,0.0124780619516969,0.165838778018951
-1.62796008586884,8.59734535217285,0.0102185420691967,0.165740713477135
-1.37283527851105,8.59822559356689,0.0087952446192503,0.165760144591331
-1.11753559112549,8.59902763366699,0.00680549629032612,0.165802597999573
-0.861977100372314,8.59977054595947,0.00386949046514928,0.165798217058182
-0.606892347335815,8.60080909729004,0.00331402174197137,0.165692314505577
-0.35220867395401,8.60196590423584,0.00480124587193131,0.165565945208073
-0.0977286994457245,8.60310459136963,0.00742877880111337,0.165451601147652
0.157221466302872,8.60402870178223,0.00814818497747183,0.165334977209568
0.412705063819885,8.60476398468018,0.00668452912941575,0.165212340652943
0.667851209640503,8.60565757751465,0.00696187233552337,0.165201216936111
0.922668814659119,8.60666942596436,0.00893065147101879,0.165247939527035
1.17755591869354,8.60763072967529,0.0108013451099396,0.165352389216423
1.4324756860733,8.60868167877197,0.012733094394207,0.165310829877853
1.68685936927795,8.6098690032959,0.0172665175050497,0.165205053985119
1.94117140769958,8.61101627349854,0.0223200563341379,0.165095403790474
2.19528031349182,8.61226367950439,0.028471177443862,0.165008045732975
-2.64296841621399,8.34441375732422,0.00933954305946827,0.165429569780827
-2.38903903961182,8.34545230865479,0.0125537980347872,0.165213696658611
-2.13433694839478,8.34638977050781,0.0124228363856673,0.165042914450169
-1.87978732585907,8.34738349914551,0.0132172703742981,0.164837867021561
-1.62483048439026,8.34823703765869,0.0123697072267532,0.164750270545483
-1.36970412731171,8.34899139404297,0.0109781827777624,0.164786331355572
-1.11418628692627,8.34975147247314,0.0080264862626791,0.164818145334721
-0.858412444591522,8.35056400299072,0.00414050975814462,0.164789624512196
-0.603040933609009,8.35157871246338,0.0023176777176559,0.16468557715416
-0.348282784223557,8.35262584686279,0.00351104163564742,0.164592035114765
-0.0938842073082924,8.35360717773438,0.00655470602214336,0.164484962821007
0.160838738083839,8.35449600219727,0.00834343954920769,0.164434321224689
0.416132032871246,8.35528659820557,0.00777438515797257,0.164409980177879
0.671758592128754,8.35617065429688,0.00592245906591415,0.164378590881824
0.92700731754303,8.35718250274658,0.00599236786365509,0.164379045367241
1.18196856975555,8.35811042785645,0.00757503323256969,0.16437803953886
1.4365541934967,8.35921573638916,0.0110455779358745,0.16425946354866
1.69099879264832,8.36032104492188,0.0153503557667136,0.164115928113461
1.9453182220459,8.3615255355835,0.0204102080315351,0.164079211652279
2.20000100135803,8.36259937286377,0.0240548420697451,0.164004258811474
-2.63886380195618,8.09525203704834,0.00684363767504692,0.164618730545044
-2.38506174087524,8.09634590148926,0.0106878327205777,0.164374232292175
-2.13048386573792,8.09728050231934,0.0111712729558349,0.164162382483482
-1.87603580951691,8.09832668304443,0.0124715194106102,0.163892507553101
-1.62097322940826,8.09910297393799,0.0111814681440592,0.163782335817814
-1.36561858654022,8.0998010635376,0.00878673139959574,0.163770638406277
-1.11020243167877,8.1005163192749,0.006344691850245,0.163746431469917
-0.854956686496735,8.10133838653564,0.00490968022495508,0.163708321750164
-0.599823594093323,8.10235023498535,0.00420896802097559,0.16363549977541
-0.344784885644913,8.10328006744385,0.0041662803851068,0.16358657926321
-0.0899393036961555,8.10407257080078,0.00522734085097909,0.163533806800842
0.164935231208801,8.10479640960693,0.00637758430093527,0.163500964641571
0.420051574707031,8.10564994812012,0.00664687529206276,0.163546338677406
0.675788223743439,8.10664367675781,0.00433429330587387,0.163517907261848
0.931580603122711,8.10763454437256,0.00200083991512656,0.163441151380539
1.18670427799225,8.10860633850098,0.00289860228076577,0.163317963480949
1.44077515602112,8.1096887588501,0.00872248504310846,0.163237452507019
1.69520235061646,8.11070823669434,0.0131505811586976,0.163160838186741
1.94992172718048,8.11179256439209,0.0164732746779919,0.163149230182171
2.20555663108826,8.11260318756104,0.0159350279718637,0.16317630559206
-2.63511610031128,7.84599494934082,0.00600437354296446,0.163730747997761
-2.38134121894836,7.84702968597412,0.010016618296504,0.163505360484123
-2.12682700157166,7.84803152084351,0.0108298938721418,0.163237363100052
-1.87233817577362,7.84903001785278,0.0119839664548635,0.163027852773666
-1.61710977554321,7.84989976882935,0.0099681168794632,0.162867195904255
-1.36142945289612,7.85051012039185,0.00612570717930794,0.162819221615791
-1.10620629787445,7.85115718841553,0.00461264606565237,0.162801340222359
-0.851559460163116,7.85206079483032,0.00594860455021262,0.162772156298161
-0.596943140029907,7.85314226150513,0.00763389468193054,0.162692278623581
-0.341606676578522,7.85402536392212,0.00627083377912641,0.162583604454994
-0.0860821306705475,7.85467433929443,0.00429264036938548,0.162537179887295
0.169036507606506,7.85545444488525,0.00437573762610555,0.162499457597733
0.424006581306458,7.85635614395142,0.00534543115645647,0.162533447146416
0.679491519927979,7.85728693008423,0.00421017641201615,0.162501335144043
0.935338020324707,7.85812377929688,0.00167748925741762,0.162397444248199
1.19040548801422,7.85903120040894,0.00286813615821302,0.162210248410702
1.44500994682312,7.86000680923462,0.00634419079869986,0.16214145720005
1.70002543926239,7.86093473434448,0.00818914361298084,0.162159748375416
1.95585799217224,7.86163997650146,0.00660904496908188,0.162214763462543
2.21298813819885,7.8620753288269,-0.000511776830535382,0.16234240680933
-2.63130712509155,7.59662628173828,0.00488608935847878,0.162625774741173
-2.37747645378113,7.59752464294434,0.00868670549243689,0.16245723515749
-2.12307906150818,7.59859561920166,0.0100782727822661,0.16226302087307
-1.86866629123688,7.59952640533447,0.0116243036463857,0.162099584937096
-1.61361455917358,7.60055780410767,0.0104515058919787,0.161945790052414
-1.35808920860291,7.60131597518921,0.00735057517886162,0.161887392401695
-1.10290467739105,7.60198211669922,0.00604863092303276,0.161857724189758
-0.848019123077393,7.60272932052612,0.00633715884760022,0.161817260086536
-0.593315005302429,7.60376644134521,0.00766165368258953,0.16173242777586
-0.338071793317795,7.60473728179932,0.00675645936280489,0.161584548652172
-0.0824140906333923,7.60551595687866,0.00420578895136714,0.161489307880402
0.173009842634201,7.60629940032959,0.00294514396227896,0.161421023309231
0.428067684173584,7.60718965530396,0.00355960801243782,0.16142462939024
0.68320220708847,7.60799264907837,0.00405032699927688,0.161394856870174
0.938608348369598,7.60872316360474,0.00354043603874743,0.16131891310215
1.19361591339111,7.60971212387085,0.00503036519512534,0.161138281226158
1.44915533065796,7.61043500900269,0.00436227768659592,0.161077089607716
1.70558559894562,7.61094951629639,-5.80056221224368e-05,0.161142937839031
1.96244537830353,7.61131620407104,-0.00615149876102805,0.161193609237671
2.22119331359863,7.61135196685791,-0.0203944686800241,0.16131966561079
-2.62676000595093,7.34729671478271,0.000349790207110345,0.161335229873657
-2.37283682823181,7.34808397293091,0.00377581920474768,0.161232329905033
-2.11862254142761,7.3491358757019,0.00606030924245715,0.161102004349232
-1.86428368091583,7.35013723373413,0.00799029506742954,0.161051034927368
-1.60996997356415,7.35127353668213,0.0102475360035896,0.161012843251228
-1.35516238212585,7.3521614074707,0.0104681067168713,0.161004133522511
-1.09979939460754,7.35288524627686,0.00837964378297329,0.160949602723122
-0.844525575637817,7.35356521606445,0.00693227257579565,0.160811886191368
-0.589331686496735,7.35447263717651,0.00606872281059623,0.160682514309883
-0.334311455488205,7.35540866851807,0.00621953560039401,0.160565853118896
-0.0789623036980629,7.35623836517334,0.00510486355051398,0.160469591617584
0.176467001438141,7.35704898834229,0.00385457347147167,0.160388268530369
0.431651055812836,7.35781240463257,0.00394022418186069,0.160372331738472
0.686940670013428,7.35846281051636,0.00377528835088015,0.160304829478264
0.942297160625458,7.35925722122192,0.00352427316829562,0.160196773707867
1.19715452194214,7.36030864715576,0.00572318071499467,0.16004953533411
1.45295321941376,7.36095142364502,0.00393315590918064,0.160046093165874
1.71027410030365,7.36126232147217,-0.00442095566540956,0.160061530768871
1.96779322624207,7.36126756668091,-0.0133940801024437,0.160077758133411
2.22734689712524,7.36105680465698,-0.031161105260253,0.16009309887886
-2.62219905853271,7.09815645217896,-0.00425820238888264,0.1600581407547
-2.36821889877319,7.09892654418945,-0.00104662985540926,0.160012193024158
-2.11420273780823,7.09986639022827,0.00220462516881526,0.159977190196514
-1.85980796813965,7.10081148147583,0.00392591115087271,0.159961566329002
-1.60557067394257,7.10192728042603,0.00658168131485581,0.15998050570488
-1.35128462314606,7.10289859771729,0.00923396646976471,0.160006023943424
-1.09636735916138,7.10369539260864,0.00922093447297812,0.159914538264275
-0.840857625007629,7.10436725616455,0.00673370435833931,0.159721352159977
-0.585280299186707,7.10509729385376,0.004170096013695,0.15959794074297
-0.330188810825348,7.10591077804565,0.00404390739277005,0.159569449722767
-0.075348287820816,7.10668516159058,0.00528052728623152,0.15950083732605
0.179600566625595,7.10751724243164,0.00624090153723955,0.159422613680363
0.435098469257355,7.10824584960938,0.00494354404509068,0.159361802041531
0.690769076347351,7.10889720916748,0.00309700495563447,0.159243158996105
0.946346282958984,7.10973072052002,0.00189048936590552,0.159128487110138
1.20114314556122,7.11083745956421,0.00439905561506748,0.159025020897388
1.45667350292206,7.11139678955078,0.00385465216822922,0.159044682979584
1.71339571475983,7.11165904998779,-0.0017835428006947,0.158961653709412
1.97078359127045,7.11181926727295,-0.0101458439603448,0.158928170800209
2.22990012168884,7.1116681098938,-0.0259381700307131,0.158790342509747
-2.61865305900574,6.84915065765381,-0.00417199451476336,0.158941224217415
-2.36474967002869,6.84996557235718,-0.000569883442949504,0.158952109515667
-2.11083602905273,6.85091972351074,0.00319072417914867,0.158950142562389
-1.85635221004486,6.8518180847168,0.00454017519950867,0.15892218798399
-1.60178303718567,6.85267210006714,0.00572021072730422,0.158913679420948
-1.34728252887726,6.85358953475952,0.00743193924427032,0.158903509378433
-1.09259688854218,6.85436248779297,0.00852084625512362,0.158826947212219
-0.837228715419769,6.85501956939697,0.00671991938725114,0.15867517888546
-0.581397294998169,6.85558366775513,0.00304450583644211,0.158584386110306
-0.326067477464676,6.85631895065308,0.00187890534289181,0.158552832901478
-0.0712870508432388,6.85708665847778,0.00343052158132195,0.158487565815449
0.183749303221703,6.85786962509155,0.00403863331303,0.158404335379601
0.439120531082153,6.85862874984741,0.00335418316535652,0.158327519893646
0.694777369499207,6.85937023162842,0.00160662352573127,0.158204793930054
0.950116217136383,6.86028385162354,0.00150930543895811,0.158092394471169
1.2046263217926,6.86127281188965,0.00534817250445485,0.158034078776836
1.45978832244873,6.86200761795044,0.00648158695548773,0.158024407923222
1.71579134464264,6.86246299743652,0.00408171582967043,0.157904498279095
1.97241032123566,6.86283493041992,-0.000834425096400082,0.157814159989357
2.2304630279541,6.86296224594116,-0.0118850218132138,0.157578490674496
-2.61594915390015,6.60011386871338,-0.000185051001608372,0.15794113278389
-2.3621940612793,6.6009669303894,0.00413069082424045,0.157985739409924
-2.10802674293518,6.6017632484436,0.00675723515450954,0.157962679862976
-1.85364627838135,6.60268068313599,0.00861186347901821,0.157902404665947
-1.59889268875122,6.60348844528198,0.0089767724275589,0.157809130847454
-1.34396028518677,6.6042799949646,0.00874578114598989,0.157747372984886
-1.08891367912292,6.60491609573364,0.00822574645280838,0.157761462032795
-0.833453297615051,6.60548543930054,0.0060464097186923,0.157710999250412
-0.577619433403015,6.6060094833374,0.00240067578852177,0.157677829265594
-0.322291135787964,6.60678625106812,0.00127935654018074,0.157588802278042
-0.0673440992832184,6.60753631591797,0.00211530132219195,0.157490231096745
0.187904447317123,6.60833692550659,0.00180269288830459,0.157418355345726
0.443348824977875,6.60899591445923,0.000834555132314563,0.157344751060009
0.69869989156723,6.60976314544678,0.000506781740114093,0.157246693968773
0.953453898429871,6.61072969436646,0.00307689001783729,0.157114781439304
1.20795953273773,6.61167669296265,0.00697165820747614,0.157059043645859
1.46309292316437,6.61255216598511,0.00826107710599899,0.157030284404755
1.71870946884155,6.61318063735962,0.00761481933295727,0.156910702586174
1.97443270683289,6.61373090744019,0.00671669561415911,0.156784318387508
2.23165440559387,6.61407947540283,-0.00062190426979214,0.156532131135464
-2.61319923400879,6.35108757019043,0.00358954234980047,0.15693911164999
-2.35952758789062,6.3519172668457,0.00832172110676765,0.156964480876923
-2.10513424873352,6.35269832611084,0.00993616972118616,0.156949296593666
-1.85063707828522,6.35350704193115,0.0112900016829371,0.156881123781204
-1.59579288959503,6.35423135757446,0.0112748667597771,0.156807668507099
-1.34087526798248,6.35495138168335,0.0111482739448547,0.156747616827488
-1.08558428287506,6.35550498962402,0.00954744126647711,0.15673766285181
-0.829881310462952,6.3560094833374,0.00629902631044388,0.156722821295261
-0.574045717716217,6.35653972625732,0.00268246582709253,0.156712263822556
-0.318809777498245,6.35733318328857,0.00201743002980947,0.156618572771549
-0.0636633113026619,6.35806131362915,0.00198597786948085,0.156471684575081
0.191941455006599,6.35868072509766,0.000107278559880797,0.156385503709316
0.44761461019516,6.35927438735962,-0.00185015762690455,0.156351201236248
0.70291668176651,6.35998201370239,-0.00191141292452812,0.156293526291847
0.957776725292206,6.36090612411499,0.000226253498112783,0.156161442399025
1.21225261688232,6.36184358596802,0.00429809000343084,0.156107366085052
1.46689105033875,6.36277532577515,0.0078448923304677,0.156057737767696
1.72216808795929,6.36340045928955,0.00875427573919296,0.155943505465984
1.97728621959686,6.36414003372192,0.0105822747573256,0.155821196734905
2.23412775993347,6.3645167350769,0.00496409879997373,0.155590742826462
-2.61017060279846,6.10211944580078,0.00607061898335814,0.155916132032871
-2.35651087760925,6.10289621353149,0.0108945351094007,0.155879959464073
-2.10202527046204,6.1036319732666,0.0121166380122304,0.155863955616951
-1.84751808643341,6.10434150695801,0.0134635167196393,0.155815400183201
-1.59267377853394,6.10502862930298,0.0134827950969338,0.15580590814352
-1.33763337135315,6.10571098327637,0.0128286220133305,0.155798450112343
-1.0820769071579,6.10623741149902,0.0100488839671016,0.155728660523891
-0.826254546642303,6.10669755935669,0.00629475247114897,0.155655086040497
-0.570346891880035,6.10721254348755,0.00238857185468078,0.155618220567703
-0.315110832452774,6.10793781280518,0.0017643051687628,0.155562214553356
-0.0600185096263885,6.10865259170532,0.00201719044707716,0.155450865626335
0.195544049143791,6.10921335220337,0.000369695568224415,0.155392698943615
0.451295256614685,6.1096830368042,-0.00189759931527078,0.155412368476391
0.70707243680954,6.11023139953613,-0.00405551539734006,0.155356027185917
0.96242481470108,6.11107778549194,-0.00408710306510329,0.155190400779247
1.21687984466553,6.11197471618652,0.000126748942420818,0.155114687979221
1.47102272510529,6.11295413970947,0.00593643728643656,0.155058100819588
1.72588360309601,6.11352014541626,0.00875047314912081,0.154980309307575
1.98069334030151,6.11430215835571,0.0119893634691834,0.154892988502979
2.23722958564758,6.11466312408447,0.00776524469256401,0.154686398804188
-2.6070728302002,5.85302829742432,0.00823811814188957,0.154915787279606
-2.35336446762085,5.85377407073975,0.012872033752501,0.154835969209671
-2.09869170188904,5.85437154769897,0.0132725704461336,0.154816366732121
-1.84423267841339,5.85507965087891,0.014875684864819,0.154808580875397
-1.58928048610687,5.8557300567627,0.0144361210986972,0.154845513403416
-1.33392632007599,5.85634994506836,0.0123831871896982,0.154890082776546
-1.07821047306061,5.85678386688232,0.00891777779906988,0.154811918735504
-0.822487711906433,5.85726642608643,0.00565695762634277,0.154700875282288
-0.566804111003876,5.85787105560303,0.00280643603764474,0.154615178704262
-0.311448633670807,5.85856294631958,0.00167754082940519,0.154525563120842
-0.0561585798859596,5.85918998718262,0.0010754574323073,0.154448010027409
0.199289351701736,5.85976600646973,-1.44651412483654e-05,0.154429294168949
0.454905420541763,5.86030626296997,-0.00163622642867267,0.154434993863106
0.710794389247894,5.8608136177063,-0.00425923801958561,0.154335454106331
0.966758966445923,5.86131572723389,-0.00699114706367254,0.154173664748669
1.22160029411316,5.86211109161377,-0.00446332199499011,0.15412862598896
1.47537744045258,5.8631272315979,0.00302966753952205,0.154100239276886
1.7299702167511,5.86388111114502,0.00707672350108624,0.154022604227066
1.9846009016037,5.8647027015686,0.0111530451104045,0.153930656611919
2.24064779281616,5.86514520645142,0.0091423150151968,0.15375928580761
-2.60365605354309,5.6036229133606,0.00894427672028542,0.153964571654797
-2.34974575042725,5.6043815612793,0.0126799494028091,0.153884544968605
-2.09504795074463,5.60501861572266,0.0130018386989832,0.15387500077486
-1.8404324054718,5.60576295852661,0.0139216687530279,0.153915137052536
-1.58531939983368,5.60640382766724,0.0127837350592017,0.15396324545145
-1.32988893985748,5.60691499710083,0.0104273296892643,0.153959453105927
-1.07429158687592,5.60730361938477,0.00754805887117982,0.153889887034893
-0.818845987319946,5.60783815383911,0.00559077505022287,0.153796628117561
-0.563284695148468,5.60847997665405,0.00333287357352674,0.153675079345703
-0.307578146457672,5.6089940071106,0.000653341005090624,0.153534799814224
-0.0517775751650333,5.60945510864258,-0.00221657706424594,0.153430357575417
0.203542619943619,5.61007928848267,-0.00268624816089869,0.153427675366402
0.458627879619598,5.61084127426147,-0.00187806168105453,0.153362967073917
0.714259505271912,5.61137866973877,-0.00330461375415325,0.153230845928192
0.970301449298859,5.61171722412109,-0.00634135492146015,0.153113603591919
1.22552120685577,5.61249399185181,-0.00547565659508109,0.153069488704205
1.47958147525787,5.61353778839111,0.000787011929787695,0.153027437627316
1.733966588974,5.61448049545288,0.00579487252980471,0.152963146567345
1.98865401744843,5.6153883934021,0.00965361762791872,0.152919307351112
2.24413967132568,5.61596632003784,0.0101748639717698,0.152810819447041
-2.59989619255066,5.35393047332764,0.0080744381994009,0.153042867779732
-2.34573602676392,5.35479211807251,0.0106911491602659,0.152966320514679
-2.09087753295898,5.35548305511475,0.0103115728124976,0.152941897511482
-1.83599483966827,5.35621976852417,0.0100459447130561,0.152983821928501
-1.58083236217499,5.3568959236145,0.00872536562383175,0.15299042314291
-1.32567524909973,5.35740423202515,0.00766834570094943,0.152920842170715
-1.07053565979004,5.35781764984131,0.00692472141236067,0.152857035398483
-0.815445303916931,5.35833978652954,0.00662786699831486,0.15282130241394
-0.559573948383331,5.35879564285278,0.00300236721523106,0.152728676795959
-0.303480833768845,5.35916185379028,-0.00138882105238736,0.1525903865695
-0.047402985394001,5.35954093933105,-0.00547067308798432,0.152491755783558
0.207381904125214,5.36042261123657,-0.00348541419953108,0.152464963495731
0.462169140577316,5.36128616333008,-0.00129686598666012,0.152373529970646
0.717618703842163,5.36183834075928,-0.00186745414976031,0.152218960225582
0.973415851593018,5.36221599578857,-0.0037704948335886,0.152116596698761
1.228670835495,5.36298227310181,-0.00303086685016751,0.152043588459492
1.48313844203949,5.36405467987061,0.00143763888627291,0.152000099420547
1.73770225048065,5.36496114730835,0.00568462070077658,0.151995584368706
1.99244928359985,5.36597490310669,0.00930891465395689,0.15192112326622
2.2476372718811,5.36663007736206,0.0111894849687815,0.151887781918049
-2.59589958190918,5.10419702529907,0.00611166330054402,0.152201160788536
-2.34174394607544,5.10525465011597,0.00878197513520718,0.152097150683403
-2.08701920509338,5.10601615905762,0.00905729550868273,0.152017891407013
-1.83204782009125,5.10688018798828,0.00841871649026871,0.151963643729687
-1.57694673538208,5.10755586624146,0.00742125976830721,0.151958137750626
-1.32181024551392,5.10796880722046,0.00650374544784427,0.151881203055382
-1.06676125526428,5.10838603973389,0.00621426850557327,0.15179355442524
-0.811600387096405,5.10880041122437,0.00564031861722469,0.151779755949974
-0.555229544639587,5.10908269882202,-0.000212255486985669,0.151747174561024
-0.298983842134476,5.10933876037598,-0.00524731539189816,0.151627346873283
-0.0430791638791561,5.10974311828613,-0.00849950686097145,0.151495978236198
0.211426928639412,5.11055278778076,-0.00520537979900837,0.151451833546162
0.466089427471161,5.1114501953125,-0.00241412199102342,0.151384845376015
0.72126841545105,5.11205196380615,-0.00172762933652848,0.151276104152203
0.976422429084778,5.11270809173584,-0.000714285066351295,0.151175774633884
1.23146522045135,5.11347436904907,0.00100905902218074,0.151083439588547
1.48635315895081,5.11439418792725,0.00363056058995426,0.151020236313343
1.74149870872498,5.11517810821533,0.0053141568787396,0.151008933782578
1.99618244171143,5.11616373062134,0.00926040019840002,0.150978714227676
2.25141358375549,5.11684322357178,0.0109851583838463,0.15099885314703
-2.59178447723389,4.85458993911743,0.00359526555985212,0.151422165334225
-2.33797216415405,4.85584878921509,0.00788614992052317,0.151292651891708
-2.08320307731628,4.85662221908569,0.00799607299268246,0.151189692318439
-1.82844150066376,4.85749006271362,0.00836233701556921,0.151041999459267
-1.57317090034485,4.85802793502808,0.0066307857632637,0.150936052203178
-1.31782293319702,4.85840702056885,0.00478527834638953,0.150790140032768
-1.06273651123047,4.85885858535767,0.00436433730646968,0.150681041181087
-0.80754953622818,4.85936450958252,0.00370824639685452,0.150673367083073
-0.551118969917297,4.85950994491577,-0.00236822036094964,0.150696493685246
-0.29514867067337,4.85972213745117,-0.00610736478120089,0.150613464415073
-0.0393635295331478,4.86004495620728,-0.00877420604228973,0.150491759181023
0.215211555361748,4.8607006072998,-0.00574702955782413,0.150445893406868
0.470152407884598,4.86155796051025,-0.00417285319417715,0.150393418967724
0.724960088729858,4.86235284805298,-0.00178118830081075,0.150297656655312
0.979542791843414,4.86319446563721,0.00183067820034921,0.150189012289047
1.23479664325714,4.86378383636475,0.00264662667177618,0.150120250880718
1.48997366428375,4.86445379257202,0.00401886366307735,0.150076560676098
1.74538969993591,4.86517190933228,0.00453280890360475,0.150049172341824
2.0003080368042,4.86601686477661,0.00747703993692994,0.150016851723194
2.25564885139465,4.86672258377075,0.00875206291675568,0.150047205388546
-2.58743453025818,4.60510063171387,-1.36533390104887e-05,0.150511272251606
-2.33401346206665,4.60644197463989,0.00612597819417715,0.150406032800674
-2.07937145233154,4.60722923278809,0.00686287460848689,0.15028927475214
-1.82482707500458,4.60802221298218,0.00827258452773094,0.150138847529888
-1.56928813457489,4.60846376419067,0.00535150058567524,0.149958185851574
-1.31365275382996,4.60873556137085,0.00223418604582548,0.149812921881676
-1.05862975120544,4.6092472076416,0.00214368058368564,0.149705573916435
-0.803576350212097,4.60989475250244,0.00213242974132299,0.149702809751034
-0.547742366790771,4.61026382446289,-0.00119671854190528,0.149693094193935
-0.292042672634125,4.61049604415894,-0.00367196346633136,0.149634219706059
-0.036216277629137,4.61071729660034,-0.00648853555321693,0.149545684456825
0.219175174832344,4.61110162734985,-0.00711070420220494,0.149501092731953
0.474314779043198,4.61186456680298,-0.00638979068025947,0.149439260363579
0.728792905807495,4.61283302307129,-0.00247936137020588,0.149359755218029
0.983406960964203,4.61359310150146,0.0010338342981413,0.149259477853775
1.23904752731323,4.61391115188599,0.000165916266269051,0.149180486798286
1.49427938461304,4.61442995071411,0.0013413968263194,0.149113766849041
1.74951958656311,4.61508321762085,0.00268708448857069,0.149044692516327
2.0045952796936,4.61578369140625,0.00497729750350118,0.148972652852535
2.25981211662292,4.61652803421021,0.00684442697092891,0.149002641439438
-2.58315777778625,4.35582733154297,-0.00329382182098925,0.149377025663853
-2.32986283302307,4.35708475112915,0.00347807281650603,0.149348348379135
-2.0753653049469,4.35780477523804,0.00492814090102911,0.149258233606815
-1.82098746299744,4.35848426818848,0.00715118506923318,0.149128526449203
-1.56555044651031,4.35881805419922,0.00474341819062829,0.148939922451973
-1.30968332290649,4.35903310775757,0.000605755252763629,0.148837879300117
-1.05440592765808,4.35958099365234,-0.000608957197982818,0.148776024580002
-0.799338042736053,4.36019802093506,-0.000641839753370732,0.148776702582836
-0.543955564498901,4.36062240600586,-0.00187400216236711,0.148743741214275
-0.288554221391678,4.36095809936523,-0.00295929866842926,0.148703210055828
-0.0329031050205231,4.36132621765137,-0.00495220068842173,0.148648768663406
0.222687721252441,4.36184406280518,-0.00644931243732572,0.148591108620167
0.477864116430283,4.36249923706055,-0.00585362408310175,0.14850465208292
0.732564270496368,4.36324882507324,-0.00289741274900734,0.148450866341591
0.987374067306519,4.36383724212646,-0.000218493791180663,0.14835225045681
1.2431126832962,4.36411762237549,-0.00148551352322102,0.148202374577522
1.4983423948288,4.36454772949219,-0.00025547610130161,0.148090817034245
1.75334537029266,4.36513900756836,0.00219405046664178,0.147986769676208
2.00843596458435,4.36570405960083,0.00446233432739973,0.147943951189518
2.26340413093567,4.36644172668457,0.00747483316808939,0.147987484931946
-2.57942771911621,4.10673999786377,-0.00404994329437613,0.14823042601347
-2.3259334564209,4.10783195495605,0.00184826017357409,0.148279242217541
-2.07135200500488,4.10837411880493,0.00296054687350988,0.148237720131874
-1.81695353984833,4.10892724990845,0.00513644004240632,0.148165091872215
-1.56177663803101,4.10918474197388,0.0039692772552371,0.148033574223518
-1.30623650550842,4.10949039459229,0.00136496755294502,0.147990673780441
-1.05056738853455,4.10992193222046,-0.0015996714355424,0.147985331714153
-0.795388698577881,4.11048269271851,-0.00209574005566537,0.147939383983612
-0.540278494358063,4.1108980178833,-0.00204699579626322,0.14784137159586
-0.28498113155365,4.1113429069519,-0.0026273422408849,0.147768259048462
-0.0294375289231539,4.11185836791992,-0.00410327175632119,0.147700518369675
0.226067766547203,4.11243057250977,-0.00518051069229841,0.147630430757999
0.481181055307388,4.11304616928101,-0.00426332280039787,0.147579461336136
0.736112236976624,4.1135835647583,-0.00230435142293572,0.147578924894333
0.991065919399261,4.11404800415039,-0.000230485195061192,0.147499062120914
1.24670517444611,4.11442565917969,-0.00101946748327464,0.147297151386738
1.50199937820435,4.11484909057617,-4.18211820942815e-05,0.147183634340763
1.756880402565,4.11544132232666,0.00298949214629829,0.147052206099033
2.01173710823059,4.11593675613403,0.00633895210921764,0.146998606622219
2.26664352416992,4.11655473709106,0.00966539513319731,0.147067628800869
-2.57624626159668,3.85767388343811,-0.00226561911404133,0.147249825298786
-2.32251381874084,3.85863852500916,0.00257083913311362,0.14735671877861
-2.0677707195282,3.85906887054443,0.00297988275997341,0.147338949143887
-1.81321060657501,3.85955023765564,0.00445293355733156,0.147324770689011
-1.55804431438446,3.8597400188446,0.00337678915821016,0.147235952317715
-1.30245447158813,3.86002635955811,0.000584396126214415,0.147207081317902
-1.04680359363556,3.86032724380493,-0.00225089257583022,0.147199995815754
-0.79161936044693,3.86079788208008,-0.00272923125885427,0.14709660410881
-0.53655332326889,3.86124515533447,-0.00244203233160079,0.146903231739998
-0.281226873397827,3.86170196533203,-0.00311723444610834,0.146791495382786
-0.0257217288017273,3.86216568946838,-0.00437789317220449,0.146744109690189
0.22969077527523,3.86273765563965,-0.00499743781983852,0.146698728203773
0.484819799661636,3.86333131790161,-0.00411356892436743,0.146654792129993
0.739968657493591,3.86382079124451,-0.00309671252034605,0.146663561463356
0.995106756687164,3.864333152771,-0.00181655259802938,0.146600626409054
1.25038301944733,3.8648943901062,-0.000944257073570043,0.146429844200611
1.50544679164886,3.86539149284363,0.00109840952791274,0.146255098283291
1.7602105140686,3.86595892906189,0.00468934187665582,0.146115593612194
2.01504516601562,3.86639404296875,0.0081746494397521,0.146097183227539
2.27020478248596,3.86678743362427,0.0104173561558127,0.146179854869843
-2.57329940795898,3.60845375061035,0.000613053794950247,0.146388687193394
-2.31942582130432,3.60934376716614,0.00483248708769679,0.146510452032089
-2.06435441970825,3.60962319374084,0.00376753159798682,0.146475575864315
-1.80924677848816,3.61004304885864,0.00275989272631705,0.146458208560944
-1.55372607707977,3.61017060279846,0.000100260338513181,0.146383084356785
-1.29842007160187,3.61037540435791,-0.00134241452906281,0.146350204944611
-1.04309964179993,3.61062693595886,-0.00262307096272707,0.146286688745022
-0.787966787815094,3.61109066009521,-0.00282812886871397,0.146114103496075
-0.532979547977448,3.61171174049377,-0.0021534776315093,0.145900279283524
-0.277842402458191,3.61224365234375,-0.00193524628411978,0.145827032625675
-0.0222474355250597,3.6126229763031,-0.00356434984132648,0.145854346454144
0.233458206057549,3.61302065849304,-0.00546668702736497,0.145829975605011
0.488947063684464,3.61351561546326,-0.00616540014743805,0.145733408629894
0.744280874729156,3.61400008201599,-0.00594075862318277,0.145704731345177
0.999518096446991,3.61454105377197,-0.00506524788215756,0.145640790462494
1.25439012050629,3.6152651309967,-0.00234320666640997,0.145521983504295
1.509033203125,3.61597776412964,0.00161300611216575,0.145344115793705
1.76407933235168,3.61630034446716,0.00398979615420103,0.145239852368832
2.01901078224182,3.61680912971497,0.0070767137221992,0.145183451473713
2.27457213401794,3.61698150634766,0.00758119858801365,0.145253799855709
-2.57031893730164,3.35903215408325,0.00334615632891655,0.145528666675091
-2.31628656387329,3.35987329483032,0.00686643132939935,0.145612552762032
-2.06077456474304,3.36017751693726,0.00380153674632311,0.1456104144454
-1.80548489093781,3.36039757728577,0.00200373050756752,0.145503334701061
-1.54998528957367,3.36062097549438,-0.000524667557328939,0.145433150231838
-1.29484355449677,3.36082029342651,-0.00117543258238584,0.145386397838593
-1.03963589668274,3.36102294921875,-0.00190035696141422,0.145279698073864
-0.784276247024536,3.36142015457153,-0.00310166482813656,0.145113341510296
-0.528970539569855,3.3619921207428,-0.00383725203573704,0.144990883767605
-0.273745357990265,3.36257171630859,-0.00398107757791877,0.144965566694736
-0.0182450283318758,3.36295628547668,-0.00513990549370646,0.145000502467155
0.237391278147697,3.36332964897156,-0.00668686116114259,0.144938707351685
0.493253231048584,3.36364388465881,-0.00902225263416767,0.144778110086918
0.748891472816467,3.36401772499084,-0.0101217245683074,0.144702032208443
1.0040545463562,3.36469125747681,-0.00887403078377247,0.144644714891911
1.25846672058105,3.36555910110474,-0.00405007833614945,0.144559942185879
1.51318097114563,3.36622381210327,-0.000370252557331696,0.144448705017567
1.76840877532959,3.36654138565063,0.00123501208145171,0.144348211586475
2.02363610267639,3.36699080467224,0.00304686254821718,0.144288197159767
2.27934527397156,3.3671190738678,0.00293965777382255,0.144310973584652
-2.56732058525085,3.10943722724915,0.00600765878334641,0.144578509032726
-2.31270432472229,3.1101541519165,0.00686670327559114,0.144643492996693
-2.05692529678345,3.11038160324097,0.00261207041330636,0.144595190882683
-1.80158126354218,3.11070036888123,0.000598826038185507,0.144522860646248
-1.54661822319031,3.1110954284668,0.000566288770642132,0.144423305988312
-1.29188704490662,3.11148762702942,0.0018225684762001,0.144342072308064
-1.03654336929321,3.11165428161621,0.00050818407908082,0.144266217947006
-0.780447065830231,3.11185240745544,-0.00401273695752025,0.144167132675648
-0.524534642696381,3.11212778091431,-0.00745798787102103,0.144111074507236
-0.269216358661652,3.11259007453918,-0.00797435734421015,0.144102551043034
-0.0141088888049126,3.11306977272034,-0.00731059117242694,0.144102714955807
0.241242200136185,3.11354875564575,-0.00753034604713321,0.143996015191078
0.497140347957611,3.11386251449585,-0.00999070703983307,0.143801905214787
0.752988219261169,3.11416006088257,-0.0119923111051321,0.143702939152718
1.00815224647522,3.11474847793579,-0.0107038477435708,0.143663577735424
1.26273846626282,3.1154797077179,-0.00661423988640308,0.143603771924973
1.51754176616669,3.1161367893219,-0.00329107069410384,0.143538258969784
1.77254295349121,3.11665368080139,-0.000639948237221688,0.143427573144436
2.02774143218994,3.11706137657166,0.00134275469463319,0.143383018672466
2.28315734863281,3.1173300743103,0.00257517257705331,0.143346160650253
-2.30834221839905,2.86023712158203,0.00327334390021861,0.143764652311802
-2.05289840698242,2.86053824424744,0.000606189481914043,0.143687106668949
-1.79792106151581,2.86097097396851,0.000316242425469682,0.143608406186104
-1.54320561885834,2.86155557632446,0.00144928810186684,0.143520876765251
-1.28856158256531,2.86211252212524,0.00313181150704622,0.143441908061504
-1.0331619977951,2.86233520507812,0.0015938114374876,0.143338806927204
-0.776859939098358,2.86238622665405,-0.00382423982955515,0.143210411071777
-0.520647883415222,2.862548828125,-0.00859155785292387,0.143162868916988
-0.265431672334671,2.86291098594666,-0.00859936140477657,0.143169827759266
-0.0104714427143335,2.86335182189941,-0.00722747249528766,0.143169470131397
0.244755163788795,2.8638002872467,-0.00684539694339037,0.14309436827898
0.500408887863159,2.86418581008911,-0.00816987175494432,0.142938442528248
0.756022393703461,2.8645875453949,-0.00908732321113348,0.142795987427235
1.01147985458374,2.86501216888428,-0.00907962955534458,0.142656922340393
1.26654636859894,2.86551642417908,-0.00710138399153948,0.142598308622837
1.52130115032196,2.86613178253174,-0.00352101097814739,0.142563469707966
1.77577519416809,2.86676383018494,0.00151769130025059,0.142491206526756
2.03058362007141,2.86725616455078,0.00526931369677186,0.142429567873478
2.28565716743469,2.86765217781067,0.00804797280579805,0.142352655529976
-2.30387902259827,2.61037373542786,-0.000789379409980029,0.142912477254868
-2.04880404472351,2.61079454421997,-0.0017156177200377,0.142828479409218
-1.79398095607758,2.61127281188965,-0.00125552318058908,0.142722681164742
-1.53938353061676,2.61189985275269,0.000457877584267408,0.142667084932327
-1.28466868400574,2.61246085166931,0.00185521738603711,0.142586141824722
-1.02918422222137,2.61266469955444,-3.02109674521489e-05,0.142446123063564
-0.773198127746582,2.61273455619812,-0.0039664451032877,0.142284080386162
-0.517456591129303,2.61302757263184,-0.00656002480536699,0.142194546759129
-0.262512654066086,2.61336994171143,-0.00529637606814504,0.142207287251949
-0.00754807703197002,2.61369061470032,-0.00390767864882946,0.142253220081329
0.247933492064476,2.6139976978302,-0.00464249309152365,0.142219729721546
0.503560543060303,2.61442065238953,-0.00581596046686172,0.142101548612118
0.759144723415375,2.61489963531494,-0.00657351175323129,0.141904428601265
1.01449012756348,2.61535739898682,-0.00603255955502391,0.141700059175491
1.26976025104523,2.61573958396912,-0.00493144989013672,0.14161629229784
1.52431380748749,2.6163227558136,-0.000415352580603212,0.141565747559071
1.77853119373322,2.61700224876404,0.00579866813495755,0.141508549451828
2.03303241729736,2.61759662628174,0.0109430113807321,0.141434699296951
2.28810143470764,2.61802792549133,0.0137649113312364,0.141325809061527
-2.299560546875,2.36067128181458,-0.00418988289311528,0.142025128006935
-2.04460549354553,2.36114096641541,-0.00452172849327326,0.141921423375607
-1.78995966911316,2.36168813705444,-0.00320574827492237,0.141784138977528
-1.53527569770813,2.3622670173645,-0.00184617971535772,0.141705833375454
-1.28042185306549,2.36264252662659,-0.00103494140785187,0.14164162427187
-1.02512395381927,2.3627758026123,-0.00201991479843855,0.141488574445248
-0.769739508628845,2.36303496360779,-0.00317825027741492,0.141284622251987
-0.51441103219986,2.36346960067749,-0.00386238610371947,0.141208663582802
-0.259323567152023,2.36396527290344,-0.00322789791971445,0.141252994537354
-0.00391876325011253,2.36415791511536,-0.00379704288206995,0.141335673630238
0.251748532056808,2.36425542831421,-0.00532494392246008,0.141298159956932
0.507399260997772,2.36450481414795,-0.00655821431428194,0.141137197613716
0.763116478919983,2.36491537094116,-0.00787381362169981,0.140925608575344
1.01840925216675,2.36543536186218,-0.00705976039171219,0.140748307108879
1.27331221103668,2.36580109596252,-0.0042708171531558,0.140704423189163
1.52758824825287,2.36645102500916,0.00152027071453631,0.140634104609489
1.78201365470886,2.36718559265137,0.00683354958891869,0.140527859330177
2.03627157211304,2.36791729927063,0.0130914142355323,0.140415087342262
2.29150438308716,2.36838006973267,0.0152128422632813,0.140266939997673
-2.29568791389465,2.11116695404053,-0.005539839155972,0.141072884202003
-2.04076075553894,2.11162495613098,-0.00570252537727356,0.140940271317959
-1.78603231906891,2.11207962036133,-0.00472217332571745,0.140786021947861
-1.53106737136841,2.1124587059021,-0.00460241781547666,0.140628412365913
-1.27598774433136,2.11263346672058,-0.00477246660739183,0.140522077679634
-1.02090203762054,2.1128351688385,-0.00474559981375933,0.14045462012291
-0.765909910202026,2.11314558982849,-0.00407286360859871,0.140359580516815
-0.510808646678925,2.11360359191895,-0.00368459965102375,0.140310801565647
-0.255629479885101,2.11414456367493,-0.00343299866653979,0.140325285494328
-8.5833620687481e-05,2.11448740959167,-0.00460275169461966,0.140344075858593
0.255581855773926,2.11465954780579,-0.00609795330092311,0.140251025557518
0.511435985565186,2.11467862129211,-0.0081997187808156,0.140076033771038
0.767555773258209,2.11467170715332,-0.0112679759040475,0.139840200543404
1.02301847934723,2.11495041847229,-0.0111620975658298,0.139743141829967
1.27761495113373,2.11551380157471,-0.00696253217756748,0.139715299010277
1.53160417079926,2.11638736724854,0.000143877856316976,0.139626249670982
1.78587353229523,2.11731553077698,0.00618332205340266,0.139497198164463
2.04013323783875,2.11804866790771,0.0124701075255871,0.139392830431461
2.29535412788391,2.11856031417847,0.0146798053756356,0.139223903417587
-2.29253816604614,1.86183154582977,-0.00355686759576201,0.140002831816673
-2.0377631187439,1.86229050159454,-0.00298497639596462,0.139873147010803
-1.78290808200836,1.86266446113586,-0.00255136704072356,0.139756575226784
-1.52779603004456,1.86296224594116,-0.00307063036598265,0.139524780213833
-1.27251470088959,1.86306762695312,-0.00412728544324636,0.139432147145271
-1.01723062992096,1.86324071884155,-0.0049708322621882,0.139430150389671
-0.762177467346191,1.86348724365234,-0.00453601451590657,0.139455921947956
-0.507187902927399,1.8638299703598,-0.00359472073614597,0.139396101236343
-0.252152502536774,1.86431121826172,-0.00264995871111751,0.139329724013805
0.00323270098306239,1.86478567123413,-0.00307295331731439,0.1392557695508
0.258969068527222,1.86502051353455,-0.0048490958288312,0.139150150120258
0.514952898025513,1.86496484279633,-0.00749853439629078,0.139023266732693
0.771245896816254,1.86472105979919,-0.0112996688112617,0.138820484280586
1.02674460411072,1.86481285095215,-0.0113092567771673,0.138716645538807
1.28126895427704,1.86543023586273,-0.00675215199589729,0.138645216822624
1.53528308868408,1.86641693115234,0.000271980679826811,0.13858388364315
1.78951823711395,1.86731505393982,0.0065022362396121,0.138501770794392
2.04386782646179,1.86806535720825,0.0124230897054076,0.138412125408649
2.29891467094421,1.86856257915497,0.0154449641704559,0.138271905481815
-2.28976583480835,1.61259126663208,0.000166598969371989,0.138864167034626
-2.0352668762207,1.6130542755127,0.00204079831019044,0.138784669339657
-1.77995479106903,1.6132390499115,0.0004069029528182,0.138705722987652
-1.52483320236206,1.61353707313538,-0.000124894504551776,0.138550713658333
-1.26931595802307,1.61365163326263,-0.00223272223956883,0.138519950211048
-1.01372063159943,1.61371076107025,-0.00446108914911747,0.138514593243599
-0.758423566818237,1.6138710975647,-0.00509913312271237,0.138517193496227
-0.503592550754547,1.61407124996185,-0.00338976853527129,0.138403825461864
-0.248964503407478,1.61450445652008,-0.000554136873688549,0.138287834823132
0.00626086816191673,1.61495900154114,-0.000218732238863595,0.138194210827351
0.262086451053619,1.61521482467651,-0.00236917100846767,0.138094559311867
0.517880022525787,1.61519026756287,-0.00412914389744401,0.138031840324402
0.773934304714203,1.61508238315582,-0.0068318503908813,0.137867793440819
1.02961421012878,1.61517524719238,-0.00762946298345923,0.137710154056549
1.28457391262054,1.61563277244568,-0.00498985685408115,0.137596428394318
1.53909730911255,1.61645603179932,-0.000206319440621883,0.137586377561092
1.79345595836639,1.6172034740448,0.00551690300926566,0.137565344572067
2.04786372184753,1.61788845062256,0.0112190926447511,0.137482739984989
2.30268335342407,1.61833345890045,0.0152945080772042,0.137406021356583
-2.28661489486694,1.36325752735138,0.0021452100481838,0.137855470180511
-2.03222370147705,1.36363160610199,0.00455501163378358,0.137824736535549
-1.77673673629761,1.3637375831604,0.00215189624577761,0.137765809893608
-1.52182984352112,1.36405801773071,0.00263821147382259,0.137698225677013
-1.26615595817566,1.36415219306946,-0.000155883972183801,0.137636750936508
-1.01018702983856,1.3641619682312,-0.00405780831351876,0.137629650533199
-0.754613757133484,1.36416244506836,-0.00591231090947986,0.137538097798824
-0.499908626079559,1.36423826217651,-0.00358400796540082,0.13741759210825
-0.245581492781639,1.36467301845551,0.000656727701425552,0.137303069233894
0.00951669923961163,1.3650621175766,0.00160681933630258,0.137207463383675
0.265245646238327,1.36527371406555,-7.09737796569243e-05,0.13710929453373
0.520899593830109,1.36531662940979,-0.00117190985474735,0.137056417763233
0.77649199962616,1.36550879478455,-0.00177809130400419,0.136931926012039
1.03246200084686,1.36568593978882,-0.00385992648079991,0.136772781610489
1.28822898864746,1.36594998836517,-0.00480599934235215,0.136637002229691
1.54338753223419,1.3664448261261,-0.00281528336927295,0.136616498231888
1.79802322387695,1.36700022220612,0.00172089959960431,0.136601105332375
2.05250453948975,1.36756193637848,0.00714539457112551,0.136502474546432
2.3070182800293,1.368035197258,0.0126261729747057,0.136472031474113
-2.28294992446899,1.11376750469208,0.00175632617902011,0.136999949812889
-2.02834510803223,1.11391162872314,0.00323198223486543,0.136979445815086
-1.77296483516693,1.11397349834442,0.00136172643397003,0.136935733258724
-1.51776969432831,1.11417698860168,0.000568724994082004,0.136864639818668
-1.26196885108948,1.1142874956131,-0.00276648788712919,0.136803649365902
-1.00599431991577,1.11429071426392,-0.00665160501375794,0.136725053191185
-0.750613391399384,1.11428475379944,-0.00758559163659811,0.136579141020775
-0.496279120445251,1.11447632312775,-0.00353390048258007,0.136478081345558
-0.242213517427444,1.11501491069794,0.00192663201596588,0.136406593024731
0.0127649791538715,1.11533403396606,0.00345756462775171,0.136347852647305
0.26848903298378,1.11542117595673,0.00184150971472263,0.136259958148003
0.524256646633148,1.11545348167419,0.00025987732806243,0.136185616254807
0.779837429523468,1.11575245857239,-0.000266513379756361,0.136060066521168
1.03600800037384,1.11595964431763,-0.00321888807229698,0.135916784405708
1.29229402542114,1.11604726314545,-0.00645134458318353,0.135720424354076
1.54771149158478,1.11630475521088,-0.0055684382095933,0.135613650083542
1.80227112770081,1.11680471897125,-0.000647228036541492,0.135573536157608
2.05678153038025,1.11734330654144,0.00468936283141375,0.135479338467121
2.31094217300415,1.11790120601654,0.0117788026109338,0.135460413992405
-2.27929592132568,0.864210247993469,0.00142324203625321,0.136122807860374
-2.02437019348145,0.864110231399536,0.00146931840572506,0.13609042018652
-1.76898980140686,0.864134132862091,-0.000358489691279829,0.136031590402126
-1.51324439048767,0.864060938358307,-0.0036234725266695,0.135993495583534
-1.25726914405823,0.864124119281769,-0.00771042518317699,0.135936595499516
-1.00153791904449,0.864299595355988,-0.0104451598599553,0.135843172669411
-0.746655702590942,0.864503800868988,-0.00906913913786411,0.135697238147259
-0.492478609085083,0.86481386423111,-0.00426808651536703,0.135592311620712
-0.238503605127335,0.865353465080261,0.00164224929176271,0.135515227913857
0.0163373555988073,0.865643858909607,0.0038358187302947,0.135456673800945
0.27196130156517,0.865669786930084,0.00271207583136857,0.135406121611595
0.527862250804901,0.865668952465057,0.000564482004847378,0.135369785130024
0.783584237098694,0.86595219373703,-0.000562138156965375,0.135289795696735
1.03964507579803,0.866206288337708,-0.00298672704957426,0.1351448148489
1.29583239555359,0.866294622421265,-0.00574051076546311,0.134950049221516
1.55119919776917,0.866431415081024,-0.00458908639848232,0.134749628603458
1.80553030967712,0.866936087608337,0.0013880105689168,0.13462732732296
2.05997204780579,0.867355704307556,0.00706946896389127,0.134557142853737
2.31397438049316,0.867922425270081,0.014894699677825,0.134552709758282
-2.2758002281189,0.614700675010681,0.00181937275920063,0.135151296854019
-2.02083921432495,0.61453104019165,0.00174308032728732,0.135116443037987
-1.76559591293335,0.614483296871185,0.00058681913651526,0.135056026279926
-1.5097279548645,0.61431473493576,-0.0032010548748076,0.135028712451458
-1.25350189208984,0.614280104637146,-0.00839689373970032,0.135010875761509
-0.997921526432037,0.614568293094635,-0.0104095786809921,0.134924806654453
-0.74314284324646,0.614856779575348,-0.00852903258055449,0.134807057678699
-0.488278567790985,0.614986896514893,-0.0068134218454361,0.134716972708702
-0.233559906482697,0.61526346206665,-0.00422761961817741,0.134614266455173
0.0214121788740158,0.615542352199554,-0.00257981522008777,0.134501218795776
0.276554465293884,0.615694999694824,-0.0014800849603489,0.134441047906876
0.5318323969841,0.615813314914703,-0.00077414617408067,0.134485401213169
0.787735998630524,0.615997314453125,-0.0026755197905004,0.134482957422733
1.04388284683228,0.616199553012848,-0.00544377509504557,0.134322039783001
1.29963099956512,0.616388976573944,-0.00619026366621256,0.134112291038036
1.5544695854187,0.616565406322479,-0.00263668783009052,0.133897215127945
1.80881440639496,0.616935729980469,0.00331888603977859,0.133838832378387
2.0631091594696,0.617422938346863,0.00968438573181629,0.133747160434723
2.31730651855469,0.617873072624207,0.0166785884648561,0.133782282471657
-2.27189040184021,0.365111470222473,0.00030614688876085,0.134175963699818
-2.01726603507996,0.365092068910599,0.00181377562694252,0.134142622351646
-1.76204609870911,0.36496964097023,0.000806821044534445,0.134095743298531
-1.50656282901764,0.364870011806488,-0.00118104182183743,0.134063713252544
-1.25042498111725,0.364687442779541,-0.00593141140416265,0.133996963500977
-0.994747757911682,0.364882290363312,-0.0083509273827076,0.133853957056999
-0.739862084388733,0.365247070789337,-0.0069309757091105,0.133774191141129
-0.484592318534851,0.365275859832764,-0.00702408980578184,0.133747883141041
-0.22872157394886,0.365230619907379,-0.00962154660373926,0.133640639483929
0.0267826393246651,0.365214049816132,-0.0103238737210631,0.133466824889183
0.281111687421799,0.365601986646652,-0.00550274830311537,0.133382365107536
0.535768568515778,0.365883141756058,-0.001955212559551,0.133462354540825
0.791697323322296,0.365984737873077,-0.00392677029594779,0.133524261415005
1.04797267913818,0.366030961275101,-0.00722619937732816,0.133377991616726
1.30351281166077,0.366198927164078,-0.00699692452326417,0.133166596293449
1.55828487873077,0.366525948047638,-0.00311603350564837,0.132970385253429
1.81303799152374,0.36686173081398,0.00105194747447968,0.132909573614597
2.06751418113708,0.367194563150406,0.00665766187012196,0.132848657667637
2.3220956325531,0.367498964071274,0.0119896344840527,0.132910311222076
-2.26760482788086,0.115273162722588,-0.00292964605614543,0.133246406912804
-2.01338171958923,0.115500941872597,0.000459942384622991,0.133210673928261
-1.75839591026306,0.115367256104946,0.000569991883821785,0.133176885545254
-1.50344443321228,0.1153195053339,0.00105951738078147,0.133082136511803
-1.24763715267181,0.115107282996178,-0.00214108685031533,0.132934875786304
-0.991775035858154,0.115203723311424,-0.00537247955799103,0.13278553634882
-0.736603617668152,0.115614600479603,-0.0052299159578979,0.132726341485977
-0.481188356876373,0.115606434643269,-0.0059506599791348,0.132767155766487
-0.224731504917145,0.115226045250893,-0.0111598493531346,0.132701121270657
0.0310754701495171,0.114911079406738,-0.0131792556494474,0.13254489004612
0.285213083028793,0.11552769690752,-0.00746243679895997,0.132422134280205
0.539601862430573,0.11591038107872,-0.00266895303502679,0.132393196225166
0.795566141605377,0.115936011075974,-0.00475871376693249,0.132418766617775
1.05201721191406,0.115777015686035,-0.00879956688731909,0.132337331771851
1.30757141113281,0.11594146490097,-0.00859430525451899,0.132183566689491
1.56269681453705,0.116286680102348,-0.00625910749658942,0.131995774805546
1.81773555278778,0.116531021893024,-0.00332116452045739,0.131911545991898
2.07271504402161,0.116775117814541,8.76030899235047e-05,0.131797112524509
2.32757544517517,0.117006197571754,0.00423096725717187,0.131840370595455
-2.26384997367859,-0.134764835238457,-0.00369905587285757,0.13228277862072
-2.00975394248962,-0.134368970990181,0.000304810731904581,0.132265716791153
-1.75485694408417,-0.134436011314392,0.000858136103488505,0.132216706871986
-1.50018000602722,-0.134420067071915,0.00264140777289867,0.132125250995159
-1.24464154243469,-0.134599268436432,0.00070404150756076,0.131958067417145
-0.988668024539948,-0.134579345583916,-0.00300164287909865,0.131819702684879
-0.733044981956482,-0.134225323796272,-0.00488668726757169,0.131782606244087
-0.477714955806732,-0.134156048297882,-0.00518817128613591,0.131794758141041
-0.221666023135185,-0.134535640478134,-0.00850771833211184,0.131741657853127
0.0344033986330032,-0.135025769472122,-0.0116770388558507,0.131624631583691
0.289165496826172,-0.13458189368248,-0.00874517485499382,0.131499089300632
0.54397189617157,-0.134224727749825,-0.00579872168600559,0.131381325423717
0.799525737762451,-0.134120255708694,-0.00599967641755939,0.131326451897621
1.05589604377747,-0.134329795837402,-0.00963528919965029,0.131332240998745
1.31151449680328,-0.134206160902977,-0.00967879686504602,0.131210044026375
1.56681311130524,-0.133921012282372,-0.00807840283960104,0.131017699837685
1.82183504104614,-0.133635461330414,-0.0050285691395402,0.130862899124622
2.07721996307373,-0.133451342582703,-0.00338636594824493,0.130733475089073
2.33225297927856,-0.133246704936028,3.21199077006895e-05,0.130738750100136
-2.26078605651855,-0.384784072637558,-0.00127316638827324,0.131313398480415
-2.00646829605103,-0.384385794401169,0.00173867959529161,0.13133804500103
-1.75155782699585,-0.384328782558441,0.00225608586333692,0.131286628544331
-1.49686789512634,-0.384258896112442,0.00400994066148996,0.131206423044205
-1.24144220352173,-0.384400874376297,0.00262182601727545,0.131098628044128
-0.985474169254303,-0.384357541799545,-0.00102831877302378,0.130998820066452
-0.729529678821564,-0.384115964174271,-0.00434250384569168,0.130888536572456
-0.473986506462097,-0.384101033210754,-0.00557695142924786,0.130794912576675
-0.218300461769104,-0.384424895048141,-0.00721248053014278,0.130782425403595
0.0376414023339748,-0.384698539972305,-0.00978203862905502,0.130714364349842
0.292966991662979,-0.384504735469818,-0.00935518741607666,0.130629636347294
0.548085033893585,-0.384180843830109,-0.0077782990410924,0.130456246435642
0.803406417369843,-0.38413679599762,-0.00688706338405609,0.130346320569515
1.05942916870117,-0.384231597185135,-0.00892749428749084,0.130345121026039
1.31487119197845,-0.384069889783859,-0.0081463661044836,0.130218878388405
1.57005262374878,-0.383826434612274,-0.00598582997918129,0.130048759281635
1.82508814334869,-0.383563816547394,-0.00296421721577644,0.129916824400425
2.08053278923035,-0.38343134522438,-0.00155476713553071,0.129780232906342
2.33587455749512,-0.383329898118973,0.000526326359249651,0.129770055413246
-2.25782084465027,-0.634543061256409,0.00159466301556677,0.13039468973875
-2.00303483009338,-0.6343013048172,0.00248589436523616,0.130457334220409
-1.74780797958374,-0.634318768978119,0.00158521207049489,0.130388475954533
-1.49275159835815,-0.634279489517212,0.00169505120720714,0.130349576473236
-1.2372921705246,-0.634305119514465,0.000186441073310561,0.130313217639923
-0.981648445129395,-0.634214639663696,-0.00194115331396461,0.130239069461823
-0.725763142108917,-0.63415801525116,-0.00493639428168535,0.130089737474918
-0.470073252916336,-0.63422018289566,-0.00679730670526624,0.129871860146523
-0.21442611515522,-0.634431481361389,-0.00822372082620859,0.129807449877262
0.0411462597548962,-0.634490787982941,-0.00909098889678717,0.129753254354
0.296502470970154,-0.634392142295837,-0.00876270048320293,0.129700027406216
0.551769375801086,-0.634223937988281,-0.00781474076211452,0.129545919597149
0.807144701480865,-0.634192943572998,-0.00713014928624034,0.129428818821907
1.06273400783539,-0.634131669998169,-0.00719280354678631,0.129365496337414
1.31784904003143,-0.633901715278625,-0.00491500226780772,0.129272557795048
1.57286906242371,-0.633679389953613,-0.00200082641094923,0.129130847752094
1.82822465896606,-0.633603274822235,-0.000372002163203433,0.129011638462543
2.08331680297852,-0.633380949497223,0.00263617653399706,0.128882899880409
2.3391056060791,-0.633434116840363,0.00276136235333979,0.128863669931889
-2.2544846534729,-0.884091317653656,0.00273506133817136,0.129502423107624
-1.99923825263977,-0.884062886238098,0.00154796859715134,0.129556782543659
-1.74397552013397,-0.884053945541382,0.000519198772963136,0.129443176090717
-1.4884033203125,-0.884211897850037,-0.00169054989237338,0.129376113414764
-1.23263907432556,-0.884406387805939,-0.00454363040626049,0.129353888332844
-0.976960062980652,-0.884459137916565,-0.00677802739664912,0.12931801378727
-0.72104412317276,-0.884527206420898,-0.00985944550484419,0.129227675497532
-0.46537446975708,-0.884563744068146,-0.0115833971649408,0.12906264513731
-0.210078820586205,-0.884581923484802,-0.0113768987357616,0.128916651010513
0.0449376031756401,-0.88451224565506,-0.00968634989112616,0.128805764019489
0.300009697675705,-0.884391844272614,-0.0080356290563941,0.128720857203007
0.555476307868958,-0.884320199489594,-0.00794995203614235,0.128570586442947
0.810953378677368,-0.884203910827637,-0.00769330421462655,0.128434106707573
1.06627202033997,-0.884090900421143,-0.0065042176283896,0.128354281187057
1.32113361358643,-0.883951485157013,-0.00304788444191217,0.128300070762634
1.57602334022522,-0.883745610713959,0.000483019306557253,0.128166928887367
1.83153986930847,-0.883740663528442,0.00142660469282418,0.128032959997654
2.08658742904663,-0.883526802062988,0.00466539664193988,0.127941228449345
2.34264183044434,-0.883678019046783,0.00364535069093108,0.127902887761593
-2.25120306015015,-1.1335391998291,0.00412174733355641,0.128652095794678
-1.99574184417725,-1.13364219665527,0.00198524026200175,0.128638386726379
-1.74037981033325,-1.13377165794373,0.00054344447562471,0.128508754074574
-1.4844833612442,-1.13399839401245,-0.00311640789732337,0.128395691514015
-1.22840893268585,-1.13436770439148,-0.00734254345297813,0.128265775740147
-0.972307145595551,-1.1347564458847,-0.0114490408450365,0.128250040113926
-0.716166198253632,-1.13498342037201,-0.0155025944113731,0.128232233226299
-0.460816413164139,-1.13485991954803,-0.015730757266283,0.12811815738678
-0.205872371792793,-1.13477373123169,-0.0138869127258658,0.127958700060844
0.0490206964313984,-1.13472604751587,-0.011594039388001,0.127822384238243
0.304278522729874,-1.13471007347107,-0.0107383644208312,0.127715989947319
0.559584200382233,-1.13450908660889,-0.00989188067615032,0.12756984680891
0.814752757549286,-1.13420367240906,-0.00821556523442268,0.127418078482151
1.06996464729309,-1.13411200046539,-0.00650783302262425,0.127333454787731
1.32505536079407,-1.1340970993042,-0.00403757859021425,0.127283543348312
1.58007228374481,-1.13397014141083,-0.0010347735369578,0.127165652811527
1.83556175231934,-1.1339316368103,6.63386526866816e-05,0.127038694918156
2.09078645706177,-1.13383364677429,0.00255952519364655,0.12693740427494
2.34673762321472,-1.13397264480591,0.00203880155459046,0.126880548894405
-2.24804949760437,-1.38305604457855,0.00610599620267749,0.127821065485477
-1.99259769916534,-1.38318657875061,0.00404714653268456,0.12770289927721
-1.73692965507507,-1.38349413871765,0.00123825774062425,0.127527065575123
-1.48117017745972,-1.38371193408966,-0.00175774819217622,0.127388514578342
-1.22510886192322,-1.38407349586487,-0.00589101947844028,0.127225786447525
-0.968627214431763,-1.38463962078094,-0.0116922315210104,0.127117082476616
-0.712137937545776,-1.38511598110199,-0.0172847714275122,0.127099141478539
-0.456689983606339,-1.38516211509705,-0.0179103594273329,0.127055332064629
-0.201869621872902,-1.38509023189545,-0.0154626360163093,0.126951903104782
0.0531958043575287,-1.38505578041077,-0.0139120444655418,0.126799382269382
0.308636546134949,-1.3850314617157,-0.0138447461649776,0.126673497259617
0.563827753067017,-1.38471508026123,-0.0124457525089383,0.126550056040287
0.818607568740845,-1.38433313369751,-0.00897983182221651,0.126433081924915
1.07362413406372,-1.3842431306839,-0.00635567912831903,0.126349590718746
1.32912230491638,-1.38425660133362,-0.00567930191755295,0.126262441277504
1.58448874950409,-1.3842169046402,-0.00419850880280137,0.126131139695644
1.83993136882782,-1.38413882255554,-0.00284860120154917,0.126010328531265
2.09550666809082,-1.38416147232056,-0.0018712900346145,0.125897072255611
2.35120964050293,-1.38427495956421,-0.00124413403682411,0.125838838517666
-2.24467015266418,-1.63274383544922,0.00705722440034151,0.126924432814121
-1.98921155929565,-1.63286864757538,0.00500018196180463,0.126701779663563
-1.73354196548462,-1.63323378562927,0.00222219503484666,0.126542337238789
-1.47780978679657,-1.63348400592804,-0.000612233765423298,0.12637534737587
-1.2219398021698,-1.63387882709503,-0.00383184570819139,0.126231469213963
-0.965687036514282,-1.63438332080841,-0.00855768378823996,0.126121163368225
-0.709232687950134,-1.63480293750763,-0.0139649650081992,0.126042976975441
-0.45355898141861,-1.63495719432831,-0.0155837684869766,0.126017965376377
-0.198598802089691,-1.63501083850861,-0.0137333646416664,0.125977210700512
0.0566307194530964,-1.63503563404083,-0.0128917507827282,0.125819891691208
0.312258064746857,-1.63497292995453,-0.0136383976787329,0.12562483549118
0.567544758319855,-1.63486015796661,-0.012623724527657,0.125506423413754
0.822154581546783,-1.63459300994873,-0.00834799371659756,0.125433720648289
1.07703673839569,-1.63450133800507,-0.00508454628288746,0.125336945056915
1.33269226551056,-1.6344165802002,-0.00508829858154058,0.125207267701626
1.5884565114975,-1.63439559936523,-0.00535570830106735,0.125067040324211
1.84418499469757,-1.63437736034393,-0.00524304015561938,0.124955177307129
2.09983468055725,-1.63439583778381,-0.00455864565446973,0.124872662127018
2.35538005828857,-1.63453757762909,-0.00318620400503278,0.124829322099686
-2.24090051651001,-1.88267731666565,0.00621875934302807,0.125944286584854
-1.98540008068085,-1.88278913497925,0.00400628568604589,0.125662080943584
-1.72983574867249,-1.88308596611023,0.00174675171729177,0.125488795340061
-1.47411668300629,-1.88341569900513,-0.000985164777375758,0.125326849520206
-1.21845948696136,-1.88385009765625,-0.00319006945937872,0.125219978392124
-0.962456285953522,-1.88425374031067,-0.00674501899629831,0.125164493918419
-0.705965340137482,-1.88464665412903,-0.0122890369966626,0.125087469816208
-0.450157821178436,-1.88480019569397,-0.0144855519756675,0.125070728361607
-0.195470348000526,-1.88477766513824,-0.0113659342750907,0.125046268105507
0.0592218115925789,-1.88459241390228,-0.00806758180260658,0.124813407659531
0.314932763576508,-1.88466930389404,-0.00915886927396059,0.124506801366806
0.570609271526337,-1.8848659992218,-0.00986052397638559,0.124399438500404
0.825714468955994,-1.88490843772888,-0.00777065474539995,0.12440250813961
1.08063852787018,-1.88479506969452,-0.00466281920671463,0.124323330819607
1.336057305336,-1.88463616371155,-0.00357303232885897,0.124180354177952
1.59184050559998,-1.8845282793045,-0.00389878847636282,0.124053657054901
1.84770095348358,-1.88455271720886,-0.00434198882430792,0.123976334929466
2.10338568687439,-1.88455545902252,-0.00378166628070176,0.123909011483192
2.35892915725708,-1.88474178314209,-0.00236492371186614,0.123901918530464
-2.2368369102478,-2.13283324241638,0.00403648754581809,0.124947525560856
-1.98142635822296,-2.13290238380432,0.00227613304741681,0.124669596552849
-1.72595906257629,-2.13312339782715,0.000498394365422428,0.124501138925552
-1.47057020664215,-2.13337922096252,-0.000681806588545442,0.12432798743248
-1.21514523029327,-2.13372874259949,-0.00179128535091877,0.124233059585094
-0.959312915802002,-2.13403701782227,-0.00453742500394583,0.12414612621069
-0.702886641025543,-2.13435816764832,-0.00975948758423328,0.124063573777676
-0.44698441028595,-2.13454389572144,-0.0123551078140736,0.12406125664711
-0.19232003390789,-2.13448023796082,-0.00910185091197491,0.124018512666225
0.0620180629193783,-2.13418555259705,-0.00417243549600244,0.123793952167034
0.317551076412201,-2.13429355621338,-0.00442829728126526,0.123480543494225
0.573588848114014,-2.13467407226562,-0.00672587985172868,0.123353481292725
0.829405844211578,-2.13503313064575,-0.00779825448989868,0.123381279408932
1.08463394641876,-2.13506412506104,-0.00601474335417151,0.12332297116518
1.33979845046997,-2.13495588302612,-0.00374165247194469,0.123155519366264
1.59536504745483,-2.13478112220764,-0.0030646538361907,0.123029142618179
1.85107159614563,-2.13473892211914,-0.00279008829966187,0.122998259961605
2.10657715797424,-2.13465118408203,-0.00140367716085166,0.122950471937656
2.36222457885742,-2.13482284545898,-0.000420545402448624,0.122990235686302
-2.23257064819336,-2.38299798965454,0.000917110068257898,0.124028943479061
-1.97735857963562,-2.38302087783813,0.000112643494503573,0.123789727687836
-1.72199296951294,-2.38318729400635,-0.00115935585927218,0.123609155416489
-1.46690762042999,-2.38338017463684,-0.000909250462427735,0.123428240418434
-1.21161150932312,-2.38359832763672,-0.00139974581543356,0.12325456738472
-0.955994784832001,-2.38385319709778,-0.00312743149697781,0.12311102449894
-0.700011968612671,-2.38405275344849,-0.00629889592528343,0.122976019978523
-0.444169670343399,-2.38432788848877,-0.00858738645911217,0.122951127588749
-0.1892309486866,-2.38426780700684,-0.00655400846153498,0.122850529849529
0.065520778298378,-2.38412094116211,-0.00346258049830794,0.122710213065147
0.320877730846405,-2.38413119316101,-0.00289313867688179,0.122489109635353
0.577227592468262,-2.38464879989624,-0.00656062597408891,0.122367613017559
0.833560049533844,-2.38510298728943,-0.00991714932024479,0.122379086911678
1.08901798725128,-2.38535380363464,-0.00911481119692326,0.122300580143929
1.34391713142395,-2.38528537750244,-0.00560559146106243,0.122137747704983
1.59909582138062,-2.38504505157471,-0.00315476534888148,0.121981166303158
1.8546861410141,-2.38493871688843,-0.00232866173610091,0.121980182826519
2.11004519462585,-2.38480877876282,-0.00025670844479464,0.12192802131176
2.36576843261719,-2.3848762512207,0.000414356065448374,0.121985487639904
-2.22833514213562,-2.63297033309937,-0.00207118107937276,0.123144567012787
-1.97321212291718,-2.63299059867859,-0.00242266640998423,0.122929066419601
-1.71798408031464,-2.63316583633423,-0.00301903206855059,0.122713848948479
-1.46292519569397,-2.63332891464233,-0.00260953744873405,0.122521921992302
-1.20773315429688,-2.63352370262146,-0.00258481688797474,0.122285798192024
-0.952326357364655,-2.63375329971313,-0.00331505876965821,0.122085317969322
-0.696829974651337,-2.63394927978516,-0.00422898773103952,0.121943987905979
-0.441260606050491,-2.63413095474243,-0.00524816988036036,0.121855437755585
-0.186050027608871,-2.63409972190857,-0.00442094076424837,0.121685780584812
0.0693672150373459,-2.63411116600037,-0.00430953130125999,0.121597081422806
0.325134813785553,-2.63430452346802,-0.00555162318050861,0.121507957577705
0.581328928470612,-2.63469862937927,-0.00848198775202036,0.121415317058563
0.837348937988281,-2.63500642776489,-0.0103988917544484,0.121376469731331
1.09290504455566,-2.63529324531555,-0.00999994389712811,0.121262162923813
1.34813272953033,-2.63552045822144,-0.00791090819984674,0.121140517294407
1.60315012931824,-2.63543224334717,-0.00468774139881134,0.120958797633648
1.85859608650208,-2.63526844978333,-0.00318163493648171,0.120914049446583
2.11404991149902,-2.63517761230469,-0.00149385549593717,0.120843127369881
2.36966133117676,-2.63507914543152,-0.000296937563689426,0.120865657925606
-2.2244861125946,-2.88273000717163,-0.00328481453470886,0.122180916368961
-1.96937155723572,-2.88279128074646,-0.00355633068829775,0.121948085725307
-1.71409058570862,-2.88308429718018,-0.00435051927343011,0.121733948588371
-1.45873069763184,-2.88331890106201,-0.00528204441070557,0.121532827615738
-1.20351302623749,-2.88359403610229,-0.00532827153801918,0.121315464377403
-0.948264002799988,-2.88388991355896,-0.0052906577475369,0.121108047664165
-0.692978084087372,-2.8841118812561,-0.00520153529942036,0.120975069701672
-0.437749326229095,-2.88415336608887,-0.00463971449062228,0.12085597217083
-0.18254742026329,-2.8841392993927,-0.00373787456192076,0.120660834014416
0.0729755833745003,-2.88428282737732,-0.004064223729074,0.120577961206436
0.329047948122025,-2.88457345962524,-0.00664589600637555,0.120510101318359
0.585058331489563,-2.88478589057922,-0.00871975254267454,0.120456025004387
0.840799689292908,-2.88499999046326,-0.00935011729598045,0.120364122092724
1.09632408618927,-2.88523101806641,-0.00877904146909714,0.120217531919479
1.35192048549652,-2.88561820983887,-0.00830375589430332,0.120062954723835
1.60737884044647,-2.88577342033386,-0.00700645474717021,0.11993757635355
1.86275053024292,-2.88568449020386,-0.00512341363355517,0.119843654334545
2.11831307411194,-2.88565802574158,-0.00387808866798878,0.119776830077171
2.37363862991333,-2.88540983200073,-0.00137703737709671,0.11974074691534
-2.22075200080872,-3.13250946998596,-0.00396524416282773,0.121125489473343
-1.96573483943939,-3.132652759552,-0.00374470464885235,0.120868109166622
-1.71040487289429,-3.13304901123047,-0.00472221057862043,0.120672777295113
-1.45496249198914,-3.13335847854614,-0.00599067797884345,0.120483011007309
-1.19954931735992,-3.1337525844574,-0.00688888318836689,0.120331160724163
-0.944216072559357,-3.13408088684082,-0.00719624012708664,0.120151475071907
-0.688941955566406,-3.13432383537292,-0.00701239937916398,0.120015546679497
-0.433867603540421,-3.13434529304504,-0.00570887420326471,0.119892746210098
-0.178803980350494,-3.13428497314453,-0.00414339220151305,0.11972314864397
0.0766400694847107,-3.13444018363953,-0.00407447200268507,0.119618847966194
0.332571536302567,-3.13469910621643,-0.00598469981923699,0.119475595653057
0.588531076908112,-3.13490128517151,-0.0077957371249795,0.119379423558712
0.844044268131256,-3.13500809669495,-0.00737011106684804,0.119321122765541
1.09958899021149,-3.13518881797791,-0.00686265993863344,0.119194097816944
1.35551750659943,-3.13566970825195,-0.00784266926348209,0.119067877531052
1.6113874912262,-3.13600754737854,-0.00834543164819479,0.118959955871105
1.86666035652161,-3.13595080375671,-0.0059803263284266,0.118850789964199
2.12234902381897,-3.13594818115234,-0.00525983748957515,0.118801608681679
2.37749934196472,-3.13564324378967,-0.00194436428137124,0.118728883564472
-2.21671915054321,-3.38246011734009,-0.00601516338065267,0.120002746582031
-1.96189308166504,-3.38271355628967,-0.00486585404723883,0.119736135005951
-1.7063946723938,-3.38321399688721,-0.00657435739412904,0.119588620960712
-1.45100700855255,-3.38361692428589,-0.00754594476893544,0.119448184967041
-1.19535040855408,-3.38419795036316,-0.00950965750962496,0.119362533092499
-0.940064489841461,-3.38437271118164,-0.00956919975578785,0.119194887578487
-0.684925317764282,-3.38444304466248,-0.00874005816876888,0.119057975709438
-0.429780572652817,-3.38447761535645,-0.00771744409576058,0.118967771530151
-0.174563825130463,-3.38454461097717,-0.00680100917816162,0.11887626349926
0.0808442011475563,-3.38478636741638,-0.00652216142043471,0.118734076619148
0.33653998374939,-3.38496065139771,-0.00732992729172111,0.118489235639572
0.592204391956329,-3.38512635231018,-0.00777104357257485,0.118258260190487
0.847713947296143,-3.38532662391663,-0.00728817703202367,0.118167616426945
1.10342216491699,-3.38560771942139,-0.00747552281245589,0.118110373616219
1.35906267166138,-3.38590741157532,-0.00713661732152104,0.118038102984428
1.61468827724457,-3.38600945472717,-0.00652546854689717,0.117961220443249
1.87017714977264,-3.38597655296326,-0.00509435823187232,0.117878489196301
2.12586069107056,-3.38599061965942,-0.00431756488978863,0.117854990065098
2.38124513626099,-3.38576817512512,-0.00200827792286873,0.117797784507275
-2.21272373199463,-3.63239026069641,-0.00789389200508595,0.118889652192593
-1.95800948143005,-3.63272404670715,-0.00618277536705136,0.118631593883038
-1.70256304740906,-3.63326358795166,-0.00761124165728688,0.118489049375057
-1.44724059104919,-3.63371205329895,-0.00824243947863579,0.118354246020317
-1.19156801700592,-3.63437867164612,-0.0102368919178843,0.118282705545425
-0.936368107795715,-3.6343936920166,-0.00987608078867197,0.118130795657635
-0.681220769882202,-3.63441181182861,-0.00905130337923765,0.118033103644848
-0.425803422927856,-3.63457989692688,-0.00922708678990602,0.117991074919701
-0.170201256871223,-3.63487315177917,-0.0100109009072185,0.117940850555897
0.08534025400877,-3.63516688346863,-0.0102928364649415,0.117806933820248
0.340617269277573,-3.6352641582489,-0.00916556362062693,0.117493033409119
0.59595513343811,-3.63537263870239,-0.00809541065245867,0.117225676774979
0.85146552324295,-3.63569617271423,-0.00757253635674715,0.11709538847208
1.10722947120667,-3.63604164123535,-0.00797127094119787,0.117022313177586
1.36263489723206,-3.63623070716858,-0.00654721772298217,0.116938039660454
1.61779975891113,-3.63612198829651,-0.00385040976107121,0.116873629391193
1.87355983257294,-3.63608026504517,-0.00360425398685038,0.116843655705452
2.12908029556274,-3.63603782653809,-0.00207091844640672,0.116841241717339
2.38499522209167,-3.6360194683075,-0.00208211410790682,0.116841807961464
-2.20943713188171,-3.88215827941895,-0.00650368025526404,0.117875814437866
-1.95465505123138,-3.88248062133789,-0.005073516163975,0.117630787193775
-1.69911062717438,-3.88307523727417,-0.00691598141565919,0.117510743439198
-1.4437940120697,-3.88352489471436,-0.00748627865687013,0.117360882461071
-1.18848192691803,-3.88399791717529,-0.00780595326796174,0.117280706763268
-0.933334350585938,-3.88409924507141,-0.00716982129961252,0.117136083543301
-0.678012549877167,-3.88431572914124,-0.00709972018375993,0.117055766284466
-0.42209529876709,-3.88462853431702,-0.00951377023011446,0.116995647549629
-0.16618338227272,-3.88506054878235,-0.0116618340834975,0.116936735808849
0.0892939493060112,-3.88529086112976,-0.0116180786862969,0.116785109043121
0.344197660684586,-3.8853063583374,-0.00876717921346426,0.116505771875381
0.599442958831787,-3.88543581962585,-0.00724288262426853,0.11630667746067
0.855210244655609,-3.88585138320923,-0.00784006994217634,0.116136193275452
1.11108016967773,-3.88616490364075,-0.00868263281881809,0.115976750850677
1.36637783050537,-3.88640069961548,-0.0067349779419601,0.115829698741436
1.62126934528351,-3.88631653785706,-0.00277562090195715,0.115737572312355
1.87698411941528,-3.8863639831543,-0.00228903722018003,0.11574512720108
2.13256430625916,-3.88634014129639,-0.000989392283372581,0.115714758634567
2.38886094093323,-3.88656330108643,-0.00265369354747236,0.115778252482414
-2.20620965957642,-4.13211584091187,-0.00482654618099332,0.116926424205303
-1.951287150383,-4.13234186172485,-0.00401894515380263,0.116706155240536
-1.69601440429688,-4.13280391693115,-0.00458530522882938,0.116575106978416
-1.44069707393646,-4.13314723968506,-0.00513570057228208,0.116413936018944
-1.18556427955627,-4.13349580764771,-0.00460998993366957,0.11631628125906
-0.930356740951538,-4.13384771347046,-0.00420360919088125,0.116197004914284
-0.674821019172668,-4.13427114486694,-0.00506810517981648,0.116079732775688
-0.418545186519623,-4.13474607467651,-0.00907529983669519,0.11592061072588
-0.162631645798683,-4.13504886627197,-0.0112052243202925,0.115811355412006
0.0926487445831299,-4.13516283035278,-0.0102410418912768,0.115730240941048
0.347650855779648,-4.13525533676147,-0.00779883610084653,0.115566492080688
0.603040218353271,-4.13543033599854,-0.00689010182395577,0.115405306220055
0.858862102031708,-4.13573598861694,-0.00770667148754001,0.115218043327332
1.1147803068161,-4.13607168197632,-0.00873063504695892,0.115018598735332
1.37024569511414,-4.13646030426025,-0.00749231316149235,0.114787764847279
1.62523889541626,-4.13662672042847,-0.00393584370613098,0.1146275177598
1.88080418109894,-4.13676929473877,-0.00273708021268249,0.114624604582787
2.13642716407776,-4.13684368133545,-0.00158606201875955,0.114568896591663
2.39279508590698,-4.13725423812866,-0.00352061120793223,0.114647686481476
-2.20216131210327,-4.38258361816406,-0.00691161537542939,0.115876458585262
-1.94716548919678,-4.38272094726562,-0.00640893960371614,0.115701466798782
-1.69199788570404,-4.38304615020752,-0.00645976001396775,0.115580171346664
-1.43694460391998,-4.38322401046753,-0.00576796289533377,0.115445710718632
-1.1819908618927,-4.38347244262695,-0.00439094053581357,0.115354008972645
-0.926918029785156,-4.38392925262451,-0.00332571170292795,0.115264914929867
-0.671409547328949,-4.38438415527344,-0.00403052661567926,0.115106232464314
-0.41526585817337,-4.38480186462402,-0.00740628596395254,0.114874817430973
-0.159302204847336,-4.38498830795288,-0.00974053237587214,0.114709675312042
0.0960606411099434,-4.38506078720093,-0.00912171974778175,0.114660367369652
0.351493418216705,-4.38530206680298,-0.00858834851533175,0.114570066332817
0.60727721452713,-4.38561391830444,-0.00941772572696209,0.114403106272221
0.863182306289673,-4.38597774505615,-0.0105660287663341,0.114198848605156
1.11862599849701,-4.3861870765686,-0.00942119676619768,0.114057026803493
1.37399959564209,-4.38662767410278,-0.00773031683638692,0.113875739276409
1.62920844554901,-4.38703298568726,-0.00508989114314318,0.113707281649113
1.88475251197815,-4.38729953765869,-0.00375098967924714,0.113649450242519
2.14035964012146,-4.38737344741821,-0.00249316752888262,0.113565996289253
2.39667582511902,-4.38786172866821,-0.00415579415857792,0.113600350916386
-2.19810271263123,-4.63298225402832,-0.00904860533773899,0.114639490842819
-1.94300711154938,-4.63317632675171,-0.00896250829100609,0.114537760615349
-1.68792378902435,-4.63341808319092,-0.00858983024954796,0.114506803452969
-1.43296074867249,-4.63357019424438,-0.00744510907679796,0.114420674741268
-1.17799615859985,-4.63383007049561,-0.00607871124520898,0.114380404353142
-0.923013269901276,-4.63423013687134,-0.00456671556457877,0.114328093826771
-0.667626142501831,-4.63461637496948,-0.00468384847044945,0.11416794359684
-0.411785334348679,-4.63485956192017,-0.00665419548749924,0.113902993500233
-0.155972376465797,-4.63497066497803,-0.00827473402023315,0.113674089312553
0.0997318029403687,-4.6351580619812,-0.00916631426662207,0.113579846918583
0.355715453624725,-4.63571405410767,-0.0110730146989226,0.11352427303791
0.611924231052399,-4.63632297515869,-0.0137641606852412,0.113379679620266
0.867836356163025,-4.63674259185791,-0.0148966321721673,0.113207615911961
1.12295377254486,-4.63690662384033,-0.0122422762215137,0.113115265965462
1.37790679931641,-4.63721227645874,-0.00862951017916203,0.112993143498898
1.63297426700592,-4.63754510879517,-0.00532407034188509,0.112873189151287
1.88862323760986,-4.63781070709229,-0.00441929372027516,0.11277113109827
2.14424133300781,-4.63794136047363,-0.00317117245867848,0.112681709229946
2.40046787261963,-4.63840818405151,-0.00440017459914088,0.112638905644417
-2.19506525993347,-4.88266324996948,-0.00650865817442536,0.113458745181561
-1.93969416618347,-4.88307857513428,-0.00764982867985964,0.1134267821908
-1.68446743488312,-4.8834080696106,-0.00789936073124409,0.113405637443066
-1.42935395240784,-4.88370895385742,-0.00740233156830072,0.113378159701824
-1.17418038845062,-4.8840184211731,-0.00695665972307324,0.113352090120316
-0.919121086597443,-4.88434600830078,-0.00576230324804783,0.113276109099388
-0.663649320602417,-4.88472032546997,-0.00622941600158811,0.113155275583267
-0.407897233963013,-4.88500356674194,-0.00775463413447142,0.112956538796425
-0.152353316545486,-4.88522672653198,-0.00810639746487141,0.112767204642296
0.103354148566723,-4.88551950454712,-0.00897139310836792,0.112590916454792
0.359212070703506,-4.88608932495117,-0.0102730374783278,0.112473949790001
0.615465998649597,-4.88678884506226,-0.0131290545687079,0.112337864935398
0.871498823165894,-4.88737678527832,-0.0147615484893322,0.112242333590984
1.12664520740509,-4.88766717910767,-0.0121947210282087,0.112174190580845
1.38168799877167,-4.88786792755127,-0.008958057500422,0.112053096294403
1.63689351081848,-4.88800191879272,-0.00624956469982862,0.111952155828476
1.89260864257812,-4.88822746276855,-0.00560800451785326,0.111844271421432
2.14823317527771,-4.88848066329956,-0.00434339139610529,0.111769758164883
2.40426063537598,-4.88890743255615,-0.00464998465031385,0.111665707081556
-2.19263887405396,-5.13193368911743,-0.00116849399637431,0.112543739378452
-1.93688821792603,-5.13258361816406,-0.00402276637032628,0.112540490925312
-1.68133807182312,-5.13309383392334,-0.0057224202901125,0.112517565488815
-1.42573428153992,-5.13366937637329,-0.00743084168061614,0.11247543990612
-1.17026543617249,-5.13412809371948,-0.00829445850104094,0.112366169691086
-0.915068209171295,-5.13445520401001,-0.00769415451213717,0.112202763557434
-0.659541249275208,-5.13493061065674,-0.00836747884750366,0.112085856497288
-0.403699815273285,-5.13542509078979,-0.0102463690564036,0.111984640359879
-0.148367494344711,-5.13571929931641,-0.00959058105945587,0.111882597208023
0.107040718197823,-5.1360502243042,-0.00905634742230177,0.111723102629185
0.362494379281998,-5.13647270202637,-0.00850124750286341,0.111559972167015
0.618411183357239,-5.13706016540527,-0.00980950985103846,0.111428700387478
0.874341130256653,-5.13753795623779,-0.0109572745859623,0.111329428851604
1.12974488735199,-5.13781213760376,-0.00952363200485706,0.111250765621662
1.38529634475708,-5.13810062408447,-0.00853883940726519,0.11111618578434
1.64087009429932,-5.13831615447998,-0.00744262523949146,0.110973194241524
1.89655828475952,-5.13868236541748,-0.00663418183103204,0.110849291086197
2.15218901634216,-5.13891506195068,-0.00536237005144358,0.110758118331432
2.40787196159363,-5.13933181762695,-0.00409836322069168,0.110635034739971
-2.18967890739441,-5.3815975189209,0.00172912643756717,0.111805528402328
-1.93368887901306,-5.38235664367676,-0.00219337409362197,0.111778572201729
-1.6778838634491,-5.38307237625122,-0.00502227526158094,0.111661456525326
-1.42204868793488,-5.3837194442749,-0.00775604275986552,0.111544854938984
-1.16659128665924,-5.38422536849976,-0.00852816738188267,0.111367680132389
-0.911383152008057,-5.38456392288208,-0.00794145278632641,0.111179195344448
-0.655731201171875,-5.38515710830688,-0.00914252456277609,0.111062817275524
-0.399613112211227,-5.38583612442017,-0.0122338971123099,0.111003957688808
-0.14431668817997,-5.38616561889648,-0.0113734807819128,0.110901325941086
0.110926426947117,-5.3864917755127,-0.0100514311343431,0.110752485692501
0.366192221641541,-5.38686323165894,-0.00861177314072847,0.110618181526661
0.62187784910202,-5.38738298416138,-0.00884436722844839,0.110510308295488
0.877722263336182,-5.38788461685181,-0.00957214087247849,0.11040074005723
1.13332462310791,-5.38815689086914,-0.00900173000991344,0.110260855406523
1.38906705379486,-5.38833045959473,-0.00884956680238247,0.110085349529982
1.64488554000854,-5.38858699798584,-0.00881380401551723,0.109900783747435
1.90043425559998,-5.38897752761841,-0.00734214810654521,0.10980137437582
2.155921459198,-5.38924407958984,-0.00539130438119173,0.109700106084347
2.41123938560486,-5.38963508605957,-0.00246766814962029,0.109593737870455
-2.18585300445557,-5.63181924819946,0.000659348035696894,0.111008994281292
-1.92988777160645,-5.63255500793457,-0.0031125764362514,0.110951498150826
-1.67405319213867,-5.63328456878662,-0.00603975681588054,0.110769681632519
-1.41838979721069,-5.63390588760376,-0.00794833991676569,0.11057947576046
-1.16320466995239,-5.63437700271606,-0.00743799097836018,0.110372893512249
-0.907873928546906,-5.63480281829834,-0.00737452181056142,0.11017831414938
-0.652034878730774,-5.63543653488159,-0.00939411763101816,0.110078349709511
-0.395529538393021,-5.6362247467041,-0.0142084918916225,0.110030248761177
-0.140121623873711,-5.63662481307983,-0.0138117745518684,0.109943442046642
0.114941768348217,-5.63692426681519,-0.0116357747465372,0.109801534563303
0.370243221521378,-5.63729667663574,-0.0103198504075408,0.109632831066847
0.626195669174194,-5.63791131973267,-0.0117145944386721,0.109543573111296
0.882348597049713,-5.63849592208862,-0.0137886609882116,0.109412975609303
1.13798534870148,-5.63879537582397,-0.0133283669129014,0.109245024621487
1.39346957206726,-5.63901567459106,-0.0119689516723156,0.10908455401659
1.64888775348663,-5.63911056518555,-0.0101086916401982,0.108917325735092
1.9042261838913,-5.63940525054932,-0.00766538549214602,0.108804494142532
2.15960097312927,-5.63966035842896,-0.00517843663692474,0.108679316937923
2.41470408439636,-5.63995027542114,-0.00126975693274289,0.10859189927578
-2.18140196800232,-5.88226175308228,-0.00328659871593118,0.110048398375511
-1.92568576335907,-5.88290643692017,-0.00587203819304705,0.109981819987297
-1.6701123714447,-5.88355588912964,-0.00756035046651959,0.109826281666756
-1.41461038589478,-5.88413286209106,-0.00869172625243664,0.109631307423115
-1.15943610668182,-5.8846583366394,-0.00809150282293558,0.109428316354752
-0.903998374938965,-5.88513946533203,-0.00847789645195007,0.109213814139366
-0.648098587989807,-5.88571739196777,-0.0107419081032276,0.109107054769993
-0.391555160284042,-5.88645076751709,-0.0156963095068932,0.109048165380955
-0.136064320802689,-5.88682222366333,-0.0156414192169905,0.108955878764391
0.118940271437168,-5.88715982437134,-0.0131574599072337,0.108830444514751
0.37444669008255,-5.8876166343689,-0.0127269122749567,0.108645383268595
0.630838930606842,-5.88845157623291,-0.0160557832568884,0.10852612927556
0.887376129627228,-5.88925886154175,-0.0198053326457739,0.108383871614933
1.14276123046875,-5.88949060440063,-0.0181698277592659,0.108239602297544
1.39780151844025,-5.88963747024536,-0.0147763090208173,0.108098346740007
1.65299022197723,-5.88978719711304,-0.0118422480300069,0.107925899326801
1.90815114974976,-5.89001035690308,-0.00857178308069706,0.107808481901884
2.16365122795105,-5.89034557342529,-0.00660285586491227,0.10772093012929
2.41880655288696,-5.89054441452026,-0.0028966935351491,0.107641339302063
-2.1767110824585,-6.13272142410278,-0.00834087748080492,0.108948558568954
-1.92143487930298,-6.13323259353638,-0.00885861646384001,0.108888708055019
-1.66613304615021,-6.13376426696777,-0.009262815117836,0.108758706599474
-1.41079092025757,-6.13431453704834,-0.00962205417454243,0.108595658093691
-1.15545153617859,-6.13492727279663,-0.00973696354776621,0.108402829617262
-0.899927735328674,-6.13544178009033,-0.0104768015444279,0.108189065009356
-0.644023895263672,-6.1359977722168,-0.0127221718430519,0.108059328049421
-0.387785226106644,-6.13656663894653,-0.0162597075104713,0.108006905764341
-0.132279336452484,-6.13695049285889,-0.0162368379533291,0.107951257377863
0.122620865702629,-6.13733959197998,-0.0132393930107355,0.10787596181035
0.378025680780411,-6.13781499862671,-0.012312482111156,0.107672534883022
0.634481251239777,-6.13871812820435,-0.0158896222710609,0.107476670295
0.891149580478668,-6.1395959854126,-0.0201921798288822,0.107325363904238
1.14698219299316,-6.14008140563965,-0.0205194298177958,0.10718596726656
1.40198254585266,-6.14029407501221,-0.0169027354568243,0.107059564441442
1.65722548961639,-6.14058446884155,-0.0141638377681375,0.106938533484936
1.91243982315063,-6.14083385467529,-0.0110919568687677,0.106844998896122
2.16800093650818,-6.14118576049805,-0.0093552153557539,0.106794733554125
2.42341494560242,-6.14140653610229,-0.00676153274253011,0.106727406382561
-2.17229390144348,-6.38312578201294,-0.0121330535039306,0.10785723105073
-1.91750371456146,-6.38349390029907,-0.0103724701330066,0.107799023389816
-1.66232097148895,-6.38396072387695,-0.0101945092901587,0.107707712799311
-1.40716791152954,-6.38447189331055,-0.00965067371726036,0.107561603188515
-1.15167164802551,-6.38510179519653,-0.0104493498802185,0.107363432645798
-0.896121680736542,-6.38565301895142,-0.0112703256309032,0.107112407684326
-0.640343070030212,-6.38619565963745,-0.0129081886261702,0.106970779597759
-0.384411782026291,-6.38675022125244,-0.0150100467726588,0.106949761509895
-0.128788828849792,-6.38722276687622,-0.0154819097369909,0.106887120753527
0.126143306493759,-6.38761329650879,-0.0125965820625424,0.106786742806435
0.381451278924942,-6.38809299468994,-0.0111974505707622,0.106598306447268
0.637836635112762,-6.38893938064575,-0.0144290309399366,0.106357619166374
0.894431412220001,-6.38979911804199,-0.0183694791048765,0.106178853660822
1.15041840076447,-6.39031934738159,-0.0193591881543398,0.106038864701986
1.40547502040863,-6.39055967330933,-0.0159619003534317,0.105909440666437
1.6609445810318,-6.39101839065552,-0.014195816591382,0.10587028041482
1.91642248630524,-6.39144277572632,-0.0122569939121604,0.105851154774427
2.17203617095947,-6.39187288284302,-0.0107134385034442,0.105814028531313
2.42763352394104,-6.39216947555542,-0.00889496225863695,0.105774227529764
-2.16865944862366,-6.6333589553833,-0.0123134907335043,0.106903724372387
-1.91407263278961,-6.63366842269897,-0.00958291534334421,0.106847628951073
-1.65884590148926,-6.63405847549438,-0.00958018191158772,0.106740321964025
-1.40371942520142,-6.634521484375,-0.00888385344296694,0.10660545527935
-1.14795207977295,-6.63514947891235,-0.010893770493567,0.106386549770832
-0.892392873764038,-6.63576984405518,-0.0117165241390467,0.106101885437965
-0.636957049369812,-6.63629341125488,-0.0117538217455149,0.105965957045555
-0.381311297416687,-6.63693141937256,-0.0125156752765179,0.105913188308477
-0.125400006771088,-6.63758277893066,-0.0142578193917871,0.105806272476912
0.13008987903595,-6.63816833496094,-0.013859935104847,0.105649188160896
0.385550290346146,-6.63871097564697,-0.0131103284657001,0.105480391532183
0.641486585140228,-6.63928747177124,-0.0142916273325682,0.105311300605536
0.897585391998291,-6.63997459411621,-0.0159722659736872,0.105151332914829
1.15336155891418,-6.64040899276733,-0.0159892309457064,0.105005946010351
1.4088282585144,-6.64088106155396,-0.0143919587135315,0.104828272014856
1.66464340686798,-6.6414475440979,-0.0141377551481128,0.104749601334333
1.92030906677246,-6.64193630218506,-0.0130007807165384,0.104704800993204
2.17587733268738,-6.64238548278809,-0.0112176304683089,0.10468540713191
2.43142318725586,-6.64272546768188,-0.00913208071142435,0.104672998189926
-2.16571640968323,-6.88330554962158,-0.00931422505527735,0.106013920158148
-1.91089534759521,-6.88370418548584,-0.00763082085177302,0.105958815664053
-1.65543901920319,-6.88421535491943,-0.00864652078598738,0.105811927467585
-1.39997696876526,-6.88474369049072,-0.00945653300732374,0.105693712830544
-1.14411818981171,-6.88532733917236,-0.0118533000349998,0.105460051447153
-0.888676941394806,-6.88589477539062,-0.0121033461764455,0.10521362349391
-0.633628129959106,-6.88642978668213,-0.0103356670588255,0.105043757706881
-0.378004014492035,-6.88718461990356,-0.0109589463099837,0.104908306151628
-0.12174216657877,-6.88809394836426,-0.0142470961436629,0.104734107851982
0.134355619549751,-6.88891220092773,-0.0165593679994345,0.10449431464076
0.389759987592697,-6.88938236236572,-0.0155211770907044,0.104391288012266
0.645151972770691,-6.88976097106934,-0.0142156258225441,0.104303028434515
0.900671362876892,-6.89016199111938,-0.0132672246545553,0.104206964373589
1.1563503742218,-6.89057159423828,-0.0128199700266123,0.104037210345268
1.41262423992157,-6.89143228530884,-0.0147956227883697,0.103784736245871
1.66868650913239,-6.89199209213257,-0.015615857206285,0.103651277720928
1.9244989156723,-6.892493724823,-0.0150988632813096,0.103543154895306
2.17997002601624,-6.89287567138672,-0.0128482449799776,0.103479132056236
2.43530464172363,-6.89319610595703,-0.00978436134755611,0.103491153568029
-2.16290593147278,-7.13307189941406,-0.00571299577131867,0.105013996362686
-1.90768945217133,-7.13366317749023,-0.00581530295312405,0.1049440279603
-1.65203189849854,-7.13434171676636,-0.00771608063951135,0.104811552911997
-1.39607465267181,-7.13499546051025,-0.0107620926573873,0.104705590754747
-1.14009463787079,-7.13560962677002,-0.0136757688596845,0.104529768228531
-0.884640574455261,-7.13626003265381,-0.0139403585344553,0.104335367679596
-0.629637002944946,-7.13687705993652,-0.011921881698072,0.104127265512943
-0.374256700277328,-7.13760423660278,-0.0113971941173077,0.103911608457565
-0.118272542953491,-7.13847255706787,-0.013389109633863,0.103650365024805
0.13784171640873,-7.13926076889038,-0.0157459732145071,0.103403937071562
0.393331974744797,-7.13974380493164,-0.0150637850165367,0.103342216461897
0.648597240447998,-7.14010143280029,-0.0131533425301313,0.103307232260704
0.90386039018631,-7.14041042327881,-0.0110230725258589,0.103253308683634
1.15975821018219,-7.1409649848938,-0.0115219792351127,0.103078126907349
1.41645956039429,-7.14191198348999,-0.0153821054846048,0.102780856192112
1.67283546924591,-7.14246988296509,-0.0175745654851198,0.102540917694569
1.92866182327271,-7.14299821853638,-0.0170800909399986,0.102431979030371
2.18440532684326,-7.14343976974487,-0.0160043425858021,0.102370604872704
2.44011259078979,-7.14394474029541,-0.0145495356991887,0.102443639189005
2.70022797584534,-7.14623737335205,-0.0323695912957191,0.102738566696644
-2.15944886207581,-7.38298082351685,-0.00509533006697893,0.103868097066879
-1.90412044525146,-7.38375329971313,-0.00566767156124115,0.103776950389147
-1.64847123622894,-7.38444423675537,-0.00749473413452506,0.10368774086237
-1.39237141609192,-7.38531589508057,-0.0111465277150273,0.103578619658947
-1.13623023033142,-7.3860559463501,-0.0147557752206922,0.103485196828842
-0.880490064620972,-7.38673305511475,-0.0162921696901321,0.103323429822922
-0.625403702259064,-7.38730621337891,-0.0146160302683711,0.103093035519123
-0.370321184396744,-7.38794422149658,-0.0126996114850044,0.10286858305335
-0.114758908748627,-7.38872957229614,-0.0127402422949672,0.102613262832165
0.141000509262085,-7.3894419670105,-0.0134580051526427,0.102422811090946
0.396527886390686,-7.38996124267578,-0.0129120778292418,0.102336410433054
0.651946187019348,-7.39037847518921,-0.0116603141650558,0.102281134575605
0.907462596893311,-7.39071893692017,-0.0106402095407248,0.102164845913649
1.16380250453949,-7.39144420623779,-0.013085450977087,0.101971808820963
1.42056560516357,-7.39239120483398,-0.0171860922127962,0.10170204937458
1.67679476737976,-7.39296436309814,-0.0186817012727261,0.101473908871412
1.93223011493683,-7.39345502853394,-0.0164029691368341,0.101404540240765
2.18772864341736,-7.39391660690308,-0.0141997784376144,0.101327493786812
2.44344544410706,-7.39454078674316,-0.0127483243122697,0.101391237229109
2.70108914375305,-7.39612483978271,-0.0195900313556194,0.101465899497271
-2.15504932403564,-7.63322782516479,-0.00881448108702898,0.102689810097218
-1.89997160434723,-7.63408279418945,-0.00818012561649084,0.102610733360052
-1.6445107460022,-7.63479661941528,-0.00909783970564604,0.102590788155794
-1.3888875246048,-7.63567495346069,-0.0105189867317677,0.102512735873461
-1.1328432559967,-7.63641595840454,-0.0136502217501402,0.102446995675564
-0.876606166362762,-7.63722324371338,-0.0174213889986277,0.102275304496288
-0.621041893959045,-7.63790321350098,-0.0178851988166571,0.102042622864246
-0.366025984287262,-7.63848495483398,-0.0156280342489481,0.101818058639765
-0.110933296382427,-7.63908290863037,-0.0135045358911157,0.101630959659815
0.144370838999748,-7.63966512680054,-0.0121280206367373,0.101470734924078
0.399949789047241,-7.64027452468872,-0.0117780473083258,0.101335309445858
0.655685245990753,-7.64070653915405,-0.0119282491505146,0.101231828331947
0.911428451538086,-7.64106845855713,-0.0118963550776243,0.101071141660213
1.16767776012421,-7.64181709289551,-0.0138950860127807,0.10089360550046
1.42393100261688,-7.64266586303711,-0.0156755726784468,0.100657753646374
1.67970943450928,-7.64329290390015,-0.0151141677051783,0.100437350571156
1.93489134311676,-7.64369869232178,-0.0116803022101521,0.100392248481512
2.19067573547363,-7.64435005187988,-0.0107164429500699,0.100371427834034
2.44603061676025,-7.64494466781616,-0.00762701267376542,0.100327026098967
2.70308423042297,-7.64618921279907,-0.0118433777242899,0.100320395082235
-2.15019154548645,-7.88369607925415,-0.0146387787535787,0.101568181067705
-1.89546120166779,-7.88451814651489,-0.0123551273718476,0.101542588323355
-1.64029777050018,-7.88522291183472,-0.0118585657328367,0.101541347801685
-1.38519859313965,-7.88603448867798,-0.0108338920399547,0.101537894457579
-1.12974226474762,-7.88662242889404,-0.0112430742010474,0.101437862962484
-0.873470366001129,-7.8874249458313,-0.0151446703821421,0.10120115429163
-0.617181003093719,-7.88840055465698,-0.0188716351985931,0.100947685539722
-0.361853301525116,-7.88897657394409,-0.0180012173950672,0.100762892514467
-0.106951586902142,-7.88942766189575,-0.0149801475927234,0.10063061863184
0.14783887565136,-7.88983583450317,-0.0112458653748035,0.100477550178766
0.403327077627182,-7.89045858383179,-0.0104514565318823,0.100299708545208
0.659193515777588,-7.89100742340088,-0.0111547531560063,0.100189726799726
0.915062606334686,-7.8914794921875,-0.0116507904604077,0.100112453103065
1.17114794254303,-7.89218807220459,-0.0128805488348007,0.0999405644834042
1.42707860469818,-7.89299297332764,-0.0131819350644946,0.099678173661232
1.68267953395844,-7.89365339279175,-0.0117929186671972,0.0994792394340038
1.93779504299164,-7.89414358139038,-0.00802939385175705,0.0994237773120403
2.19323873519897,-7.89468574523926,-0.00552452215924859,0.0993378087878227
2.44895768165588,-7.89527702331543,-0.00403592130169272,0.0992758795619011
2.70587301254272,-7.89632129669189,-0.00762626715004444,0.099230270832777
-2.14562010765076,-8.13407516479492,-0.0191436521708965,0.10052801668644
-1.89102971553802,-8.13482570648193,-0.016174579039216,0.100556690245867
-1.63611829280853,-8.13554382324219,-0.0144730331376195,0.100564830005169
-1.38142991065979,-8.13617515563965,-0.0115320468321443,0.100576180964708
-1.12636601924896,-8.13668251037598,-0.0101100476458669,0.100485969334841
-0.870326042175293,-8.13751316070557,-0.012915376573801,0.100193541496992
-0.61349093914032,-8.13875484466553,-0.0190879050642252,0.0998989716172218
-0.357655763626099,-8.139404296875,-0.0204925686120987,0.0997265949845314
-0.102697141468525,-8.13987922668457,-0.0176896285265684,0.0996335968375206
0.151762932538986,-8.14017772674561,-0.0124229481443763,0.0994897708296776
0.406745254993439,-8.14066123962402,-0.00930909719318151,0.0992928333580494
0.662391066551208,-8.14126491546631,-0.00897881295531988,0.0992512553930283
0.918301522731781,-8.14184188842773,-0.00962458271533251,0.0991701781749725
1.17437493801117,-8.14256191253662,-0.0107705807313323,0.098962314426899
1.43011522293091,-8.14318656921387,-0.0101999482139945,0.0986475795507431
1.685795545578,-8.14384746551514,-0.0091397063806653,0.0984778925776482
1.94113528728485,-8.14440727233887,-0.00634687067940831,0.0984117724001408
2.19690608978271,-8.14498996734619,-0.00527122942730784,0.0983160063624382
2.4525158405304,-8.14556789398193,-0.00326303881593049,0.0982227846980095
2.70931482315063,-8.14648628234863,-0.00631274236366153,0.0981536060571671
-2.14181113243103,-8.38424301147461,-0.020134050399065,0.0995281673967838
-1.8871830701828,-8.38495922088623,-0.0173053685575724,0.0995728708803654
-1.63234639167786,-8.38570976257324,-0.0152198215946555,0.0995936989784241
-1.37740015983582,-8.38637161254883,-0.0134272100403905,0.0996003709733486
-1.12225329875946,-8.38701248168945,-0.0123376110568643,0.0995073281228542
-0.866288423538208,-8.38787841796875,-0.0147576862946153,0.099227499216795
-0.609782814979553,-8.38901138305664,-0.019394239410758,0.0988822877407074
-0.353681087493896,-8.38973331451416,-0.0219747740775347,0.0987239591777325
-0.0985769182443619,-8.39035129547119,-0.0197867210954428,0.0986710004508495
0.155871570110321,-8.39059257507324,-0.014433516189456,0.0985639020800591
0.41055092215538,-8.39096355438232,-0.00991655327379704,0.0984081700444221
0.665732204914093,-8.39159870147705,-0.00744701875373721,0.0983489826321602
0.921593725681305,-8.39230728149414,-0.00783163495361805,0.0981797911226749
1.17776203155518,-8.3930778503418,-0.00937102362513542,0.0978813692927361
1.4334305524826,-8.3936071395874,-0.00845414493232965,0.0975524112582207
1.68910980224609,-8.39419269561768,-0.007365089841187,0.097447145730257
1.94467377662659,-8.39476680755615,-0.00554501451551914,0.0974152870476246
2.20065331459045,-8.39531707763672,-0.00537344114854932,0.0973133631050587
2.4563410282135,-8.39585971832275,-0.00368212955072522,0.0971841849386692
2.71304154396057,-8.39669513702393,-0.00626575062051415,0.0971238277852535
-2.13869500160217,-8.63434410095215,-0.0179223138839006,0.0985672883689404
-1.88412177562714,-8.63502979278564,-0.0148125439882278,0.09859324619174
-1.62899672985077,-8.63588333129883,-0.0140193738043308,0.098565362393856
-1.37376880645752,-8.63666152954102,-0.0134818227961659,0.0985126607120037
-1.11816346645355,-8.63752937316895,-0.0144463591277599,0.0984101146459579
-0.862077713012695,-8.63838768005371,-0.0173818971961737,0.0981739908456802
-0.606064915657043,-8.63910675048828,-0.0197572149336338,0.097878236323595
-0.35013610124588,-8.63991832733154,-0.0215076599270105,0.0977468453347683
-0.0944894179701805,-8.6408109664917,-0.0217359457165003,0.0976777411997318
0.16059236228466,-8.64136791229248,-0.01919836550951,0.0975475981831551
0.415257751941681,-8.64164543151855,-0.0145814511924982,0.0974401980638504
0.67015677690506,-8.64233684539795,-0.0107869785279036,0.0974181331694126
0.925851881504059,-8.64318084716797,-0.0103694414719939,0.0971560887992382
1.18194246292114,-8.64396095275879,-0.0115190474316478,0.0968102253973484
1.43747437000275,-8.64438629150391,-0.00995797943323851,0.0965337716042995
1.69293093681335,-8.64482879638672,-0.0078434394672513,0.0964730493724346
1.94852447509766,-8.64536380767822,-0.00612472649663687,0.0964368097484112
2.20445942878723,-8.64590740203857,-0.00571906520053744,0.0963360331952572
2.46011924743652,-8.64640998840332,-0.00387225509621203,0.0962431691586971
2.71669793128967,-8.64723777770996,-0.00588153442367911,0.0962442643940449
-2.13559508323669,-8.88452911376953,-0.0156277790665627,0.0976254194974899
-1.88124620914459,-8.88513088226318,-0.0114586660638452,0.0976363494992256
-1.6259378194809,-8.88604736328125,-0.0114788599312305,0.0975953564047813
-1.37072956562042,-8.88689708709717,-0.0108169624581933,0.0974922329187393
-1.114666223526,-8.88789939880371,-0.0138450721278787,0.0973375849425793
-0.85844087600708,-8.88880634307861,-0.0173837933689356,0.0971159525215626
-0.602561712265015,-8.88941097259521,-0.0191230792552233,0.0969379879534245
-0.346752852201462,-8.89022731781006,-0.0202933289110661,0.0968502536416054
-0.0904595404863358,-8.89122486114502,-0.0234264805912971,0.0966742634773254
0.165486097335815,-8.89216899871826,-0.0247472263872623,0.0965259484946728
0.420665055513382,-8.89277076721191,-0.0223890542984009,0.0964639708399773
0.675588190555573,-8.89348411560059,-0.0186520535498857,0.0964630655944347
0.930842220783234,-8.89423942565918,-0.0161997117102146,0.0961777791380882
1.18647527694702,-8.89486598968506,-0.015253541059792,0.09587387368083
1.44188618659973,-8.89525985717773,-0.0131096392869949,0.0956395491957664
1.69737589359283,-8.89569664001465,-0.0111045259982347,0.0955692380666733
1.95283222198486,-8.89625453948975,-0.00872955098748207,0.0954985991120338
2.20846962928772,-8.89684772491455,-0.00695165572687984,0.0954525172710419
2.46419787406921,-8.89743709564209,-0.00536788534373045,0.095434632152319
2.72071599960327,-8.89832019805908,-0.00706644495949149,0.0955065675079823
-2.13191413879395,-9.13484859466553,-0.0160136185586452,0.0966328084468842
-1.87768638134003,-9.13539218902588,-0.0112536009401083,0.0966548025608063
-1.62223601341248,-9.13636779785156,-0.0118907010182738,0.0965969897806644
-1.3672890663147,-9.13713073730469,-0.00999766308814287,0.096480343490839
-1.1111581325531,-9.13830757141113,-0.0132903987541795,0.0962673015892506
-0.855087995529175,-9.13924694061279,-0.0160830691456795,0.0960103906691074
-0.599523186683655,-9.13982009887695,-0.0163560751825571,0.0958521403372288
-0.343845099210739,-9.14053726196289,-0.0169093087315559,0.0957983769476414
-0.0872440934181213,-9.14155101776123,-0.0214155931025743,0.0956216305494308
0.169664844870567,-9.14273929595947,-0.0270652342587709,0.0954128615558147
0.425600409507751,-9.14369583129883,-0.028072277083993,0.0953968837857246
0.680706083774567,-9.14450263977051,-0.0251087844371796,0.095403641462326
0.935589730739594,-9.14503288269043,-0.0209539365023375,0.0952237360179424
1.19071340560913,-9.14552974700928,-0.0176788829267025,0.0949923470616341
1.44607353210449,-9.14604091644287,-0.0152593282982707,0.0947793312370777
1.70171213150024,-9.14665508270264,-0.0138712767511606,0.0946658104658127
1.95708572864532,-9.14730644226074,-0.0110794622451067,0.0945784784853458
2.212726354599,-9.14797401428223,-0.00927203055471182,0.0945559144020081
2.46847820281982,-9.14870071411133,-0.00774543592706323,0.0945712998509407
2.72509574890137,-9.14967632293701,-0.00984087120741606,0.0946697704493999
-2.12776112556458,-9.38525199890137,-0.0185775607824326,0.0955432914197445
-1.87332892417908,-9.38587284088135,-0.01471739821136,0.0955846309661865
-1.61811244487762,-9.38677883148193,-0.0142394509166479,0.0955525934696198
-1.36303925514221,-9.3875789642334,-0.0128852678462863,0.0954342782497406
-1.10733091831207,-9.38861465454102,-0.0142088886350393,0.095177385956049
-0.851666390895844,-9.38950061798096,-0.0151111828163266,0.0949099771678448
-0.596338331699371,-9.39013385772705,-0.0142656126990914,0.0947566665709019
-0.340790510177612,-9.39087390899658,-0.0141930272802711,0.0947319380939007
-0.084414929151535,-9.39183521270752,-0.0176489278674126,0.0946051329374313
0.172366693615913,-9.39294052124023,-0.0227006748318672,0.0944377966225147
0.42874538898468,-9.3939380645752,-0.02568962238729,0.0943623259663582
0.684343338012695,-9.39476299285889,-0.0249235574156046,0.094318363815546
0.939378619194031,-9.39541912078857,-0.0214105732738972,0.094210609793663
1.19457340240479,-9.39608097076416,-0.0184094347059727,0.0940536595880985
1.45001137256622,-9.39678287506104,-0.0162900164723396,0.0938339717686176
1.70563793182373,-9.39748001098633,-0.0148062407970428,0.0936687849462032
1.9609991312027,-9.39817523956299,-0.0119202192872763,0.0935477428138256
2.21671652793884,-9.39887046813965,-0.0104189878329635,0.0935014486312866
2.47273731231689,-9.39977550506592,-0.010042130947113,0.0934940911829472
2.72952222824097,-9.40083312988281,-0.0128392949700356,0.0935540981590748
-2.12394142150879,-9.63555335998535,-0.0196070205420256,0.0944693051278591
-1.869185090065,-9.63633918762207,-0.0171949155628681,0.0945021286606789
-1.61423146724701,-9.63717460632324,-0.0154710002243519,0.094468355178833
-1.35884475708008,-9.63807487487793,-0.0155154149979353,0.0943680554628372
-1.10347390174866,-9.63890361785889,-0.0152654005214572,0.0941353030502796
-0.847972512245178,-9.63976287841797,-0.0153862545266747,0.0938819348812103
-0.592741310596466,-9.64047622680664,-0.0140572665259242,0.0937253385782242
-0.337289750576019,-9.64126396179199,-0.013508572243154,0.093748040497303
-0.0815342739224434,-9.64202308654785,-0.0141241336241364,0.0936981998383999
0.174210697412491,-9.64292240142822,-0.014454853720963,0.0935535654425621
0.430440336465836,-9.64383602142334,-0.0167578440159559,0.0934002213180065
0.686628341674805,-9.64473724365234,-0.0186414532363415,0.0932517200708389
0.942541241645813,-9.6456937789917,-0.0190482772886753,0.0931788571178913
1.19833874702454,-9.64675712585449,-0.0187037941068411,0.0930605046451092
1.45383155345917,-9.64762687683105,-0.0167842619121075,0.0928523726761341
1.70955729484558,-9.64826965332031,-0.0157153699547052,0.0926392860710621
1.96510803699493,-9.64888000488281,-0.013649445027113,0.0924636051058769
2.22105407714844,-9.64965724945068,-0.0131276994943619,0.0923776105046272
2.47695064544678,-9.65048885345459,-0.0121633103117347,0.0922942757606506
2.73375582695007,-9.65157318115234,-0.0150114186108112,0.0922900326550007
-2.12047052383423,-9.88577365875244,-0.0190264657139778,0.0935665033757687
-1.86567485332489,-9.88666439056396,-0.0167552921921015,0.0935541391372681
-1.6108318567276,-9.88750648498535,-0.014487930573523,0.0935190618038177
-1.355672955513,-9.8882942199707,-0.013460474088788,0.0933723747730255
-1.10049045085907,-9.88895893096924,-0.0123289311304688,0.0931889377534389
-0.84483677148819,-9.88986587524414,-0.0131165767088532,0.092967800796032
-0.589156985282898,-9.89070320129395,-0.0138001060113311,0.0928012542426586
-0.333528280258179,-9.89156913757324,-0.0140206413343549,0.0927713811397552
-0.0782062783837318,-9.89227485656738,-0.0126316249370575,0.0927273444831371
0.177016332745552,-9.89311695098877,-0.0105624487623572,0.092624519020319
0.432927191257477,-9.89402389526367,-0.0113949114456773,0.0924187339842319
0.689229309558868,-9.89501190185547,-0.0137659180909395,0.0922424495220184
0.945475339889526,-9.89610767364502,-0.0156432017683983,0.0921439453959465
1.20191264152527,-9.89743137359619,-0.0181354302912951,0.0920582711696625
1.45779776573181,-9.89846134185791,-0.0179356057196856,0.0918618999421597
1.71356332302094,-9.89902305603027,-0.0170163307338953,0.0916099362075329
1.96907448768616,-9.89949512481689,-0.0147485677152872,0.0913711935281754
2.22493481636047,-9.90023136138916,-0.0138112250715494,0.0912541598081589
2.48113131523132,-9.90108203887939,-0.0141492933034897,0.0911631435155869
2.73784065246582,-9.90216541290283,-0.0165335685014725,0.0911268070340157
-2.11670446395874,-10.1361799240112,-0.0197983011603355,0.0927552357316017
-1.86224067211151,-10.1370325088501,-0.0159607250243425,0.0926905311644077
-1.60736620426178,-10.1378974914551,-0.013804268091917,0.0926291085779667
-1.35262680053711,-10.1385898590088,-0.0108212772756815,0.0924767926335335
-1.0976893901825,-10.1392011642456,-0.00854008086025715,0.0923166535794735
-0.842035174369812,-10.1401119232178,-0.00930407643318176,0.0921084545552731
-0.58595073223114,-10.1410760879517,-0.0118023799732327,0.0919049568474293
-0.32974910736084,-10.1420822143555,-0.0145971067249775,0.0917851887643337
-0.0741835162043571,-10.1429986953735,-0.0142663130536675,0.0917213521897793
0.181012436747551,-10.143985748291,-0.0120274722576141,0.0916316173970699
0.436541378498077,-10.1448802947998,-0.0110922837629914,0.0914152003824711
0.69242399930954,-10.1456890106201,-0.0115457586944103,0.0912351459264755
0.948534309864044,-10.1465673446655,-0.0127985775470734,0.0911633558571339
1.20512163639069,-10.1477708816528,-0.0159489251673222,0.0910683870315552
1.46148061752319,-10.1488914489746,-0.0178448986262083,0.0908404998481274
1.71732008457184,-10.1495933532715,-0.0172132328152657,0.0905858166515827
1.97287452220917,-10.1501731872559,-0.0150975771248341,0.0903641656041145
2.22879123687744,-10.1509532928467,-0.0143741462379694,0.0902672335505486
2.48513221740723,-10.1517858505249,-0.0153247574344277,0.090122863650322
2.74177980422974,-10.1528787612915,-0.0173982605338097,0.0900610648095608
-2.11264324188232,-10.3867330551147,-0.0219259057193995,0.0918511785566807
-1.85854840278625,-10.3875112533569,-0.0163500998169184,0.0917530581355095
-1.60372984409332,-10.3883590698242,-0.0139018036425114,0.0916056707501411
-1.34926009178162,-10.3890466690063,-0.00964444689452648,0.0915391892194748
-1.09429967403412,-10.389684677124,-0.00743548991158605,0.0914314165711403
-0.838752210140228,-10.3905162811279,-0.00768513092771173,0.0912578515708447
-0.582828640937805,-10.3914184570312,-0.0094223702326417,0.0910220891237259
-0.326532483100891,-10.3925123214722,-0.0126130226999521,0.0908268056809902
-0.0706798732280731,-10.3935546875,-0.0135499723255634,0.0906541757285595
0.184713050723076,-10.3946218490601,-0.0121679166331887,0.0905309170484543
0.440009981393814,-10.3954515457153,-0.0101517848670483,0.0903813391923904
0.695751368999481,-10.3962345123291,-0.00993686448782682,0.0902651138603687
0.951948344707489,-10.3970537185669,-0.0115556409582496,0.0901860035955906
1.20852172374725,-10.3981103897095,-0.0146243320778012,0.0900687351822853
1.46469867229462,-10.3991117477417,-0.0156803466379642,0.0898330807685852
1.7204909324646,-10.3999080657959,-0.0148008577525616,0.0895983837544918
1.97632372379303,-10.4007711410522,-0.0138812949880958,0.0894017368555069
2.23244976997375,-10.4016561508179,-0.0140562606975436,0.0892475172877312
2.4886999130249,-10.4025249481201,-0.0145656568929553,0.0890583768486977
2.74532532691956,-10.4036207199097,-0.0165086146444082,0.0889181867241859
-2.10844087600708,-10.6372728347778,-0.0247078910470009,0.0907967388629913
-1.85455536842346,-10.6379861831665,-0.0181292686611414,0.0906817205250263
-1.60003101825714,-10.6387529373169,-0.014293109998107,0.0905561298131943
-1.34544062614441,-10.6395435333252,-0.0105479722842574,0.090493593364954
-1.09036266803741,-10.6402196884155,-0.0088402172550559,0.090465635061264
-0.834883034229279,-10.641016960144,-0.00874478649348021,0.0903911516070366
-0.579312205314636,-10.6417837142944,-0.00884419679641724,0.0901767425239086
-0.323316514492035,-10.6428546905518,-0.0106328474357724,0.0898879282176495
-0.0676958411931992,-10.6438446044922,-0.0104882223531604,0.0896610654890537
0.187727630138397,-10.6448001861572,-0.00922675989568233,0.0895219855010509
0.443267554044724,-10.6456413269043,-0.00828463677316904,0.0894329808652401
0.699364066123962,-10.6466569900513,-0.00962928775697947,0.0893433056771755
0.955912113189697,-10.6475734710693,-0.012793886475265,0.089231763035059
1.21206855773926,-10.6484966278076,-0.0139575758948922,0.089091569185257
1.46767354011536,-10.649341583252,-0.01242143381387,0.0888973921537399
1.72346520423889,-10.6502017974854,-0.0115079274401069,0.0886643081903458
1.97955513000488,-10.6512403488159,-0.0117002697661519,0.0884380452334881
2.2356960773468,-10.6522150039673,-0.0119056040421128,0.0881653055548668
2.49180817604065,-10.6531448364258,-0.0117657082155347,0.0879303105175495
2.74829196929932,-10.6542072296143,-0.0130538791418076,0.0876808799803257
-2.10426163673401,-10.8876991271973,-0.0273908413946629,0.089665912091732
-1.85051250457764,-10.888279914856,-0.0201533176004887,0.0895521081984043
-1.59614527225494,-10.8890447616577,-0.0155545407906175,0.0895010828971863
-1.34141421318054,-10.8899393081665,-0.0124116465449333,0.0894308239221573
-1.08623039722443,-10.8908014297485,-0.0111380880698562,0.0894021242856979
-0.830755591392517,-10.8916187286377,-0.010980443097651,0.0893331207334995
-0.575535655021667,-10.8923225402832,-0.00944162905216217,0.0892041921615601
-0.320035606622696,-10.8932123184204,-0.00894801039248705,0.0889557152986526
-0.0646731927990913,-10.8939790725708,-0.00761506613343954,0.0887532420456409
0.190767526626587,-10.894868850708,-0.00640982901677489,0.0886142998933792
0.446565806865692,-10.8958806991577,-0.00659844372421503,0.0885024741292
0.702977657318115,-10.896951675415,-0.00933647993952036,0.0883605368435383
0.959676802158356,-10.8979482650757,-0.0131444819271564,0.0881872735917568
1.21547341346741,-10.8989200592041,-0.0126488376408815,0.0880633071064949
1.47099673748016,-10.8998222351074,-0.0107104033231735,0.087934534996748
1.7267210483551,-10.9007749557495,-0.00945723615586758,0.0877212174236774
1.98297703266144,-10.9018354415894,-0.0103629846125841,0.0874282829463482
2.2389976978302,-10.9028072357178,-0.010000909678638,0.0870869867503643
2.49485564231873,-10.9036912918091,-0.00870212074369192,0.0868297442793846
2.7510712146759,-10.9046831130981,-0.00877345353364944,0.0865342617034912
-2.10071778297424,-11.13805103302,-0.0271380748599768,0.0885347463190556
-1.84706830978394,-11.1383934020996,-0.0194249246269464,0.088450875133276
-1.59260976314545,-11.1392107009888,-0.0152108343318105,0.0884247161448002
-1.3380264043808,-11.1399269104004,-0.0113697359338403,0.0883824974298477
-1.08290362358093,-11.140926361084,-0.00977307930588722,0.0883055776357651
-0.827475905418396,-11.1418991088867,-0.00935647543519735,0.0881816409528255
-0.572077095508575,-11.1427841186523,-0.00859096739441156,0.0880370363593102
-0.316565245389938,-11.1436815261841,-0.00811902899295092,0.0878661088645458
-0.0611034333705902,-11.1444578170776,-0.0072063859552145,0.0877874419093132
0.194449588656425,-11.1454219818115,-0.00647311983630061,0.0876706503331661
0.450189173221588,-11.1464033126831,-0.00636459141969681,0.0875044278800488
0.706437945365906,-11.1473836898804,-0.0083388676866889,0.0873087644577026
0.962939023971558,-11.1483430862427,-0.0112243657931685,0.0871087349951267
1.21901941299438,-11.149468421936,-0.0119662508368492,0.0869658179581165
1.47492349147797,-11.1506195068359,-0.0116889635100961,0.0868338569998741
1.73086869716644,-11.1516990661621,-0.0113825304433703,0.0866596065461636
1.98696291446686,-11.1526966094971,-0.0115315737202764,0.0863915532827377
2.24265456199646,-11.1535673141479,-0.00967136956751347,0.086123164743185
2.49868965148926,-11.1545715332031,-0.00912031903862953,0.0858577899634838
2.75473284721375,-11.155535697937,-0.00839394982904196,0.0856156721711159
-2.09812307357788,-11.3883304595947,-0.0224936343729496,0.0874904654920101
-1.84445118904114,-11.3884325027466,-0.0148803992196918,0.0874549001455307
-1.58969938755035,-11.3892574310303,-0.0119934836402535,0.0873916931450367
-1.33505845069885,-11.3898448944092,-0.00840083509683609,0.0873752981424332
-1.07982778549194,-11.39098072052,-0.00726143410429358,0.087257269769907
-0.824227154254913,-11.3921947479248,-0.00758932298049331,0.087044969201088
-0.568337380886078,-11.3933448791504,-0.0090184835717082,0.0868696048855782
-0.312309741973877,-11.3944330215454,-0.0108511801809072,0.086784727871418
-0.0563565269112587,-11.395471572876,-0.0121167069301009,0.0867643095552921
0.199240908026695,-11.3964672088623,-0.0115392794832587,0.0866324454545975
0.454534381628036,-11.397310256958,-0.0093743521720171,0.086419977247715
0.71033775806427,-11.3980951309204,-0.00930894073098898,0.0861652866005898
0.96660304069519,-11.3990211486816,-0.0110969124361873,0.0859651118516922
1.22291171550751,-11.4002962112427,-0.0128233209252357,0.0858089774847031
1.47903728485107,-11.401538848877,-0.013500215485692,0.0856734029948711
1.73506569862366,-11.4026479721069,-0.0135280359536409,0.0855215899646282
1.9911777973175,-11.4036979675293,-0.013715747743845,0.0853177234530449
2.24703216552734,-11.4046411514282,-0.0125388838350773,0.0851644277572632
2.5033872127533,-11.4057903289795,-0.0133657334372401,0.0849623568356037
2.75956392288208,-11.4068431854248,-0.013184517621994,0.0848048590123653
-2.09564065933228,-11.6386308670044,-0.0173270739614964,0.0865562781691551
-1.84171795845032,-11.6386785507202,-0.0108547993004322,0.0865640975534916
-1.58676838874817,-11.6395025253296,-0.00885529257357121,0.0864612571895123
-1.33216285705566,-11.640022277832,-0.00507844937965274,0.0864282250404358
-1.07664144039154,-11.64124584198,-0.00523984478786588,0.0862955935299397
-0.820556104183197,-11.6426200866699,-0.00774788903072476,0.0860495530068874
-0.564261138439178,-11.6439456939697,-0.0109824705868959,0.0858412832021713
-0.308048069477081,-11.6451549530029,-0.0136140743270516,0.0856967233121395
-0.0518901385366917,-11.6464004516602,-0.0157562457025051,0.0856441222131252
0.203845784068108,-11.6474666595459,-0.0157617125660181,0.0854909010231495
0.458978623151779,-11.64821434021,-0.0128339389339089,0.0852709747850895
0.714550793170929,-11.6489868164062,-0.0116824600845575,0.0850216783583164
0.97067779302597,-11.6499242782593,-0.0128069259226322,0.0848758369684219
1.22684872150421,-11.6511011123657,-0.0138837425038218,0.0847600325942039
1.48274827003479,-11.6522197723389,-0.0135180167853832,0.0846153609454632
1.73870742321014,-11.653356552124,-0.0131996218115091,0.0844626240432262
1.99508583545685,-11.65452003479,-0.0145395305007696,0.0843159966170788
2.25135922431946,-11.6555891036987,-0.015191369690001,0.0841911472380161
2.50790810585022,-11.6568231582642,-0.0168386176228523,0.0840539783239365
2.76441287994385,-11.6580171585083,-0.0180677864700556,0.083920456469059
-2.09254097938538,-11.8889751434326,-0.0150160938501358,0.0856465622782707
-1.83810925483704,-11.8892583847046,-0.0108486404642463,0.0856619216501713
-1.58303105831146,-11.8900566101074,-0.0094110295176506,0.085526704788208
-1.3281455039978,-11.8907785415649,-0.00687168072909117,0.0854562893509865
-1.07251417636871,-11.892071723938,-0.00749498745426536,0.0852926485240459
-0.816451251506805,-11.8934288024902,-0.00986326485872269,0.0850768573582172
-0.560160279273987,-11.8946952819824,-0.0130465673282743,0.0848865509033203
-0.303750455379486,-11.8959217071533,-0.0165377389639616,0.0847070217132568
-0.0475367829203606,-11.8971509933472,-0.0188957080245018,0.084564134478569
0.2082389742136,-11.8982677459717,-0.0190383717417717,0.0843565501272678
0.463413089513779,-11.8990440368652,-0.0162554960697889,0.0841288678348064
0.719015657901764,-11.8999938964844,-0.0151870073750615,0.0839228667318821
0.974957585334778,-11.9008979797363,-0.0154375750571489,0.0838028118014336
1.23062562942505,-11.9018182754517,-0.0142293740063906,0.0836925655603409
1.48599255084991,-11.9026985168457,-0.0114532792940736,0.0835501998662949
1.74174833297729,-11.9038553237915,-0.0101911751553416,0.0834164395928383
1.99817335605621,-11.9050331115723,-0.0117120984941721,0.0833253264427185
2.25477409362793,-11.9061784744263,-0.0137952519580722,0.0831972733139992
2.5114369392395,-11.9073858261108,-0.015923373401165,0.0831128247082233
2.76817870140076,-11.9086637496948,-0.0181690081954002,0.0829497650265694
-2.08937883377075,-12.1390895843506,-0.0130134969949722,0.0846341028809547
-1.83429419994354,-12.1398305892944,-0.0117973769083619,0.0846254415810108
-1.57910227775574,-12.1407155990601,-0.0108415856957436,0.0844627618789673
-1.32394361495972,-12.1416044235229,-0.00950898323208094,0.0843624211847782
-1.06838607788086,-12.1428213119507,-0.00976082868874073,0.0841874592006207
-0.812479376792908,-12.1441345214844,-0.0113779474049807,0.0840290151536465
-0.55635017156601,-12.1453647613525,-0.0137875340878963,0.0838667079806328
-0.299716889858246,-12.1466932296753,-0.018255602568388,0.0836606062948704
-0.0435835085809231,-12.1477746963501,-0.020223256200552,0.0834599994122982
0.211992338299751,-12.1487798690796,-0.0194302946329117,0.0832524709403515
0.467166751623154,-12.1496353149414,-0.0166083350777626,0.0829886235296726
0.722853660583496,-12.150707244873,-0.0158777814358473,0.082741055637598
0.978833973407745,-12.1516637802124,-0.0162630565464497,0.0826096571981907
1.23420870304108,-12.1524791717529,-0.0137064773589373,0.0825284011662006
1.48938524723053,-12.1533136367798,-0.0100454371422529,0.0824479460716248
1.74506211280823,-12.1544504165649,-0.00840094592422247,0.0823800265789032
2.00134229660034,-12.1555461883545,-0.00924983154982328,0.0823423974215984
2.25783514976501,-12.1566314697266,-0.0108283255249262,0.0822623893618584
2.51453018188477,-12.1578149795532,-0.0130748981609941,0.0821695923805237
2.77131175994873,-12.1590671539307,-0.015473859384656,0.0819669552147388
-2.08678030967712,-12.3888483047485,-0.00842959620058537,0.0835481211543083
-1.83116006851196,-12.390043258667,-0.00962771382182837,0.0834815986454487
-1.57586014270782,-12.3909959793091,-0.00913542881608009,0.0833121538162231
-1.32023656368256,-12.3921737670898,-0.00988934934139252,0.0831997506320477
-1.06439161300659,-12.3934898376465,-0.0114188082516193,0.0830594971776009
-0.808269679546356,-12.394889831543,-0.0139788025990129,0.0829427056014538
-0.552131175994873,-12.3962249755859,-0.0163835342973471,0.0827999301254749
-0.295709937810898,-12.3974647521973,-0.0198521558195353,0.0825753733515739
-0.0399561077356339,-12.3982372283936,-0.0200797952711582,0.0823848992586136
0.215498372912407,-12.3992013931274,-0.0187056250870228,0.0822223387658596
0.470702707767487,-12.4001493453979,-0.0159799568355083,0.0819758363068104
0.726274192333221,-12.4012842178345,-0.0146897882223129,0.0816449783742428
0.982240319252014,-12.4023294448853,-0.0149732427671552,0.0814936757087708
1.23760139942169,-12.403226852417,-0.0123180104419589,0.0814738236367702
1.49277102947235,-12.4040622711182,-0.00859554763883352,0.0814575701951981
1.74839067459106,-12.4050951004028,-0.00667248852550983,0.0814046487212181
2.00461840629578,-12.4061803817749,-0.00725839426741004,0.0813868045806885
2.26117038726807,-12.4073181152344,-0.0090675400570035,0.0813003405928612
2.51747798919678,-12.4082984924316,-0.00957290641963482,0.0812336206436157
2.77419757843018,-12.4094352722168,-0.0116798533126712,0.0809961184859276
-2.08407974243164,-12.6386461257935,-0.00431555975228548,0.0825154222548008
-1.8282812833786,-12.6400566101074,-0.00629405444487929,0.0823490247130394
-1.57268738746643,-12.6412143707275,-0.00711471447721124,0.0821716524660587
-1.31700801849365,-12.6424322128296,-0.00809305813163519,0.0820362977683544
-1.06082701683044,-12.6438264846802,-0.011130154132843,0.0819344520568848
-0.804211020469666,-12.6454620361328,-0.0159029606729746,0.0818749815225601
-0.548084378242493,-12.6468334197998,-0.0182128343731165,0.0817341580986977
-0.292246878147125,-12.6479196548462,-0.0189920999109745,0.0815189220011234
-0.0368303395807743,-12.6486835479736,-0.0176523886620998,0.081387922167778
0.218781650066376,-12.6497001647949,-0.0169619470834732,0.0812514759600163
0.474119395017624,-12.6506948471069,-0.0148082477971911,0.0810357294976711
0.729546070098877,-12.6516904830933,-0.0128432437777519,0.0806875117123127
0.985308587551117,-12.6527729034424,-0.0121745206415653,0.0805032663047314
1.24074733257294,-12.6537418365479,-0.00983620621263981,0.0805407539010048
1.49608290195465,-12.6546821594238,-0.0068241311237216,0.0805433504283428
1.75171720981598,-12.6556882858276,-0.00493979174643755,0.0804710723459721
2.0080451965332,-12.6569137573242,-0.00593356462195516,0.0804231576621532
2.26468229293823,-12.6580581665039,-0.00809427443891764,0.0803368203341961
2.52079844474792,-12.6590089797974,-0.00771632790565491,0.0802463628351688
2.77734613418579,-12.6599798202515,-0.00904209725558758,0.0799666717648506
-2.08066487312317,-12.8889446258545,-0.00346807297319174,0.0815422534942627
-1.82493090629578,-12.8903293609619,-0.00511991372331977,0.0812820717692375
-1.56908893585205,-12.8916339874268,-0.0070412321947515,0.081113301217556
-1.31351041793823,-12.8927507400513,-0.00753033487126231,0.0809488482773304
-1.05738735198975,-12.8940935134888,-0.0102738691493869,0.0808920003473759
-0.800998091697693,-12.8956708908081,-0.0139800868928432,0.0808167941868305
-0.544862568378448,-12.8970384597778,-0.0163017902523279,0.0806712210178375
-0.2891586124897,-12.8981332778931,-0.0164412800222635,0.0804882198572159
-0.03381622210145,-12.8991069793701,-0.0147182866930962,0.0804033130407333
0.221826866269112,-12.9001665115356,-0.0141386296600103,0.0802537761628628
0.477230876684189,-12.9011459350586,-0.0122597385197878,0.0800621993839741
0.7326580286026,-12.9020538330078,-0.0102767255157232,0.0797856338322163
0.988497078418732,-12.9031610488892,-0.00992402713745832,0.0796189717948437
1.24430119991302,-12.9043655395508,-0.00918506924062967,0.0795905329287052
1.50009441375732,-12.905499458313,-0.00818485673516989,0.0795578844845295
1.75599074363708,-12.9066400527954,-0.00743084168061614,0.079518873244524
2.01209378242493,-12.9078454971313,-0.00738019961863756,0.079436045140028
2.26854801177979,-12.9089097976685,-0.00869375839829445,0.0792715586721897
2.52497959136963,-12.9101514816284,-0.00966609269380569,0.0791506730020046
2.7811598777771,-12.910961151123,-0.00933281797915697,0.0788198113441467
-2.07683992385864,-13.1396713256836,-0.00448555266484618,0.0805442631244659
-1.8210985660553,-13.1409978866577,-0.00614022416993976,0.0802641920745373
-1.56527853012085,-13.1422824859619,-0.00792675651609898,0.0800881572067738
-1.30972683429718,-13.1433124542236,-0.00826428644359112,0.079875722527504
-1.05388104915619,-13.1445579528809,-0.00970676820725203,0.079764973372221
-0.797915756702423,-13.1459274291992,-0.0114546380937099,0.0796839818358421
-0.541855156421661,-13.1473293304443,-0.0134026566520333,0.0795927122235298
-0.285915732383728,-13.1485900878906,-0.0145762143656611,0.0795029476284981
-0.0303134098649025,-13.14967918396,-0.0139986630529165,0.0793978683650494
0.225204512476921,-13.150764465332,-0.0128160770982504,0.0792110301554203
0.480454236268997,-13.1516723632812,-0.0102127445861697,0.0790164321660995
0.736017763614655,-13.1526565551758,-0.00881204009056091,0.0788812972605228
0.992322325706482,-13.1540470123291,-0.010509449057281,0.0787362121045589
1.24884045124054,-13.1555042266846,-0.0129353199154139,0.0786379799246788
1.50480616092682,-13.1566076278687,-0.0126734059303999,0.0785870663821697
1.76074004173279,-13.1576862335205,-0.012051104567945,0.0785241797566414
2.01699829101562,-13.1590890884399,-0.0126378936693072,0.0783905312418938
2.2731773853302,-13.1602725982666,-0.0126661285758018,0.0781386159360409
2.52940607070923,-13.1615123748779,-0.0126917967572808,0.0779646560549736
2.78508591651917,-13.1622133255005,-0.0100998049601912,0.0775936804711819
-2.0728325843811,-13.390531539917,-0.00633685430511832,0.0794594325125217
-1.81687033176422,-13.391942024231,-0.00896810926496983,0.0792639628052711
-1.56124019622803,-13.3931255340576,-0.00984756741672754,0.0790667720139027
-1.30569005012512,-13.3941917419434,-0.0101374434307218,0.07888138666749
-1.05007040500641,-13.3953199386597,-0.0105136344209313,0.0786898136138916
-0.794536173343658,-13.3965148925781,-0.0102643128484488,0.0785788893699646
-0.538639545440674,-13.3978900909424,-0.0114333918318152,0.0785267576575279
-0.282759308815002,-13.399115562439,-0.0123107358813286,0.0784880444407463
-0.0270812511444092,-13.4002799987793,-0.0120434295386076,0.0783784613013268
0.228601485490799,-13.4014654159546,-0.0115727381780744,0.0781960263848305
0.48409965634346,-13.4024362564087,-0.0100612258538604,0.0780762620270252
0.740039527416229,-13.4036226272583,-0.0103150987997651,0.0780347064137459
0.996615588665009,-13.4050855636597,-0.0131973214447498,0.0778941847383976
1.25338745117188,-13.4065999984741,-0.0167246274650097,0.0777063444256783
1.50944590568542,-13.4076890945435,-0.0168407801538706,0.077556561678648
1.76518082618713,-13.4087467193604,-0.0152849722653627,0.0774213187396526
2.02111911773682,-13.410080909729,-0.0144035695120692,0.0772730894386768
2.27672719955444,-13.4111957550049,-0.0118471290916204,0.0770543180406094
2.53297781944275,-13.412576675415,-0.0119278328493237,0.076845983043313
2.78824663162231,-13.4132556915283,-0.00747535843402147,0.0764565486460924
-2.06878590583801,-13.6412391662598,-0.00838421937078238,0.0783373937010765
-1.81250333786011,-13.64284324646,-0.0124416640028358,0.0782785899937153
-1.55693233013153,-13.644024848938,-0.0130072636529803,0.0781039968132973
-1.30133891105652,-13.6451759338379,-0.0134489238262177,0.077962052077055
-1.04587256908417,-13.6462659835815,-0.0130836050957441,0.0777269415557384
-0.790502667427063,-13.6473455429077,-0.0120521048083901,0.0775940530002117
-0.534753620624542,-13.6486253738403,-0.0125172147527337,0.0775625109672546
-0.279325515031815,-13.6496953964233,-0.0113072516396642,0.0775157809257507
-0.0237941611558199,-13.650821685791,-0.01034374255687,0.0773914493620396
0.232187703251839,-13.6522006988525,-0.01118731405586,0.0772132836282253
0.488310784101486,-13.6536331176758,-0.0124401869252324,0.0771467834711075
0.744741022586823,-13.6550483703613,-0.0148575333878398,0.0770728848874569
1.00114417076111,-13.6562547683716,-0.0169378351420164,0.0769322626292706
1.25738191604614,-13.6575021743774,-0.0180382877588272,0.0767069309949875
1.51308977603912,-13.6584367752075,-0.0165539029985666,0.0764986164867878
1.76861214637756,-13.659441947937,-0.0140162827447057,0.0763340927660465
2.02448153495789,-13.6607618331909,-0.0127966953441501,0.0762656331062317
2.28004097938538,-13.6619749069214,-0.0099846487864852,0.07607751339674
2.53590869903564,-13.6632385253906,-0.00833701714873314,0.0759132076054811
2.7909791469574,-13.6639680862427,-0.00297127361409366,0.0755425188690424
-2.06540513038635,-13.8915491104126,-0.0073792589828372,0.0772558711469173
-1.80890345573425,-13.893328666687,-0.0124033987522125,0.0772893391549587
-1.55328035354614,-13.8946046829224,-0.0131679438054562,0.0771239995956421
-1.29751479625702,-13.8959197998047,-0.0143544226884842,0.0770115442574024
-1.04208302497864,-13.8970651626587,-0.0137903206050396,0.076794907450676
-0.786638975143433,-13.8981218338013,-0.0130659071728587,0.0766685269773006
-0.530748963356018,-13.8993864059448,-0.0141420606523752,0.0766132660210133
-0.275434017181396,-13.900408744812,-0.0123830828815699,0.0765594206750393
-0.0201785676181316,-13.9014854431152,-0.0101309893652797,0.0764237251132727
0.235887855291367,-13.9030246734619,-0.0113126393407583,0.0762272533029318
0.492432475090027,-13.9047250747681,-0.0144223906099796,0.076091255992651
0.749159693717957,-13.9062080383301,-0.0181419122964144,0.0759956333786249
1.00535595417023,-13.9072923660278,-0.0192580372095108,0.0758494902402163
1.26092088222504,-13.9081239700317,-0.0173218231648207,0.0756248589605093
1.51630365848541,-13.9089498519897,-0.0143522471189499,0.0753658190369606
1.77204179763794,-13.9101314544678,-0.0127403251826763,0.0752258878201246
2.02815556526184,-13.911527633667,-0.0125798210501671,0.0752219054847956
2.28392100334167,-13.9128074645996,-0.0106513742357492,0.0751427561044693
2.53962922096252,-13.9140729904175,-0.00825806614011526,0.0750666949898005
2.79459571838379,-13.914867401123,-0.00238995580002666,0.0747653134167194
-2.06277894973755,-14.1414651870728,-0.00291140028275549,0.0762818828225136
-1.80627679824829,-14.1433029174805,-0.00790916755795479,0.07631004601717
-1.55041563510895,-14.1447401046753,-0.00973452720791101,0.0761401709169149
-1.29430615901947,-14.14626121521,-0.0124605419114232,0.0760607309639454
-1.0384966135025,-14.1476783752441,-0.013579573482275,0.0758630223572254
-0.782534718513489,-14.1489524841309,-0.01517862547189,0.0757043473422527
-0.526401519775391,-14.1502637863159,-0.0173260979354382,0.0756153594702482
-0.270979285240173,-14.1513109207153,-0.01601542532444,0.0755486991256475
-0.0158137530088425,-14.1524095535278,-0.0133107649162412,0.0754143260419369
0.239843621850014,-14.1537265777588,-0.0126114711165428,0.0752066075801849
0.496255248785019,-14.1553544998169,-0.0150881791487336,0.0750073436647654
0.75282496213913,-14.156852722168,-0.0180586669594049,0.0748781096190214
1.00896668434143,-14.1580266952515,-0.0188879892230034,0.0747385136783123
1.2644624710083,-14.1588249206543,-0.0166109632700682,0.0745194796472788
1.51991891860962,-14.1597671508789,-0.0139317093417048,0.0742566995322704
1.77606916427612,-14.1611061096191,-0.0141257587820292,0.0741193164139986
2.0326042175293,-14.1626138687134,-0.0158087238669395,0.0741124264895916
2.28839778900146,-14.1639909744263,-0.0139583125710487,0.0740869026631117
2.54410719871521,-14.1651659011841,-0.011538035236299,0.0740344263613224
2.79884171485901,-14.1659488677979,-0.00459879217669368,0.0738329328596592
-2.05972361564636,-14.3914031982422,-0.000431647262303159,0.0754370298236609
-1.80345046520233,-14.3931903839111,-0.00434640608727932,0.075370367616415
-1.54742455482483,-14.3948154449463,-0.00688921427354217,0.0751666612923145
-1.29126000404358,-14.3964939117432,-0.00982845108956099,0.0750403515994549
-1.03499054908752,-14.3981313705444,-0.0130139235407114,0.0748730264604092
-0.778624713420868,-14.3997220993042,-0.0164060182869434,0.0746941324323416
-0.522348344326019,-14.4012069702148,-0.0191580969840288,0.0745600573718548
-0.266832500696182,-14.4022951126099,-0.0182342324405909,0.0744779668748379
-0.0115597145631909,-14.4032802581787,-0.0159906931221485,0.0743797849863768
0.24401718378067,-14.4044618606567,-0.0148985721170902,0.0742063596844673
0.500003576278687,-14.4058485031128,-0.0154283503070474,0.0740060526877642
0.75614869594574,-14.407341003418,-0.0164426304399967,0.0738198086619377
1.01223695278168,-14.4086809158325,-0.016986072063446,0.0736550036817789
1.26794040203094,-14.4097061157227,-0.0155971283093095,0.0733980573713779
1.52372097969055,-14.4108037948608,-0.0143330311402678,0.0731783360242844
1.78013491630554,-14.4121570587158,-0.015677047893405,0.0730381142348051
2.03668999671936,-14.4136915206909,-0.0174120627343655,0.0729634873569012
2.29227614402771,-14.4148416519165,-0.014617083594203,0.0729458145797253
2.5480420589447,-14.4160270690918,-0.0124145327135921,0.0728270169347525
2.80247044563293,-14.4166851043701,-0.00408692611381412,0.0727220475673676
-2.0555202960968,-14.6418762207031,-0.0032270448282361,0.0746087208390236
-1.79960000514984,-14.6435222625732,-0.00548190856352448,0.0744081381708384
-1.54393756389618,-14.6450347900391,-0.00632165651768446,0.0741598643362522
-1.28791165351868,-14.6467790603638,-0.00858392100781202,0.0739737320691347
-1.0316002368927,-14.6485357284546,-0.0119208935648203,0.07383768633008
-0.775046408176422,-14.6502695083618,-0.0161319151520729,0.0736739728599787
-0.51870059967041,-14.6519384384155,-0.0191530678421259,0.0735348239541054
-0.263144075870514,-14.6531715393066,-0.0183690916746855,0.0734447706490755
-0.00777284428477287,-14.654125213623,-0.0165437385439873,0.0733454152941704
0.247949182987213,-14.6552724838257,-0.0160806924104691,0.0731735974550247
0.503706157207489,-14.6565256118774,-0.0155451847240329,0.072985764592886
0.759603679180145,-14.6579809188843,-0.0154077997431159,0.0727984793484211
1.01570069789886,-14.6593904495239,-0.0159544348716736,0.0726249702274799
1.2715255022049,-14.6605319976807,-0.0150722907856107,0.0724065024405718
1.5275377035141,-14.6617670059204,-0.0148073947057128,0.0722625013440847
1.7839343547821,-14.663158416748,-0.0160363707691431,0.0720869656652212
2.04039311408997,-14.6646633148193,-0.0173082500696182,0.0719058588147163
2.29568219184875,-14.665584564209,-0.0131716569885612,0.0718169622123241
2.55131483078003,-14.6666688919067,-0.0103536015376449,0.0717113334685564
2.80575656890869,-14.6672649383545,-0.00206234492361546,0.0716649163514376
-2.05106449127197,-14.8928384780884,-0.0071489131078124,0.073662456125021
-1.7954910993576,-14.8942852020264,-0.00777566945180297,0.0733512099832296
-1.5399409532547,-14.8957605361938,-0.00806178152561188,0.0731071904301643
-1.2843976020813,-14.8972930908203,-0.00808280147612095,0.0728623569011688
-1.02864253520966,-14.8988008499146,-0.0088522108271718,0.0727575309574604
-0.772300720214844,-14.9004211425781,-0.0120737822726369,0.0726580154150724
-0.515672981739044,-14.9022445678711,-0.0163469910621643,0.072544489055872
-0.259556442499161,-14.9038028717041,-0.0180654618889093,0.0724018197506666
-0.00398126104846597,-14.9049310684204,-0.0171220563352108,0.0722548104822636
0.251603543758392,-14.9061107635498,-0.0159977301955223,0.0720878429710865
0.50724595785141,-14.9073238372803,-0.0149130439385772,0.071943262591958
0.763220906257629,-14.9087944030762,-0.0150932027027011,0.0718120932579041
1.01933169364929,-14.9101552963257,-0.0156742446124554,0.0716760884970427
1.27514374256134,-14.9112977981567,-0.0147017268463969,0.0715090371668339
1.53122067451477,-14.9125833511353,-0.0146924275904894,0.0713124498724937
1.7875634431839,-14.9140157699585,-0.0156431905925274,0.0711283106356859
2.04391002655029,-14.915509223938,-0.0163813307881355,0.0709753353148699
2.29933643341064,-14.9164447784424,-0.0128273805603385,0.0709141362458467
2.55485463142395,-14.917441368103,-0.0094738882035017,0.0708458311855793
2.80979800224304,-14.9181957244873,-0.00337282544933259,0.0707963556051254
-2.04738688468933,-15.1437730789185,-0.00746748223900795,0.072605699300766
-1.792027592659,-15.1450624465942,-0.00708283809944987,0.0722594242542982
-1.53668880462646,-15.1464109420776,-0.00637232419103384,0.0720188189297915
-1.28150832653046,-15.147629737854,-0.00471956143155694,0.0717602930963039
-1.02619552612305,-15.1488723754883,-0.00345356203615665,0.0716496370732784
-0.769914865493774,-15.1504278182983,-0.0063784564845264,0.071558091789484
-0.512714326381683,-15.1523876190186,-0.0132405580952764,0.0714061111211777
-0.255913883447647,-15.1541996002197,-0.0180340074002743,0.0712795816361904
-0.000274482008535415,-15.1555967330933,-0.0173265468329191,0.0711508356034756
0.255064100027084,-15.1568374633789,-0.0150431394577026,0.0710462145507336
0.510662317276001,-15.1580390930176,-0.0137278363108635,0.0709856878966093
0.766884863376617,-15.1595048904419,-0.0149999028071761,0.0708852764219046
1.02299022674561,-15.1607732772827,-0.0155318891629577,0.0707627423107624
1.27866697311401,-15.1618690490723,-0.0139209069311619,0.0705693010240793
1.53470206260681,-15.1631727218628,-0.0136901093646884,0.0703249610960484
1.7910088300705,-15.164665222168,-0.0144431050866842,0.0701365415006876
2.04733085632324,-15.1661939620972,-0.0150381904095411,0.07007822021842
2.3031792640686,-15.1674194335938,-0.0133176576346159,0.070039389654994
2.55890917778015,-15.1685924530029,-0.0108596533536911,0.0700107105076313
2.81444573402405,-15.1696491241455,-0.00734089268371463,0.0699048303067684
-2.04409050941467,-15.394344329834,-0.00605007167905569,0.0715611521154642
-1.78879499435425,-15.3956251144409,-0.00534108188003302,0.0712610743939877
-1.53341042995453,-15.3969278335571,-0.00481592398136854,0.071023516356945
-1.2783088684082,-15.3981189727783,-0.00277223787270486,0.0708038993179798
-1.02309906482697,-15.3993368148804,-0.00100534479133785,0.070619735866785
-0.76701545715332,-15.4008331298828,-0.0030036314856261,0.0704671405255795
-0.509683549404144,-15.4028329849243,-0.0104374941438437,0.0702799111604691
-0.252653062343597,-15.4047040939331,-0.0162495356053114,0.0701750908046961
0.00330683612264693,-15.4063339233398,-0.016953120008111,0.0700989738106728
0.258704870939255,-15.4075880050659,-0.0149067109450698,0.0700570940971375
0.514713823795319,-15.4089841842651,-0.0154063189402223,0.0699951518326998
0.771070003509521,-15.4104204177856,-0.0172501765191555,0.0698898620903492
1.02706587314606,-15.4116506576538,-0.0172529295086861,0.0697782877832651
1.28242707252502,-15.4126853942871,-0.01418721023947,0.0695793591439724
1.53817391395569,-15.4139013290405,-0.0126328961923718,0.0693152062594891
1.79458630084991,-15.415454864502,-0.0138248922303319,0.0691132564097643
2.05101346969604,-15.4170999526978,-0.0148486457765102,0.0690548028796911
2.30707406997681,-15.4185762405396,-0.0140239559113979,0.068954911082983
2.5629096031189,-15.4198207855225,-0.0119973933324218,0.0689106490463018
2.81868410110474,-15.421070098877,-0.00948730949312449,0.0687476433813572
-2.04062056541443,-15.6446571350098,-0.00546211563050747,0.0705595146864653
-1.78525447845459,-15.6460647583008,-0.00503529096022248,0.0703268013894558
-1.52980852127075,-15.647479057312,-0.00475097680464387,0.0700692813843489
-1.27458715438843,-15.6488065719604,-0.00321375392377377,0.0698389988392591
-1.01923680305481,-15.6501264572144,-0.00204959651455283,0.0696048196405172
-0.76325124502182,-15.6516056060791,-0.00356396776624024,0.0693997368216515
-0.506226360797882,-15.6535778045654,-0.00956026092171669,0.0692207645624876
-0.249299913644791,-15.6553964614868,-0.0148704247549176,0.0691522974520922
0.00681217107921839,-15.6570491790771,-0.0162355098873377,0.0691223386675119
0.26263239979744,-15.6584405899048,-0.0160661935806274,0.0690208598971367
0.519113540649414,-15.6600284576416,-0.0186572000384331,0.068873718380928
0.775513231754303,-15.6615505218506,-0.0206510126590729,0.0687474757432938
1.03132903575897,-15.6627740859985,-0.0198004953563213,0.0686482917517424
1.28647243976593,-15.6638584136963,-0.015709200873971,0.0684888884425163
1.54188919067383,-15.6650352478027,-0.0126363905146718,0.068266686052084
1.7980580329895,-15.6664428710938,-0.0127138430252671,0.0680282488465309
2.05454397201538,-15.668004989624,-0.013978292234242,0.0678618066012859
2.31066393852234,-15.6694917678833,-0.0133872255682945,0.0677615217864513
2.5667450428009,-15.6709022521973,-0.0124107580631971,0.0676559377461672
2.82237124443054,-15.6721267700195,-0.00920849572867155,0.0674884151667356
-2.03726410865784,-15.8949909210205,-0.00434626825153828,0.0695603284984827
-1.7817314863205,-15.8965167999268,-0.00464837159961462,0.0693579651415348
-1.52621603012085,-15.8980178833008,-0.00464427657425404,0.0690719801932573
-1.27081227302551,-15.8995084762573,-0.00389920896850526,0.0688298568129539
-1.01514542102814,-15.9009971618652,-0.00413986574858427,0.0685590039938688
-0.758938491344452,-15.9025621414185,-0.006624695379287,0.0683800093829632
-0.502197861671448,-15.9044952392578,-0.0112836305052042,0.0682753678411245
-0.245777100324631,-15.9062404632568,-0.0142530407756567,0.068231388926506
0.010169742628932,-15.9077816009521,-0.0148429414257407,0.068138524889946
0.266272515058517,-15.9091663360596,-0.015929788351059,0.0679311063140631
0.522944390773773,-15.9108638763428,-0.0193442329764366,0.0677484124898911
0.779376089572906,-15.9125299453735,-0.0214357767254114,0.0676143076270819
1.03516030311584,-15.9138822555542,-0.0203960947692394,0.067532742395997
1.29041314125061,-15.9150743484497,-0.0167550574988127,0.0673673916608095
1.54568338394165,-15.9161977767944,-0.0129919881001115,0.0671520382165909
1.80181205272675,-15.9175510406494,-0.0128608979284763,0.0669167675077915
2.05852913856506,-15.919116973877,-0.0151284635066986,0.0667296480387449
2.31471943855286,-15.9205360412598,-0.0148231061175466,0.0666194539517164
2.57097148895264,-15.9220066070557,-0.0145698096603155,0.0665197726339102
2.82639169692993,-15.9231176376343,-0.0104223163798451,0.0664122700691223
-2.03428030014038,-16.1453952789307,-0.00149716867599636,0.068536389619112
-1.77852928638458,-16.1469802856445,-0.00277660903520882,0.0683197919279337
-1.5228488445282,-16.1485805511475,-0.00349545897915959,0.0680378321558237
-1.26719129085541,-16.15016746521,-0.00387968053109944,0.0677447356283665
-1.01135635375977,-16.1517562866211,-0.00485075497999787,0.0674986615777016
-0.754903614521027,-16.1534805297852,-0.0084144975990057,0.067382575944066
-0.497830003499985,-16.1555824279785,-0.0145457200706005,0.0673188865184784
-0.241678476333618,-16.1571979522705,-0.0162569005042315,0.0672603212296963
0.0138337146490812,-16.1585464477539,-0.0148449148982763,0.0671556256711483
0.269566506147385,-16.1597709655762,-0.0142298070713878,0.0669385250657797
0.526178598403931,-16.161548614502,-0.0173361953347921,0.0667414907366037
0.782631516456604,-16.1632404327393,-0.0194929018616676,0.0665553100407124
1.03845179080963,-16.1646289825439,-0.0185844097286463,0.066464751958847
1.29392445087433,-16.1658878326416,-0.0159002617001534,0.0662915594875813
1.54936194419861,-16.167085647583,-0.0128524471074343,0.0660902224481106
1.80566132068634,-16.1685180664062,-0.0134484581649303,0.0658332146704197
2.06270408630371,-16.1702671051025,-0.0171269606798887,0.0656674299389124
2.31915736198425,-16.1717967987061,-0.0179516095668077,0.065640140324831
2.57576990127563,-16.1733646392822,-0.0192610658705235,0.0655536279082298
2.8312840461731,-16.1744689941406,-0.0154909528791904,0.0655272286385298
-2.03121876716614,-16.3958778381348,0.00099911552388221,0.0674638226628304
-1.77533054351807,-16.3974952697754,-0.000884074019268155,0.0672428887337446
-1.51956617832184,-16.3992004394531,-0.00195151497609913,0.0669710300862789
-1.26367509365082,-16.4009284973145,-0.00336879258975387,0.0666869916021824
-1.00777459144592,-16.4026050567627,-0.00460138544440269,0.0664740484207869
-0.751339435577393,-16.4044017791748,-0.00804440770298243,0.0663833934813738
-0.494289368391037,-16.4064693450928,-0.0140387173742056,0.0662590358406305
-0.238079339265823,-16.4080390930176,-0.0159892756491899,0.066152548417449
0.0174447204917669,-16.409330368042,-0.0146040618419647,0.0660690534859896
0.272912800312042,-16.4105739593506,-0.0127500696107745,0.0659363865852356
0.529298722743988,-16.4123001098633,-0.0148041686043143,0.0657376926392317
0.785933554172516,-16.4140357971191,-0.0177534017711878,0.0655117183923721
1.04185378551483,-16.4153842926025,-0.0172712318599224,0.0654234420508146
1.29725027084351,-16.4165153503418,-0.0142249166965485,0.0652723740786314
1.55286908149719,-16.4177894592285,-0.0119578531011939,0.0650374591350555
1.80938482284546,-16.4194736480713,-0.0134724145755172,0.0647823866456747
2.06667113304138,-16.4214668273926,-0.0181889049708843,0.0646298862993717
2.323410987854,-16.4231643676758,-0.0202458910644054,0.0646289028227329
2.58029532432556,-16.4248275756836,-0.0227226205170155,0.0645952913910151
2.83624744415283,-16.4260444641113,-0.0208556838333607,0.0646134540438652
-2.02740001678467,-16.6466426849365,8.24149719846901e-06,0.0663370806723833
-1.77165067195892,-16.6482162475586,-0.00120018399320543,0.0661540515720844
-1.51590514183044,-16.64990234375,-0.00214810646139085,0.0658871103078127
-1.26004827022552,-16.651704788208,-0.00336658488959074,0.0657010115683079
-1.0041606426239,-16.6534805297852,-0.00449702935293317,0.0655277259647846
-0.747951507568359,-16.655252456665,-0.0068725380115211,0.0654487982392311
-0.491272449493408,-16.6571159362793,-0.0111557440832257,0.0652469675987959
-0.234870105981827,-16.6586723327637,-0.0139591880142689,0.0650624763220549
0.0209260955452919,-16.6599922180176,-0.0137837082147598,0.0649889316409826
0.276454597711563,-16.6613578796387,-0.0121621349826455,0.0649337880313396
0.5326988697052,-16.6630191802979,-0.0135470507666469,0.0647087395191193
0.789555728435516,-16.6648387908936,-0.0174646601080894,0.0644592829048634
1.04583013057709,-16.6663093566895,-0.0185409355908632,0.0643483437597752
1.30126190185547,-16.667501449585,-0.0156128099188209,0.0642447806894779
1.55675184726715,-16.6687831878662,-0.0127282356843352,0.0639918372035027
1.81316149234772,-16.6706562042236,-0.0137145994231105,0.0637163817882538
2.07029891014099,-16.6726608276367,-0.0177284311503172,0.0636049136519432
2.32721710205078,-16.6744060516357,-0.0205484703183174,0.0635857544839382
2.58395576477051,-16.6760425567627,-0.0223433617502451,0.0635462123900652
2.84036421775818,-16.6773586273193,-0.0224699303507805,0.0635574646294117
-2.02280282974243,-16.8977603912354,-0.0045595676638186,0.0651109870523214
-1.7675473690033,-16.8991146087646,-0.00345971528440714,0.0649904403835535
-1.51203525066376,-16.9007148742676,-0.00329892174340785,0.0647753067314625
-1.25636386871338,-16.9024505615234,-0.00363300531171262,0.0646505635231733
-1.00041139125824,-16.9043006896973,-0.00502101797610521,0.0645722579210997
-0.744244575500488,-16.9060726165771,-0.00716770952567458,0.0645163618028164
-0.487960547208786,-16.9076652526855,-0.00963296182453632,0.0642866101115942
-0.2317825704813,-16.9090900421143,-0.0113934390246868,0.0640569757670164
0.0244095455855131,-16.9105091094971,-0.0129868322983384,0.0639528371393681
0.280165761709213,-16.9119987487793,-0.0123586012050509,0.063896207138896
0.536101341247559,-16.9136219024658,-0.0123116010800004,0.0636301934719086
0.792773485183716,-16.9155044555664,-0.0153560061007738,0.0633911304175854
1.04931831359863,-16.9171752929688,-0.0176083091646433,0.0632407926023006
1.30524039268494,-16.9186382293701,-0.0168375018984079,0.063119238242507
1.56097185611725,-16.9201202392578,-0.014987388625741,0.0629175417125225
1.81716132164001,-16.9219779968262,-0.0149473547935486,0.0627224817872047
2.07381677627563,-16.9237594604492,-0.0167848374694586,0.062603946775198
2.33056640625,-16.925407409668,-0.0188273172825575,0.0625045169144869
2.58719825744629,-16.9270439147949,-0.0201165266335011,0.0624392330646515
2.84369969367981,-16.9283599853516,-0.0206296313554049,0.0624084025621414
-2.01800799369812,-17.1490459442139,-0.010030516423285,0.0638229046016932
-1.76343965530396,-17.1500625610352,-0.00573597010225058,0.0637567639350891
-1.50822401046753,-17.1514320373535,-0.0041894163005054,0.0636310651898384
-1.25278878211975,-17.1529941558838,-0.00341578107327223,0.0635467059910297
-0.996588170528412,-17.154935836792,-0.0059030344709754,0.0635204818099737
-0.740094304084778,-17.1569309234619,-0.00949460919946432,0.0634804535657167
-0.483993530273438,-17.158483505249,-0.0110863335430622,0.0632773991674185
-0.228069856762886,-17.1598682403564,-0.0116521362215281,0.0630439948290586
0.028150575235486,-17.1613903045654,-0.0133314896374941,0.0629072897136211
0.284031510353088,-17.1629123687744,-0.013234281912446,0.0628279633820057
0.539407432079315,-17.1642971038818,-0.0106322392821312,0.0626121982932091
0.795389175415039,-17.1658687591553,-0.0105465110391378,0.0624095220118761
1.05203413963318,-17.1678009033203,-0.0132049061357975,0.0621899720281363
1.30846869945526,-17.1696186065674,-0.0146905099973083,0.0620352197438478
1.56485605239868,-17.171422958374,-0.0157365575432777,0.0618853252381086
1.82122123241425,-17.173246383667,-0.0164551064372063,0.0617464184761047
2.07777881622314,-17.1749019622803,-0.0178293604403734,0.0616208743304014
2.33416771888733,-17.176399230957,-0.0182356089353561,0.0614480283111334
2.59054756164551,-17.1779136657715,-0.0183790773153305,0.0613333564251661
2.84677624702454,-17.1791706085205,-0.0176516771316528,0.0612612627446651
-2.01380658149719,-17.4000778198242,-0.0127721438184381,0.0625735428184271
-1.7597359418869,-17.4008750915527,-0.00615603290498257,0.0625582542270422
-1.50445306301117,-17.4022960662842,-0.00487988814711571,0.0625058934092522
-1.24929463863373,-17.4036102294922,-0.0028186331037432,0.0624179504811764
-0.992793679237366,-17.4056339263916,-0.00664786482229829,0.062400821596384
-0.736128985881805,-17.4076175689697,-0.010989747941494,0.062358358874917
-0.480178385972977,-17.4091968536377,-0.0118544930592179,0.0622029416263103
-0.224372759461403,-17.4106636047363,-0.0118383849039674,0.0620073452591896
0.0316523909568787,-17.4123115539551,-0.0125817162916064,0.0618329234421253
0.287387996912003,-17.4137630462646,-0.0117979710921645,0.0617434643208981
0.542635142803192,-17.4150257110596,-0.00859220139682293,0.0615905281156301
0.798291921615601,-17.4165344238281,-0.0070104063488543,0.0614115167409182
1.05484771728516,-17.4185485839844,-0.00923217181116343,0.0611578114330769
1.31145906448364,-17.4205284118652,-0.011476163752377,0.0610176827758551
1.56818008422852,-17.4224414825439,-0.0139886140823364,0.0609303284436464
1.82482743263245,-17.4242134094238,-0.0159515161067247,0.0608312748372555
2.08135843276978,-17.4257678985596,-0.0171841289848089,0.0606503039598465
2.33744382858276,-17.4271430969238,-0.0162116754800081,0.0604629199951887
2.59374737739563,-17.4285640716553,-0.0159947201609612,0.060277059674263
2.84968614578247,-17.4297733306885,-0.0139508573338389,0.060189900919795
-2.01044297218323,-17.6507358551025,-0.0116650247946382,0.0614558048546314
-1.7564309835434,-17.6515846252441,-0.00473992526531219,0.0614955294877291
-1.5010701417923,-17.6530475616455,-0.00378990732133389,0.0614597573876381
-1.24589240550995,-17.6543159484863,-0.00179074332118034,0.061382133513689
-0.989354193210602,-17.6562252044678,-0.00577072845771909,0.061281356960535
-0.73298054933548,-17.6580219268799,-0.00876253750175238,0.061212657019496
-0.477051943540573,-17.6597328186035,-0.00948564056307077,0.0611184034496546
-0.22114996612072,-17.661506652832,-0.0098525257781148,0.0609830114990473
0.0348348617553711,-17.6632900238037,-0.0103699387982488,0.0608368683606386
0.29053208231926,-17.6647415161133,-0.00938277132809162,0.060746556147933
0.546102106571198,-17.6660003662109,-0.00761631596833467,0.0605890043079853
0.801956176757812,-17.6675033569336,-0.00689831702038646,0.0603730790317059
1.05830800533295,-17.6694030761719,-0.00817473698407412,0.0601022392511368
1.31474232673645,-17.6713256835938,-0.00959432777017355,0.0599773321300745
1.57139468193054,-17.6732368469238,-0.0117687275633216,0.059945235028863
1.82805442810059,-17.6749706268311,-0.013763040304184,0.0598635878413916
2.08449482917786,-17.6764755249023,-0.0145642543211579,0.0596895217895508
2.34053683280945,-17.6778411865234,-0.0133722377941012,0.0595181360840797
2.59663486480713,-17.6791515350342,-0.0122196674346924,0.059338016435504
2.8525242805481,-17.6803894042969,-0.00992867350578308,0.0592509135603905
-2.00736689567566,-17.9012546539307,-0.00923728942871094,0.0604699738323689
-1.75307631492615,-17.9023513793945,-0.00354963471181691,0.0605565644800663
-1.49766635894775,-17.9037914276123,-0.00279733981005847,0.0605083666741848
-1.2422548532486,-17.9052085876465,-0.00183021347038448,0.0604559313505888
-0.986051559448242,-17.9068946838379,-0.00425691669806838,0.0603166315704584
-0.729991674423218,-17.9085960388184,-0.00578740797936916,0.0602097306400537
-0.473799228668213,-17.9105377197266,-0.00767006911337376,0.0601093452423811
-0.217426583170891,-17.9125919342041,-0.0101323807612062,0.060014046728611
0.0385319963097572,-17.9143695831299,-0.0104967188090086,0.0598940327763557
0.294003248214722,-17.9156932830811,-0.00845953542739153,0.0597717184573412
0.549875199794769,-17.9170608520508,-0.00802311021834612,0.0595430545508862
0.80623471736908,-17.9187164306641,-0.0095484796911478,0.0593267399817705
1.06267297267914,-17.9205532073975,-0.0111834239214659,0.059115793555975
1.31897330284119,-17.9224224090576,-0.011963402852416,0.0589852817356586
1.57520651817322,-17.9241828918457,-0.0122259827330709,0.0589769724756479
1.8315464258194,-17.9258670806885,-0.0127528691664338,0.0589076932519674
2.08771896362305,-17.9273929595947,-0.0123204104602337,0.058759493753314
2.34377074241638,-17.9287719726562,-0.0111412722617388,0.0585921918973327
2.59978151321411,-17.9301605224609,-0.0095634451135993,0.0584290139377117
2.85583114624023,-17.9315319061279,-0.00794711336493492,0.0583267249166965
-2.00410413742065,-18.1518630981445,-0.00766735104843974,0.0594831546768546
-1.74949681758881,-18.1531715393066,-0.00339590385556221,0.0595881119370461
-1.49405574798584,-18.1545906066895,-0.00275587476789951,0.0595484543591738
-1.23858106136322,-18.1561126708984,-0.00203628186136484,0.0595158459618688
-0.982717156410217,-18.1577014923096,-0.00287694344297051,0.0594272408634424
-0.726680099964142,-18.1594619750977,-0.00426659220829606,0.059302756562829
-0.470258265733719,-18.1615142822266,-0.0071591273881495,0.0591553673148155
-0.213581323623657,-18.163667678833,-0.0109708989039063,0.0590413073077798
0.0423338077962399,-18.1654472351074,-0.0111016053706408,0.0589296407997608
0.29755711555481,-18.1666965484619,-0.00790826510637999,0.0588119756430387
0.553637742996216,-18.1682052612305,-0.00837472546845675,0.058577386662364
0.810370683670044,-18.1700439453125,-0.0115416012704372,0.0583669235929847
1.06690299510956,-18.1718502044678,-0.0135678611695766,0.0582237485796213
1.3228794336319,-18.1734981536865,-0.0128680700436234,0.058119747787714
1.57870483398438,-18.175048828125,-0.0112781785428524,0.0580222709104419
1.8349586725235,-18.176664352417,-0.0113932751119137,0.0578634515404701
2.09109830856323,-18.1783428192139,-0.0107690636068583,0.0577073087915778
2.34723854064941,-18.1799602508545,-0.00993397366255522,0.0575605696067214
2.60343265533447,-18.1816120147705,-0.00912071112543344,0.0574181647971272
2.85970115661621,-18.1831760406494,-0.00843041390180588,0.057274897582829
-2.00079011917114,-18.4024429321289,-0.00633988436311483,0.0583935054019094
-1.74595618247986,-18.4038238525391,-0.00307910004630685,0.058512344956398
-1.49046015739441,-18.4053115844727,-0.00265305931679904,0.0585182653740048
-1.2350457906723,-18.4068279266357,-0.00162269931752235,0.0585306538268924
-0.979290127754211,-18.4084892272949,-0.00192579836584628,0.0585015304386616
-0.723213911056519,-18.4103775024414,-0.00345104420557618,0.0583936301991343
-0.466836541891098,-18.4123210906982,-0.00611863052472472,0.0582053549587727
-0.210104763507843,-18.414436340332,-0.0101535804569721,0.0580615485087037
0.0458343662321568,-18.4161891937256,-0.0103647680953145,0.0579574825242162
0.301058232784271,-18.4175415039062,-0.00713226851075888,0.0578571651130915
0.557107329368591,-18.4191627502441,-0.0074127777479589,0.0576590718701482
0.813590347766876,-18.4209632873535,-0.0094195082783699,0.057428733445704
1.07017290592194,-18.4228134155273,-0.0116402637213469,0.0573096992447972
1.32612860202789,-18.4243927001953,-0.0108245806768537,0.0572219779714942
1.58197271823883,-18.425895690918,-0.00929401721805334,0.0570299243554473
1.83838021755219,-18.4275360107422,-0.0100694932043552,0.0567870419472456
2.09459710121155,-18.4293670654297,-0.00974673684686422,0.0566151179373264
2.35088562965393,-18.4312419891357,-0.00952108670026064,0.0564621901139617
2.60722303390503,-18.4330558776855,-0.00929930992424488,0.0562950633466244
2.86368155479431,-18.4347743988037,-0.0094093531370163,0.0560969831421971
-1.99754858016968,-18.6529693603516,-0.00468153692781925,0.0572454743087292
-1.74250257015228,-18.6543483734131,-0.00237248349003494,0.0573807414621115
-1.48695206642151,-18.6559104919434,-0.00215935963205993,0.0574022987857461
-1.23151648044586,-18.6574382781982,-0.00119233212899417,0.0574561832472682
-0.975790202617645,-18.6591472625732,-0.00132297386880964,0.0574427284300327
-0.719884395599365,-18.6610336303711,-0.00203386950306594,0.0573421949520707
-0.463742166757584,-18.6628170013428,-0.00360900443047285,0.0571552813053131
-0.207113310694695,-18.6648445129395,-0.00715345237404108,0.0570212593302131
0.0491248890757561,-18.6667404174805,-0.00868836883455515,0.0569294998422265
0.304652988910675,-18.6683216094971,-0.00678916368633509,0.0568740107119083
0.560491561889648,-18.6699352264404,-0.00608165515586734,0.0566675523295999
0.816510617733002,-18.6715812683105,-0.0059686591848731,0.0564458053559065
1.07281577587128,-18.6733303070068,-0.00691786222159863,0.0562527747824788
1.32895398139954,-18.6750011444092,-0.00689413724467158,0.0561140710487962
1.58506989479065,-18.6766681671143,-0.00654834881424904,0.0558849535882473
1.84144806861877,-18.6783638000488,-0.00715865241363645,0.0556641425937414
2.09772062301636,-18.6803092956543,-0.00704806065186858,0.0555199664086103
2.35414814949036,-18.6822452545166,-0.00741123408079147,0.0553737636655569
2.61057686805725,-18.6841735839844,-0.00755811901763082,0.0551805710420012
2.86718678474426,-18.6859531402588,-0.00830844696611166,0.0549394879490137
-1.99410605430603,-18.9036884307861,-0.00393825909122825,0.0562092689797282
-1.73888432979584,-18.9050598144531,-0.00241148006170988,0.0563362669199705
-1.48338174819946,-18.9066371917725,-0.00194110965821892,0.0563469044864178
-1.22767984867096,-18.9082469940186,-0.00216131960041821,0.0563690019771457
-0.971989989280701,-18.9098930358887,-0.00209460384212434,0.0562886521220207
-0.716293394565582,-18.9116954803467,-0.00181749614421278,0.0561350071802735
-0.460321754217148,-18.913501739502,-0.00257566734217107,0.0560058187693357
-0.20388850569725,-18.9155254364014,-0.00519476970657706,0.0559509787708521
0.0526443421840668,-18.9175682067871,-0.00803057663142681,0.0559435319155455
0.308673650026321,-18.9193935394287,-0.00835814606398344,0.0559066543355584
0.564495503902435,-18.921028137207,-0.00753589952364564,0.0557155273854733
0.820263564586639,-18.9225788116455,-0.00625779712572694,0.0555339735001326
1.0762130022049,-18.9241752624512,-0.00557789020240307,0.055377496406436
1.33220815658569,-18.9257850646973,-0.00488388119265437,0.0551864178851247
1.58831834793091,-18.9274921417236,-0.00447914376854897,0.054923496209085
1.84453022480011,-18.9292640686035,-0.00430592196062207,0.0547233400866389
2.10075664520264,-18.931245803833,-0.00395625038072467,0.0546051552519202
2.35725975036621,-18.9331302642822,-0.00463669095188379,0.054420018568635
2.61362338066101,-18.9350452423096,-0.00446693552657962,0.054216792806983
2.87032437324524,-18.9368343353271,-0.00559586798772216,0.0539643066003919
-1.99019002914429,-19.1546573638916,-0.00536926602944732,0.0553377019241452
-1.73500382900238,-19.1559963226318,-0.00364395300857723,0.055423972196877
-1.47959983348846,-19.1576023101807,-0.00267867604270577,0.0553867686539888
-1.22380220890045,-19.1592178344727,-0.00330401607789099,0.0553375277668238
-0.968048453330994,-19.1608867645264,-0.00349296606145799,0.055167960934341
-0.712367177009583,-19.1626644134521,-0.00311147584579885,0.0549875237047672
-0.456531077623367,-19.1644439697266,-0.00321466429159045,0.0548777878284454
-0.200235292315483,-19.1664848327637,-0.00516857020556927,0.0548870442435145
0.056374154984951,-19.1686611175537,-0.00830750819295645,0.0549338478595018
0.31272304058075,-19.1706962585449,-0.0100358827039599,0.0549535993486643
0.568743109703064,-19.1724224090576,-0.0100686131045222,0.0548179307952523
0.82444965839386,-19.1739368438721,-0.0084763690829277,0.0546942036598921
1.08009898662567,-19.1753425598145,-0.00641954829916358,0.0545721529051661
1.33594679832458,-19.1768188476562,-0.00503784557804465,0.0544477058574557
1.59187698364258,-19.1784210205078,-0.00379826780408621,0.0541794504970312
1.84795832633972,-19.1802654266357,-0.0029988328460604,0.0539581105113029
2.10415554046631,-19.1822032928467,-0.00249234982766211,0.0537597462534904
2.36056041717529,-19.1840839385986,-0.00270237657241523,0.0535578699782491
2.61688709259033,-19.185941696167,-0.00234482996165752,0.0533988680690527
2.87365341186523,-19.1877937316895,-0.00372897344641387,0.0531933279708028
-1.98612654209137,-19.4054794311523,-0.00749998306855559,0.0544298337772489
-1.73126435279846,-19.4067573547363,-0.00424177572131157,0.0544805889949203
-1.47597014904022,-19.4084415435791,-0.00272552575916052,0.0543877882882953
-1.22029626369476,-19.4101505279541,-0.00273751490749419,0.0542930783703923
-0.964259803295135,-19.4120407104492,-0.00417316239327192,0.0540936747565866
-0.708233416080475,-19.4139232635498,-0.00533080752938986,0.0539545398205519
-0.452456265687943,-19.4157161712646,-0.00512427976354957,0.053948181681335
-0.196509152650833,-19.4176082611084,-0.00546058220788836,0.0539789367467165
0.0598981268703938,-19.4197292327881,-0.00764817744493484,0.0540392473340034
0.316320896148682,-19.4218158721924,-0.0096757560968399,0.0540859494358301
0.572319626808167,-19.4235572814941,-0.00957739353179932,0.0539942923933268
0.827889919281006,-19.4250144958496,-0.00734036415815353,0.05383235309273
1.08356690406799,-19.4264278411865,-0.00537678180262446,0.0536925354972482
1.33971154689789,-19.4280490875244,-0.00529021630063653,0.0535786375403404
1.59593152999878,-19.4296875,-0.00532001396641135,0.0533510027453303
1.8519994020462,-19.4315090179443,-0.00442583998665214,0.0530871208757162
2.10798764228821,-19.433292388916,-0.00296023604460061,0.0528461206704378
2.36410474777222,-19.4350910186768,-0.00185479992069304,0.0526965400204062
2.62046527862549,-19.4369468688965,-0.00161679100710899,0.0525604654103518
2.87736535072327,-19.4389324188232,-0.00355457025580108,0.0524450447410345
-1.98232674598694,-19.6560039520264,-0.00843768194317818,0.0533407293260098
-1.72785091400146,-19.6572570800781,-0.00335660367272794,0.0533980140462518
-1.47255420684814,-19.659086227417,-0.00180527206975967,0.0533137172460556
-1.21725463867188,-19.660774230957,-6.09405324212275e-05,0.0532429227605462
-0.961097776889801,-19.6629943847656,-0.00199012085795403,0.0530897695571184
-0.704641461372375,-19.6651554107666,-0.00506553426384926,0.0529549121856689
-0.448534309864044,-19.6670150756836,-0.00633148662745953,0.0529577201232314
-0.192465901374817,-19.668924331665,-0.00718449801206589,0.0530086811631918
0.0638307556509972,-19.6709861755371,-0.00883553083986044,0.0530899949371815
0.320107191801071,-19.6729335784912,-0.0101744038984179,0.0530906748026609
0.575872421264648,-19.6745319366455,-0.00899407267570496,0.0530103510245681
0.831170678138733,-19.6759128570557,-0.00549857411533594,0.0528685487806797
1.08692336082458,-19.6774597167969,-0.00383466831408441,0.0527381030842662
1.34348058700562,-19.6792869567871,-0.00556184770539403,0.052613815292716
1.60020446777344,-19.6811122894287,-0.00781127763912082,0.0523783685639501
1.85609865188599,-19.6828327178955,-0.00610690331086516,0.0520744482055306
2.11189103126526,-19.6844902038574,-0.00373715464957058,0.051859580911696
2.36806321144104,-19.6862964630127,-0.00284324935637414,0.0517534604296088
2.62455558776855,-19.6881618499756,-0.00315868877805769,0.0516069978475571
2.88182401657104,-19.6903228759766,-0.00668576033785939,0.0515512954443693
-1.97869622707367,-19.9066524505615,-0.00857933238148689,0.0521429637447
-1.7243469953537,-19.9079914093018,-0.00286807049997151,0.0522308554500341
-1.46910190582275,-19.9098587036133,-0.0010417194571346,0.0522070378065109
-1.21398282051086,-19.9116077423096,0.00157384015619755,0.052180603146553
-0.958096921443939,-19.9138069152832,0.000920584832783788,0.0520867183804512
-0.701521098613739,-19.9160709381104,-0.00266570667736232,0.0519650932401419
-0.445046484470367,-19.918098449707,-0.00557067198678851,0.051942590624094
-0.188734591007233,-19.9200458526611,-0.0075013586319983,0.0519586773589253
0.0674539431929588,-19.9219779968262,-0.00863731931895018,0.0520295919850469
0.323545277118683,-19.9237575531006,-0.00911657884716988,0.0519671896472573
0.579362750053406,-19.925329208374,-0.00814504269510508,0.0519055332988501
0.834757685661316,-19.9267749786377,-0.0050499327480793,0.0518242921680212
1.09054172039032,-19.9284820556641,-0.00347990030422807,0.0517520252615213
1.347128033638,-19.9305076599121,-0.00528601510450244,0.0516423219814897
1.60407030582428,-19.932487487793,-0.00847172178328037,0.0514253098517656
1.85988545417786,-19.9341259002686,-0.00638532219454646,0.051108792424202
2.1157214641571,-19.9357929229736,-0.00417719129472971,0.0509094092994928
2.3724057674408,-19.9377326965332,-0.00552996806800365,0.0507611343637109
2.62934732437134,-19.9397144317627,-0.00780330551788211,0.0505980998277664
2.88712120056152,-19.9420318603516,-0.0135284028947353,0.0505000101402402
-1.97513663768768,-20.1576271057129,-0.0083604846149683,0.0509828282520175
-1.72059738636017,-20.1591491699219,-0.00347735732793808,0.0510988631285727
-1.46544170379639,-20.1609477996826,-0.00120846624486148,0.0511499573476613
-1.21025335788727,-20.1627254486084,0.00112512765917927,0.0511773005127907
-0.954464554786682,-20.1648044586182,0.000942000770010054,0.0511219371110201
-0.698150813579559,-20.1669788360596,-0.00141538877505809,0.0510490345768631
-0.441504180431366,-20.1691608428955,-0.00506214378401637,0.0510177137330174
-0.185022130608559,-20.1711196899414,-0.00773729803040624,0.0509927030652761
0.0709909275174141,-20.1728668212891,-0.00805669650435448,0.0509923053905368
0.326756209135056,-20.1744613647461,-0.00703644892200828,0.0508566899225116
0.582463145256042,-20.1760387420654,-0.00553271267563105,0.0507708182558417
0.838311195373535,-20.1776466369629,-0.00444879196584225,0.050815655849874
1.09457683563232,-20.1796035766602,-0.00500157848000526,0.0508584780618548
1.35118067264557,-20.1817779541016,-0.00683613680303097,0.0507343076169491
1.60775780677795,-20.1837196350098,-0.00834264606237411,0.0504858111962676
1.86361050605774,-20.185417175293,-0.00638582184910774,0.0502156894654036
2.11993288993835,-20.1871776580811,-0.00631914054974914,0.0500291464850307
2.37714862823486,-20.1892757415771,-0.0100001450628042,0.0498293302953243
2.63453507423401,-20.1915245056152,-0.0141931781545281,0.0495993290096521
2.8926248550415,-20.1939315795898,-0.0212735272943974,0.0493830787017941
-1.97177112102509,-20.4085807800293,-0.00724356528371572,0.0498962993733585
-1.71698951721191,-20.410270690918,-0.00343397213146091,0.0500100185163319
-1.46181929111481,-20.4120216369629,-0.0012034602696076,0.0500921672210097
-1.20638763904572,-20.4138374328613,4.65781922684982e-05,0.0501752928830683
-0.950385689735413,-20.4158382415771,-0.0010893230792135,0.0502058174461126
-0.694043278694153,-20.4179935455322,-0.00354188471101224,0.0501802298240364
-0.43749475479126,-20.4201812744141,-0.00670000584796071,0.050180422142148
-0.181197717785835,-20.4221038818359,-0.0084952050819993,0.0501329046674073
0.0744794383645058,-20.4237880706787,-0.00725210551172495,0.0500690760090947
0.329884260892868,-20.4252738952637,-0.00456869183108211,0.0499158976599574
0.585496962070465,-20.4268798828125,-0.00260530854575336,0.0498220515437424
0.84194004535675,-20.4287567138672,-0.00416626175865531,0.0498767578974366
1.09890139102936,-20.4309959411621,-0.00780771998688579,0.0498793381266296
1.35542786121368,-20.4330711364746,-0.009263108484447,0.0497403470799327
1.611363530159,-20.4348468780518,-0.0078555615618825,0.0495393145829439
1.86725473403931,-20.4366664886475,-0.0060276361182332,0.0493502574972808
2.12396454811096,-20.438570022583,-0.0076530915684998,0.0491553284227848
2.38143587112427,-20.4408912658691,-0.0124209122732282,0.0488484865054488
2.63908958435059,-20.4431934356689,-0.0177664123475552,0.0485688555054367
2.89714670181274,-20.4456119537354,-0.0246578454971313,0.0482537862844765
-1.96855366230011,-20.6593074798584,-0.00546342460438609,0.0489096883684397
-1.7137553691864,-20.6610298156738,-0.00169721513520926,0.0489986878819764
-1.45854294300079,-20.6627616882324,0.00036746243131347,0.049108637496829
-1.20301342010498,-20.6646060943604,0.00119951879605651,0.0492121181450784
-0.946715295314789,-20.6666297912598,-0.00126567110419273,0.0492810024879873
-0.690212786197662,-20.668773651123,-0.00442055985331535,0.0493036871775985
-0.433697789907455,-20.6709785461426,-0.00738720688968897,0.0493146884255111
-0.177503868937492,-20.6729774475098,-0.00866778753697872,0.0493059786967933
0.0781872346997261,-20.6748294830322,-0.0074371499940753,0.0492707644589245
0.333586424589157,-20.6764717102051,-0.00467817904427648,0.0491750882938504
0.589371502399445,-20.6781978607178,-0.00345220067538321,0.0490680644288659
0.846356451511383,-20.6804084777832,-0.00740280840545893,0.0490358709357679
1.1034437417984,-20.6827201843262,-0.011567029170692,0.0489315139129758
1.35961663722992,-20.6846160888672,-0.0114009529352188,0.0487539786845446
1.61520385742188,-20.6862316131592,-0.00840021949261427,0.0486147790215909
1.87096869945526,-20.6879367828369,-0.00598049163818359,0.0484316856600344
2.12760710716248,-20.6898345947266,-0.00725221494212747,0.04818922188133
2.38495135307312,-20.6921138763428,-0.0114225894212723,0.0478252465836704
2.64249634742737,-20.6944408416748,-0.0162476785480976,0.0474950829520822
2.90032315254211,-20.6968173980713,-0.0220863576978445,0.0471660518087447
-1.96529853343964,-20.909969329834,-0.0038667896296829,0.0480795134790242
-1.71065771579742,-20.9116077423096,0.00065225240541622,0.0481451549567282
-1.45530867576599,-20.9134178161621,0.00212289812043309,0.0482387589290738
-1.20000565052032,-20.9151916503906,0.00402295123785734,0.048341569956392
-0.943795084953308,-20.9172210693359,0.00199039513245225,0.0484112445265055
-0.687358856201172,-20.9193897247314,-0.000830328790470958,0.0484117823652923
-0.430621057748795,-20.9217548370361,-0.00477571459487081,0.0483615659177303
-0.174095436930656,-20.9239063262939,-0.00752990413457155,0.0483344658277929
0.0820363461971283,-20.9260425567627,-0.00825082510709763,0.0483596087433398
0.337922155857086,-20.927942276001,-0.00764711759984493,0.0483908052556217
0.594294667243958,-20.9299793243408,-0.00902062561362982,0.0482989936135709
0.851147890090942,-20.9322624206543,-0.0123210838064551,0.0481878193095326
1.10750794410706,-20.9342498779297,-0.0131808333098888,0.0479993233457208
1.36337149143219,-20.9360752105713,-0.0115871382877231,0.0478351782076061
1.61885559558868,-20.9376182556152,-0.00809486955404282,0.0477627567015588
1.87458288669586,-20.9392566680908,-0.00547915371134877,0.0475399163551629
2.13107299804688,-20.9411487579346,-0.00605353247374296,0.047213027253747
2.38822340965271,-20.9433193206787,-0.00933433789759874,0.0468218917958438
2.64545011520386,-20.9455013275146,-0.01272202283144,0.0464648702181876
2.90307331085205,-20.9478073120117,-0.0176321752369404,0.0461888876743615
-1.96198630332947,-21.1607284545898,-0.00252634868957102,0.0473134035710245
-1.70744669437408,-21.1622657775879,0.00248278165236115,0.0473744042683393
-1.45192694664001,-21.164234161377,0.00321128591895103,0.0474108716007322
-1.19675064086914,-21.1659755706787,0.00572512717917562,0.0475024674087763
-0.940744519233704,-21.1680297851562,0.00466692540794611,0.0475618490017951
-0.684237241744995,-21.170295715332,0.00155829673167318,0.047556116245687
-0.427372574806213,-21.1726531982422,-0.00294019700959325,0.0474559664726257
-0.170703887939453,-21.1748523712158,-0.00631397496908903,0.0473678046837449
0.085796944797039,-21.1771106719971,-0.00867574103176594,0.0474080867134035
0.342256009578705,-21.1793384552002,-0.0106159839779139,0.0475118174217641
0.598953068256378,-21.1816959381104,-0.0133925816044211,0.0474661653861403
0.855429649353027,-21.1838321685791,-0.0149556305259466,0.0473402324132621
1.11121428012848,-21.1855716705322,-0.0131957605481148,0.0471258205361664
1.36685860157013,-21.1872596740723,-0.0105909379199147,0.0470159519463778
1.62250292301178,-21.1889171600342,-0.00777826923877001,0.0469521624036133
1.87835431098938,-21.1906394958496,-0.00567976851016283,0.046673518139869
2.13471150398254,-21.1925239562988,-0.00562331918627024,0.0462960577569902
2.39163947105408,-21.1945323944092,-0.00789105612784624,0.0459149093367159
2.64854025840759,-21.1966361999512,-0.00979853793978691,0.0455326847732067
2.90600252151489,-21.198860168457,-0.0139707000926137,0.0452969865873456
-1.95878732204437,-21.4115695953369,-0.000653354334644973,0.0464060537051409
-1.7041836977005,-21.4130935668945,0.00408895593136549,0.0464953817427158
-1.448606133461,-21.4151496887207,0.00459019420668483,0.0465310211293399
-1.19327652454376,-21.4169502258301,0.00643483735620975,0.0465711222495884
-0.937170743942261,-21.4191474914551,0.00496509345248342,0.0466097670141608
-0.68040269613266,-21.4216461181641,0.000716028618626297,0.046645546099171
-0.423351019620895,-21.4240303039551,-0.00460131326690316,0.0466033455450088
-0.166722938418388,-21.4261035919189,-0.00776421232149005,0.0464888783171773
0.089620552957058,-21.428150177002,-0.00939218979328871,0.0465197660960257
0.346115261316299,-21.4303588867188,-0.0114610372111201,0.0465989601798356
0.602672815322876,-21.4327068328857,-0.013568414375186,0.0465627866797149
0.858852863311768,-21.4347839355469,-0.0137575231492519,0.0464578801766038
1.1145144701004,-21.4365139007568,-0.0114101637154818,0.0463085067458451
1.37024879455566,-21.4382228851318,-0.00918018445372581,0.04619394056499
1.62616813182831,-21.4400672912598,-0.00755701819434762,0.0460387323983014
1.88219928741455,-21.4419536590576,-0.00621764361858368,0.0457473751157522
2.13845062255859,-21.4438953399658,-0.00564533798024058,0.045410689432174
2.39515900611877,-21.4458408355713,-0.00690191145986319,0.0450567053630948
2.65209031105042,-21.4479732513428,-0.00891069043427706,0.0446914923377335
2.90948557853699,-21.4501438140869,-0.0127576747909188,0.0444354265928268
-1.95570492744446,-21.6623401641846,0.00175256642978638,0.045262970845215
-1.70093488693237,-21.6639747619629,0.00576469348743558,0.0454091187566519
-1.4452223777771,-21.6660423278809,0.00567458942532539,0.0455184903694317
-1.18969428539276,-21.6679515838623,0.00664684269577265,0.0455804315861315
-0.933205783367157,-21.6703834533691,0.00347344996407628,0.0456171138212085
-0.676046967506409,-21.6730461120605,-0.0025168745778501,0.0456793878693134
-0.418822258710861,-21.675479888916,-0.0085816103965044,0.0457304350566119
-0.162412479519844,-21.677339553833,-0.0107249822467566,0.0456936014816165
0.0933108925819397,-21.6789665222168,-0.00952372886240482,0.0457065796945244
0.349413335323334,-21.6810207366943,-0.00978636089712381,0.0457390001975
0.605861008167267,-21.6833934783936,-0.0113609787076712,0.0457025072537363
0.862030923366547,-21.6855411529541,-0.0114674707874656,0.0456345314159989
1.11788988113403,-21.6874771118164,-0.00996319577097893,0.0455129160545766
1.37380528450012,-21.6893882751465,-0.00849990919232368,0.0453347123693675
1.62998127937317,-21.6914215087891,-0.00798272527754307,0.045068399515003
1.88604640960693,-21.6933517456055,-0.00675702234730124,0.0447898888960481
2.14238858222961,-21.6953983306885,-0.0065468936227262,0.0445526994299144
2.39929413795471,-21.6974411010742,-0.00864118803292513,0.0442116807680577
2.65606284141541,-21.699499130249,-0.00989356637001038,0.0438710346352309
2.91337561607361,-21.7016544342041,-0.0133378691971302,0.0435333254281431
-1.95266926288605,-21.9129333496094,0.00435558799654245,0.0440617165295407
-1.69758903980255,-21.9148235321045,0.00698634469881654,0.0442623445414938
-1.44160008430481,-21.917064666748,0.00566820101812482,0.0444603459909558
-1.18586802482605,-21.9191589355469,0.0057528717443347,0.0445864432258531
-0.929153442382812,-21.9216766357422,0.00158381357323378,0.0446727415546775
-0.672006964683533,-21.9241886138916,-0.00432674773037434,0.0447468912461773
-0.414856493473053,-21.9265327453613,-0.0100221559405327,0.0447951669339091
-0.158421292901039,-21.9284248352051,-0.0122414147481322,0.0448190888855606
0.0972499176859856,-21.930196762085,-0.0107495104894042,0.0448690806515515
0.353318959474564,-21.9323825836182,-0.0108094736933708,0.0449089854955673
0.609694361686707,-21.9347019195557,-0.0120241362601519,0.044883027439937
0.865722835063934,-21.9367179870605,-0.0114668337628245,0.0448158956132829
1.12165689468384,-21.9386863708496,-0.0102652544155717,0.0447021415457129
1.37778055667877,-21.9407691955566,-0.00969080533832312,0.0444451048970222
1.63408017158508,-21.9429054260254,-0.00968371145427227,0.044119484256953
1.89005792140961,-21.9448184967041,-0.00802917126566172,0.0438591961283237
2.14640998840332,-21.9468479156494,-0.00782808195799589,0.0436717025004327
2.40331268310547,-21.949031829834,-0.00985993072390556,0.0433790478855371
2.66003751754761,-21.9510650634766,-0.0108803799375892,0.043023289879784
2.91694402694702,-21.953088760376,-0.0124897994101048,0.0425729360431433
-2.20621800422668,-22.1612110137939,0.0114698419347405,0.0429521286860108
-1.94980275630951,-22.1634540557861,0.00773487007245421,0.0430720524745993
-1.69406843185425,-22.1657028198242,0.00739964284002781,0.0432766300509684
-1.43793511390686,-22.168025970459,0.00545638799667358,0.0434862908296054
-1.18192648887634,-22.1703681945801,0.00432614050805569,0.0436841043410823
-0.925399303436279,-22.1728019714355,0.00104880763683468,0.0438217259361409
-0.668724358081818,-22.1750736236572,-0.00268380506895483,0.0438665092224255
-0.411926478147507,-22.1773109436035,-0.00674241688102484,0.0438522172626108
-0.15519791841507,-22.1794719696045,-0.0102488026022911,0.0438439764548093
0.101065315306187,-22.1816387176514,-0.0113894995301962,0.0439119823276997
0.357618242502213,-22.184154510498,-0.0135849211364985,0.0440067761810496
0.614098429679871,-22.1865062713623,-0.0152327790856361,0.0440393185708672
0.869924783706665,-22.1883640289307,-0.0137331234291196,0.0440106638707221
1.12574005126953,-22.1901073455811,-0.0119773950427771,0.0439123988617212
1.38180446624756,-22.1921825408936,-0.0110982861369848,0.0436139348894358
1.63803601264954,-22.1943912506104,-0.0107400016859174,0.0432701408863068
1.89417374134064,-22.196460723877,-0.00975228287279606,0.0430128192529082
2.15056037902832,-22.1985111236572,-0.00966730527579784,0.0428492221981287
2.40718698501587,-22.2005863189697,-0.0104341385886073,0.0425217618467286
2.6636860370636,-22.2025585174561,-0.0104162478819489,0.0421605559531599
2.91975378990173,-22.2042140960693,-0.00828505400568247,0.0416225621011108
-2.20278215408325,-22.4119625091553,0.0121934963390231,0.042096690274775
-1.94684863090515,-22.414098739624,0.0107178837060928,0.0422707730904222
-1.69058156013489,-22.4165897369385,0.00796793960034847,0.04245045396965
-1.43416547775269,-22.4191570281982,0.00477663148194551,0.0426799295237288
-1.17779159545898,-22.4216651916504,0.00201406911946833,0.0428858513769228
-0.921601831912994,-22.4239540100098,0.000315691315336153,0.0430524210460135
-0.665631651878357,-22.4259338378906,-0.000172115076566115,0.0431141178851249
-0.409336060285568,-22.4280033111572,-0.00191475241445005,0.0430833082646132
-0.15245009958744,-22.4304294586182,-0.0060897758230567,0.0429856209084392
0.10475692152977,-22.4331455230713,-0.0114579182118177,0.0430194842629135
0.362074017524719,-22.4358730316162,-0.0170796122401953,0.0431602649623528
0.618855714797974,-22.4383411407471,-0.0200448054820299,0.0432592069264501
0.874543130397797,-22.4402179718018,-0.0178680382668972,0.0432655748445541
1.1299569606781,-22.4417915344238,-0.0142687214538455,0.0431025811703876
1.38574171066284,-22.4437255859375,-0.0121006155386567,0.0427739269798622
1.64182758331299,-22.4459018707275,-0.0110520552843809,0.0424695929978043
1.89820730686188,-22.4480972290039,-0.0111061129719019,0.0422487441683188
2.15469861030579,-22.4502716064453,-0.0114407744258642,0.0420836391858757
2.41074299812317,-22.4519557952881,-0.00960058532655239,0.041701601468958
2.66692781448364,-22.4539623260498,-0.00814076326787472,0.0413512573577464
2.92235231399536,-22.4552707672119,-0.00314305629581213,0.0408345572068356
3.17949080467224,-22.4572429656982,-0.00551505340263247,0.0406774879666045
-2.19931077957153,-22.6628246307373,0.0127606736496091,0.0411890728864819
-1.94371271133423,-22.6648788452148,0.0128698237240314,0.0414304002188146
-1.68724513053894,-22.6675491333008,0.00923964288085699,0.0416595569113269
-1.43060541152954,-22.6701545715332,0.00505028059706092,0.0418547124136239
-1.17402756214142,-22.6727695465088,0.0013927489053458,0.0420501548796892
-0.917752802371979,-22.6751346588135,-0.00065294373780489,0.0423035431304015
-0.661804020404816,-22.6771125793457,-0.00100586912594736,0.0424200849374756
-0.40565213561058,-22.6791515350342,-0.00205609598197043,0.0423910840181634
-0.149049788713455,-22.6814727783203,-0.00490877218544483,0.0422501594075584
0.108275629580021,-22.6841621398926,-0.0107884323224425,0.0422328444838058
0.366324633359909,-22.6872081756592,-0.0196798201650381,0.0423543698270805
0.623494505882263,-22.6897735595703,-0.0243606343865395,0.0424533275654539
0.879104018211365,-22.6918678283691,-0.0217638108879328,0.0424350433750078
1.13394498825073,-22.6934146881104,-0.0155299622565508,0.0422635151189752
1.38934338092804,-22.6951599121094,-0.0115975327789783,0.041950514249038
1.64534199237823,-22.6972179412842,-0.0101340329274535,0.0416680344496854
1.90190947055817,-22.6994972229004,-0.010991976596415,0.0414680227986537
2.15841007232666,-22.7017688751221,-0.0113251330330968,0.0412839986383915
2.41419553756714,-22.7033576965332,-0.00829862244427204,0.0409321603365242
2.66996479034424,-22.7051906585693,-0.00496596237644553,0.0405921896162909
2.92543888092041,-22.706470489502,-0.000166295722010545,0.040158027652069
3.1826057434082,-22.7084808349609,-0.00263238721527159,0.0399434314294922
-2.45094847679138,-22.9122047424316,0.0111920703202486,0.0395823081489652
-2.19573020935059,-22.9139232635498,0.012843506410718,0.0402476724702865
-1.94031631946564,-22.915885925293,0.0138330198824406,0.0405633710324764
-1.68375170230865,-22.9185619354248,0.00978770945221186,0.040844828588888
-1.42717456817627,-22.9211521148682,0.00592048978433013,0.0410404636058956
-1.17049205303192,-22.9238166809082,0.00181805121246725,0.0412470439914614
-0.913748919963837,-22.926399230957,-0.00232765078544617,0.0414897816954181
-0.657377004623413,-22.9285774230957,-0.00456584990024567,0.0416532865492627
-0.401043117046356,-22.9306602478027,-0.00640404038131237,0.0416374874184839
-0.144741609692574,-22.9329280853271,-0.00784134306013584,0.0415178981493227
0.112243838608265,-22.9354133605957,-0.0121485618874431,0.041499380080495
0.370274394750595,-22.9385547637939,-0.0209081713110209,0.0415601401036838
0.627623379230499,-22.9412021636963,-0.0263581238687038,0.0415926383429905
0.883175492286682,-22.9432601928711,-0.0234656240791082,0.04154352885962
1.13758492469788,-22.9446907043457,-0.0152505096048117,0.0414285133738304
1.3928724527359,-22.9463577270508,-0.0107913492247462,0.0411980058725021
1.64906215667725,-22.948392868042,-0.0101590789854527,0.0409560436755783
1.90565729141235,-22.95068359375,-0.0111058121547103,0.0407369630956964
2.16189432144165,-22.9529266357422,-0.0102229509502649,0.0405005186075869
2.41762185096741,-22.9546871185303,-0.00688745127990842,0.0401726380223408
2.67354154586792,-22.9563426971436,-0.00421471055597067,0.0398134390125051
2.92911505699158,-22.9579925537109,0.000213539155083708,0.0394654250121675
3.18606376647949,-22.9600868225098,-0.00123863050248474,0.0391951074125245
3.44289016723633,-22.962230682373,-0.00191578292287886,0.0387669565388933
-2.44720530509949,-23.1633682250977,0.0104861613363028,0.0388987371698022
-2.19177508354187,-23.1653118133545,0.0112109435722232,0.0394336129538715
-1.93632709980011,-23.1673030853271,0.012084661051631,0.0397862384561449
-1.67973852157593,-23.1699733734131,0.00796692445874214,0.0400312871206552
-1.42332422733307,-23.1724681854248,0.0048821191303432,0.0402670949697495
-1.1665745973587,-23.175142288208,0.000508752767927945,0.0404954596888274
-0.909696102142334,-23.1777458190918,-0.0042206053622067,0.0406918777152896
-0.653146982192993,-23.1800289154053,-0.00722319725900888,0.0408157927449793
-0.396682322025299,-23.1821937561035,-0.00961204618215561,0.0408319071866572
-0.140568435192108,-23.1844444274902,-0.0101505201309919,0.0407923538004979
0.116100981831551,-23.1869239807129,-0.0129748219624162,0.0407907640328631
0.373634666204453,-23.1898059844971,-0.0194602478295565,0.0407474344829097
0.630761742591858,-23.192346572876,-0.0238801892846823,0.0406969685573131
0.886480867862701,-23.1944370269775,-0.0217125006020069,0.0406432500458322
1.14122653007507,-23.1959896087646,-0.0149766784161329,0.0406175044481643
1.3967570066452,-23.1977157592773,-0.011575099080801,0.0404577000299469
1.65308439731598,-23.1997222900391,-0.0115317078307271,0.0402521311771125
1.90960884094238,-23.2019386291504,-0.0121306013315916,0.0400156740797684
2.1657862663269,-23.2042598724365,-0.0109339552000165,0.0396976221818477
2.42157793045044,-23.2062206268311,-0.00782849360257387,0.0393624460557476
2.67752003669739,-23.2080726623535,-0.00519925775006413,0.0390399427851662
2.93355512619019,-23.2099952697754,-0.00276783667504787,0.0387283462332562
3.19052600860596,-23.2122917175293,-0.00425688643008471,0.0384174576029181
3.4477972984314,-23.2146987915039,-0.00684501649811864,0.0379584095207974
-2.69745016098022,-23.4129695892334,0.00253829639405012,0.0378110576421022
-2.44267559051514,-23.4149913787842,0.00615599472075701,0.038152726367116
-2.18712878227234,-23.4171314239502,0.00640475749969482,0.038628916721791
-1.93139433860779,-23.4192886352539,0.00601128581911325,0.0389582891948521
-1.67551910877228,-23.4215297698975,0.0052035553380847,0.0393086823169142
-1.41904139518738,-23.4240303039551,0.00186744914390147,0.0395754582714289
-1.16229724884033,-23.4266300201416,-0.00244685774669051,0.039796193363145
-0.905714809894562,-23.4291114807129,-0.00578342797234654,0.0399258630350232
-0.649653553962708,-23.4312534332275,-0.00651964591816068,0.0400243056938052
-0.393718540668488,-23.4332733154297,-0.0064605725929141,0.0400856086052954
-0.137701451778412,-23.4354801177979,-0.00653159664943814,0.0400537080131471
0.118943423032761,-23.4380722045898,-0.00920457392930984,0.0400095955701545
0.376157730817795,-23.44091796875,-0.014210557565093,0.0399466363014653
0.632986783981323,-23.4433116912842,-0.0172657500952482,0.039900180650875
0.889002084732056,-23.4453277587891,-0.0164297632873058,0.0398690892616287
1.14466619491577,-23.4472255706787,-0.0137948635965586,0.0398726299172267
1.40073704719543,-23.4491348266602,-0.0127850072458386,0.0397692634724081
1.65702617168427,-23.4511909484863,-0.0125260436907411,0.0395840838318691
1.91352796554565,-23.4533748626709,-0.01298962906003,0.039297858485952
2.16980981826782,-23.4556903839111,-0.0122267324477434,0.0389271507738158
2.42589044570923,-23.4578495025635,-0.0103593217208982,0.038604976143688
2.68188667297363,-23.4598846435547,-0.0079122195020318,0.0383126038359478
2.93849039077759,-23.46217918396,-0.00794159341603518,0.0379923405125737
3.19526171684265,-23.4645900726318,-0.00848335586488247,0.0375878121703863
3.45221447944641,-23.4668273925781,-0.00962857808917761,0.0370913238730282
3.70799708366394,-23.4683666229248,-0.00542789325118065,0.0365571642760187
-2.69390773773193,-23.6642742156982,0.00274249538779259,0.0370676438324153
-2.4386465549469,-23.6664409637451,0.00414120592176914,0.037404412869364
-2.18277430534363,-23.6687870025635,0.0029377993196249,0.0378222013823688
-1.92712080478668,-23.6708831787109,0.00295718759298325,0.0381848774850368
-1.67081892490387,-23.6733741760254,0.000240336084971204,0.0385501724667847
-1.41433250904083,-23.6758575439453,-0.00309174857102334,0.0388284334912896
-1.15794396400452,-23.6782722473145,-0.00573782902210951,0.0390164863783866
-0.902045726776123,-23.6804103851318,-0.00591665785759687,0.0391394353937358
-0.646614670753479,-23.6822853088379,-0.00374788022600114,0.0392846283502877
-0.391053199768066,-23.684196472168,-0.0019570398144424,0.0394271314144135
-0.135150566697121,-23.6863689422607,-0.00148188008461148,0.0393975463230163
0.121465496718884,-23.689001083374,-0.0039942660368979,0.0392776459921151
0.378546863794327,-23.691801071167,-0.00837466772645712,0.0392155309673399
0.635392189025879,-23.6942310333252,-0.0114772403612733,0.0392242139205337
0.891831576824188,-23.6963958740234,-0.0125281848013401,0.039163980865851
1.14849030971527,-23.6987285614014,-0.0143267763778567,0.0391226788051426
1.40482842922211,-23.7007865905762,-0.0144740398973227,0.0390522084198892
1.66080224514008,-23.7027168273926,-0.0127667840570211,0.0389123146887869
1.91709423065186,-23.7048416137695,-0.0122564323246479,0.0385910393670201
2.17376399040222,-23.7072067260742,-0.0131985368207097,0.0382236824370921
2.43017578125,-23.7095279693604,-0.0127614121884108,0.037925032665953
2.68629360198975,-23.7117328643799,-0.0108014475554228,0.0376314953900874
2.94280123710632,-23.7140960693359,-0.0103527409955859,0.0372495616320521
3.19958305358887,-23.7164001464844,-0.0109134437516332,0.0367874696385115
3.45609474182129,-23.7183246612549,-0.0100900633260608,0.0362888909876347
3.71179103851318,-23.7196273803711,-0.00549519946798682,0.0358296977356076
-2.943922996521,-23.9146041870117,-0.00612149201333523,0.0354731851257384
-2.69030237197876,-23.9156074523926,0.00265259225852787,0.036213047336787
-2.43513894081116,-23.9176197052002,0.00452841306105256,0.0366294523701072
-2.17933797836304,-23.9198551177979,0.00367969158105552,0.0370461437851191
-1.92326283454895,-23.9222736358643,0.0018092259997502,0.0373915452510118
-1.66669595241547,-23.9248523712158,-0.0020881425589323,0.037721230648458
-1.41041338443756,-23.927116394043,-0.00445991707965732,0.0379981566220522
-1.15455389022827,-23.9291973114014,-0.00466021848842502,0.0381477340124547
-0.898943543434143,-23.931266784668,-0.0034864186309278,0.0383023982867599
-0.643278360366821,-23.9334201812744,-0.00233406759798527,0.0385347837582231
-0.387557119131088,-23.9355278015137,-0.00122238195035607,0.0387342916801572
-0.131792843341827,-23.9376392364502,-8.64136309246533e-05,0.0387546243146062
0.124442309141159,-23.940055847168,-0.000848672643769532,0.0386223024688661
0.381201088428497,-23.9426708221436,-0.00374927208758891,0.0385579175781459
0.638065695762634,-23.9451351165771,-0.00691048894077539,0.0385352033190429
0.894844055175781,-23.9474868774414,-0.00945512857288122,0.0384041599463671
1.15198922157288,-23.9500617980957,-0.01340351998806,0.0383748321328312
1.40836977958679,-23.9522285461426,-0.0136977639049292,0.0383301123511046
1.66446053981781,-23.9543342590332,-0.012466236948967,0.0382151706144214
1.9207204580307,-23.9565238952637,-0.0117701152339578,0.0379144991748035
2.17745566368103,-23.9588718414307,-0.0129736196249723,0.0375872296281159
2.43398141860962,-23.9611053466797,-0.0130233857780695,0.0372989135794342
2.69029307365417,-23.9633235931396,-0.0118936123326421,0.0369784433860332
2.94685697555542,-23.9656314849854,-0.0116650816053152,0.0365477462764829
3.20329022407532,-23.9676837921143,-0.0106617286801338,0.0360658953431994
3.45990705490112,-23.9696311950684,-0.0102685457095504,0.0355802762787789
3.7159857749939,-23.9711952209473,-0.00730888592079282,0.0351543901488185
3.9729528427124,-23.973388671875,-0.00801123306155205,0.0346563165076077
-2.94151544570923,-24.1648826599121,-0.000750481383875012,0.0348767228424549
-2.68722796440125,-24.1664142608643,0.00498712435364723,0.035493366420269
-2.43211770057678,-24.1684017181396,0.00714003900066018,0.0359289338812232
-2.17618608474731,-24.1707706451416,0.00572778098285198,0.0363202812150121
-1.92013871669769,-24.1731872558594,0.0040181577205658,0.0366672142408788
-1.66363966464996,-24.175724029541,0.000462302123196423,0.0369512070901692
-1.40742897987366,-24.177942276001,-0.00155101635027677,0.0371961160562932
-1.1515885591507,-24.1800174713135,-0.00163451908156276,0.0373541912995279
-0.895760118961334,-24.1821842193604,-0.00142568699084222,0.0375417144969106
-0.639445066452026,-24.184720993042,-0.00318875955417752,0.0378069491125643
-0.383163005113602,-24.1871376037598,-0.004579849075526,0.0380240376107395
-0.127448543906212,-24.189266204834,-0.00317117874510586,0.0380523563362658
0.128410831093788,-24.1914291381836,-0.0022015196736902,0.037935255561024
0.384711503982544,-24.1937980651855,-0.00300106615759432,0.0378504951950163
0.641379833221436,-24.1962127685547,-0.00524117751047015,0.0377675490453839
0.898305594921112,-24.1987133026123,-0.00840701349079609,0.0376472871284932
1.15572440624237,-24.2015132904053,-0.0135382870212197,0.0375903435051441
1.41212701797485,-24.2038459777832,-0.0138789527118206,0.0375313493423164
1.6681877374649,-24.2060165405273,-0.0124693736433983,0.0374266544822603
1.92428410053253,-24.208137512207,-0.0110087282955647,0.037197683705017
2.18084907531738,-24.2104091644287,-0.0114224664866924,0.0369546143338084
2.43730449676514,-24.2125663757324,-0.0111322123557329,0.0367268691770732
2.69377779960632,-24.214750289917,-0.0106990877538919,0.0363723607733846
2.95044350624084,-24.2169895172119,-0.0109001817181706,0.0358911836519837
3.20701169967651,-24.2191696166992,-0.010450673289597,0.0353992292657495
3.4637131690979,-24.2212677001953,-0.0103841871023178,0.034911660477519
3.72026896476746,-24.2232704162598,-0.00946060102432966,0.0344714946113527
3.9774866104126,-24.2257671356201,-0.0112013295292854,0.0339369555003941
-3.1961874961853,-24.4119739532471,0.0119926342740655,0.0336488820612431
-2.93945384025574,-24.4150199890137,0.00622352957725525,0.034326896071434
-2.68436741828918,-24.4170551300049,0.00830169394612312,0.0349188065156341
-2.42859435081482,-24.4194202423096,0.00743077136576176,0.0353358667343855
-2.17324495315552,-24.4215221405029,0.00873804837465286,0.0357231637462974
-1.91726231575012,-24.4239521026611,0.00736010260879993,0.0360316559672356
-1.66091895103455,-24.4264965057373,0.00455613620579243,0.0362992393784225
-1.40455424785614,-24.4288597106934,0.00187313579954207,0.0364986769855022
-1.14848351478577,-24.4310665130615,0.000769059697631747,0.0366566968150437
-0.892343878746033,-24.4334049224854,-0.00040665635606274,0.0368432924151421
-0.635659754276276,-24.4361667633057,-0.00380857428535819,0.0371056706644595
-0.37900373339653,-24.4387588500977,-0.00685971090570092,0.0372984954155982
-0.123120687901974,-24.4409866333008,-0.00617174850776792,0.0373164312914014
0.132818326354027,-24.4431610107422,-0.00552274705842137,0.0372256366536021
0.389007091522217,-24.4454250335693,-0.00578077184036374,0.0371180539950728
0.645614862442017,-24.4478034973145,-0.00770760141313076,0.0370118389837444
0.902575969696045,-24.4503612518311,-0.0109874913468957,0.0369000276550651
1.15966176986694,-24.4530372619629,-0.0145825343206525,0.0367758099455386
1.41567516326904,-24.4553375244141,-0.0131284045055509,0.0366318356245756
1.67155969142914,-24.4573783874512,-0.0109039908275008,0.0365318264812231
1.92759573459625,-24.4594345092773,-0.0091464351862669,0.0364137925207615
2.1841676235199,-24.4617385864258,-0.00955608859658241,0.0362853184342384
2.44079208374023,-24.4640579223633,-0.00997542589902878,0.0361030236817896
2.69750618934631,-24.466423034668,-0.0105679547414184,0.035754572134465
2.95420527458191,-24.4687042236328,-0.0108777033165097,0.0352660235948861
3.21076655387878,-24.4709167480469,-0.0103591354563832,0.0347828259691596
3.46733570098877,-24.4730834960938,-0.00966163258999586,0.0343019724823534
3.72386813163757,-24.475170135498,-0.0085914134979248,0.0338706248439848
3.98097586631775,-24.4775924682617,-0.00981982424855232,0.0333157884888351
4.2376971244812,-24.4800415039062,-0.00911166239529848,0.0326848849654198
-3.19260096549988,-24.662956237793,0.0118709905073047,0.0330311199650168
-2.93649911880493,-24.6657218933105,0.00906985625624657,0.0337456371635199
-2.68105006217957,-24.6680030822754,0.00950962118804455,0.0343788815662265
-2.42546153068542,-24.6703319549561,0.0095312288030982,0.0347733814269304
-2.16987347602844,-24.6725807189941,0.00977470632642508,0.0351641261950135
-1.91401767730713,-24.6749858856201,0.00901773944497108,0.0354363406077027
-1.65791833400726,-24.6774768829346,0.00737234530970454,0.0356896324083209
-1.40154492855072,-24.6799507141113,0.00469149043783545,0.0358735709451139
-1.14511358737946,-24.6823825836182,0.00197738874703646,0.0360567620955408
-0.888707160949707,-24.6848564147949,-0.000379646779038012,0.0362015818245709
-0.632189691066742,-24.6874008178711,-0.00300308945588768,0.0363897238858044
-0.375667005777359,-24.689977645874,-0.00540968403220177,0.0365213579498231
-0.11948025226593,-24.6923141479492,-0.00606778217479587,0.0365113844163716
0.13684569299221,-24.6947116851807,-0.00712739443406463,0.0364819676615298
0.393326044082642,-24.6971244812012,-0.00866004545241594,0.036397370044142
0.650066494941711,-24.6996250152588,-0.0111359870061278,0.036305065266788
0.906882584095001,-24.7021160125732,-0.0137216104194522,0.0361718693748116
1.16328740119934,-24.7045230865479,-0.0142176887020469,0.0359939467161894
1.418989777565,-24.706636428833,-0.0113425562158227,0.0358022353611887
1.6747989654541,-24.7086353302002,-0.00875015184283257,0.0357276191934943
1.93107604980469,-24.7107944488525,-0.00803649984300137,0.0356272663921118
2.1878809928894,-24.7131481170654,-0.00945490878075361,0.0355196208693087
2.44481992721558,-24.7156925201416,-0.0112257339060307,0.0353529094718397
2.70152735710144,-24.7182025909424,-0.0117348190397024,0.0350600457750261
2.95786714553833,-24.720458984375,-0.0104053486138582,0.0346471164375544
3.21416997909546,-24.722620010376,-0.00870460364967585,0.0342116514220834
3.47080874443054,-24.7247180938721,-0.00829267594963312,0.0337289054878056
3.72735834121704,-24.7267837524414,-0.00726891867816448,0.0333176502026618
3.98456478118896,-24.729190826416,-0.0089027788490057,0.0327014797367156
4.24170446395874,-24.731761932373,-0.00999828148633242,0.0320031126029789
-3.44301795959473,-24.9124698638916,0.00501820538192987,0.0319214910268784
-3.18870902061462,-24.9142990112305,0.010351081378758,0.032413731329143
-2.93300151824951,-24.9168758392334,0.00941769685596228,0.0330965174362063
-2.67731332778931,-24.9193115234375,0.00879246182739735,0.033647209405899
-2.42175364494324,-24.9216365814209,0.00898698996752501,0.0342231262475252
-2.16603755950928,-24.9239826202393,0.00868256390094757,0.0346028469502926
-1.91033923625946,-24.9263191223145,0.00869002193212509,0.0348225757479668
-1.65450263023376,-24.9286785125732,0.008286377415061,0.035038223490119
-1.39831697940826,-24.9311618804932,0.0065095373429358,0.0352548169903457
-1.14177179336548,-24.933687210083,0.00331193534657359,0.0354421059601009
-0.88507080078125,-24.9362983703613,-0.000353815266862512,0.035563905723393
-0.628655672073364,-24.9387912750244,-0.00247604912146926,0.0356766325421631
-0.372462242841721,-24.9411907196045,-0.00335574429482222,0.0357741499319673
-0.116251617670059,-24.9435596466064,-0.00408807350322604,0.035793028306216
0.140269741415977,-24.9460868835449,-0.00599471665918827,0.0358150266110897
0.39719420671463,-24.94873046875,-0.00949428789317608,0.0357559975236654
0.654115319252014,-24.9513721466064,-0.0127395587041974,0.0356527175754309
0.910438060760498,-24.9537124633789,-0.0130616687238216,0.0355038088746369
1.16635179519653,-24.9558811187744,-0.01132323872298,0.0353610515594482
1.42198348045349,-24.9578247070312,-0.00811652187258005,0.0352393137291074
1.6781975030899,-24.9600582122803,-0.00729779480025172,0.0351425483822823
1.93507051467896,-24.9625377655029,-0.00920110940933228,0.0349695906043053
2.1919732093811,-24.9649677276611,-0.0110122933983803,0.0348001029342413
2.44893383979797,-24.9675178527832,-0.0128417639061809,0.0346014639362693
2.70546507835388,-24.9699420928955,-0.0125322267413139,0.0343217370100319
2.96166586875916,-24.9721508026123,-0.0105493729934096,0.0339923496358097
3.21779823303223,-24.9741516113281,-0.00806975364685059,0.0336366039700806
3.4743709564209,-24.9761848449707,-0.00733645912259817,0.0331630324944854
3.7315776348114,-24.978645324707,-0.00915453117340803,0.0326197282411158
3.98860502243042,-24.9810161590576,-0.0099610248580575,0.0319719226099551
4.24594974517822,-24.9837760925293,-0.0119038596749306,0.0312065086327493
4.50307512283325,-24.9864673614502,-0.0126608954742551,0.0304145808331668
-3.43992877006531,-25.1635093688965,0.00719855725765228,0.0313312606886029
-3.18528389930725,-25.1654682159424,0.0110012926161289,0.0318089788779616
-2.92961430549622,-25.1680335998535,0.0102808885276318,0.0324200009927154
-2.67372488975525,-25.1705760955811,0.00876147858798504,0.0329724373295903
-2.41787123680115,-25.1731052398682,0.00764389848336577,0.0335343098267913
-2.16210412979126,-25.1754131317139,0.00713771861046553,0.0339042721316218
-1.90646719932556,-25.1776390075684,0.00745808333158493,0.0341746769845486
-1.65070199966431,-25.1799507141113,0.00741987908259034,0.0344364596530795
-1.39453864097595,-25.1824779510498,0.00579002127051353,0.0346960239112377
-1.1380922794342,-25.1850337982178,0.00309004355221987,0.0348957446403801
-0.881054222583771,-25.1877632141113,-0.00207981979474425,0.0349884256720543
-0.624594449996948,-25.1903343200684,-0.00435860035941005,0.0350605291314423
-0.368918299674988,-25.1925582885742,-0.00284280651248991,0.0351125276647508
-0.113066345453262,-25.1947937011719,-0.00191170419566333,0.0351544395089149
0.14331442117691,-25.1973114013672,-0.00314525188878179,0.035193451680243
0.400419980287552,-25.200122833252,-0.00742248864844441,0.0351614495739341
0.657119452953339,-25.202730178833,-0.00963075459003448,0.0350716677494347
0.913232445716858,-25.2049808502197,-0.00898039620369673,0.0349468286149204
1.16894423961639,-25.2069892883301,-0.00631620734930038,0.034853775985539
1.42485308647156,-25.2090072631836,-0.00433035753667355,0.0347554511390626
1.68167948722839,-25.2115726470947,-0.00621161470189691,0.0346097596921027
1.93879389762878,-25.2142524719238,-0.00914706103503704,0.034363322891295
2.19556379318237,-25.2166366577148,-0.0103307943791151,0.0341192400082946
2.45223951339722,-25.2189979553223,-0.010868551209569,0.0338689279742539
2.70884728431702,-25.2213802337646,-0.0108741261065006,0.0335895721800625
2.96554851531982,-25.2237720489502,-0.0110747553408146,0.0333162429742515
3.22201466560364,-25.2258834838867,-0.0100356694310904,0.0329965758137405
3.47853374481201,-25.2280311584473,-0.00901199970394373,0.0325402356684208
3.73564887046814,-25.2305450439453,-0.0103783793747425,0.0319242309778929
3.99265575408936,-25.2329921722412,-0.0110463127493858,0.0312988273799419
4.24978017807007,-25.2356662750244,-0.0119880344718695,0.0306357755325735
4.5065770149231,-25.2381324768066,-0.0112812528386712,0.0300618996843696
-3.69136500358582,-25.4127712249756,0.00521200196817517,0.0302127003669739
-3.43668532371521,-25.4146289825439,0.0086596142500639,0.0307461470365524
-3.181973695755,-25.4165496826172,0.0121782263740897,0.0312447538599372
-2.92624402046204,-25.4190139770508,0.0112008787691593,0.0318289920687675
-2.67041516304016,-25.4216156005859,0.0100065004080534,0.0323224440217018
-2.41432809829712,-25.4242858886719,0.00784932728856802,0.0327919144183397
-2.15844416618347,-25.4266910552979,0.00684686657041311,0.0331276496872306
-1.90265369415283,-25.4289951324463,0.00650005135685205,0.0334646329283714
-1.64662671089172,-25.4314804077148,0.00530507788062096,0.033834308385849
-1.39021265506744,-25.4341735839844,0.00257476279512048,0.0341045893728733
-1.13360869884491,-25.4368419647217,-0.00079705158714205,0.0342578617855906
-0.876443684101105,-25.4397144317627,-0.00649161590263247,0.0343452543020248
-0.620297014713287,-25.4420604705811,-0.00730897905305028,0.0344172362238169
-0.3651322722435,-25.4440269470215,-0.00343124382197857,0.0344710797071457
-0.109731160104275,-25.4461059570312,-0.000414640293456614,0.0345244216732681
0.146388992667198,-25.4485397338867,-0.000432623899541795,0.0345691666007042
0.403203338384628,-25.4512252807617,-0.00336484098806977,0.0346068497747183
0.659624040126801,-25.4537467956543,-0.00428593112155795,0.0345856570638716
0.915808618068695,-25.4560508728027,-0.00392975332215428,0.0344732371158898
1.17177820205688,-25.4581756591797,-0.00239612115547061,0.034358995500952
1.42815136909485,-25.4604206085205,-0.00245773396454751,0.0342347724363208
1.68523919582367,-25.4631538391113,-0.00546911079436541,0.0340585545636714
1.94230949878693,-25.4658679962158,-0.00816727709025145,0.0337917823344469
2.19902944564819,-25.4682941436768,-0.00908845104277134,0.0335216564126313
2.4554271697998,-25.4706516265869,-0.00834494736045599,0.0332389152608812
2.71200156211853,-25.4729537963867,-0.00817981921136379,0.032947726547718
2.96900296211243,-25.4754638671875,-0.00967831257730722,0.0326279629953206
3.22603797912598,-25.4778423309326,-0.0111148664727807,0.0322697260417044
3.48289775848389,-25.4802360534668,-0.0115415118634701,0.0318007846362889
3.73976302146912,-25.4826641082764,-0.0117672616615891,0.031277347356081
3.99655318260193,-25.4851188659668,-0.0114355655387044,0.0307177435606718
4.2530255317688,-25.4873027801514,-0.00950797647237778,0.0302336672320962
4.5093240737915,-25.4894180297852,-0.00660890759900212,0.0297837425023317
4.76482343673706,-25.4909400939941,-4.48142527602613e-05,0.0294095017015934
-3.68861961364746,-25.6634616851807,0.00893589481711388,0.0297227362170815
-3.43369078636169,-25.6655387878418,0.0112649751827121,0.0302046975120902
-3.17882323265076,-25.6674995422363,0.0140880644321442,0.0307252602651715
-2.92306780815125,-25.6699810028076,0.0130252381786704,0.0312542039901018
-2.66725015640259,-25.6725273132324,0.0119112860411406,0.0317537179216743
-2.41110849380493,-25.6752128601074,0.00953385327011347,0.0321902660652995
-2.15517210960388,-25.6777229309082,0.00833240523934364,0.0325011741369963
-1.89932060241699,-25.680103302002,0.00774470390751958,0.0328179504722357
-1.64306783676147,-25.682710647583,0.00555114541202784,0.0332000711932778
-1.38621032238007,-25.6857414245605,0.000841702043544501,0.0334329036995769
-1.12913596630096,-25.6887531280518,-0.00462449342012405,0.0335786659270525
-0.872186660766602,-25.6915187835693,-0.00929198879748583,0.0336591461673379
-0.616370677947998,-25.6936531066895,-0.00856884755194187,0.0337407700717449
-0.361404985189438,-25.6955261230469,-0.00374837010167539,0.0338559672236443
-0.106203556060791,-25.6975078582764,0.000209878926398233,0.0339543353766203
0.150024071335793,-25.699987411499,-0.000259443331742659,0.0340321706607938
0.406777143478394,-25.7026920318604,-0.00287367613054812,0.0341032380238175
0.663064122200012,-25.705228805542,-0.00314893643371761,0.034090637229383
0.919054567813873,-25.707483291626,-0.00188230536878109,0.0339568196795881
1.17521512508392,-25.7096939086914,-0.0011731986887753,0.0338107110001147
1.43186223506927,-25.7120723724365,-0.00242588901892304,0.033640350215137
1.68881332874298,-25.7146835327148,-0.00479680998250842,0.0334617872722447
1.94567179679871,-25.7172718048096,-0.00651998817920685,0.0332229463383555
2.20272183418274,-25.7200126647949,-0.00885832216590643,0.0329444236122072
2.45941662788391,-25.722599029541,-0.0093864630907774,0.0326413894072175
2.71605658531189,-25.7250804901123,-0.00945738051086664,0.0323604610748589
2.97287797927856,-25.7274894714355,-0.0101241106167436,0.0319893835112453
3.23020505905151,-25.7300357818604,-0.0128073813393712,0.0315479664131999
3.48746800422668,-25.7326183319092,-0.0149690480902791,0.0310818408615887
3.74410009384155,-25.7349529266357,-0.0141256311908364,0.0306784096173942
4.00030422210693,-25.7370300292969,-0.0111969923600554,0.0302409809082747
4.25644207000732,-25.7390785217285,-0.00776819139719009,0.029816435649991
4.51263523101807,-25.7411327362061,-0.00437807850539684,0.0293962266296148
4.76879453659058,-25.7431621551514,-0.000635296106338501,0.0289805298671126
-3.94151830673218,-25.9116497039795,0.0138521110638976,0.0291531728580594
-3.68621778488159,-25.9139766693115,0.014257375150919,0.0293407402932644
-3.43098020553589,-25.9162693023682,0.0151832504197955,0.0297344690188766
-3.17525291442871,-25.9187755584717,0.0140582481399179,0.030192700214684
-2.91985082626343,-25.9209594726562,0.0146565288305283,0.0307062175124884
-2.66391634941101,-25.9235553741455,0.0130356969311833,0.031185694038868
-2.40777897834778,-25.9262599945068,0.010716063901782,0.0316091533750296
-2.15192413330078,-25.9288387298584,0.00993766542524099,0.0319153489544988
-1.89618813991547,-25.9311943054199,0.00991815514862537,0.0322428429499269
-1.63997483253479,-25.9337539672852,0.00793472304940224,0.0325828660279512
-1.38279712200165,-25.9369430541992,0.00179251609370112,0.0327577758580446
-1.12534761428833,-25.9402256011963,-0.00534136965870857,0.032838836312294
-0.868601143360138,-25.9428977966309,-0.00904543418437243,0.03290681168437
-0.613039433956146,-25.944974899292,-0.0071227471344173,0.0330239403992891
-0.358047008514404,-25.9468669891357,-0.00238880817778409,0.033230041153729
-0.102402716875076,-25.9490795135498,-0.000399896438466385,0.0334143126383424
0.154381409287453,-25.9517822265625,-0.0033506047911942,0.0335231721401215
0.411226660013199,-25.9546031951904,-0.00632950430735946,0.0335039282217622
0.667258381843567,-25.957088470459,-0.00540438806638122,0.0334224551916122
0.922880053520203,-25.9592304229736,-0.00243320013396442,0.0333102573640645
1.17907202243805,-25.9615268707275,-0.00181952980346978,0.0331636564806104
1.43592607975006,-25.9640197753906,-0.00395804364234209,0.0329855941236019
1.69260013103485,-25.966438293457,-0.00506005994975567,0.0328232920728624
1.94915533065796,-25.9688053131104,-0.00540451752021909,0.032619085162878
2.20661544799805,-25.9717845916748,-0.00952593889087439,0.0323435366153717
2.46400141716003,-25.9747695922852,-0.0130754830315709,0.032027626875788
2.7209005355835,-25.9774417877197,-0.0142408097162843,0.0317297731526196
2.97728133201599,-25.9795627593994,-0.0129245994612575,0.0313425497151911
3.23455262184143,-25.9821605682373,-0.0153115401044488,0.0309032662771642
3.49213361740112,-25.9849529266357,-0.0188240371644497,0.0304460832849145
3.74862313270569,-25.9872379302979,-0.0173087045550346,0.0300693474709988
4.00439882278442,-25.9890670776367,-0.0124643249437213,0.029678332619369
4.26036167144775,-25.9910259246826,-0.00823234859853983,0.029273284599185
4.5169095993042,-25.9933471679688,-0.00634243572130799,0.0288455206900835
4.7737021446228,-25.99582862854,-0.00529977586120367,0.0283875446766615
5.03117418289185,-25.9986705780029,-0.00699099665507674,0.0276877954602242
-3.93820691108704,-26.1624450683594,0.0148715311661363,0.0285876300185919
-3.68327283859253,-26.1647300720215,0.0170389283448458,0.0288603072986007
-3.42790842056274,-26.1671543121338,0.0174149945378304,0.0292282532900572
-3.17208027839661,-26.1697540283203,0.0158598180860281,0.0296942861750722
-2.91627240180969,-26.1722469329834,0.0146235236898065,0.0301788905635476
-2.6601939201355,-26.1749706268311,0.0123830484226346,0.0306122349575162
-2.4043071269989,-26.177562713623,0.0112594412639737,0.0310078896582127
-2.14861249923706,-26.1800174713135,0.0112504446879029,0.0313353594392538
-1.89281940460205,-26.1823844909668,0.0110014704987407,0.0316570894792676
-1.63655126094818,-26.1850242614746,0.00880754739046097,0.0319629842415452
-1.37962675094604,-26.1881580352783,0.00386764411814511,0.0321074612438679
-1.12235343456268,-26.1913051605225,-0.00243519898504019,0.0321785463020205
-0.865670561790466,-26.1940879821777,-0.00580234406515956,0.0322322929278016
-0.609828352928162,-26.1963481903076,-0.00511929811909795,0.0324005791917443
-0.354198545217514,-26.1984672546387,-0.0032536294311285,0.0326349642127752
-0.0980201363563538,-26.2009582519531,-0.0036419800017029,0.0328312516212463
0.158802196383476,-26.2036762237549,-0.00672211265191436,0.0328782545402646
0.415483027696609,-26.2064571380615,-0.0089113786816597,0.0327651631087065
0.67122745513916,-26.2087650299072,-0.00665548630058765,0.0326505657285452
0.926791369915009,-26.2109260559082,-0.00338044436648488,0.0325832646340132
1.1828008890152,-26.2131900787354,-0.00190435315016657,0.0325211156159639
1.43963062763214,-26.2157402038574,-0.00389021984301507,0.0323843602091074
1.69627344608307,-26.218204498291,-0.00480965804308653,0.0322171561419964
1.95273208618164,-26.2205200195312,-0.00468832720071077,0.0320246079936624
2.210209608078,-26.2234840393066,-0.00885571446269751,0.0317574189975858
2.46803665161133,-26.2265396118164,-0.014340185560286,0.0314160389825702
2.72508955001831,-26.22926902771,-0.0161502417176962,0.0310525735840201
2.98138999938965,-26.2315044403076,-0.0144219836220145,0.0306864511221647
3.23867321014404,-26.2341575622559,-0.0168162304908037,0.030318190343678
3.4963526725769,-26.2370586395264,-0.0207153223454952,0.0298852846026421
3.75304770469666,-26.2394180297852,-0.0200652275234461,0.0294370902702212
4.00875806808472,-26.2412490844727,-0.0148874996230006,0.0290352609008551
4.26486396789551,-26.2433929443359,-0.0112287160009146,0.0286820270121098
4.52180099487305,-26.2460403442383,-0.0109765604138374,0.0282225413247943
4.77877140045166,-26.2487716674805,-0.010645680129528,0.0277688885107636
5.03559732437134,-26.2513065338135,-0.00948073528707027,0.0271531073376536
5.29210233688354,-26.2533226013184,-0.00674933427944779,0.0265596518293023
-4.18844938278198,-26.4121417999268,0.00749902473762631,0.0272204242646694
-3.93427610397339,-26.4139823913574,0.0130417943000793,0.0279542040079832
-3.67949938774109,-26.4161987304688,0.0159863345324993,0.028331889770925
-3.4239022731781,-26.4186382293701,0.0153087479993701,0.0287178885191679
-3.16834139823914,-26.421178817749,0.0150470063090324,0.0291336020454764
-2.9122519493103,-26.4238395690918,0.0125501984730363,0.0295578744262457
-2.65629076957703,-26.4265403747559,0.0108973598107696,0.0299334246665239
-2.40062165260315,-26.4290084838867,0.0108188660815358,0.0302905365824699
-2.14487433433533,-26.4314060211182,0.0105962678790092,0.0306572820991278
-1.88868987560272,-26.4340190887451,0.00859413761645555,0.0310333669185638
-1.63247442245483,-26.4366893768311,0.0066914432682097,0.031359875574708
-1.37615191936493,-26.4395523071289,0.00455053290352225,0.0315384389832616
-1.11952900886536,-26.4424266815186,0.0012582935160026,0.031625154428184
-0.863045334815979,-26.445125579834,-0.00117000937461853,0.0316705666482449
-0.606854200363159,-26.4476528167725,-0.00203495053574443,0.0318275149911642
-0.350563675165176,-26.4501628875732,-0.0031283930875361,0.0320055866613984
-0.0940029844641685,-26.4527492523193,-0.00522093800827861,0.0321278367191553
0.162622898817062,-26.4553203582764,-0.00737871415913105,0.0321363043040037
0.418947041034698,-26.4579372406006,-0.00792045053094625,0.0320092011243105
0.674639165401459,-26.4602832794189,-0.00538720656186342,0.0319224921986461
0.930391311645508,-26.4625301361084,-0.00292351399548352,0.0319058559834957
1.18618905544281,-26.4647388458252,-0.000456880661658943,0.0318977367132902
1.442986369133,-26.4673290252686,-0.00225798995234072,0.031833928078413
1.70006394386292,-26.4701519012451,-0.00506709609180689,0.0316903097555041
1.95679581165314,-26.4726524353027,-0.00611970108002424,0.0315010361373425
2.21370363235474,-26.4752140045166,-0.00772937852889299,0.0311788646504283
2.47098898887634,-26.4779796600342,-0.0107824048027396,0.0307608842849731
2.72800421714783,-26.4806251525879,-0.0124023035168648,0.0303343702107668
2.98455786705017,-26.483081817627,-0.0117521090433002,0.0300139104947448
3.24183082580566,-26.4857807159424,-0.0140649043023586,0.0297401156276464
3.49930906295776,-26.4884948730469,-0.017059126868844,0.0293950261548162
3.75640535354614,-26.4909687042236,-0.0181490387767553,0.0289186174049973
4.0128345489502,-26.4932518005371,-0.0160763170570135,0.0284109925851226
4.26949787139893,-26.4959239959717,-0.0147862015292048,0.0280709555372596
4.52636671066284,-26.4986114501953,-0.0141848148778081,0.0276462463662028
4.78362321853638,-26.5014762878418,-0.0150562878698111,0.0272544510662556
5.04030561447144,-26.5038394927979,-0.013232721015811,0.0267259003594518
5.29720258712769,-26.5060253143311,-0.0121592991054058,0.0262262849137187
-4.44036912918091,-26.6611824035645,0.00813313759863377,0.025983358733356
-4.18595504760742,-26.6632328033447,0.0123784076422453,0.0266548031941056
-3.93111371994019,-26.6653861999512,0.0148261468857527,0.0273566488176584
-3.67589807510376,-26.6677932739258,0.0157557893544436,0.0278358506038785
-3.42013621330261,-26.6702709197998,0.0143478466197848,0.028215266764164
-3.16402387619019,-26.6730766296387,0.0115642100572586,0.0286059081554413
-2.90794897079468,-26.6756973266602,0.00917648710310459,0.0289936093613505
-2.65245676040649,-26.6781005859375,0.00973126664757729,0.0293588861823082
-2.39699482917786,-26.6804676055908,0.0106492135673761,0.0296844197437167
-2.14073777198792,-26.6831569671631,0.00812294706702232,0.0299946293234825
-1.88410687446594,-26.6860313415527,0.00411838758736849,0.0303581198677421
-1.62804460525513,-26.6886215209961,0.00296449288725853,0.0307084219530225
-1.37231922149658,-26.6911563873291,0.0035971871111542,0.0309960599988699
-1.1163911819458,-26.693790435791,0.00352929742075503,0.031125639565289
-0.860181927680969,-26.6964340209961,0.00239299586974084,0.0311371413990855
-0.603829443454742,-26.6990242004395,0.000822520290967077,0.0312244389206171
-0.347266346216202,-26.7016296386719,-0.00148034130688757,0.0312982108443975
-0.090767003595829,-26.7042083740234,-0.00325862201862037,0.0313516603782773
0.165560364723206,-26.7067012786865,-0.0040271389298141,0.0313865188509226
0.42197448015213,-26.7093391418457,-0.00494669424369931,0.0313641307875514
0.678122520446777,-26.7118110656738,-0.00444456376135349,0.0313491839915514
0.934117794036865,-26.7142105102539,-0.00303341285325587,0.0313315447419882
1.18991661071777,-26.7164554595947,-0.000530437740962952,0.0313169369474053
1.44657039642334,-26.7191276550293,-0.00163522374350578,0.0312505597248673
1.70397818088531,-26.7222385406494,-0.00586850894615054,0.0310797533020377
1.96105659008026,-26.7249927520752,-0.00841594021767378,0.0308648543432355
2.21749711036682,-26.727331161499,-0.0079064080491662,0.0305501725524664
2.47386860847473,-26.7295799255371,-0.00687781209126115,0.0301612624898553
2.7308087348938,-26.73219871521,-0.00813599769026041,0.0297318743541837
2.98787260055542,-26.7348556518555,-0.0097161578014493,0.0294043188914657
3.24524521827698,-26.7375450134277,-0.0124420030042529,0.0291927987709641
3.5024631023407,-26.7400951385498,-0.0142616285011172,0.0289288749918342
3.75943064689636,-26.7425289154053,-0.0147534031420946,0.0285070575773716
4.01630210876465,-26.7451591491699,-0.014573285356164,0.0279763862490654
4.27363348007202,-26.7481708526611,-0.0161671135574579,0.0275995209813118
4.53060913085938,-26.7509651184082,-0.0159855373203754,0.027202220633626
4.787513256073,-26.7534999847412,-0.0153006929904222,0.0267593152821064
5.04526090621948,-26.7563552856445,-0.0180706325918436,0.0262556569650769
5.30323171615601,-26.7591419219971,-0.0215992797166109,0.0257496703416109
5.56448793411255,-26.763557434082,-0.0391055792570114,0.025159471668303
-4.43710470199585,-26.9126014709473,0.00935991480946541,0.025495280046016
-4.18299293518066,-26.914436340332,0.0150486901402473,0.0261191269382834
-3.92816710472107,-26.9165897369385,0.0176046304404736,0.0267883343622088
-3.67240142822266,-26.9190654754639,0.0159799754619598,0.0273035243153572
-3.41657614707947,-26.921781539917,0.0143375936895609,0.0277501232922077
-3.16005325317383,-26.9247665405273,0.00968483928591013,0.0281471842899919
-2.90401077270508,-26.9273719787598,0.00748993596062064,0.0284961052238941
-2.64883637428284,-26.929500579834,0.0095429215580225,0.0288788620382547
-2.39337968826294,-26.9318943023682,0.0105281760916114,0.0292115462943912
-2.13697934150696,-26.9347629547119,0.00739259365946054,0.0294419648125768
-1.88026392459869,-26.9377365112305,0.00304606556892395,0.0297200931236148
-1.6244010925293,-26.9402618408203,0.00285096699371934,0.0300609618425369
-1.36857032775879,-26.9428958892822,0.00304556172341108,0.0304355686530471
-1.11264789104462,-26.9455089569092,0.00304042501375079,0.0306267263367772
-0.85672652721405,-26.9480228424072,0.0032558455131948,0.0306105138733983
-0.600801587104797,-26.9503936767578,0.00366419786587358,0.0305933989584446
-0.344669967889786,-26.9527702331543,0.00334837194532156,0.0306050106883049
-0.0883442461490631,-26.9552955627441,0.00238718814216554,0.0306662805378437
0.168085843324661,-26.9579200744629,0.001189382863231,0.0307102371007204
0.424828588962555,-26.960750579834,-0.00118162564467639,0.0307294465601444
0.681597709655762,-26.9634952545166,-0.00344755314290524,0.0307623241096735
0.93795770406723,-26.9661254882812,-0.00363273941911757,0.0307179531082511
1.19392871856689,-26.9684352874756,-0.00186489580664784,0.0306634362787008
1.4503276348114,-26.9709720611572,-0.00179155729711056,0.0305496426299214
1.70773375034332,-26.9740772247314,-0.00597989140078425,0.0303213568404317
1.96498036384583,-26.9769096374512,-0.00923968572169542,0.030115969479084
2.22117161750793,-26.9792594909668,-0.00756899593397975,0.0298412460833788
2.47731328010559,-26.9814777374268,-0.00547498278319836,0.0295649655163288
2.73427987098694,-26.9841575622559,-0.00681134825572371,0.0292262975126505
2.99175477027893,-26.9869575500488,-0.0101787466555834,0.0289116250351071
3.24920988082886,-26.9896564483643,-0.0132333338260651,0.0286667253822088
3.50627660751343,-26.9922618865967,-0.0143350958824158,0.0284173944965005
3.76290822029114,-26.9946594238281,-0.0133016211912036,0.0280153043568134
4.01950025558472,-26.9970664978027,-0.0118732927367091,0.0275443317368627
4.2768669128418,-26.9999313354492,-0.0136071210727096,0.0271817408502102
4.5342583656311,-27.0028018951416,-0.0152219319716096,0.0267355972900987
4.79184341430664,-27.0057353973389,-0.0174573864787817,0.0262816362082958
5.04968404769897,-27.0087146759033,-0.0205837767571211,0.0257319062948227
5.30785989761353,-27.0117111206055,-0.02494484372437,0.0251986244693398
5.56724691390991,-27.0151996612549,-0.0343213491141796,0.0245945760980248
-4.68751049041748,-27.1622428894043,0.00296214036643505,0.0247788475826383
-4.43339157104492,-27.1640472412109,0.00845124013721943,0.0250767073594034
-4.17942571640015,-27.1657657623291,0.0148624982684851,0.0256040333770216
-3.92443108558655,-27.1679096221924,0.0166581999510527,0.0261777881532907
-3.66936731338501,-27.1702098846436,0.0183671917766333,0.0267922086641192
-3.4133722782135,-27.1728534698486,0.0159516390413046,0.0273005152121186
-3.15679550170898,-27.1757793426514,0.011073924601078,0.0276948474347591
-2.90065622329712,-27.1785373687744,0.00847917515784502,0.0280013885349035
-2.64526534080505,-27.180871963501,0.00957997422665358,0.0283793117851019
-2.38978600502014,-27.1834278106689,0.0105153294280171,0.0287038180977106
-2.13355708122253,-27.186243057251,0.00821199640631676,0.0288988016545773
-1.87705814838409,-27.1890926361084,0.00489467522129416,0.0291523234918714
-1.6211348772049,-27.1916637420654,0.00445890519768,0.0294814947992563
-1.36485135555267,-27.19460105896,0.00262617086991668,0.0298928925767541
-1.10857021808624,-27.1974487304688,0.00102942390367389,0.0301254335790873
-0.852766275405884,-27.1998500823975,0.00181570556014776,0.0301008531823754
-0.597532987594604,-27.2018146514893,0.00540194334462285,0.0299969203770161
-0.341844737529755,-27.204044342041,0.00714021595194936,0.0299519281834364
-0.0854338556528091,-27.2067108154297,0.00583444721996784,0.0300231697037816
0.171197086572647,-27.2094783782959,0.00376483355648816,0.0300693139433861
0.428230494260788,-27.2124633789062,0.000116941744636279,0.0301018133759499
0.685203969478607,-27.21533203125,-0.00303080398589373,0.0301198801025748
0.941722333431244,-27.2179985046387,-0.00389523571357131,0.0300753405317664
1.19779360294342,-27.2203788757324,-0.00253573106601834,0.0299902753904462
1.45398199558258,-27.2228012084961,-0.001483618398197,0.0298745557665825
1.71104943752289,-27.2257862091064,-0.0041194986552,0.0296128299087286
1.968101978302,-27.2285137176514,-0.00648239813745022,0.0293969679623842
2.22431683540344,-27.2308311462402,-0.00489034363999963,0.0292352857068181
2.48082041740417,-27.2332324981689,-0.0043691205792129,0.029083576053381
2.73816990852356,-27.236083984375,-0.0073661282658577,0.0287895323708653
2.99572658538818,-27.2390098571777,-0.0110462792217731,0.0284808948636055
3.25301313400269,-27.2418079376221,-0.0132992900907993,0.0281823659315705
3.5100634098053,-27.2446346282959,-0.0142651861533523,0.0278557101264596
3.76650023460388,-27.246955871582,-0.0123369069769979,0.0274503314867616
4.02262878417969,-27.2489967346191,-0.00885933917015791,0.0270524118095636
4.27975749969482,-27.2515926361084,-0.0095390472561121,0.0267115840688348
4.53747940063477,-27.2545509338379,-0.0125747537240386,0.0262381080538034
4.79555606842041,-27.2577610015869,-0.0169153548777103,0.0257176281884313
5.05374956130981,-27.2609348297119,-0.0215329527854919,0.0252055348828435
5.31144428253174,-27.2637825012207,-0.0237613748759031,0.0246964693069458
5.56944704055786,-27.2665042877197,-0.0271241720765829,0.0241345930844545
5.82601499557495,-27.2685775756836,-0.0240518748760223,0.0235841851681471
-4.68433809280396,-27.4130611419678,0.00450773816555738,0.0244800602085888
-4.42980241775513,-27.4152126312256,0.00809260178357363,0.0247325226664543
-4.1756796836853,-27.4170379638672,0.0138139193877578,0.0251676663756371
-3.92090320587158,-27.4191722869873,0.0166839621961117,0.0257133739069104
-3.66594910621643,-27.4212799072266,0.0189279653131962,0.0262642344459891
-3.41018962860107,-27.4238128662109,0.0176483727991581,0.0267448406666517
-3.15406966209412,-27.4266052246094,0.0149387875571847,0.0271397959440947
-2.89775919914246,-27.4295101165771,0.0115889245644212,0.0274610370397568
-2.64168643951416,-27.4322929382324,0.00958115234971046,0.0278565939515829
-2.38591027259827,-27.4349098205566,0.00917622167617083,0.0281799314543605
-2.12988018989563,-27.4377040863037,0.0078388936817646,0.0283903134986758
-1.87361264228821,-27.4405059814453,0.00563200563192368,0.0286312680691481
-1.61750638484955,-27.4432373046875,0.00440274178981781,0.0289241084828973
-1.36094856262207,-27.446325302124,0.00135536177549511,0.0293130120262504
-1.10442233085632,-27.4492740631104,-0.00132200366351753,0.0295812077820301
-0.848806321620941,-27.4515933990479,0.000365266139851883,0.0296087395399809
-0.593826830387115,-27.4534702301025,0.00515099847689271,0.0295041985809803
-0.33834570646286,-27.4556560516357,0.00787415727972984,0.0294277397915721
-0.0817754939198494,-27.4584503173828,0.00588919827714562,0.0294610522687435
0.175151064991951,-27.4613704681396,0.00252254656516016,0.0294957021251321
0.432417362928391,-27.464448928833,-0.00213736202567816,0.029549858532846
0.689372420310974,-27.467212677002,-0.00517052551731467,0.0295168962329626
0.945659160614014,-27.4696884155273,-0.00496158981695771,0.0294431569054723
1.2014125585556,-27.4720458984375,-0.00212332885712385,0.0293994909152389
1.45719945430756,-27.4743576049805,0.000770783226471394,0.0293305525556207
1.71383154392242,-27.4770908355713,0.000106435792986304,0.0290479511022568
1.9706164598465,-27.4796581268311,-0.0010394275886938,0.0288189332932234
2.22718954086304,-27.4821262359619,-0.0010163615224883,0.0287236133590341
2.48414945602417,-27.4848232269287,-0.00247990083880723,0.0286334520205855
2.74171853065491,-27.4878673553467,-0.00640606554225087,0.0283800130710006
2.99902439117432,-27.4908008575439,-0.00892864353954792,0.0280641773715615
3.25613617897034,-27.4936466217041,-0.0103628328070045,0.0277020055800676
3.513347864151,-27.4966449737549,-0.0119968401268125,0.0272906953468919
3.77004957199097,-27.499116897583,-0.0111954873427749,0.0268626818433404
4.02605724334717,-27.5010471343994,-0.00715914461761713,0.0264856964349747
4.28291320800781,-27.5034160614014,-0.00662441179156303,0.0261478777974844
4.54090785980225,-27.5065536499023,-0.0108128860592842,0.0257190801203251
4.79922580718994,-27.5099563598633,-0.0161606092005968,0.0252410164102912
5.05713701248169,-27.5129375457764,-0.0195244085043669,0.0248016892001033
5.31470489501953,-27.515718460083,-0.0211682878434658,0.0242843581363559
5.57219982147217,-27.5182857513428,-0.0222904700785875,0.0237493682652712
5.82956266403198,-27.5210857391357,-0.0225856807082891,0.0232307761907578
6.08780193328857,-27.5244293212891,-0.026423018425703,0.0227814456447959
-4.93908977508545,-27.6597232818604,0.0185809209942818,0.0237867918331176
-4.68194627761841,-27.6635875701904,0.00973114464432001,0.0241082038264722
-4.42665338516235,-27.6661758422852,0.00979742035269737,0.0243959701620042
-4.17182683944702,-27.6684341430664,0.0122691784054041,0.0248301005922258
-3.91718721389771,-27.6705169677734,0.0158232972025871,0.0252691232599318
-3.66235446929932,-27.6726226806641,0.0186829660087824,0.025773610919714
-3.40697312355042,-27.6750450134277,0.0192127469927073,0.0262061487883329
-3.1510546207428,-27.6777591705322,0.0174764730036259,0.0265699336305261
-2.89451432228088,-27.6808032989502,0.0130984764546156,0.0269463900476694
-2.6379132270813,-27.6838893890381,0.00868899654597044,0.0273713506758213
-2.38188481330872,-27.6865997314453,0.00715795997530222,0.027660746127367
-2.12592601776123,-27.6893653869629,0.00619369791820645,0.0278670508414507
-1.86972188949585,-27.6921997070312,0.0043271672911942,0.0281230732798576
-1.61330235004425,-27.6951351165771,0.0017088174354285,0.0284314844757318
-1.356684923172,-27.6982326507568,-0.00156882067676634,0.0287408800795674
-1.10043525695801,-27.7009773254395,-0.00294627388939261,0.0289367968216538
-0.84484076499939,-27.7032871246338,-0.00111919967457652,0.029053864069283
-0.589651167392731,-27.7053470611572,0.00276234676130116,0.0290199248120189
-0.334167420864105,-27.7075386047363,0.00551750743761659,0.0289388876408339
-0.0777217373251915,-27.7103691101074,0.00415069423615932,0.0289009138941765
0.179342284798622,-27.713357925415,0.000205037125851959,0.0289083765819669
0.436623215675354,-27.7163391113281,-0.00448989309370518,0.0289204521104693
0.693411767482758,-27.7189331054688,-0.00674176914617419,0.0288643790408969
0.949381768703461,-27.7212257385254,-0.00507270125672221,0.0288050221279263
1.20484209060669,-27.7236709594727,-0.000855884805787355,0.0288031967356801
1.46050238609314,-27.7260322570801,0.00265217944979668,0.0287540899589658
1.71708142757416,-27.7287750244141,0.00226250686682761,0.0284878173843026
1.97388303279877,-27.7313404083252,0.00107408559415489,0.0282600456848741
2.2308406829834,-27.7340297698975,-0.00057396775810048,0.0281474972143769
2.48794221878052,-27.7368774414062,-0.00262024090625346,0.02805454749614
2.74526047706604,-27.7397766113281,-0.00540062459185719,0.0278477668762207
3.00218963623047,-27.7425880432129,-0.00621741823852062,0.0275592505931854
3.2592191696167,-27.7454814910889,-0.00724677508696914,0.027239328250289
3.51661086082458,-27.7485542297363,-0.00964256096631289,0.0267654908820987
3.77348923683167,-27.7511348724365,-0.00958141312003136,0.0263254242017865
4.02980709075928,-27.7532215118408,-0.00686951819807291,0.0259681269526482
4.28648090362549,-27.7554473876953,-0.00550558790564537,0.0256083700805902
4.54444313049316,-27.7585124969482,-0.00952419359236956,0.0252408115193248
4.80270290374756,-27.7618312835693,-0.0145908482372761,0.0248575964942575
5.06041049957275,-27.764684677124,-0.0170375555753708,0.0244623385369778
5.31782722473145,-27.7674388885498,-0.0179882571101189,0.0239524971693754
5.57567691802979,-27.7704086303711,-0.0205884203314781,0.0234170611947775
5.83344984054565,-27.7734909057617,-0.0226100441068411,0.02290547080338
6.09164667129517,-27.7767925262451,-0.0262283831834793,0.022452293895185
-4.93591833114624,-27.9110851287842,0.020143723115325,0.0233315310906619
-4.67929410934448,-27.9145450592041,0.0137596242129803,0.0236808429472148
-4.42363691329956,-27.9172878265381,0.0121449213474989,0.0240363366901875
-4.1685357093811,-27.9196262359619,0.0133588695898652,0.0244503598660231
-3.91354393959045,-27.9219493865967,0.0153121780604124,0.0248763500712812
-3.65853953361511,-27.924280166626,0.0174291227012873,0.0253340001218021
-3.40310835838318,-27.9267807006836,0.0177759025245905,0.0257293730974197
-3.14709615707397,-27.9295806884766,0.0156520325690508,0.0260723680257797
-2.89056992530823,-27.9326763153076,0.0113906441256404,0.0264543183147907
-2.63403987884521,-27.9356822967529,0.00734686385840178,0.0268242042511702
-2.37818384170532,-27.9382057189941,0.00664213299751282,0.0270574595779181
-2.12240386009216,-27.940767288208,0.00652868859469891,0.0272806994616985
-1.86628866195679,-27.9435520172119,0.00510854506865144,0.0275794342160225
-1.60965263843536,-27.9466209411621,0.00153804989531636,0.0278266659006476
-1.35324108600616,-27.9496307373047,-0.000756814784836024,0.0280087357386947
-1.09722852706909,-27.9522876739502,-0.00101138255558908,0.0281777074560523
-0.841276168823242,-27.9548568725586,-0.000770171114709228,0.0283267665654421
-0.585512816905975,-27.9572811126709,0.000550013035535812,0.0283856522291899
-0.329846948385239,-27.9596977233887,0.00253762095235288,0.0283545767888427
-0.0737267807126045,-27.9624252319336,0.00269622332416475,0.0283014178276062
0.182960912585258,-27.9651565551758,0.000483799114590511,0.0282527040690184
0.439876019954681,-27.967809677124,-0.00254141632467508,0.0281907534226775
0.696595668792725,-27.9703598022461,-0.00445010373368859,0.0281616132706404
0.952590465545654,-27.9727478027344,-0.0028493907302618,0.0281122708693147
1.2081001996994,-27.9752578735352,0.00118418119382113,0.0280721243470907
1.46404242515564,-27.9778518676758,0.00347679760307074,0.028016128577292
1.72091364860535,-27.9807777404785,0.00182438804768026,0.0278303921222687
1.97789442539215,-27.9834804534912,-0.000117285067972261,0.0276676723733544
2.23483800888062,-27.9862480163574,-0.00165242003276944,0.027557966299355
2.49163413047791,-27.9889984130859,-0.00229804730042815,0.0274642705917358
2.7485032081604,-27.991792678833,-0.0030409162864089,0.027272405102849
3.00526261329651,-27.994592666626,-0.0030665691010654,0.0269967038184404
3.26231908798218,-27.9973983764648,-0.00419398956000805,0.0266760848462582
3.51984810829163,-28.000431060791,-0.00717434985563159,0.0262284949421883
3.77694153785706,-28.0030975341797,-0.00802707020193338,0.0258037969470024
4.03377437591553,-28.0053787231445,-0.0075412318110466,0.025480343028903
4.29048013687134,-28.0075855255127,-0.00628436729311943,0.0251563768833876
4.54810380935669,-28.0104236602783,-0.0087940227240324,0.0249054301530123
4.80616188049316,-28.0136909484863,-0.0129389418289065,0.0246010553091764
5.06397581100464,-28.0167388916016,-0.0157966073602438,0.0241697821766138
5.32152652740479,-28.0196228027344,-0.01728530600667,0.0236180126667023
5.57937860488892,-28.0226898193359,-0.0198478046804667,0.0230692606419325
5.83730792999268,-28.025707244873,-0.0225253906100988,0.0225934525951743
6.095139503479,-28.0287857055664,-0.0245379451662302,0.0221975743770599
6.3519983291626,-28.0313835144043,-0.0221389010548592,0.0220628660172224
-5.18507528305054,-28.161792755127,0.00808624364435673,0.0228005729150027
-4.93217945098877,-28.1628322601318,0.0190381556749344,0.0228670998476446
-4.67641973495483,-28.1657485961914,0.0167511943727732,0.023207897786051
-4.42102336883545,-28.1682548522949,0.0163839403539896,0.0236433581449091
-4.1654109954834,-28.1709613800049,0.0152487875893712,0.0240259799174964
-3.90997052192688,-28.1734504699707,0.015135177411139,0.0244805193506181
-3.65457987785339,-28.1759967803955,0.0154943242669106,0.0248465859331191
-3.39892721176147,-28.178617477417,0.0148545606061816,0.0251300814561546
-3.14289975166321,-28.1813888549805,0.0127029912546277,0.0254702446982265
-2.88672876358032,-28.1843128204346,0.01013458147645,0.0258552813902497
-2.63049936294556,-28.1872329711914,0.00753071112558246,0.0262359902262688
-2.37485313415527,-28.1897201538086,0.0078422399237752,0.0264551900327206
-2.11917781829834,-28.1921482086182,0.00823727808892727,0.0266815107315779
-1.86319768428802,-28.1948356628418,0.0074709146283567,0.0269822767004371
-1.6069324016571,-28.1976737976074,0.00562898069620132,0.0271331639960408
-1.35089528560638,-28.2003746032715,0.00506330002099276,0.027260722592473
-1.09474802017212,-28.2031860351562,0.0042311018332839,0.0274287592619658
-0.838414311408997,-28.2060623168945,0.00277648260816932,0.02760842256248
-0.582081198692322,-28.2089138031006,0.00155441963579506,0.0277138035744429
-0.326154947280884,-28.2115211486816,0.0024047615006566,0.0277415448799729
-0.0702564790844917,-28.2140369415283,0.00359419593587518,0.027700069360435
0.186068713665009,-28.2166004180908,0.00305751850828528,0.027589843608439
0.442804932594299,-28.21923828125,0.000880437262821943,0.0274962391704321
0.699493885040283,-28.2218322753906,-0.000852312718052417,0.0274800397455692
0.955611109733582,-28.2243480682373,0.00023756266455166,0.0274491393938661
1.21128928661346,-28.2268905639648,0.00354257691651583,0.0273666456341743
1.46757745742798,-28.2296848297119,0.00432554027065635,0.0272958241403103
1.72470271587372,-28.2326488494873,0.00156595872249454,0.027200585231185
1.98196065425873,-28.2355823516846,-0.00156036054249853,0.0270907217636704
2.23874664306641,-28.2383270263672,-0.00234779273159802,0.026964558288455
2.4950098991394,-28.2408771514893,-0.000584160326980054,0.0268505802378058
2.75153517723083,-28.2436084747314,0.000242545909713954,0.0266642849892378
3.0082893371582,-28.2464847564697,0.000280320266028866,0.0264115445315838
3.26559162139893,-28.2493915557861,-0.00190132670104504,0.0260812724009156
3.52322196960449,-28.252384185791,-0.00530475843697786,0.0256723258644342
3.78053712844849,-28.2550792694092,-0.00710451230406761,0.0252202199772
4.03776979446411,-28.2576675415039,-0.0083219651132822,0.0249599395319819
4.29447317123413,-28.2599277496338,-0.0070091518573463,0.0247816639021039
4.5515832901001,-28.2625102996826,-0.00723747303709388,0.0246377419680357
4.80939722061157,-28.2656574249268,-0.0102848000824451,0.024302645586431
5.06734275817871,-28.268798828125,-0.013678346760571,0.0238320864737034
5.32530975341797,-28.2718906402588,-0.0169380772858858,0.0232600644230843
5.58315229415894,-28.2749347686768,-0.0194254573434591,0.022763891145587
5.84092950820923,-28.2778453826904,-0.0214110836386681,0.0222991211339831
6.09847497940063,-28.2808074951172,-0.0221502240747213,0.021940621547401
6.35564565658569,-28.2836303710938,-0.0210499335080385,0.0217721648514271
-5.18225145339966,-28.4125213623047,0.0111887883394957,0.0221981125650927
-4.92868089675903,-28.4141883850098,0.019028689712286,0.0223374071356375
-4.67339038848877,-28.4168834686279,0.0189909264445305,0.022683774586767
-4.41786098480225,-28.4195117950439,0.018042391166091,0.0231376870069653
-4.16202402114868,-28.4223594665527,0.0158952940255404,0.0236065837088972
-3.9062807559967,-28.4250106811523,0.0144073544070125,0.0240797852165997
-3.65075063705444,-28.4276103973389,0.0141570931300521,0.0243811854161322
-3.39495968818665,-28.4303016662598,0.0129186855629086,0.0245960168540478
-3.1388635635376,-28.4330596923828,0.0104873236268759,0.0249231155030429
-2.8828980922699,-28.4357986450195,0.00890516489744186,0.0252803694456816
-2.62721681594849,-28.4384632110596,0.00888227764517069,0.025652639567852
-2.37165904045105,-28.441068649292,0.00965727306902409,0.0259061856195331
-2.11567449569702,-28.4437503814697,0.00867579784244299,0.0261704931035638
-1.85976600646973,-28.4463672637939,0.00827393773943186,0.0264500081539154
-1.6040917634964,-28.4488220214844,0.00916898716241121,0.0265796221792698
-1.34853839874268,-28.4513149261475,0.0108525631949306,0.0267223548144102
-1.09234440326691,-28.4541912078857,0.00983873568475246,0.0268938280642033
-0.835745215415955,-28.4573631286621,0.00722130388021469,0.0270231645554304
-0.579138398170471,-28.4604892730713,0.00480100186541677,0.0270718401297927
-0.322952121496201,-28.4632244110107,0.00450361054390669,0.027122494764626
-0.066884346306324,-28.4656963348389,0.00494645535945892,0.0271512065082788
0.189301803708076,-28.4681625366211,0.00507064582780004,0.0270751547068357
0.446005046367645,-28.4708595275879,0.00308531569316983,0.0269616832956672
0.702830493450165,-28.4736232757568,0.000784542295150459,0.0268862675875425
0.959280014038086,-28.476448059082,0.000434652756666765,0.026881568133831
1.21521532535553,-28.4790744781494,0.00262097548693419,0.0267947921529412
1.47143173217773,-28.481632232666,0.00374208204448223,0.0266660880297422
1.72826838493347,-28.4843215942383,0.00229478464461863,0.0265535628423095
1.98524010181427,-28.4872016906738,0.000490080390591174,0.0264696981757879
2.24205994606018,-28.4899845123291,-0.00041187644819729,0.0263812886551023
2.49841523170471,-28.4926776885986,0.000990075874142349,0.0262537859380245
2.75494337081909,-28.4954948425293,0.00184862536843866,0.0260738003998995
3.01166772842407,-28.4984149932861,0.00206100358627737,0.0258482554927468
3.26909303665161,-28.5013275146484,-0.000635759090073407,0.0255202921107411
3.52672743797302,-28.504264831543,-0.00402785697951913,0.0251316074281931
3.78419828414917,-28.5070781707764,-0.006470434833318,0.0246749268844724
4.04153299331665,-28.5099201202393,-0.00807443168014288,0.0244124112650752
4.29836988449097,-28.512414932251,-0.00728684430941939,0.0242906622588634
4.55525827407837,-28.5148983001709,-0.00650821253657341,0.0241810027509928
4.81289005279541,-28.5179195404053,-0.00872944481670856,0.0238750828430057
5.07079648971558,-28.521032333374,-0.0119193410500884,0.0234491024166346
5.32887887954712,-28.5240993499756,-0.0156555287539959,0.0228805113583803
5.58667659759521,-28.5270538330078,-0.0179192535579205,0.0224240329116583
5.84417819976807,-28.5300121307373,-0.0186568573117256,0.022059703245759
6.10223340988159,-28.533239364624,-0.0215599574148655,0.0216624476015568
6.36039018630981,-28.536548614502,-0.0246629063040018,0.0214707022532821
6.62056589126587,-28.5406188964844,-0.0362271778285503,0.0212355270050466
-5.43558645248413,-28.6599178314209,0.0188194382935762,0.0211732686730102
-5.17988348007202,-28.6630306243896,0.0164376311004162,0.0216720044263639
-4.92546033859253,-28.6652946472168,0.0203079655766487,0.0218907528033014
-4.66988182067871,-28.668155670166,0.0189578551799059,0.0222796515445225
-4.41473865509033,-28.6706142425537,0.0198671836405993,0.022690121550113
-4.15882015228271,-28.6734561920166,0.0173714458942413,0.0231868603732437
-3.90283060073853,-28.6763324737549,0.0147815924137831,0.023619596613571
-3.64722013473511,-28.6790065765381,0.0142003074288368,0.0239000101573765
-3.39136600494385,-28.6817684173584,0.0127127068117261,0.0241089346818626
-3.13528728485107,-28.684549331665,0.0104071293026209,0.0244423835538328
-2.87938117980957,-28.68727684021,0.00914402864873409,0.0247924313880503
-2.62392139434814,-28.6898918151855,0.0101914815604687,0.0251822699792683
-2.36812162399292,-28.6927089691162,0.00989809632301331,0.0254571819677949
-2.1116144657135,-28.6959018707275,0.00657981494441628,0.025714160874486
-1.85568785667419,-28.6985454559326,0.00614058785140514,0.0259578824043274
-1.60051429271698,-28.7007122039795,0.0093719819560647,0.0261302888393402
-1.34521400928497,-28.7029113769531,0.0122333718463778,0.026355842128396
-1.08905947208405,-28.7057075500488,0.0114292064681649,0.0265446417033672
-0.832424581050873,-28.7089004516602,0.00868524424731731,0.026594097726047
-0.575955390930176,-28.7120056152344,0.00693248631432652,0.0265587298199534
-0.31971400976181,-28.7148056030273,0.00642465753480792,0.0265478007495403
-0.0634737759828568,-28.7174320220947,0.00612992374226451,0.0266002668067813
0.192704275250435,-28.7199287414551,0.00633133295923471,0.0266357259824872
0.449421316385269,-28.7226657867432,0.00432392861694098,0.0265668341889977
0.706461310386658,-28.7255973815918,0.00110150268301368,0.0264412453398108
0.963320136070251,-28.7285709381104,-0.00105438660830259,0.0264141131192446
1.21953856945038,-28.7312507629395,-0.000104072722024284,0.0263384999707341
1.47549986839294,-28.7337055206299,0.00220489385537803,0.0261753723025322
1.73177576065063,-28.7361469268799,0.00330443331040442,0.0260173659771681
1.98823761940002,-28.7387466430664,0.00380344549193978,0.0259077372029424
2.2451605796814,-28.741720199585,0.00249208672903478,0.0258210999891162
2.5019097328186,-28.7446556091309,0.00218512932769954,0.0257136533036828
2.75869846343994,-28.747522354126,0.00191803032066673,0.0255425032228231
3.01565980911255,-28.7504653930664,0.00111133209429681,0.0253670830279589
3.27292537689209,-28.7532424926758,-0.000847820425406098,0.0250910436734557
3.53019857406616,-28.7560157775879,-0.0026105500292033,0.0247125709429383
3.78738355636597,-28.7588691711426,-0.00374200707301497,0.0242958245798945
4.04466772079468,-28.7619190216064,-0.00506494240835309,0.023998741991818
4.30219554901123,-28.7649536132812,-0.00724053801968694,0.0238296957686543
4.5596022605896,-28.767707824707,-0.00868369918316603,0.0236699841916561
4.81706953048706,-28.770528793335,-0.0101612526923418,0.0233762376010418
5.07459878921509,-28.7733612060547,-0.0116808786988258,0.0230096699669957
5.33236122131348,-28.7763118743896,-0.0139850005507469,0.0225302102044225
5.59017133712769,-28.779390335083,-0.0162534359842539,0.0220922604203224
5.848069190979,-28.7825546264648,-0.0186673793941736,0.0217402772977948
6.10636949539185,-28.7859439849854,-0.0225807577371597,0.0214408929459751
6.36477518081665,-28.7893028259277,-0.0267228558659554,0.0212980024516582
6.6228928565979,-28.7924137115479,-0.0294042117893696,0.0211301832459867
6.87849760055542,-28.7944030761719,-0.0210762675851583,0.0207876726053655
-5.43238544464111,-28.9112720489502,0.0201356783509254,0.0208771787583828
-5.17720222473145,-28.9139308929443,0.020228311419487,0.0212822989560664
-4.92237997055054,-28.9164009094238,0.022251820191741,0.0215496778837405
-4.6668848991394,-28.9192390441895,0.0213349536061287,0.0219009746797383
-4.41156482696533,-28.9217681884766,0.0214477870613337,0.022299071890302
-4.15586566925049,-28.9244079589844,0.0200056340545416,0.0227134376764297
-3.89991354942322,-28.9273014068604,0.017630822956562,0.0231294985860586
-3.64404487609863,-28.9302864074707,0.0159018579870462,0.0234180020634085
-3.38804769515991,-28.9332542419434,0.0138029539957643,0.0237238695845008
-3.13196420669556,-28.9360599517822,0.0115152727812529,0.0240466864779592
-2.87609601020813,-28.9387969970703,0.0104697160422802,0.0244018021039665
-2.62034702301025,-28.9416618347168,0.0102304434403777,0.0247700498439372
-2.36393356323242,-28.9447975158691,0.00714818947017193,0.0250673871487379
-2.1071343421936,-28.9480743408203,0.00252290698699653,0.0253042159602046
-1.85131454467773,-28.9505958557129,0.00261555169709027,0.0254704616963863
-1.5965564250946,-28.9527149200439,0.00781824719160795,0.0256068399176002
-1.34131765365601,-28.9548835754395,0.0110042029991746,0.0258153853937984
-1.08524942398071,-28.9576244354248,0.0106355482712388,0.0260503403842449
-0.828881561756134,-28.9606227874756,0.0091426707804203,0.0260795736685395
-0.572637856006622,-28.9636173248291,0.00845390558242798,0.0260155024006963
-0.316328167915344,-28.9665355682373,0.00768266245722771,0.0260382927954197
-0.0600208044052124,-28.9692840576172,0.00713090505450964,0.0261103762313724
0.196194648742676,-28.9718456268311,0.00720618199557066,0.0261378074064851
0.452731221914291,-28.9744873046875,0.00604928703978658,0.0260081626474857
0.709461450576782,-28.9773197174072,0.00426228763535619,0.0258677341043949
0.96633106470108,-28.9803314208984,0.00209457543678582,0.0258695539087057
1.22285735607147,-28.9830665588379,0.00168637163005769,0.025875267572701
1.47905874252319,-28.9856052398682,0.00295325554907322,0.0257776919752359
1.73510122299194,-28.9881229400635,0.00515445740893483,0.0255786636844277
1.99122500419617,-28.9905071258545,0.00718836532905698,0.0253852251917124
2.24812602996826,-28.9934844970703,0.00600781943649054,0.0252794176340103
2.50542163848877,-28.9966163635254,0.00330146285705268,0.0252122860401869
2.76246881484985,-28.9995822906494,0.00192360882647336,0.0250622052699327
3.01944160461426,-29.0023899078369,0.00108856556471437,0.0248585483059287
3.27643013000488,-29.005033493042,0.000390264205634594,0.0246138265356421
3.53335452079773,-29.0078067779541,0.000218105298699811,0.0243037045001984
3.79021716117859,-29.0105648040771,0.00054163602180779,0.0239452794194221
4.04766893386841,-29.0137901306152,-0.0014739315956831,0.0236304737627506
4.30597448348999,-29.0173358917236,-0.00700496509671211,0.0234118420630693
4.56404685974121,-29.0206146240234,-0.0112897576764226,0.0231599705293775
4.82130575180054,-29.0231685638428,-0.0118332747370005,0.022853278554976
5.0783224105835,-29.0256786346436,-0.0110927317291498,0.0225596390664577
5.33547735214233,-29.0284175872803,-0.0107146678492427,0.0221841977909207
5.59360694885254,-29.031774520874,-0.0143189067021012,0.0218075271695852
5.85203886032104,-29.0352058410645,-0.0190021526068449,0.0214830860495567
6.11058521270752,-29.0386409759521,-0.0239463839679956,0.0212252992205322
6.36829710006714,-29.0415649414062,-0.0250732209533453,0.0210686251521111
6.62535381317139,-29.0441646575928,-0.0231634490191936,0.0208725132979453
6.88107585906982,-29.0461120605469,-0.0153205711394548,0.0205192277207971
-5.68416357040405,-29.1599941253662,0.020565290004015,0.0201757964678109
-5.42884540557861,-29.1628932952881,0.0198513511568308,0.0205454372335225
-5.17395877838135,-29.1653175354004,0.021377781406045,0.0209077736362815
-4.91889715194702,-29.1677684783936,0.0222958978265524,0.0212123534874991
-4.66361474990845,-29.1704483032227,0.0224171038717031,0.0215850530657917
-4.40806436538696,-29.1731395721436,0.0214939434081316,0.0219639238493983
-4.15239763259888,-29.1758041381836,0.0202502217143774,0.022305894526653
-3.89648509025574,-29.1787109375,0.0181065052747726,0.0226689896080643
-3.64039731025696,-29.1818943023682,0.0154063375666738,0.0229980491567403
-3.38421201705933,-29.1850700378418,0.0124867279082537,0.0233190262224525
-3.12842535972595,-29.187837600708,0.0116365235298872,0.0236304411664605
-2.87275052070618,-29.1905689239502,0.0115386368706822,0.023962227627635
-2.61650443077087,-29.1936511993408,0.00903492048382759,0.0242925207130611
-2.35953164100647,-29.1969909667969,0.00340581499040127,0.0246001644991338
-2.10304093360901,-29.1999530792236,0.000232085614698008,0.0247664614580572
-1.84784173965454,-29.2022666931152,0.00323296524584293,0.0248373774811625
-1.59304308891296,-29.2043437957764,0.00828171987086535,0.0249249516054988
-1.33734357357025,-29.2068328857422,0.009409892372787,0.0251455111429095
-1.08104777336121,-29.2096996307373,0.00804680399596691,0.0254110433161259
-0.825137555599213,-29.2124042510986,0.00867710821330547,0.025466269813478
-0.569362103939056,-29.2150802612305,0.010148199275136,0.0254845079034567
-0.313156574964523,-29.2180919647217,0.00990286935120821,0.0255509288981557
-0.0568125806748867,-29.2209815979004,0.00923494715243578,0.0256224945187569
0.199547991156578,-29.223690032959,0.00869857892394066,0.0255934884771705
0.455975651741028,-29.2263336181641,0.00807583797723055,0.0253607295453548
0.712224841117859,-29.2289733886719,0.00849345978349447,0.0251977294683456
0.968580305576324,-29.2316474914551,0.00865562912076712,0.025285285897553
1.22529244422913,-29.2345504760742,0.00744934612885118,0.0253917677327991
1.48209142684937,-29.2374687194824,0.00608126912266016,0.0253104902803898
1.73839056491852,-29.2402286529541,0.00718397926539183,0.0250863563269377
1.99456131458282,-29.2426452636719,0.00904427468776703,0.0248786732554436
2.25136041641235,-29.2454452514648,0.00833754427731037,0.0247770790010691
2.50876879692078,-29.248556137085,0.00515616638585925,0.0246859733015299
2.76593136787415,-29.2515926361084,0.00330446613952518,0.024491892196238
3.02282500267029,-29.2543392181396,0.00285288342274725,0.0243435567244887
3.27963209152222,-29.2570209503174,0.00300480565056205,0.0241375910118222
3.53668570518494,-29.259916305542,0.00230508157983422,0.0239003151655197
3.79385638237,-29.2628974914551,0.00131971656810492,0.0236100992187858
4.051438331604,-29.2661800384521,-0.00122864823788404,0.0232961978763342
4.30981636047363,-29.2698364257812,-0.00702921114861965,0.0229823514819145
4.56809949874878,-29.2732982635498,-0.0121852401643991,0.0226660603657365
4.82538986206055,-29.2759227752686,-0.0128196300938725,0.0224111163988709
5.08193922042847,-29.2781867980957,-0.0100087085738778,0.022203054279089
5.33897686004639,-29.280834197998,-0.0090889148414135,0.0218792669475079
5.59751462936401,-29.2843036651611,-0.0144339464604855,0.0214643147774041
5.85626173019409,-29.2878379821777,-0.0204456299543381,0.0211076349951327
6.11442518234253,-29.2910175323486,-0.0237041991204023,0.0209213746711612
6.37153100967407,-29.2936820983887,-0.0221795421093702,0.0206636837683618
6.62883520126343,-29.2965106964111,-0.0212860368192196,0.0204083346761763
6.88548803329468,-29.2988548278809,-0.0174022670835257,0.0200299038551748
7.14422607421875,-29.3019409179688,-0.0222643036395311,0.0195247894152999
-5.68134784698486,-29.4112739562988,0.0236696731299162,0.0199951138347387
-5.42563962936401,-29.4143714904785,0.0211451333016157,0.0202719271183014
-5.17056703567505,-29.4168930053711,0.0218332149088383,0.0205640546046197
-4.91541051864624,-29.4193878173828,0.0223459079861641,0.0208969349041581
-4.66022968292236,-29.4218845367432,0.0229716300964355,0.0212425965582952
-4.40444755554199,-29.4247131347656,0.0210034195333719,0.02158134241472
-4.14854764938354,-29.4275684356689,0.0187197346240282,0.0219031207670923
-3.89246511459351,-29.4306297302246,0.0158352721482515,0.0222541239345446
-3.63638877868652,-29.4337921142578,0.0132340006530285,0.0225930886808783
-3.38021469116211,-29.4370346069336,0.0104225296527147,0.0229112906381488
-3.12448263168335,-29.439905166626,0.00988665036857128,0.0232006020378321
-2.86894392967224,-29.442554473877,0.0104628205299377,0.023493146058172
-2.61245036125183,-29.4457035064697,0.00685317860916257,0.0237674731761217
-2.3556694984436,-29.4488410949707,0.00214108475483954,0.0240273983217776
-2.09978842735291,-29.4514617919922,0.00181375723332167,0.0240926858969033
-1.84476625919342,-29.453727722168,0.00567177031189203,0.0241250996477902
-1.58946824073792,-29.4560565948486,0.00846613384783268,0.0242126719094813
-1.33317744731903,-29.4589042663574,0.00693665631115437,0.0245050610974431
-1.07703101634979,-29.4616451263428,0.00629529589787126,0.0247607119381428
-0.821672797203064,-29.464111328125,0.00948883127421141,0.0248692380264401
-0.566352486610413,-29.4665756225586,0.0130700254812837,0.0249349633231759
-0.310272306203842,-29.46950340271,0.0134247820824385,0.0249888198450208
-0.0537204667925835,-29.4725551605225,0.0118555575609207,0.0250324597582221
0.202934429049492,-29.4755191802979,0.0100364573299885,0.0249533541500568
0.459361344575882,-29.4782409667969,0.00946331117302179,0.0247210273519158
0.715183198451996,-29.4807071685791,0.0118455719202757,0.0246211737394333
0.971052348613739,-29.483154296875,0.0142253674566746,0.0247997241094708
1.22771847248077,-29.4861030578613,0.013261535204947,0.0249615395441651
1.48491978645325,-29.4893207550049,0.0101338746026158,0.0248215002939105
1.74164640903473,-29.492208480835,0.00935014896094799,0.0245376266539097
1.99821305274963,-29.4948997497559,0.00949251558631659,0.0243800636380911
2.25506520271301,-29.4976825714111,0.00858292728662491,0.0243071932345629
2.51237654685974,-29.5007438659668,0.00587035017088056,0.0241762613877654
2.76953220367432,-29.503755569458,0.00408472027629614,0.0239612050354481
3.02656245231628,-29.5066204071045,0.00307347299531102,0.0238427361473441
3.28371262550354,-29.5095710754395,0.00176380120683461,0.0236638439819217
3.54097843170166,-29.5126686096191,0.000184406439075246,0.0234276056289673
3.79820871353149,-29.515796661377,-0.00100484513677657,0.0231459774076939
4.05566358566284,-29.5189323425293,-0.00296223117038608,0.0228437650948763
4.31380176544189,-29.5223560333252,-0.007683124858886,0.0225236332044005
4.57191801071167,-29.5257263183594,-0.0120738241821527,0.0222325134091079
4.82929992675781,-29.528564453125,-0.0130462748929858,0.0220495346002281
5.08585834503174,-29.5309066772461,-0.0102265048772097,0.0218875994905829
5.34308385848999,-29.5336360931396,-0.0100811971351504,0.0215740092098713
5.60183525085449,-29.5371971130371,-0.0163125041872263,0.0211617667227983
5.86059427261353,-29.5406379699707,-0.0223419386893511,0.020752964541316
6.11840295791626,-29.5436630249023,-0.0240265224128962,0.0204953500069678
6.3754677772522,-29.5463981628418,-0.0222747959196568,0.0202502678148448
6.633131980896,-29.5493068695068,-0.0228971131145954,0.0199521207250655
6.89049482345581,-29.5519790649414,-0.0220166798681021,0.019630076829344
7.14887857437134,-29.5550594329834,-0.0252952929586172,0.0192322367802262
-5.9342474937439,-29.6598167419434,0.0295745562762022,0.0192624824121594
-5.67840099334717,-29.6626853942871,0.0261520035564899,0.0196859398856759
-5.42251682281494,-29.6658039093018,0.0228232908993959,0.0199844785965979
-5.16701126098633,-29.6684608459473,0.0214965231716633,0.0203062884975225
-4.91164493560791,-29.6711540222168,0.0210733599960804,0.0205795271322131
-4.65643072128296,-29.6735649108887,0.0215758625417948,0.0208665007958189
-4.40068054199219,-29.6763305664062,0.0198000054806471,0.0212187747238204
-4.14463043212891,-29.6793632507324,0.0168682299554348,0.0215799552970566
-3.88863778114319,-29.6824855804443,0.0144633585587144,0.0218965827662032
-3.63288021087646,-29.6855010986328,0.013396087102592,0.0221879304153845
-3.37684631347656,-29.6886901855469,0.0112799862399697,0.0224328271578997
-3.12078142166138,-29.6917324066162,0.0092390775680542,0.0226725270040333
-2.86507034301758,-29.6944427490234,0.00905692111700773,0.0229135083500296
-2.60875725746155,-29.6973838806152,0.00631254306063056,0.0231630045454949
-2.35256671905518,-29.7001972198486,0.00436459155753255,0.0234144171699882
-2.09695839881897,-29.7028255462646,0.00534599786624312,0.0234843753278255
-1.84178960323334,-29.7052803039551,0.00857731606811285,0.0235972916707397
-1.58600556850433,-29.7079029083252,0.00918419379740953,0.0237722243182361
-1.32955431938171,-29.7106895446777,0.00694299302995205,0.0240126638673246
-1.0737920999527,-29.7133026123047,0.00810425449162722,0.0241495594382286
-0.818506360054016,-29.7157878875732,0.0116714928299189,0.0242453925311565
-0.563177585601807,-29.7183361053467,0.0152595620602369,0.0243176957592368
-0.307175576686859,-29.7212295532227,0.0160058028995991,0.0243327808566391
-0.0504448600113392,-29.7243766784668,0.0136621333658695,0.0243626516312361
0.206434652209282,-29.7274551391602,0.0108651220798492,0.0243290374055505
0.462810397148132,-29.7301864624023,0.0105650164186954,0.0241850791499019
0.718466460704803,-29.732536315918,0.0137270782142878,0.0241386080160737
0.974532783031464,-29.7351913452148,0.0152708552777767,0.0243009096011519
1.23129272460938,-29.7381744384766,0.0139229260385036,0.0244448129087687
1.48858630657196,-29.7414436340332,0.0104216663166881,0.0242587877437472
1.745441198349,-29.7443656921387,0.00910175126045942,0.024010244756937
2.0020546913147,-29.7471904754639,0.00908871088176966,0.0238764863461256
2.25878357887268,-29.7499923706055,0.00877732411026955,0.0237682331353426
2.51605677604675,-29.753002166748,0.00626916810870171,0.0235959161072969
2.77327060699463,-29.7559452056885,0.00425398629158735,0.0234343130141497
3.0307788848877,-29.7590656280518,0.00117235921788961,0.0233762795105577
3.28854966163635,-29.76247215271,-0.00281159556470811,0.0232443762943149
3.54597949981689,-29.7657299041748,-0.00505335349589586,0.0229671532288194
3.8029146194458,-29.7687435150146,-0.00489291781559587,0.0226803803816438
4.06004571914673,-29.7716693878174,-0.00539194699376822,0.0224327272735536
4.31791067123413,-29.7748546600342,-0.00888612680137157,0.0221154824830592
4.57582855224609,-29.7780437469482,-0.0123776169493794,0.0218372032977641
4.83314895629883,-29.7809047698975,-0.0130357854068279,0.021669496782124
5.09003162384033,-29.7835731506348,-0.0115659032016993,0.0215230667963624
5.34759950637817,-29.786584854126,-0.0128496391698718,0.0212402944453061
5.60631275177002,-29.7901840209961,-0.0188623871654272,0.0208131424151361
5.86460828781128,-29.793363571167,-0.0228501372039318,0.0203846953809261
6.12218427658081,-29.7962741851807,-0.0234915390610695,0.0200688890181482
6.37957191467285,-29.7991104125977,-0.0230946093797684,0.0198399177752435
6.63702297210693,-29.801887512207,-0.0227638948708773,0.0195788298733532
6.89463138580322,-29.8046188354492,-0.0229023508727551,0.0193201969377697
7.15226602554321,-29.8074722290039,-0.0229181349277496,0.0189720876514912
7.40926122665405,-29.8101139068604,-0.0199738554656506,0.0186892794445157
-5.93070697784424,-29.9110507965088,0.0291267931461334,0.0190326822921634
-5.6750020980835,-29.9141025543213,0.0264516361057758,0.0193878994323313
-5.41912412643433,-29.9172210693359,0.023196229711175,0.0196999814361334
-5.1635913848877,-29.9199504852295,0.0217913463711739,0.0200324901379645
-4.90783452987671,-29.9228248596191,0.0195684898644686,0.0202717527281493
-4.65234184265137,-29.9253902435303,0.0188081488013268,0.0205777522642165
-4.39672183990479,-29.9280681610107,0.0176904611289501,0.020917704096064
-4.141028881073,-29.9309978485107,0.0164887737482786,0.0212425155332312
-3.88543725013733,-29.9340343475342,0.0160163920372725,0.021543793118326
-3.62982726097107,-29.9370994567871,0.015691177919507,0.0217777217621915
-3.37405586242676,-29.9401702880859,0.0148373208940029,0.0219784697983414
-3.11788773536682,-29.9432735443115,0.0123525932431221,0.02217230736278
-2.86198806762695,-29.9461059570312,0.0113345170393586,0.0223770784214139
-2.60589671134949,-29.9488868713379,0.00964584480971098,0.0226018251851201
-2.34985375404358,-29.9515705108643,0.00840630009770393,0.022811816772446
-2.09413957595825,-29.9543075561523,0.00894124899059534,0.0229705343954265
-1.83864343166351,-29.9570636749268,0.0107180625200272,0.0231486647389829
-1.58300840854645,-29.9597358703613,0.0120601058006287,0.0233171214349568
-1.32687854766846,-29.9623985290527,0.0113284140825272,0.0234690885990858
-1.07108521461487,-29.9648780822754,0.0123618105426431,0.0235871598124504
-0.815467417240143,-29.9674625396729,0.0144400335848331,0.0236655748449266
-0.559893548488617,-29.9701805114746,0.0169546250253916,0.0237114154733717
-0.303894877433777,-29.9731159210205,0.0177584234625101,0.0236311391927302
-0.0470717139542103,-29.9763488769531,0.0150379855185747,0.0236144540831447
0.20993560552597,-29.9794864654541,0.0117003032937646,0.0236679995432496
0.466231167316437,-29.9821758270264,0.0118003925308585,0.023668659850955
0.72208708524704,-29.9846649169922,0.0141054661944509,0.02371875802055
0.97840827703476,-29.987434387207,0.0145431961864233,0.023781044408679
1.2353847026825,-29.99045753479,0.0122590661048889,0.0237848618999124
1.49263417720795,-29.9936447143555,0.00899122841656208,0.0236375676468015
1.74930214881897,-29.9965019226074,0.0085516544058919,0.023550583049655
2.00573110580444,-29.9993515014648,0.0094154691323638,0.0234778076410294
2.26237440109253,-30.0022468566895,0.00954036135226488,0.0233152061700821
2.5197160243988,-30.0053195953369,0.00677083898335695,0.0231205020099878
2.77704071998596,-30.0082263946533,0.00429235259070992,0.0229589538648725
3.03492021560669,-30.0114231109619,-0.000401116034481674,0.022862434387207
3.29310512542725,-30.0151252746582,-0.00615656794980168,0.022658979985863
3.55059480667114,-30.0184173583984,-0.00861512217670679,0.0224114088341594
3.80728554725647,-30.0213413238525,-0.0073303859680891,0.0222082650288939
4.06405973434448,-30.0241661071777,-0.00621201191097498,0.0220535416156054
4.32176542282104,-30.0272579193115,-0.00896852370351553,0.02175936056301
4.57972574234009,-30.0304393768311,-0.0126085532829165,0.0214521307498217
4.83709907531738,-30.0333309173584,-0.0134568549692631,0.0212577031925321
5.09441709518433,-30.0363178253174,-0.0138253848999739,0.0210981541313231
5.35210275650024,-30.0395832061768,-0.0155530637130141,0.020839711651206
5.61024522781372,-30.0430030822754,-0.0190383270382881,0.0204532314091921
5.86800003051758,-30.0459957122803,-0.0206399690359831,0.0200896486639977
6.12549114227295,-30.0487098693848,-0.0208966750651598,0.0197847234085202
6.38307523727417,-30.0514640808105,-0.0213326551020145,0.0195731860585511
6.64067983627319,-30.0543804168701,-0.0216162707656622,0.0193012929521501
6.89791965484619,-30.0569934844971,-0.0201284438371658,0.0189743533264846
7.15519666671753,-30.0598526000977,-0.0185598526149988,0.0186187848448753
7.41234159469604,-30.0627250671387,-0.0162044279277325,0.0182995349168777
-6.18099451065063,-30.1594944000244,0.0225128289312124,0.0184760103002191
-5.92666864395142,-30.1624488830566,0.0262930728495121,0.0188406542874873
-5.67122602462769,-30.1655578613281,0.0249358043074608,0.0191412433050573
-5.41571855545044,-30.1685371398926,0.0234888028353453,0.0194077212363482
-5.16004419326782,-30.1714344024658,0.0214677099138498,0.0197321437299252
-4.90416240692139,-30.1743850708008,0.0187042523175478,0.0200602500699461
-4.64845705032349,-30.1771240234375,0.0169958099722862,0.020388132892549
-4.39287090301514,-30.1799049377441,0.0160974152386189,0.0207009233999997
-4.13766813278198,-30.1826286315918,0.0172462854534388,0.0209631627658382
-3.88254928588867,-30.185453414917,0.0190267730504274,0.0212227038573474
-3.62694001197815,-30.1885395050049,0.0187451038509607,0.0213946720468812
-3.37116146087646,-30.1915893554688,0.017889741808176,0.0215104510134552
-3.11511087417603,-30.1946468353271,0.0159884039312601,0.0216691470122896
-2.85937428474426,-30.197473526001,0.0157710984349251,0.0218924994114786
-2.60339617729187,-30.2003555297852,0.0146573940292001,0.02215947851073
-2.34735631942749,-30.2031154632568,0.0134731940925121,0.0223662364296615
-2.09163236618042,-30.205753326416,0.0139806633815169,0.0225564280990511
-1.83604347705841,-30.20849609375,0.0153561420738697,0.0227352182846516
-1.58049154281616,-30.2111415863037,0.0171128232032061,0.0228651645593345
-1.32438540458679,-30.2138366699219,0.0165251232683659,0.022956142667681
-1.06821548938751,-30.2165660858154,0.0158768333494663,0.0230991435237229
-0.81213253736496,-30.2193641662598,0.0158674363046885,0.0232251118868589
-0.556386888027191,-30.2221069335938,0.0176317356526852,0.0232795150950551
-0.300346344709396,-30.2250423431396,0.0182826146483421,0.0231083165854216
-0.043418075889349,-30.2283477783203,0.015128499828279,0.0229827938601375
0.213565498590469,-30.2313899993896,0.011928609572351,0.023031244520098
0.46980345249176,-30.2340717315674,0.0123311681672931,0.023186341393739
0.725759506225586,-30.2367134094238,0.0142378183081746,0.0233116433955729
0.982266783714294,-30.2395782470703,0.0138801978901029,0.0232784897089005
1.23928225040436,-30.2426109313965,0.0114617021754384,0.0232158219441772
1.49625289440155,-30.2456226348877,0.00947832316160202,0.0231104623526335
1.7528532743454,-30.2485294342041,0.00938965287059546,0.0230900608003139
2.00939559936523,-30.2514400482178,0.00978829897940159,0.0230077202431858
2.26634454727173,-30.2546062469482,0.00860859546810389,0.022826109547168
2.5237238407135,-30.2578620910645,0.00573325995355844,0.022677140776068
2.78076529502869,-30.2607154846191,0.00456152111291885,0.0225331061519682
3.03827095031738,-30.2636089324951,0.00154492643196136,0.0223708590492606
3.29627537727356,-30.2671031951904,-0.0033930407371372,0.0220982069149613
3.55393552780151,-30.2705497741699,-0.00655820453539491,0.0218774066306651
3.81074142456055,-30.2735385894775,-0.00574219925329089,0.0217590443789959
4.06758594512939,-30.2764015197754,-0.00489324145019054,0.0216273833066225
4.32502222061157,-30.2793960571289,-0.00643206667155027,0.0214099367149174
4.58291578292847,-30.282693862915,-0.00972745474427938,0.0211275815963745
4.84076881408691,-30.2859363555908,-0.012617208994925,0.0209065186791122
5.09839677810669,-30.2891254425049,-0.0142862880602479,0.0207307683303952
5.35589742660522,-30.2922649383545,-0.0151744205504656,0.020455458201468
5.61353302001953,-30.2954235076904,-0.016427056863904,0.0201504584401846
5.87124109268188,-30.2984619140625,-0.0177841819822788,0.0198576631955802
6.1288685798645,-30.301197052002,-0.0185994897037745,0.0195666579529643
6.38632011413574,-30.3038520812988,-0.0184338316321373,0.0192630330566317
6.64384365081787,-30.3068046569824,-0.0183250531554222,0.0189225324429572
6.90126895904541,-30.3097476959229,-0.0175705030560493,0.0185775549616665
7.15847063064575,-30.3126068115234,-0.0156396571546793,0.0182614349760115
7.4159140586853,-30.3156986236572,-0.0145119875669479,0.0179838973563164
-6.17743921279907,-30.4115581512451,0.0220305733382702,0.0183956036344171
-5.92278528213501,-30.4142875671387,0.0242471843957901,0.0186922596767545
-5.66739654541016,-30.4173049926758,0.0231881812214851,0.0189236057922244
-5.41200113296509,-30.4201850891113,0.0223139673471451,0.0191679857671261
-5.1564245223999,-30.4230670928955,0.0208073928952217,0.0194580084644258
-4.90074491500854,-30.4259223937988,0.0190429650247097,0.019787086173892
-4.64513969421387,-30.4286041259766,0.0178506299853325,0.0201006147544831
-4.38949966430664,-30.431489944458,0.0167483426630497,0.0203781775198877
-4.13431358337402,-30.4342632293701,0.018025578930974,0.0206529288552701
-3.87915182113647,-30.4371223449707,0.0196491479873657,0.0208741459064186
-3.62340402603149,-30.4402370452881,0.0187573190778494,0.0210019217338413
-3.36747670173645,-30.4432964324951,0.0172458048909903,0.0210681102471426
-3.11162352561951,-30.446252822876,0.0163050163537264,0.0212382536701625
-2.85621309280396,-30.4490146636963,0.0176527835428715,0.0214841659471858
-2.6006121635437,-30.4517955780029,0.0183328036218882,0.0217511025257409
-2.3447949886322,-30.4545116424561,0.0182196702808142,0.0219895214540884
-2.08897018432617,-30.4572448730469,0.0182995405048132,0.0221143120434135
-1.8331286907196,-30.4600944519043,0.0185446459800005,0.0222167759202421
-1.57735979557037,-30.462869644165,0.0193439982831478,0.022278897697106
-1.32119703292847,-30.4655895233154,0.0185337923467159,0.0224104730878025
-1.06475496292114,-30.468433380127,0.0166774597018957,0.0226043949369341
-0.808387160301208,-30.4713973999023,0.0154126062989235,0.0227762293070555
-0.552556455135345,-30.4742374420166,0.0168393924832344,0.0228244815953076
-0.29658454656601,-30.4771156311035,0.0178419258445501,0.0226559238508344
-0.0398566052317619,-30.4802513122559,0.0156287234276533,0.0225046328268945
0.216812089085579,-30.4831829071045,0.0138970660045743,0.0225743651390076
0.473087340593338,-30.4860553741455,0.0141889229416847,0.0227867355570197
0.729171216487885,-30.4887599945068,0.0155575191602111,0.0229265773668885
0.985678553581238,-30.4915618896484,0.0152301415801048,0.0228445022366941
1.24244737625122,-30.4944286346436,0.0139497518539429,0.0227218503132463
1.49909567832947,-30.4973449707031,0.0134513983502984,0.0226349858567119
1.75596582889557,-30.5004997253418,0.0122048612684011,0.022600919008255
2.01300597190857,-30.50364112854,0.0104187047109008,0.0224728570319712
2.27052998542786,-30.5071392059326,0.00672794319689274,0.0223332257010043
2.52781701087952,-30.5105152130127,0.0043275598436594,0.0222603301517665
2.78440475463867,-30.5133094787598,0.00522644584998488,0.0221227891743183
3.04115605354309,-30.5158100128174,0.00557873072102666,0.0219258391298354
3.29854226112366,-30.5188446044922,0.00337941595353186,0.0216942471452057
3.55622935295105,-30.5223407745361,0.000126314829685725,0.0215555429458618
3.8136157989502,-30.5255641937256,-0.00158494478091598,0.0214692554436624
4.07093191146851,-30.528621673584,-0.0027744269464165,0.0212726616300642
4.32835865020752,-30.5316257476807,-0.0042343563400209,0.0209932276047766
4.58622360229492,-30.5349884033203,-0.00735928071662784,0.0207147761248052
4.8443660736084,-30.5384654998779,-0.0114601757377386,0.0205173068679869
5.10215044021606,-30.5417060852051,-0.0137746660038829,0.0203153630718589
5.3596134185791,-30.5447692871094,-0.0144665203988552,0.0200272616930306
5.61701917648315,-30.5478229522705,-0.0146852284669876,0.0197205254808068
5.87503910064697,-30.5509910583496,-0.0173555463552475,0.0194622920826077
6.13295412063599,-30.5539684295654,-0.0193579122424126,0.0191834152210504
6.3903956413269,-30.5568084716797,-0.0190838929265738,0.0188414182048291
6.64770889282227,-30.5597229003906,-0.0180217735469341,0.0185390298720449
6.9050464630127,-30.56272315979,-0.0168385189026594,0.0182875338941813
7.16241598129272,-30.5657901763916,-0.015569731593132,0.0180157457944006
7.42023658752441,-30.5690994262695,-0.0160086508840322,0.0177786608692259
7.67919063568115,-30.5731582641602,-0.0210274942219257,0.0173913259059191
-6.4282808303833,-30.6614971160889,0.0183242224156857,0.01826645527035
-6.17394638061523,-30.6635513305664,0.0218311697244644,0.0182928442955017
-5.91911840438843,-30.6662006378174,0.0232442785054445,0.0185038973577321
-5.66385173797607,-30.6690006256104,0.0227941442281008,0.0186187354847789
-5.40838623046875,-30.6719493865967,0.0216377563774586,0.0188439497724175
-5.15301084518433,-30.6747226715088,0.0211300253868103,0.0190711808390915
-4.89775037765503,-30.677375793457,0.0213853940367699,0.0193828968331218
-4.642258644104,-30.6800994873047,0.0207774192094803,0.0196825545281172
-4.38642120361328,-30.6832160949707,0.0188048481941223,0.0199458533897996
-4.13079738616943,-30.6861686706543,0.0180617906153202,0.0202112079132348
-3.87546539306641,-30.6889972686768,0.0189208723604679,0.0204514486249536
-3.61972069740295,-30.6919384002686,0.0180686619132757,0.0206081983633339
-3.36370587348938,-30.6949615478516,0.0161837339401245,0.0207122716819867
-3.10776543617249,-30.6979885101318,0.0148877250030637,0.0209233132191002
-2.85256791114807,-30.7007904052734,0.017285693436861,0.0211520312295761
-2.59729695320129,-30.7034568786621,0.0195411089807749,0.0213952845078893
-2.34177851676941,-30.7060623168945,0.0208514407277107,0.0215738607221283
-2.08584189414978,-30.7089977264404,0.0204711686819792,0.0216726715443656
-1.82959353923798,-30.7120723724365,0.0188866294920444,0.0217420617118478
-1.57354331016541,-30.7149677276611,0.0184350293129683,0.0218103229999542
-1.31751143932343,-30.7176456451416,0.0182709004729986,0.0219765941146761
-1.06142199039459,-30.7203254699707,0.0180683676153421,0.0221539796330035
-0.804932236671448,-30.7233848571777,0.0162907857447863,0.0222992761991918
-0.54868870973587,-30.7264366149902,0.0158812236040831,0.0223378089722246
-0.292579233646393,-30.7293968200684,0.0163048021495342,0.0222013953607529
-0.0361882522702217,-30.732400894165,0.0156664717942476,0.0221084970980883
0.220126420259476,-30.7351760864258,0.0155783202499151,0.0222126143053174
0.476374268531799,-30.7380542755127,0.0160339288413525,0.0223740879446268
0.732515811920166,-30.740779876709,0.0171795170754194,0.0224465844221413
0.9888995885849,-30.7434921264648,0.017441226169467,0.0222887145355344
1.2455233335495,-30.7462749481201,0.0168457608669996,0.0221130335703492
1.50217747688293,-30.7492733001709,0.0163659192621708,0.0220070015639067
1.7591165304184,-30.7524833679199,0.0148494802415371,0.0219465345144272
2.01633810997009,-30.7558250427246,0.012304650619626,0.0218060542829335
2.27406573295593,-30.7595443725586,0.00776067143306136,0.0217025754973292
2.5314633846283,-30.7629432678223,0.00490372255444527,0.0216867332346737
2.78803992271423,-30.7658405303955,0.00590615067631006,0.0216418425552547
3.0445511341095,-30.7683773040771,0.00737588759511709,0.0215190397575498
3.30173325538635,-30.7712478637695,0.00610605953261256,0.0213886448182166
3.55930161476135,-30.7745037078857,0.00338864861987531,0.0213172738440335
3.81686878204346,-30.7778072357178,0.000916842313017696,0.0211758930236101
4.07452154159546,-30.7810935974121,-0.00170347816310823,0.0209042355418205
4.3322286605835,-30.7843170166016,-0.0043397918343544,0.0205784058198333
4.5901927947998,-30.7877292633057,-0.00785832200199366,0.0203246250748634
4.84825134277344,-30.7910900115967,-0.0115609150379896,0.0201451904140413
5.10603857040405,-30.7943382263184,-0.0138469627127051,0.0198648304212838
5.36332702636719,-30.7973346710205,-0.0137375313788652,0.0195599631406367
5.62059020996094,-30.8003807067871,-0.0132906185463071,0.019312966382131
5.8786506652832,-30.8035583496094,-0.0160990972071886,0.0191315084230155
6.13685703277588,-30.8068370819092,-0.0192999914288521,0.0188496955670416
6.39450311660767,-30.8098583221436,-0.0198552198708057,0.0185635816305876
6.65193128585815,-30.8128433227539,-0.019241152331233,0.0183299123309553
6.90949964523315,-30.8159923553467,-0.0189997982233763,0.0181381381116807
7.16722726821899,-30.8192558288574,-0.0192135144025087,0.0178837485145777
7.42529773712158,-30.8226642608643,-0.0206729788333178,0.0176517714280635
7.68401765823364,-30.8264751434326,-0.0246588997542858,0.017273060977459
-6.42546939849854,-30.9126567840576,0.0212644208222628,0.0180007535964251
-6.17064476013184,-30.9151573181152,0.0224976949393749,0.018067910335958
-5.91563177108765,-30.9179210662842,0.023079190403223,0.0182329174131155
-5.66050481796265,-30.9206981658936,0.0233425553888083,0.0183495599776506
-5.40506839752197,-30.9236259460449,0.0223691463470459,0.0184448161162436
-5.14981365203857,-30.9263668060303,0.0224763993173838,0.0185876316390932
-4.89468240737915,-30.9290542602539,0.0233970452100039,0.0188731662929058
-4.63919830322266,-30.9319362640381,0.0228832475841045,0.019228383898735
-4.38334560394287,-30.9350185394287,0.0208735931664705,0.0195636935532093
-4.12732362747192,-30.9380912780762,0.0182973816990852,0.0198005784768611
-3.87172484397888,-30.9409618377686,0.0179411768913269,0.0200150108430535
-3.61595153808594,-30.9439449310303,0.0170043408870697,0.0202513637486845
-3.35995316505432,-30.9469509124756,0.0152410380542278,0.0204905304126441
-3.10399436950684,-30.9499282836914,0.0138975447043777,0.0206941850483418
-2.84876465797424,-30.9527206420898,0.0161895584315062,0.0208237261977047
-2.59356594085693,-30.9554901123047,0.0188415199518204,0.0209598606452346
-2.33802485466003,-30.9582424163818,0.0201076734811068,0.0210958383904654
-2.08202791213989,-30.9611892700195,0.0194923244416714,0.0212408662191592
-1.82573139667511,-30.9642848968506,0.0177306290715933,0.0213322179624811
-1.56972515583038,-30.9671421051025,0.0175240151584148,0.0214175275759771
-1.31406474113464,-30.9697017669678,0.0191123578697443,0.0215485184453428
-1.05833148956299,-30.9722423553467,0.0205814633518457,0.0216718367300928
-0.80179899930954,-30.9753379821777,0.0186475105583668,0.0217818550299853
-0.545163691043854,-30.9785594940186,0.0164903849363327,0.0217949852813035
-0.28869292140007,-30.9817295074463,0.0153189171105623,0.021715541370213
-0.0322576202452183,-30.984790802002,0.0145280724391341,0.0216941423714161
0.224065080285072,-30.9875965118408,0.0144509011879563,0.0217889538034797
0.480236142873764,-30.9904537200928,0.0152990501374006,0.0218630402814597
0.736308097839355,-30.9931640625,0.0168031025677919,0.0218561238143593
0.992592394351959,-30.9958744049072,0.0175598878413439,0.0216833907179534
1.24926257133484,-30.99875831604,0.0168069712817669,0.0215170248411596
1.5059586763382,-31.0018291473389,0.0161866396665573,0.0214163088239729
1.7626805305481,-31.0050029754639,0.0156904608011246,0.0213495972566307
2.01970386505127,-31.0081729888916,0.0140589019283652,0.0212670234031975
2.2774224281311,-31.0118217468262,0.00958443526178598,0.0212283306755126
2.5351288318634,-31.015380859375,0.00539697986096144,0.0211950270459056
2.79203319549561,-31.0184993743896,0.00499524315819144,0.0211309189908206
3.04874467849731,-31.0212745666504,0.00564143620431423,0.0210670037195086
3.30588388442993,-31.0241947174072,0.00461334642022848,0.0209894189611077
3.56327962875366,-31.0272636413574,0.0026881112717092,0.0209192698821425
3.82081174850464,-31.030517578125,0.000408632244216278,0.0207681925967336
4.07852029800415,-31.0338439941406,-0.00241419044323266,0.0204900684766471
4.33636331558228,-31.0371952056885,-0.00559321325272322,0.020157162565738
4.59420871734619,-31.0404396057129,-0.0085629103705287,0.0199071557726711
4.85190439224243,-31.0435390472412,-0.0106531977653503,0.0197081207297742
5.10945701599121,-31.0466804504395,-0.0118789337575436,0.0193872973322868
5.36662864685059,-31.0497436523438,-0.0112114977091551,0.0190642322413623
5.62396430969238,-31.0529556274414,-0.0110265510156751,0.0188619520049542
5.88196611404419,-31.0561180114746,-0.0135424230247736,0.0187544887885451
6.14030838012695,-31.0595264434814,-0.0172844473272562,0.0185628880281001
6.39837694168091,-31.0628261566162,-0.019611531868577,0.0183316140901297
6.65622091293335,-31.0660743713379,-0.0207345504313707,0.0181120248744264
6.91415739059448,-31.0694103240967,-0.0220244489610195,0.0179204370360821
7.17203950881958,-31.0727615356445,-0.0228497590869665,0.0176330491667613
7.43008041381836,-31.0760879516602,-0.0241408161818981,0.0174708671402186
7.68828582763672,-31.0796451568604,-0.0258884746581316,0.0171312850434333
-6.42261600494385,-31.1640205383301,0.024014487862587,0.0176416663452983
-6.16737747192383,-31.1667995452881,0.0233244262635708,0.0177292646840215
-5.91212844848633,-31.1697177886963,0.0228316951543093,0.0178658841177821
-5.65713739395142,-31.1723899841309,0.0237831920385361,0.0180144347250462
-5.40174674987793,-31.175313949585,0.0230728220194578,0.018091781064868
-5.14648103713989,-31.1780776977539,0.0231746155768633,0.0182297197170556
-4.89115762710571,-31.1809635162354,0.023245008662343,0.0185086312703788
-4.63577795028687,-31.1839771270752,0.0232920851558447,0.0189125649631023
-4.38023376464844,-31.1868591308594,0.0227687750011683,0.0192754291929305
-4.12414216995239,-31.1899032592773,0.0198990553617477,0.0194951337762177
-3.86814618110657,-31.1929340362549,0.0177218317985535,0.0196620994247496
-3.61210036277771,-31.1960639953613,0.0155599871650338,0.0198738952167332
-3.35620331764221,-31.1990833282471,0.0143231274560094,0.0201332387514412
-3.10052013397217,-31.2019081115723,0.0143035668879747,0.0203117011114955
-2.84538960456848,-31.2046241760254,0.0170946177095175,0.0203405725769699
-2.5899715423584,-31.2075576782227,0.0187810342758894,0.0204548456240445
-2.33410859107971,-31.2104969024658,0.0186079423874617,0.0206145930569619
-2.07815027236938,-31.2134189605713,0.0182172823697329,0.0208310777670704
-1.82200062274933,-31.2163982391357,0.017170513048768,0.0209607448923634
-1.56618094444275,-31.2191562652588,0.0178624726831913,0.0210287127702031
-1.31071662902832,-31.2217559814453,0.0204072184860706,0.0211116503342055
-1.05513322353363,-31.2243022918701,0.0226101577281952,0.0212570513831452
-0.798615992069244,-31.2273902893066,0.0207842160016298,0.0213567909086123
-0.541735947132111,-31.2306728363037,0.017544437199831,0.0212780435103923
-0.284981399774551,-31.2339305877686,0.0151185458526015,0.0211765976855531
-0.028409019112587,-31.2370872497559,0.0137527203187346,0.0211759905796498
0.227947145700455,-31.2399940490723,0.013578437268734,0.0212800127919763
0.484027504920959,-31.2427768707275,0.014875840395689,0.0212619677186012
0.740210771560669,-31.2455463409424,0.0159225631505251,0.0212124192621559
0.996705710887909,-31.2484817504883,0.0157911721616983,0.0211048722267151
1.25368893146515,-31.2517051696777,0.0137031534686685,0.0210725348442793
1.51045680046082,-31.254846572876,0.0128150172531605,0.021022968692705
1.76698935031891,-31.257942199707,0.013213699683547,0.0209723340813071
2.02374076843262,-31.2610187530518,0.0128450011834502,0.0209534070454538
2.28105306625366,-31.2643051147461,0.0102014243602753,0.0208608484826982
2.53859949111938,-31.2676963806152,0.00675366725772619,0.020749977324158
2.795814037323,-31.2709617614746,0.00501593202352524,0.0205765813589096
3.05278873443604,-31.273962020874,0.00455237831920385,0.0205475038383156
3.30988192558289,-31.276927947998,0.0037791496142745,0.020551301073283
3.56711530685425,-31.2799625396729,0.00261682807467878,0.0204407579731196
3.82460570335388,-31.2832565307617,0.000569638446904719,0.0203139130026102
4.08224821090698,-31.2866020202637,-0.00191568292211741,0.0200930691789836
4.34015464782715,-31.2899971008301,-0.00533163454383612,0.0198481776751578
4.59787750244141,-31.2931537628174,-0.0077287801541388,0.0195737485773861
4.85522317886353,-31.2961044311523,-0.00825184676796198,0.0193114560097456
5.11255741119385,-31.2991161346436,-0.00849357899278402,0.0189814921468496
5.36984777450562,-31.302267074585,-0.00830144062638283,0.0187121473718435
5.62737703323364,-31.305606842041,-0.00891462434083223,0.018585154786706
5.88561153411865,-31.3089561462402,-0.0123917507007718,0.018519533216022
6.1443133354187,-31.312536239624,-0.0176448579877615,0.0183045082958415
6.40264272689819,-31.3159561157227,-0.0210525114089251,0.0180237777531147
6.66049098968506,-31.3192348480225,-0.0221454109996557,0.0177781577222049
6.91828346252441,-31.3224430084229,-0.0227796733379364,0.0175667699659243
7.17606353759766,-31.3257160186768,-0.0231275763362646,0.0173393787117675
7.43403244018555,-31.3290843963623,-0.0240594334900379,0.0171896831598133
7.69200801849365,-31.3324813842773,-0.0247924383729696,0.016963376023341
-6.67627811431885,-31.4120311737061,0.0337649136781693,0.0170288449153304
-6.41993618011475,-31.4154796600342,0.0276075508445501,0.0172440139576793
-6.16418504714966,-31.4185466766357,0.0245151203125715,0.0173579277470708
-5.90893030166626,-31.4214420318604,0.0240361727774143,0.0175010375678539
-5.65377902984619,-31.4242515563965,0.0242788922041655,0.0176450274884701
-5.39863348007202,-31.4270668029785,0.0247749071568251,0.0178147926926613
-5.14329671859741,-31.4298439025879,0.0245816316455603,0.0180016034282744
-4.8875789642334,-31.4328842163086,0.0228294674307108,0.0182521701790392
-4.63213872909546,-31.4359512329102,0.0226407572627068,0.0186073980294168
-4.37695503234863,-31.438648223877,0.0238556358963251,0.0189707879908383
-4.12084150314331,-31.4417572021484,0.0209330841898918,0.0192077732644975
-3.86442732810974,-31.4449863433838,0.0168409515172243,0.0192892872728407
-3.60825896263123,-31.4482936859131,0.0141679933294654,0.0194558710791171
-3.35254216194153,-31.4512634277344,0.0138235008344054,0.0196590821724385
-3.09714531898499,-31.4539813995361,0.0151841035112739,0.0198189171496779
-2.8420786857605,-31.456600189209,0.0183053780347109,0.0198763085063547
-2.58666086196899,-31.4594669342041,0.0200255177915096,0.0200274153612554
-2.33067607879639,-31.4624633789062,0.0193316861987114,0.0202186765382066
-2.07468581199646,-31.4653587341309,0.0188288316130638,0.0204422419192269
-1.81870460510254,-31.4681873321533,0.0185910351574421,0.0205663168453611
-1.56286203861237,-31.4710216522217,0.0192259717732668,0.0206284491578117
-1.30723404884338,-31.4738178253174,0.0210758615285158,0.0207064508722397
-1.05156409740448,-31.4765319824219,0.0229407027363777,0.0208472925587557
-0.795121073722839,-31.4796581268311,0.0215043444186449,0.0208943276957143
-0.538235425949097,-31.4828758239746,0.0182714592665434,0.0207731378613971
-0.281573861837387,-31.4859371185303,0.0162902474403381,0.0206561987288296
-0.0250997301191092,-31.488956451416,0.0153986141085625,0.020677576889284
0.231439039111137,-31.4920978546143,0.0144555121660233,0.0208132528932765
0.488000631332397,-31.4951362609863,0.0136252781376243,0.0208058209391311
0.744633495807648,-31.4981327056885,0.0126935597509146,0.0207504371646792
1.00134301185608,-31.501256942749,0.0116578238084912,0.0207023629918694
1.2581433057785,-31.5044994354248,0.0104534775018692,0.020749487914145
1.51457571983337,-31.5075912475586,0.0111287301406264,0.0206930581480265
1.77132022380829,-31.5107746124268,0.0106254639104009,0.0205818507820368
2.02806830406189,-31.513765335083,0.010309130884707,0.020572931272909
2.28506755828857,-31.5168342590332,0.00909553840756416,0.020504190819338
2.54213666915894,-31.5198516845703,0.00779128726571798,0.0202868136111647
2.79917120933533,-31.5229816436768,0.00688573066145182,0.020046366378665
3.05613708496094,-31.5260887145996,0.00651156064122915,0.0199851957149804
3.31319999694824,-31.5292644500732,0.0059381416067481,0.0200703756418079
3.57049489021301,-31.5325241088867,0.0045657460577786,0.0200186555739492
3.8280873298645,-31.5358772277832,0.00210923166014254,0.0199129804968834
4.08574295043945,-31.5391674041748,-0.000403141370043159,0.0196965651120991
4.34358930587769,-31.5425052642822,-0.00352002191357315,0.0194862857460976
4.60120868682861,-31.545654296875,-0.0054216249845922,0.0192437655059621
4.85841751098633,-31.5487422943115,-0.00528717692941427,0.0189932002685964
5.11591339111328,-31.5519142150879,-0.0061858375556767,0.0187391601502895
5.37374353408813,-31.5553531646729,-0.00829615909606218,0.0184735883958638
5.63172817230225,-31.5587673187256,-0.0108563471585512,0.0183065851451829
5.89008760452271,-31.5621585845947,-0.0148270335048437,0.0182228522608057
6.14871311187744,-31.5657196044922,-0.0197033043950796,0.0179949352750555
6.40702247619629,-31.5691585540771,-0.0229740869253874,0.0176889112917706
6.66462516784668,-31.5723762512207,-0.0229598823934793,0.0173884760006331
6.92204809188843,-31.5754776000977,-0.0219576694071293,0.0171460469719023
7.17965793609619,-31.578649520874,-0.0215381272137165,0.0169960320927203
7.43770122528076,-31.5820598602295,-0.0227480977773666,0.0168565106578171
7.69575548171997,-31.5854148864746,-0.0237844660878181,0.0166828199580777
7.95532608032227,-31.5896415710449,-0.0310254693031311,0.0158709158131387
-6.673020362854,-31.6640071868896,0.0345663167536259,0.0167942969128489
-6.4170184135437,-31.6671600341797,0.0300643108785152,0.016919419169426
-6.16097450256348,-31.6703243255615,0.0256108026951551,0.0170412724837661
-5.90553188323975,-31.6732559204102,0.024276789277792,0.017180984839797
-5.65039253234863,-31.6761455535889,0.024631654843688,0.0173193169757724
-5.39555788040161,-31.678825378418,0.0266521666198969,0.0175217054784298
-5.14016199111938,-31.6816730499268,0.0262246187776327,0.0177253130823374
-4.88410902023315,-31.6847515106201,0.0229173433035612,0.0179355191066861
-4.62853670120239,-31.6877040863037,0.0221298113465309,0.0182529734447598
-4.37332248687744,-31.6904392242432,0.0232515707612038,0.0185791146941483
-4.11711406707764,-31.6937427520752,0.0199494436383247,0.018833196721971
-3.86041259765625,-31.6972198486328,0.0145741626620293,0.0189120294526219
-3.60431146621704,-31.7005500793457,0.0122709181159735,0.019002272747457
-3.34906816482544,-31.7032566070557,0.0141769861802459,0.0191383371129632
-3.09386467933655,-31.705940246582,0.0164872035384178,0.0193046447820961
-2.83848643302917,-31.7086944580078,0.0182034112513065,0.0194268175400794
-2.58290600776672,-31.7115669250488,0.019206415861845,0.0196411074139178
-2.3270218372345,-31.7144927978516,0.0190201904624701,0.0198162060696632
-2.07118892669678,-31.7172775268555,0.0192826725542545,0.0199836436659098
-1.81544709205627,-31.7199764251709,0.0201866403222084,0.0201230358798057
-1.55957114696503,-31.7228984832764,0.0207168646156788,0.0202381359413266
-1.30369901657104,-31.7258415222168,0.0214928276836872,0.0203189956373535
-1.04772019386292,-31.7287902832031,0.0219995696097612,0.020392369304318
-0.791297018527985,-31.7320327758789,0.0207141675055027,0.0204038076335564
-0.53454726934433,-31.7352466583252,0.018152080476284,0.0203151703608455
-0.278214871883392,-31.7380218505859,0.0176928769797087,0.020213256997522
-0.0219293460249901,-31.7408695220947,0.0176854114979506,0.0202444322058
0.234708547592163,-31.744068145752,0.0163332279771566,0.0203460171469487
0.491939127445221,-31.7475967407227,0.0125437909737229,0.0204068017774262
0.749075531959534,-31.7508583068848,0.00939259957522154,0.0203866957454011
1.0058274269104,-31.7539558410645,0.00821029767394066,0.0203558164648712
1.26226580142975,-31.7570114135742,0.008676927536726,0.0203434093855321
1.51853239536285,-31.7599849700928,0.0101352361962199,0.0202161577763036
1.77517795562744,-31.7630786895752,0.010112913325429,0.0200974894687533
2.03193306922913,-31.7661094665527,0.00981247052550316,0.0201194967376068
2.28854823112488,-31.7690391540527,0.0103561617434025,0.0201121675781906
2.54528069496155,-31.7719821929932,0.0105957016348839,0.0199443737510592
2.8022027015686,-31.775053024292,0.0102238161489367,0.0197537895292044
3.05914974212646,-31.7781677246094,0.00997133366763592,0.019658716628328
3.31619954109192,-31.7814102172852,0.00949887279421091,0.0196714261546731
3.57372164726257,-31.7849082946777,0.00717747071757913,0.0195522810099646
3.83142256736755,-31.7882347106934,0.00427225977182388,0.0193341096164659
4.08910036087036,-31.7915000915527,0.00169636763166636,0.0191550994059071
4.3467493057251,-31.7947940826416,-0.000513168459292501,0.019027482252568
4.60428333282471,-31.79807472229,-0.00198477902449667,0.018890508916229
4.86172437667847,-31.8013496398926,-0.00281831785105169,0.0187094634748064
5.11972618103027,-31.8048553466797,-0.00586747238412499,0.0184567256947048
5.37813234329224,-31.8085899353027,-0.0104320989921689,0.0181759630213492
5.63636636734009,-31.8120822906494,-0.0140310628339648,0.0179512725444511
5.89465618133545,-31.8155250549316,-0.0176439192146063,0.0178017791477032
6.15292406082153,-31.8189029693604,-0.0209306143224239,0.0176009969436564
6.41102027893066,-31.8222694396973,-0.0232352949678898,0.0173208407650236
6.66862154006958,-31.8255634307861,-0.0231630802154541,0.0170234992110636
6.92609119415283,-31.8287754058838,-0.0223048496991396,0.0168397685192758
7.18372631072998,-31.831901550293,-0.0219579748809338,0.0167457594434381
7.44167852401733,-31.8352527618408,-0.0227371286600828,0.0166088950272751
7.69968605041504,-31.8384914398193,-0.0235418546944857,0.0164139128901297
7.95868539810181,-31.8423252105713,-0.028327900916338,0.0157408113300335
-6.66927146911621,-31.9162158966064,0.0330032929778099,0.0165830161422491
-6.41354751586914,-31.9191265106201,0.0298687629401684,0.0166711648926139
-6.15781116485596,-31.9220523834229,0.0269200876355171,0.016776499338448
-5.90202379226685,-31.9250984191895,0.0239809453487396,0.0168991684913635
-5.64695072174072,-31.9278621673584,0.0246881954371929,0.0170248933136463
-5.3922438621521,-31.9305248260498,0.0273661706596613,0.0171714220196009
-5.13701248168945,-31.933443069458,0.0277802404016256,0.0173567952588201
-4.88099527359009,-31.9365844726562,0.0246942173689604,0.0176212163642049
-4.62540769577026,-31.9394111633301,0.0238611847162247,0.0179741661995649
-4.36995840072632,-31.9421653747559,0.0239093750715256,0.0182560072280467
-4.11352157592773,-31.9454956054688,0.0195684991776943,0.018490465823561
-3.85666036605835,-31.9491729736328,0.0135087510570884,0.0185824697837234
-3.6007559299469,-31.9525165557861,0.0121848220005631,0.018624939955771
-3.34567284584045,-31.955286026001,0.0148994037881494,0.0187150849960744
-3.09041929244995,-31.9579658508301,0.017016539350152,0.0188859170302749
-2.83457398414612,-31.960994720459,0.0166167132556438,0.0190462241880596
-2.57889127731323,-31.9639453887939,0.0171979814767838,0.019246602896601
-2.32312989234924,-31.9667625427246,0.0176204089075327,0.0193660678341985
-2.06752061843872,-31.9694061279297,0.0189583264291286,0.0194943654350936
-1.81197249889374,-31.9720783233643,0.0208048652857542,0.0196458180435002
-1.55616915225983,-31.9749984741211,0.0217156950384378,0.0197916405741125
-1.30026686191559,-31.9779644012451,0.0223960839211941,0.0198806073749438
-1.04409515857697,-31.9810276031494,0.0220658294856548,0.0198777363402769
-0.787540018558502,-31.9843120574951,0.0202192943543196,0.019884237437509
-0.530842900276184,-31.9876136779785,0.0179550480097532,0.0198772921576165
-0.274681746959686,-31.9903869628906,0.0183268282562494,0.0198693071724847
-0.0184256471693516,-31.9932136535645,0.0184935964643955,0.0199123371421592
0.238467559218407,-31.9964790344238,0.0160213876515627,0.0199851935340121
0.495960474014282,-32.0001487731934,0.011093613691628,0.0200118846842088
0.753176867961884,-32.0034446716309,0.00762753840535879,0.0199556738516549
1.00977683067322,-32.006462097168,0.00717312935739756,0.0199208759440808
1.26600766181946,-32.0094184875488,0.00861566606909037,0.0198576458788011
1.52222943305969,-32.0124282836914,0.0103250415995717,0.0197377099248115
1.77866315841675,-32.0153732299805,0.0112848812714219,0.0196742742555216
2.0352144241333,-32.0182762145996,0.011929240077734,0.0196730091702193
2.29181933403015,-32.0212516784668,0.0125627489760518,0.0196650761645287
2.54868483543396,-32.0243988037109,0.0122679648920894,0.0195672200061381
2.80584859848022,-32.0276412963867,0.0108710369095206,0.0194658689433709
3.06295084953308,-32.0308074951172,0.00997048430144787,0.0193914539413527
3.31991720199585,-32.0339393615723,0.00990016013383865,0.0193536521401256
3.57731080055237,-32.0373725891113,0.00818550493568182,0.0191201319685206
3.83501434326172,-32.0407981872559,0.00532059418037534,0.0188146908476483
4.09278774261475,-32.0441818237305,0.00237577315419912,0.0186143836181145
4.35024499893188,-32.0474624633789,0.00105452153366059,0.0185261702572461
4.607741355896,-32.050724029541,-0.000213631588849239,0.0184636577032506
4.8655252456665,-32.0541725158691,-0.00249978830106556,0.0182808360259514
5.12391567230225,-32.0579299926758,-0.00719024706631899,0.0180512679362437
5.38254356384277,-32.0618171691895,-0.0126661993563175,0.0177899309201166
5.64078807830811,-32.0653228759766,-0.016259890049696,0.0176460179573041
5.8986611366272,-32.0685729980469,-0.0180234834551811,0.0175216706993524
6.15633201599121,-32.0716896057129,-0.018688203766942,0.0173407358161057
6.41408491134644,-32.0749702453613,-0.0194682292640209,0.0170681090094149
6.67203521728516,-32.0783615112305,-0.0208664145320654,0.0167832529114094
6.9301381111145,-32.0819320678711,-0.022679815068841,0.0166288122127298
7.18798446655273,-32.0851516723633,-0.0231945589184761,0.0165248847333714
7.44602298736572,-32.0885276794434,-0.0242960676550865,0.0163261608686298
7.70350408554077,-32.0915374755859,-0.022809499874711,0.0161560516571626
7.96184015274048,-32.0949440002441,-0.0247455108910799,0.0155759422341362
-6.91851234436035,-32.1668968200684,0.0216298084706068,0.0160625362768769
-6.66480827331543,-32.1688232421875,0.0280126631259918,0.0163068082183599
-6.4095344543457,-32.1713943481445,0.0270743500441313,0.0164001481607556
-6.15416383743286,-32.1741065979004,0.0259194821119308,0.0164995612576604
-5.8984580039978,-32.1769676208496,0.023400355130434,0.0166331473737955
-5.64341878890991,-32.1796112060547,0.0243035480380058,0.0167343076318502
-5.38878965377808,-32.1822891235352,0.0274048317223787,0.0168025707826018
-5.13379573822021,-32.1852416992188,0.0290079470723867,0.0169390561059117
-4.87810516357422,-32.1883811950684,0.0275282971560955,0.0172283304855227
-4.62248468399048,-32.1912574768066,0.026584642007947,0.0176088903099298
-4.36687707901001,-32.1939888000488,0.02591647580266,0.0179228885099292
-4.11051988601685,-32.197151184082,0.0219748374074697,0.018165108282119
-3.85386157035828,-32.2008590698242,0.0169199556112289,0.0183029416948557
-3.59798884391785,-32.2041969299316,0.015784028917551,0.0182899129576981
-3.34242677688599,-32.2072486877441,0.016311414539814,0.0182993649505079
-3.08705925941467,-32.2100257873535,0.0179464034736156,0.0184296993538737
-2.83097815513611,-32.213207244873,0.0165001172572374,0.0185681660659611
-2.57491397857666,-32.2163391113281,0.015362118370831,0.0187364742159843
-2.31911897659302,-32.2192344665527,0.0156855192035437,0.0188791612163186
-2.06375074386597,-32.221736907959,0.0181790553033352,0.0190196183975786
-1.80835342407227,-32.2244186401367,0.020775469020009,0.0191258310806006
-1.55257272720337,-32.2273597717285,0.0218385066837072,0.0192967588081956
-1.29670512676239,-32.2303237915039,0.0227235238999128,0.0193842183798552
-1.04029583930969,-32.2335014343262,0.0213508009910583,0.0193650214932859
-0.783504486083984,-32.2368125915527,0.0184619668871164,0.0193840090651065
-0.526885628700256,-32.2400703430176,0.0166003182530403,0.0194388525560498
-0.270956575870514,-32.2428550720215,0.01808768697083,0.0194697007536888
-0.0146695002913475,-32.2457962036133,0.018170477822423,0.019413607311435
0.242248877882957,-32.2491493225098,0.0156381502747536,0.0193975125439465
0.499376147985458,-32.2525939941406,0.0123981889337301,0.019396769173909
0.756300389766693,-32.2557144165039,0.0102838380262256,0.0194317197310738
1.01301896572113,-32.2587776184082,0.00933268014341593,0.0193967239465564
1.2693704366684,-32.2618026733398,0.0102740218862891,0.0193591104180086
1.52555334568024,-32.2648429870605,0.0122030135244131,0.0193227402633056
1.78172540664673,-32.2676467895508,0.0143684800714254,0.0193321836413816
2.03831028938293,-32.2705497741699,0.0148983635008335,0.0192596210399643
2.29524326324463,-32.2737159729004,0.0141140520572662,0.019156493479386
2.55243730545044,-32.2771110534668,0.0124113094061613,0.0190779936892795
2.80999183654785,-32.2806625366211,0.00934137031435966,0.0190898387518246
3.06728148460388,-32.2838821411133,0.00765418726950884,0.0190302500413964
3.32414078712463,-32.2869300842285,0.00809980556368828,0.0189403241383843
3.58141255378723,-32.2902641296387,0.0069632176309824,0.0186803512624465
3.83893775939941,-32.2937469482422,0.0049446769990027,0.0183734600723255
4.09659814834595,-32.2972297668457,0.00255827629007399,0.0181637656060047
4.35378837585449,-32.3003807067871,0.00244575296528637,0.018116088322131
4.61124277114868,-32.3035736083984,0.00139630574267358,0.0180422698904295
4.86924600601196,-32.3071327209473,-0.00180626113433391,0.0178289894247428
5.12790060043335,-32.3110122680664,-0.00760331191122532,0.0176065379055217
5.3867301940918,-32.3149604797363,-0.0139139536768198,0.0174559950828552
5.64516401290894,-32.3185768127441,-0.0182820800691843,0.0174485905154143
5.90269041061401,-32.3217124938965,-0.0184933692216873,0.0173131414921954
6.15976476669312,-32.3246459960938,-0.01652891933918,0.0171103338361718
6.41719532012939,-32.327709197998,-0.0158886946737766,0.0168410092010163
6.67553853988647,-32.3311424255371,-0.0189594142138958,0.0166097737383097
6.93420362472534,-32.3350028991699,-0.0231389850378036,0.0164792934665456
7.19204616546631,-32.3383712768555,-0.0235735177993774,0.0163272413192317
7.44949340820312,-32.341495513916,-0.0221037324517965,0.0160846213111654
7.70692157745361,-32.3444938659668,-0.0203506126999855,0.0158645020565018
7.96478176116943,-32.3476066589355,-0.0202300045639277,0.015373763628304
-6.91509675979614,-32.4183807373047,0.021520746871829,0.0156933274120092
-6.66071033477783,-32.4209289550781,0.0247181951999664,0.0159389283508062
-6.40574598312378,-32.4234046936035,0.0253210347145796,0.0160547224804759
-6.15043258666992,-32.4261512756348,0.0245005879551172,0.0161884557455778
-5.89505195617676,-32.428840637207,0.0235806461423635,0.0162835456430912
-5.63990783691406,-32.4317092895508,0.0240540951490402,0.0164271835237741
-5.38507127761841,-32.434513092041,0.0262242816388607,0.0165606597438455
-5.1300482749939,-32.4374656677246,0.02773841843009,0.0167063223198056
-4.87466287612915,-32.4405517578125,0.0277588572353125,0.0169223118573427
-4.61918973922729,-32.4434432983398,0.0275673102587461,0.0172332553192973
-4.36375045776367,-32.4460220336914,0.027727035805583,0.0175273213535547
-4.10784387588501,-32.4488754272461,0.0259275138378143,0.0178066175431013
-3.85154914855957,-32.4523735046387,0.0226071905344725,0.0179764539934695
-3.59549236297607,-32.455753326416,0.0206397362053394,0.0179532770998776
-3.33948278427124,-32.459056854248,0.0191222075372934,0.0178903257474303
-3.08382177352905,-32.4620323181152,0.0194405596703291,0.0178994201123714
-2.82768726348877,-32.4652481079102,0.0177896674722433,0.0180085399188101
-2.57139253616333,-32.4685134887695,0.0156294852495193,0.0182697335258126
-2.31560254096985,-32.4715042114258,0.0160328671336174,0.0185396857559681
-2.06044340133667,-32.4739685058594,0.0195419043302536,0.0186781999655068
-1.80508017539978,-32.4766998291016,0.0223457720130682,0.018703615758568
-1.54903995990753,-32.4797477722168,0.0222569238394499,0.0187717499211431
-1.2927725315094,-32.4829711914062,0.0213628523051739,0.0188716840930283
-1.03603863716125,-32.4863014221191,0.0185531731694937,0.0189004251733422
-0.77914571762085,-32.4895820617676,0.0152413994073868,0.0189370505977422
-0.522831320762634,-32.4926795959473,0.0148145658895373,0.0189715188462287
-0.267195343971252,-32.4954223632812,0.0176927857100964,0.0189392697066069
-0.010946755297482,-32.4984893798828,0.0180130377411842,0.0188204841688275
0.245777323842049,-32.5017852783203,0.0164077486842871,0.0187652262393385
0.502585113048553,-32.5050163269043,0.0146442241966724,0.0188040892826393
0.759488523006439,-32.5081253051758,0.0126619720831513,0.0188977209618315
1.01646685600281,-32.5113182067871,0.0105827366933227,0.0188479432836175
1.2728978395462,-32.5143013000488,0.0111985513940454,0.0188533773180097
1.52893757820129,-32.5172805786133,0.0138108180835843,0.018909229314886
1.78495645523071,-32.520092010498,0.0167104918509722,0.0189257046440616
2.0415415763855,-32.5230979919434,0.0172899048775434,0.018765265471302
2.29870510101318,-32.5263900756836,0.0155207300558686,0.0185802915366367
2.55606842041016,-32.5299224853516,0.0131152700632811,0.018501958460547
2.81393337249756,-32.5336227416992,0.00871155597269535,0.0185398468747735
3.07142162322998,-32.536922454834,0.00618918379768729,0.0184704990824685
3.32853293418884,-32.5401496887207,0.00557721219956875,0.0183555380208418
3.58584094047546,-32.5435256958008,0.00433186301961541,0.0181758849648759
3.84319615364075,-32.5470314025879,0.00312187755480409,0.0180096123367548
4.10051250457764,-32.5504112243652,0.00229698559269309,0.0178376344265416
4.35750198364258,-32.553409576416,0.00310116726905107,0.0177569091320038
4.6150074005127,-32.5566520690918,0.00187393964733928,0.0176248626084998
4.87322854995728,-32.5603370666504,-0.0022328021004796,0.0174599105957896
5.13192081451416,-32.5642051696777,-0.00815259013324976,0.0173354780999944
5.39081048965454,-32.5681343078613,-0.0146879088133574,0.0172418165020645
5.64964437484741,-32.5719757080078,-0.0207379329949617,0.0171492929803208
5.90708923339844,-32.5751571655273,-0.0205368511378765,0.0169862392358482
6.16356563568115,-32.5779571533203,-0.0159275569021702,0.0167979219695553
6.42060041427612,-32.5807075500488,-0.0135566825047135,0.0166004658676684
6.67923593521118,-32.5841827392578,-0.0178561080247164,0.0163880164036527
6.93823671340942,-32.5881767272949,-0.0234373044222593,0.0162408972391859
7.19589757919312,-32.5916213989258,-0.0230288226157427,0.016026196652092
7.45298624038696,-32.5946044921875,-0.0199803560972214,0.0157837194856256
7.71014404296875,-32.5974769592285,-0.0170352179557085,0.0155457116197795
7.9675817489624,-32.6003608703613,-0.0150838494300842,0.0151733142556623
8.22435283660889,-32.6029930114746,-0.0100798336789012,0.0150356831727549
-6.91203880310059,-32.669734954834,0.0231206603348255,0.0154289565980434
-6.65732955932617,-32.6724624633789,0.0248197577893734,0.0156068075448275
-6.40234851837158,-32.6751365661621,0.0254166461527348,0.0157427666708827
-6.14740180969238,-32.677734375,0.0263962112367153,0.0158851686865091
-5.89215230941772,-32.6805877685547,0.0261744111776352,0.0159810045734048
-5.63669157028198,-32.6837997436523,0.0252118892967701,0.016173760406673
-5.3814115524292,-32.6868591308594,0.0253296904265881,0.0163624556735158
-5.12609148025513,-32.6898612976074,0.0254762191325426,0.0165093475952744
-4.87072324752808,-32.6929054260254,0.0256285220384598,0.0166518716141582
-4.61529493331909,-32.6958045959473,0.0257023181766272,0.016854957677424
-4.36006212234497,-32.6983261108398,0.0268861595541239,0.0170685350894928
-4.10472917556763,-32.7009353637695,0.0278313178569078,0.0173461614176631
-3.848881483078,-32.7041320800781,0.0266340617090464,0.0175299011170864
-3.59281730651855,-32.7074851989746,0.0246663745492697,0.0175149878486991
-3.33673691749573,-32.7108039855957,0.0228543411940336,0.0174528467468917
-3.08103847503662,-32.7137641906738,0.0230316985398531,0.0175158465281129
-2.82487487792969,-32.7170104980469,0.0212865434587002,0.0176568524912
-2.56828713417053,-32.7204742431641,0.0178155675530434,0.0179355624131858
-2.3122820854187,-32.7236328125,0.0172738432884216,0.0182165787555277
-2.05713534355164,-32.7261962890625,0.0208963099867105,0.0183231253176928
-1.80191957950592,-32.7288703918457,0.0244222600013018,0.0183039107359946
-1.54575169086456,-32.7320594787598,0.023797869682312,0.0183117007836699
-1.28901159763336,-32.7355308532715,0.0207840744405985,0.0184238189831376
-1.03203499317169,-32.7389678955078,0.0169095899909735,0.0185050000436604
-0.775544047355652,-32.7420997619629,0.0154847037047148,0.0185278507415205
-0.519546389579773,-32.745002746582,0.0165376905351877,0.0185116194188595
-0.26382127404213,-32.7478523254395,0.0190599914640188,0.0184122186619788
-0.00759204430505633,-32.7509994506836,0.0195204541087151,0.0182922477833927
0.248985707759857,-32.7542686462402,0.0186235923320055,0.0182869881391525
0.505963742733002,-32.7575912475586,0.0161320399492979,0.0183800591621548
0.763185739517212,-32.7608451843262,0.012754918076098,0.0184732349589467
1.02011442184448,-32.7639846801758,0.010938772931695,0.018374290317297
1.2763546705246,-32.7668647766113,0.0124518759548664,0.0183568684151396
1.53219306468964,-32.7697105407715,0.0160020142793655,0.0184217125643045
1.78825151920319,-32.7726097106934,0.0187731850892305,0.0184449122752994
2.04486322402954,-32.7757377624512,0.0192865096032619,0.0183365262346342
2.30211496353149,-32.779109954834,0.0171694625169039,0.0181342297000811
2.55946159362793,-32.7826156616211,0.0148757863789797,0.0180437192320824
2.81717467308044,-32.7861328125,0.0111714825034142,0.0179465523688123
3.07476997375488,-32.7895088195801,0.00821734126657248,0.0178037044825032
3.33235669136047,-32.7930603027344,0.00555861089378595,0.0177087358897552
3.59002184867859,-32.7966957092285,0.00279614236205816,0.017693140427582
3.84750843048096,-32.800235748291,0.00105277425609529,0.0176747351652011
4.10462999343872,-32.8034057617188,0.0011157188564539,0.017532339785248
4.36164236068726,-32.8064842224121,0.00187499495223165,0.017377560143359
4.6192102432251,-32.8099250793457,0.000440350413555279,0.0171909818891436
4.87750244140625,-32.8137016296387,-0.00392092112451792,0.0171246132813394
5.13598394393921,-32.8174247741699,-0.00888452399522066,0.0170798781327903
5.39447450637817,-32.8211669921875,-0.0136415800079703,0.0169528940459713
5.65324735641479,-32.825023651123,-0.019379636272788,0.01672328915447
5.9106125831604,-32.8282203674316,-0.0187871679663658,0.0165181313641369
6.16723155975342,-32.8310279846191,-0.0147593785077333,0.0164142553694546
6.42424011230469,-32.8338356018066,-0.0122257759794593,0.0163238632958382
6.68308591842651,-32.8374443054199,-0.0173829030245543,0.0161455620545894
6.94206762313843,-32.8414611816406,-0.0228353682905436,0.0159597103483975
7.19967222213745,-32.8449249267578,-0.0221387036144733,0.0157484493684024
7.45678758621216,-32.8479461669922,-0.0191584788262844,0.0155262355692685
7.71403551101685,-32.8509140014648,-0.016545943915844,0.0152457596268505
7.97143173217773,-32.8537559509277,-0.0143782403320074,0.0149422474205494
8.22915077209473,-32.8568344116211,-0.013354049064219,0.0147326611913741
-6.90886068344116,-32.9213218688965,0.024152684956789,0.0152054335922003
-6.65414810180664,-32.9240074157715,0.0258782431483269,0.0153440767899156
-6.39915084838867,-32.9267196655273,0.0264482889324427,0.0154905077069998
-6.14434766769409,-32.9292984008789,0.0281677059829235,0.015615513548255
-5.88911867141724,-32.9322891235352,0.0281049590557814,0.0157228950411081
-5.63348913192749,-32.9356498718262,0.0263921469449997,0.0159051837399602
-5.3779468536377,-32.9388961791992,0.0253224968910217,0.0161022013053298
-5.12229347229004,-32.9420890808105,0.0239453800022602,0.0162767888978124
-4.86675930023193,-32.945182800293,0.0233598221093416,0.0163898402824998
-4.61129474639893,-32.9480781555176,0.023314731195569,0.016509560868144
-4.35598516464233,-32.950756072998,0.0242061913013458,0.0166571838781238
-4.10057020187378,-32.9535598754883,0.0248391889035702,0.016854421235621
-3.84481072425842,-32.9567031860352,0.0241062995046377,0.017007315531373
-3.58899712562561,-32.9598846435547,0.023353535681963,0.0170667041093111
-3.33324074745178,-32.9629402160645,0.0230867173522711,0.0171028040349483
-3.07758235931396,-32.9658889770508,0.0234974976629019,0.0172528615221381
-2.82154297828674,-32.969123840332,0.0223795156925917,0.0174238346517086
-2.56526875495911,-32.9725494384766,0.0204176381230354,0.0176257533021271
-2.30931234359741,-32.9756889343262,0.0201422963291407,0.0178300491534173
-2.05406928062439,-32.9782981872559,0.023359565064311,0.0179348881356418
-1.79869854450226,-32.9810371398926,0.0262124370783567,0.0179623952135444
-1.54258453845978,-32.984203338623,0.0258773881942034,0.0179730402305722
-1.28585016727448,-32.9876518249512,0.0229276660829782,0.0180640853941441
-1.02908253669739,-32.9910545349121,0.0200571026653051,0.0181548679247499
-0.772935152053833,-32.9940872192383,0.0202456004917622,0.0181446806527674
-0.516730427742004,-32.9971504211426,0.0203987900167704,0.0180730116553605
-0.260603606700897,-33.0002632141113,0.0211424417793751,0.017968269996345
-0.00428776303306222,-33.0034255981445,0.0212473887950182,0.0178871997632086
0.252253413200378,-33.006721496582,0.020562132820487,0.0179561255499721
0.509515404701233,-33.0102272033691,0.0168352145701647,0.018023731186986
0.76688939332962,-33.0135498046875,0.0128160817548633,0.0180550727527589
1.02349603176117,-33.0165519714355,0.0124931950122118,0.0179189147893339
1.27952325344086,-33.0193862915039,0.0150097142904997,0.0178677446674556
1.53548443317413,-33.0223007202148,0.0180502459406853,0.0179230521898717
1.79192852973938,-33.0253715515137,0.0191372167319059,0.0180048318579793
2.04864406585693,-33.0285758972168,0.0192362181842327,0.0180037913378328
2.30577850341797,-33.0319862365723,0.0176962111145258,0.0178759272675961
2.56300830841064,-33.0354347229004,0.0159624963998795,0.0177734496537596
2.82044625282288,-33.0387573242188,0.0135108139365911,0.0175633092876524
3.0779230594635,-33.0421409606934,0.0111271366477013,0.0173423825763166
3.33561778068542,-33.0458221435547,0.00804096553474665,0.0172209264710546
3.59364938735962,-33.0495948791504,0.00369961536489427,0.0172745336312801
3.85151219367981,-33.0531883239746,0.000329289119690657,0.0173116284422576
4.10886907577515,-33.0564842224121,-0.000593223434407264,0.0171568195801228
4.36586141586304,-33.0596733093262,0.000317497062496841,0.0169916949234903
4.62323760986328,-33.0630950927734,-0.000224119343329221,0.0168089736253023
4.88151597976685,-33.0668907165527,-0.00447795120999217,0.0167881376110017
5.13979148864746,-33.0705299377441,-0.00849693641066551,0.01677181199193
5.39785289764404,-33.0741157531738,-0.011342073790729,0.0166630800813437
5.65599155426025,-33.0776824951172,-0.014293129555881,0.0164293230045587
5.91325426101685,-33.0808753967285,-0.0132179716601968,0.0162262744270265
6.17039346694946,-33.083911895752,-0.0114040141925216,0.0161268061492592
6.42789554595947,-33.0870132446289,-0.0109494756907225,0.0160007218364626
6.68675899505615,-33.0908241271973,-0.0161162335425615,0.0157752973027527
6.94558048248291,-33.0948143005371,-0.0208340715616941,0.0155891824979335
7.20361995697021,-33.0984764099121,-0.0219576694071293,0.0154496030882001
7.46104383468628,-33.1015930175781,-0.0202572550624609,0.015272414078936
7.71851968765259,-33.1045913696289,-0.0185784231871367,0.0150407110340893
7.97606229782104,-33.107608795166,-0.0169708654284477,0.0147804419975728
8.23392581939697,-33.1107635498047,-0.0165123492479324,0.0145711486693472
-6.90558767318726,-33.1731033325195,0.0247347913682461,0.0150101305916905
-6.65088558197021,-33.1757545471191,0.0265546571463346,0.0151306428015232
-6.39587020874023,-33.1785850524902,0.0271011851727962,0.0152764152735472
-6.14092016220093,-33.1813545227051,0.0281820427626371,0.0154142435640097
-5.88570833206177,-33.1843299865723,0.0282515939325094,0.0155474580824375
-5.63016891479492,-33.1876335144043,0.0270140301436186,0.0156774492934346
-5.37482738494873,-33.1908187866211,0.0269480422139168,0.0158351697027683
-5.11930847167969,-33.1939277648926,0.0262478478252888,0.0160199562087655
-4.86367654800415,-33.1970100402832,0.0252385046333075,0.0161369843408465
-4.60798645019531,-33.2000694274902,0.0241811200976372,0.0162080470472574
-4.35244035720825,-33.2030792236328,0.0240361988544464,0.0162943536415696
-4.09680414199829,-33.2061424255371,0.0236978232860565,0.0164230670779943
-3.84102034568787,-33.2093238830566,0.0229045916348696,0.0165627878159285
-3.58534693717957,-33.2123069763184,0.0228410586714745,0.0167280668392777
-3.32976174354553,-33.2151145935059,0.023398594930768,0.0168895041570067
-3.07404208183289,-33.2180519104004,0.0235650800168514,0.0170391425490379
-2.81805515289307,-33.2213401794434,0.02274782769382,0.0171454818919301
-2.5622398853302,-33.224609375,0.0229636617004871,0.0172394439578056
-2.30664372444153,-33.2275314331055,0.0243875682353973,0.0173712912946939
-2.05108022689819,-33.2303581237793,0.0261727757751942,0.0174767444841564
-1.79528594017029,-33.2333145141602,0.0271190218627453,0.0175484335049987
-1.53925359249115,-33.2363662719727,0.0271935202181339,0.0175973493605852
-1.28283667564392,-33.2396697998047,0.0257410053163767,0.0176382437348366
-1.02620577812195,-33.2431030273438,0.0235471483319998,0.0176876224577427
-0.769937694072723,-33.2463226318359,0.0232388582080603,0.017668264452368
-0.513588845729828,-33.24951171875,0.022782564163208,0.0176094444468617
-0.25740173459053,-33.252613067627,0.0232873316854239,0.0175577416084707
-0.00113863800652325,-33.2557373046875,0.0236703399568796,0.0175325307063758
0.255502104759216,-33.2590866088867,0.0225755609571934,0.0176319275051355
0.512940645217896,-33.262767791748,0.0181038286536932,0.0176887111738324
0.770352602005005,-33.2661247253418,0.0139573998749256,0.0176655850373209
1.02670311927795,-33.2691192626953,0.0148424599319696,0.0175096848979592
1.28274059295654,-33.2719955444336,0.0173573829233646,0.0174644931685179
1.53903901576996,-33.2750968933105,0.0189318712800741,0.017513905884698
1.79601883888245,-33.2784309387207,0.0176693834364414,0.0175710376352072
2.0529637336731,-33.2817611694336,0.0167949125170708,0.017592218471691
2.30999612808228,-33.2851104736328,0.0157574135810137,0.0175035421270877
2.56706881523132,-33.2884788513184,0.014769266359508,0.0173813269939274
2.82431268692017,-33.2917823791504,0.013233426027,0.0171777433715761
3.08165216445923,-33.2951965332031,0.0115139679983258,0.0170208110939711
3.33910894393921,-33.2986907958984,0.00951086170971394,0.0169483169447631
3.59712338447571,-33.3023643493652,0.00527444016188383,0.0169552029110491
3.85500955581665,-33.3059387207031,0.00183895218651742,0.0169063271023333
4.11246871948242,-33.3093109130859,0.00051434466149658,0.0167470087762922
4.36962461471558,-33.3126525878906,0.000759014801587909,0.0165809369646013
4.62696838378906,-33.3161010742188,0.000409095053328201,0.0164591846987605
4.88535642623901,-33.3200035095215,-0.00427226303145289,0.0164255700074136
5.14363527297974,-33.3237686157227,-0.00824699550867081,0.0163921343628317
5.40149259567261,-33.3273544311523,-0.0101499119773507,0.0163130206055939
5.6589822769165,-33.3306198120117,-0.0102475713938475,0.0161470286548138
5.91617012023926,-33.3337364196777,-0.00881693884730339,0.0160062680952251
6.17400026321411,-33.3371086120605,-0.00994819868355989,0.0158680963795632
6.43206644058228,-33.3405303955078,-0.0118728317320347,0.0156695779878646
6.69048500061035,-33.3442306518555,-0.0150690646842122,0.0154141692910343
6.94881248474121,-33.3479385375977,-0.0176314674317837,0.0152586849872023
7.20733690261841,-33.3518257141113,-0.0207928828895092,0.0152077020611614
7.4653754234314,-33.3553085327148,-0.021663885563612,0.0150994202122092
7.72314310073853,-33.358455657959,-0.0211813785135746,0.014890271006152
7.9808349609375,-33.3615875244141,-0.0201523900032043,0.0146643905900419
8.23868274688721,-33.3647575378418,-0.0195696242153645,0.0144546627998352
-6.90211725234985,-33.4251747131348,0.0243771690875292,0.0148566737771034
-6.64734697341919,-33.4278678894043,0.0259250439703465,0.014950736425817
-6.39256381988525,-33.4305267333984,0.0276274736970663,0.0150901563465595
-6.13758420944214,-33.433292388916,0.0286145061254501,0.0152087239548564
-5.88238716125488,-33.4363136291504,0.0288090892136097,0.0153055731207132
-5.62704563140869,-33.4395484924316,0.0285642128437757,0.0154162645339966
-5.37168645858765,-33.4427604675293,0.0284605957567692,0.0155776469036937
-5.11619901657104,-33.4458808898926,0.0279606245458126,0.0157496947795153
-4.86042070388794,-33.4490928649902,0.0263123083859682,0.0158316129818559
-4.60461044311523,-33.4522972106934,0.0247465409338474,0.0158479111269116
-4.34885311126709,-33.4554672241211,0.0236620586365461,0.0158892534673214
-4.09300708770752,-33.4587593078613,0.0224040877074003,0.0159942591562867
-3.83710241317749,-33.4620590209961,0.02110555768013,0.0161593072116375
-3.58140254020691,-33.465015411377,0.0209636222571135,0.0163544788956642
-3.3259608745575,-33.467601776123,0.0222232006490231,0.016547697596252
-3.07040643692017,-33.4703636169434,0.0231951791793108,0.0167055716738105
-2.81462979316711,-33.4735412597656,0.0233993045985699,0.016803290694952
-2.558913230896,-33.4767684936523,0.0241187997162342,0.016878567636013
-2.30343127250671,-33.4797248840332,0.026125805452466,0.0169699490070343
-2.0480489730835,-33.4824409484863,0.0287869274616241,0.017069642432034
-1.79241478443146,-33.4852638244629,0.0305027421563864,0.0171303171664476
-1.53632462024689,-33.4883995056152,0.0303576663136482,0.0171888559125364
-1.27981603145599,-33.4917945861816,0.0285307075828314,0.0172626883722842
-1.02318549156189,-33.4952735900879,0.0263840518891811,0.0173133532516658
-0.766719460487366,-33.4986343383789,0.0252188835293055,0.0172778917476535
-0.510441780090332,-33.5018424987793,0.0251342840492725,0.0171831147745252
-0.254250675439835,-33.5049362182617,0.0256606731563807,0.0171190788969398
0.00197676499374211,-33.5080757141113,0.0262497458606958,0.017145108897239
0.258723258972168,-33.5115127563477,0.024720860645175,0.017297716345638
0.516264975070953,-33.5152397155762,0.0198237150907516,0.0174239976331592
0.773750424385071,-33.5187568664551,0.0154035780578852,0.0173515006899834
1.0302746295929,-33.5218048095703,0.0155461868271232,0.0171568957157433
1.28619313240051,-33.5246849060059,0.0186461396515369,0.017042382620275
1.54258739948273,-33.5278739929199,0.0198391824960709,0.0171066522598267
1.79971718788147,-33.5313339233398,0.0179572869092226,0.0172172077000141
2.05695939064026,-33.5348052978516,0.0158017240464687,0.0172357726842165
2.31401348114014,-33.5382232666016,0.0147207928821445,0.0171587676741183
2.57104563713074,-33.5415802001953,0.0139610888436437,0.0170334284193814
2.8280348777771,-33.5447959899902,0.0136038204655051,0.0168719522189349
3.08514022827148,-33.5480537414551,0.012957664206624,0.016698827734217
3.34260535240173,-33.5515670776367,0.0109618101269007,0.0166344272438437
3.60066270828247,-33.5553207397461,0.00658569158986211,0.0166568590793759
3.85878658294678,-33.5590019226074,0.00214693276211619,0.0166092703584582
4.11618900299072,-33.5623931884766,0.00111982552334666,0.0163914589211345
4.37307548522949,-33.565673828125,0.002595225116238,0.0161488545127213
4.63053607940674,-33.5692405700684,0.00178459822200239,0.0160549869760871
4.88895797729492,-33.5731658935547,-0.00300200679339468,0.0160831287503242
5.14745426177979,-33.5770683288574,-0.00787551794201136,0.0161134819500148
5.40532159805298,-33.580623626709,-0.00978126097470522,0.0160322170704603
5.66262197494507,-33.583869934082,-0.00900657195597887,0.0158727457746863
5.91984701156616,-33.5870208740234,-0.00769199011847377,0.0157282375730574
6.17740964889526,-33.5902442932129,-0.00762854656204581,0.0155791281722486
6.43557167053223,-33.5937080383301,-0.00992748979479074,0.0153420343995094
6.69417142868042,-33.5975036621094,-0.0138575006276369,0.0150575446896255
6.95283126831055,-33.6015396118164,-0.0177809819579124,0.0149304592050612
7.21133327484131,-33.6054801940918,-0.0207931473851204,0.0149495198857039
7.46960973739624,-33.6090927124023,-0.0226326081901789,0.0149435952771455
7.72772121429443,-33.6124572753906,-0.0235605072230101,0.0148183642886579
7.9855694770813,-33.6156234741211,-0.0231530535966158,0.0145875653252006
8.24342346191406,-33.6188125610352,-0.0225423965603113,0.0143836557399482
-6.898362159729,-33.677547454834,0.0226622726768255,0.0146177671849728
-6.64345693588257,-33.6803550720215,0.0236219074577093,0.0147051196545362
-6.3885612487793,-33.6831359863281,0.0248523056507111,0.0148680042475462
-6.13361597061157,-33.6859092712402,0.0260615721344948,0.0150151401758194
-5.87868118286133,-33.6887588500977,0.0275559462606907,0.0151261864230037
-5.62388324737549,-33.691650390625,0.0299359373748302,0.0152295688167214
-5.36913633346558,-33.6944923400879,0.0327737852931023,0.0153660448268056
-5.11402463912964,-33.6974067687988,0.0340880453586578,0.0155175579711795
-4.85827445983887,-33.7006340026855,0.0326112471520901,0.015580652281642
-4.60225105285645,-33.7040519714355,0.0300905518233776,0.015573893673718
-4.34618234634399,-33.7075500488281,0.0276046004146338,0.0155939785763621
-4.09005546569824,-33.711124420166,0.0250895749777555,0.0156994322314858
-3.83401393890381,-33.7144889831543,0.0231914818286896,0.015897954814136
-3.57832407951355,-33.7172966003418,0.023121690377593,0.0161186503246427
-3.32289958000183,-33.719669342041,0.0244779828935862,0.0162651753053069
-3.06724810600281,-33.7223205566406,0.0250211041420698,0.016296518035233
-2.81142950057983,-33.7254486083984,0.0250661075115204,0.0162485223263502
-2.55585217475891,-33.7286224365234,0.0264752507209778,0.0162258073687553
-2.30047225952148,-33.731616973877,0.029006939381361,0.0162953091785312
-2.04495739936829,-33.7344932556152,0.0311098974198103,0.0164421964436769
-1.78913617134094,-33.7374382019043,0.0320108607411385,0.0165889114141464
-1.53301596641541,-33.7405662536621,0.0317684188485146,0.0167170125059783
-1.27652287483215,-33.7439880371094,0.0300598870962858,0.016806113999337
-1.01975214481354,-33.747673034668,0.0273334868252277,0.0168353146873415
-0.763015985488892,-33.7513236999512,0.0250004138797522,0.0167790851555765
-0.50658917427063,-33.7546615600586,0.0242914333939552,0.0167077989317477
-0.250478953123093,-33.7576675415039,0.0252264123409986,0.0166993956081569
0.00556565262377262,-33.7606391906738,0.0266804676502943,0.0167756071314216
0.262230068445206,-33.7640228271484,0.0255661197006702,0.0169403664767742
0.519779801368713,-33.767822265625,0.0206854436546564,0.0170533852651715
0.777208089828491,-33.7714157104492,0.0165790040045977,0.0169926397502422
1.03368103504181,-33.7745170593262,0.017005130648613,0.016839905641973
1.28981447219849,-33.7775344848633,0.0191876050084829,0.0167322745546699
1.54665338993073,-33.7809524536133,0.0184370521456003,0.0167272039689124
1.80418431758881,-33.7846298217773,0.0148143945261836,0.0167227583006024
2.06160521507263,-33.7882194519043,0.011918350122869,0.0166440736502409
2.3186719417572,-33.7916526794434,0.0108366888016462,0.0165254841558635
2.57568550109863,-33.7950325012207,0.0102153774350882,0.0164363193325698
2.83260059356689,-33.798282623291,0.0102488240227103,0.0163964093662798
3.08948040008545,-33.8014831542969,0.0106578040868044,0.0163630596362054
3.34652996063232,-33.8047943115234,0.0105449417605996,0.016353365033865
3.60406517982483,-33.8082695007324,0.00850982032716274,0.016310591250658
3.86170482635498,-33.811767578125,0.00624476047232747,0.0161545695737004
4.11879777908325,-33.8150939941406,0.00662239454686642,0.0158943850547075
4.37567663192749,-33.8183898925781,0.00816836208105087,0.0157015174627304
4.63347768783569,-33.822078704834,0.00589958159253001,0.0156788150779903
4.89246559143066,-33.8262748718262,-0.00131770619191229,0.0157265970483422
5.15150499343872,-33.8305053710938,-0.00850264821201563,0.0157249211333692
5.40962600708008,-33.8342475891113,-0.0114540122449398,0.0156267182901502
5.66696834564209,-33.8375358581543,-0.0108102029189467,0.0154880993068218
5.92436742782593,-33.8407783508301,-0.0101972110569477,0.0153651968576014
6.18220233917236,-33.8441581726074,-0.0112538989633322,0.0152031392790377
6.44029235839844,-33.8476028442383,-0.0131872445344925,0.0149324950762093
6.69826030731201,-33.85107421875,-0.0143562685698271,0.0146470796316862
6.95635318756104,-33.8548126220703,-0.0158029422163963,0.0145922880619764
7.2148904800415,-33.8587989807129,-0.0189209580421448,0.0147440466098487
7.47356748580933,-33.8626899719238,-0.0224186666309834,0.0148630875628442
7.73209238052368,-33.8663482666016,-0.0250503420829773,0.0148207079619169
7.990149974823,-33.8696899414062,-0.0254740975797176,0.0146304478403181
8.24803924560547,-33.8729209899902,-0.0249631516635418,0.0144515982829034
