-8.54741668701172,31.6720066070557,-0.0175697095692158,0.328401640057564
-8.29476356506348,31.6751270294189,-0.016271211206913,0.328382298350334
-8.04148101806641,31.6781520843506,-0.0178026780486107,0.328299671411514
-7.78803157806396,31.6810436248779,-0.0199163872748613,0.328119769692421
-7.53492593765259,31.6837635040283,-0.0201439820230007,0.327885657548904
-7.28227806091309,31.6863479614258,-0.0179515015333891,0.32770898938179
-7.02966260910034,31.688943862915,-0.0153942154720426,0.327698320150375
-6.77647590637207,31.6916027069092,-0.0153582207858562,0.327755019068718
-6.52287626266479,31.6943302154541,-0.0170729458332062,0.327738180756569
-6.26907348632812,31.6971740722656,-0.0195277761667967,0.327604085206985
-6.01503038406372,31.7001495361328,-0.022889781743288,0.32735401391983
-5.76118803024292,31.7031631469727,-0.0250676888972521,0.327045828104019
-5.50806617736816,31.706090927124,-0.0236025750637054,0.326797515153885
-5.25546312332153,31.7089519500732,-0.0194745883345604,0.32668562233448
-5.0024881362915,31.7118549346924,-0.0168952699750662,0.32670359313488
-4.74863624572754,31.7148571014404,-0.0182310957461596,0.326773270964622
-4.49454784393311,31.7178649902344,-0.0204491876065731,0.326754942536354
-4.24100875854492,31.7208290100098,-0.0198634061962366,0.326562836766243
-3.98803305625916,31.7238750457764,-0.016428017988801,0.326296180486679
-3.73519611358643,31.7270526885986,-0.0121376626193523,0.326179131865501
-3.48218655586243,31.7303104400635,-0.00844727735966444,0.326255485415459
-3.2288670539856,31.7334861755371,-0.00599102582782507,0.326303705573082
-2.9750657081604,31.7364921569824,-0.00555943325161934,0.32618023455143
-2.72062468528748,31.7394104003906,-0.00786569621413946,0.326013535261154
-2.46556758880615,31.7423572540283,-0.0127850389108062,0.325949430465698
-2.2100145816803,31.7453479766846,-0.0197448246181011,0.3259417116642
-1.95449495315552,31.7483978271484,-0.0263022370636463,0.325859129428864
-1.69954979419708,31.7515392303467,-0.0299764666706324,0.325716480612755
-1.44548285007477,31.7548160552979,-0.0293953567743301,0.325594842433929
-1.19210481643677,31.757999420166,-0.0254516266286373,0.325519487261772
-0.938697755336761,31.7609710693359,-0.0214374680072069,0.325520589947701
-0.684730410575867,31.7639656066895,-0.0197669137269258,0.325593397021294
-0.430211693048477,31.767110824585,-0.0203835982829332,0.325699180364609
-0.175561100244522,31.7702922821045,-0.0213744267821312,0.325779169797897
0.0790472701191902,31.7734260559082,-0.0219503603875637,0.32580953836441
0.333505988121033,31.7766265869141,-0.0216282811015844,0.32579293847084
0.587602078914642,31.779878616333,-0.0194548591971397,0.325770378112793
0.841454327106476,31.7831783294678,-0.0159748941659927,0.325827836990356
1.09545969963074,31.7865753173828,-0.0129744969308376,0.325927168130875
1.3500143289566,31.7899627685547,-0.0122226998209953,0.325961485505104
1.60515296459198,31.7931346893311,-0.0138624366372824,0.32593435049057
1.86065113544464,31.7961444854736,-0.0168787594884634,0.325943678617477
2.11615610122681,31.799201965332,-0.0196923073381186,0.325998783111572
2.37101006507874,31.8023319244385,-0.0193850826472044,0.326021790504456
2.62510967254639,31.8056125640869,-0.0155183756724,0.326037228107452
2.87920832633972,31.8091716766357,-0.0114414021372795,0.326101526618004
3.13407206535339,31.8127117156982,-0.0105353910475969,0.326158240437508
3.38925528526306,31.8159770965576,-0.0108195981010795,0.326144814491272
3.64421081542969,31.8191165924072,-0.0098854061216116,0.326125904917717
3.89940309524536,31.8224563598633,-0.00977000501006842,0.326194241642952
4.15522289276123,31.8260631561279,-0.0121780736371875,0.32635360956192
4.41097354888916,31.8297309875488,-0.0140552371740341,0.326532453298569
4.66618490219116,31.8333568572998,-0.0133558670058846,0.326712280511856
4.92109107971191,31.8367538452148,-0.0111138978973031,0.326971501111984
5.17603445053101,31.8400573730469,-0.00882090628147125,0.327136650681496
6.96238327026367,31.8647613525391,0.00562298996374011,0.327508479356766
7.21777486801147,31.8681392669678,0.007681870367378,0.327601820230484
-8.54505443572998,31.422966003418,-0.0120620988309383,0.327893048524857
-8.29247856140137,31.4260082244873,-0.0103831766173244,0.327855423092842
-8.03935623168945,31.4289226531982,-0.0111384205520153,0.327760100364685
-7.78610134124756,31.4317150115967,-0.0123080825433135,0.327581867575645
-7.53304386138916,31.4343757629395,-0.0123036280274391,0.327365294098854
-7.28002834320068,31.4370059967041,-0.0118757542222738,0.327209964394569
-7.02658414840698,31.4397525787354,-0.0132835851982236,0.327194184064865
-6.77259635925293,31.4425354003906,-0.0170658957213163,0.327198207378387
-6.51871204376221,31.4452381134033,-0.0201177336275578,0.327105090022087
-6.26514673233032,31.4479141235352,-0.0214152187108994,0.326939254999161
-6.01152038574219,31.4507160186768,-0.0227756127715111,0.326736226677895
-5.75793790817261,31.453634262085,-0.0236994419246912,0.32650426030159
-5.50482892990112,31.4565544128418,-0.0221587177366018,0.326293185353279
-5.25209856033325,31.4594783782959,-0.0186131577938795,0.326164618134499
-4.99908208847046,31.4624938964844,-0.0162118822336197,0.326140508055687
-4.74536418914795,31.4656028747559,-0.0168952941894531,0.326161921024323
-4.49140548706055,31.468656539917,-0.0184865165501833,0.326100707054138
-4.23772096633911,31.4715747833252,-0.0185664463788271,0.325897097587585
-3.98423981666565,31.474458694458,-0.017476124688983,0.325664877891541
-3.73077321052551,31.4774188995361,-0.0161008853465319,0.325590863823891
-3.47753024101257,31.4805335998535,-0.0134679600596428,0.325672656297684
-3.22460985183716,31.4836864471436,-0.00912852492183447,0.32568334043026
-2.97137117385864,31.4867172241211,-0.00606135698035359,0.325525835156441
-2.71701622009277,31.4896221160889,-0.00794756412506104,0.325343832373619
-2.46167230606079,31.4925651550293,-0.0141683090478182,0.325268477201462
-2.20605850219727,31.4955997467041,-0.0213843323290348,0.325251802802086
-1.95091736316681,31.4986743927002,-0.0261777080595493,0.325179293751717
-1.69650721549988,31.5017642974854,-0.0273781213909388,0.32507012784481
-1.44273734092712,31.5049362182617,-0.025423051789403,0.324980959296227
-1.18927705287933,31.5080871582031,-0.0218420680612326,0.324918553233147
-0.935569763183594,31.5111598968506,-0.0191817786544561,0.324907153844833
-0.681329488754272,31.5142955780029,-0.0187346637248993,0.324938744306564
-0.426706373691559,31.5174655914307,-0.0198061242699623,0.324991598725319
-0.172111958265305,31.5205192565918,-0.0205234866589308,0.325046017765999
0.0822790265083313,31.5234775543213,-0.0200988966971636,0.32509708404541
0.336461633443832,31.5265865325928,-0.0185150671750307,0.325114518404007
0.590528547763824,31.5298538208008,-0.0161960180848837,0.325090244412422
0.84480482339859,31.5331935882568,-0.0146058788523078,0.325112029910088
1.09937822818756,31.5365829467773,-0.0141333714127541,0.325185626745224
1.35409557819366,31.5399303436279,-0.0140869757160544,0.325221255421638
1.60881471633911,31.5430717468262,-0.0138301961123943,0.325203388929367
1.86362397670746,31.5460624694824,-0.0137566300109029,0.325221747159958
2.11863541603088,31.5491104125977,-0.0143622495234013,0.325295105576515
2.37336325645447,31.5522403717041,-0.0134855564683676,0.325346052646637
2.62759232521057,31.5555191040039,-0.0101849362254143,0.325379505753517
2.88193917274475,31.559024810791,-0.00719591369852424,0.325450703501701
3.13707756996155,31.5624675750732,-0.00748956110328436,0.325536087155342
3.39242935180664,31.5656547546387,-0.00850291457027197,0.325609788298607
3.64734745025635,31.5687713623047,-0.00738828862085938,0.325698181986809
3.90238952636719,31.5720958709717,-0.00660107797011733,0.325805604457855
4.15826606750488,31.5756359100342,-0.00924546644091606,0.325891062617302
4.41442680358887,31.579195022583,-0.0129010528326035,0.325949847698212
4.67010259628296,31.5827236175537,-0.0142068797722459,0.326055973768234
4.92512893676758,31.5861186981201,-0.0124680893495679,0.326275482773781
5.17983198165894,31.5894069671631,-0.00911173224449158,0.32648977637291
6.96651029586792,31.6138515472412,0.00404790323227644,0.327071890234947
7.22221565246582,31.6171836853027,0.004786292091012,0.327115222811699
-8.54151344299316,31.1737384796143,-0.0123007912188768,0.327423691749573
-8.28898811340332,31.1767272949219,-0.0103588560596108,0.327374890446663
-8.03560829162598,31.1795215606689,-0.0123383589088917,0.327297955751419
-7.78243446350098,31.1824131011963,-0.0130969164893031,0.327148422598839
-7.52915573120117,31.1850509643555,-0.0141368610784411,0.326956748962402
-7.27605438232422,31.1877136230469,-0.0140985520556569,0.326799586415291
-7.02244567871094,31.1905059814453,-0.0162706729024649,0.326734095811844
-6.76861429214478,31.1932945251465,-0.0192782245576382,0.326660647988319
-6.51492404937744,31.19606590271,-0.0213762708008289,0.32654532790184
-6.26157999038696,31.1987495422363,-0.0215974450111389,0.326370090246201
-6.00832271575928,31.2015590667725,-0.0211834199726582,0.326195493340492
-5.75490713119507,31.2043724060059,-0.0212986040860415,0.326000601053238
-5.50188970565796,31.2072944641113,-0.0193098671734333,0.325813144445419
-5.24892425537109,31.2101497650146,-0.0168613605201244,0.325687721371651
-4.99573278427124,31.2131290435791,-0.0152665842324495,0.325608789920807
-4.74200105667114,31.2162456512451,-0.0159978121519089,0.325547441840172
-4.4879994392395,31.2192230224609,-0.0177719444036484,0.325475096702576
-4.23419570922852,31.222131729126,-0.018390167504549,0.325292617082596
-3.98045420646667,31.2250118255615,-0.0184956286102533,0.325084149837494
-3.72683453559875,31.2279186248779,-0.0178107935935259,0.325009420514107
-3.47343254089355,31.2309303283691,-0.0158939938992262,0.325054690241814
-3.22025227546692,31.2340259552002,-0.0127346096560359,0.325031518936157
-2.96678280830383,31.2370262145996,-0.0107071315869689,0.324872776865959
-2.71259117126465,31.2399253845215,-0.011808062903583,0.324694260954857
-2.4578754901886,31.2428741455078,-0.0150999454781413,0.324604958295822
-2.20280456542969,31.2459411621094,-0.0197930056601763,0.324570417404175
-1.94811975955963,31.2489833831787,-0.0224707331508398,0.324502289295197
-1.69396352767944,31.2520294189453,-0.0224938243627548,0.324427053332329
-1.4401775598526,31.2552013397217,-0.0206009559333324,0.324375301599503
-1.18646395206451,31.2583122253418,-0.018165547400713,0.324328169226646
-0.93262791633606,31.2613792419434,-0.0160776898264885,0.32430462539196
-0.678264677524567,31.2645492553711,-0.0161745678633451,0.324307799339294
-0.42363315820694,31.2676982879639,-0.0172679889947176,0.324327260255814
-0.169202104210854,31.27073097229,-0.017229376360774,0.324362561106682
0.0852347388863564,31.2736988067627,-0.0169971622526646,0.324401944875717
0.339566946029663,31.2767601013184,-0.0160732492804527,0.324428468942642
0.593891978263855,31.2800025939941,-0.0148993926122785,0.324410870671272
0.848341047763824,31.2832183837891,-0.014067642390728,0.324415534734726
1.10289895534515,31.2865047454834,-0.0135063380002975,0.324469670653343
1.35768389701843,31.2898044586182,-0.0137429041787982,0.3245008289814
1.61222422122955,31.2929172515869,-0.0126675236970186,0.324506387114525
1.86688828468323,31.2959804534912,-0.0119277853518724,0.324554935097694
2.12169861793518,31.2990818023682,-0.0116219772025943,0.324640944600105
2.37631702423096,31.3022480010986,-0.0102451359853148,0.324704125523567
2.63062834739685,31.3054504394531,-0.00729364017024636,0.324745938181877
2.88511729240417,31.3088874816895,-0.00491850124672055,0.324829533696175
3.14043426513672,31.3122711181641,-0.00598446233198047,0.324933871626854
3.39551663398743,31.3155269622803,-0.00579532003030181,0.325040057301521
3.65052485466003,31.3186511993408,-0.0050618820823729,0.325131267309189
3.9054069519043,31.3219871520996,-0.00355686317197978,0.325246587395668
4.16116142272949,31.3254299163818,-0.00565365981310606,0.325331285595894
4.41716241836548,31.3288497924805,-0.00859964359551668,0.325398042798042
4.67263603210449,31.33225440979,-0.00901814177632332,0.325487390160561
4.92789459228516,31.3355846405029,-0.00827840995043516,0.325669452548027
5.18293428421021,31.3389053344727,-0.00637137610465288,0.325890555977821
5.43776512145996,31.3422336578369,-0.00335064739920199,0.326102644205093
5.69268560409546,31.3455829620361,-0.000507803692016751,0.326202675700188
5.94762563705444,31.3490180969238,0.00246149348095059,0.32635235786438
6.20288562774658,31.3525276184082,0.00425919611006975,0.326494708657265
6.45861721038818,31.3560962677002,0.00424440624192357,0.326555415987968
6.7146897315979,31.3595714569092,0.00298568583093584,0.326612025499344
6.97082138061523,31.3628845214844,0.00170000724028796,0.326704755425453
7.22689723968506,31.3661403656006,0.000876496196724474,0.326732411980629
-8.53736305236816,30.9244346618652,-0.0155137712135911,0.326996803283691
-8.28481960296631,30.927375793457,-0.0136358821764588,0.326948583126068
-8.03177165985107,30.930233001709,-0.0139858238399029,0.326855093240738
-7.77891206741333,30.9330444335938,-0.0132018318399787,0.326719805598259
-7.52583026885986,30.9357032775879,-0.0132725862786174,0.326559767127037
-7.27259254455566,30.9384117126465,-0.0138717638328671,0.326443657279015
-7.01843214035034,30.9411869049072,-0.01867082901299,0.326332986354828
-6.76393461227417,30.9440269470215,-0.024838550016284,0.326167613267899
-6.51053762435913,30.9468994140625,-0.0255041550844908,0.325941517949104
-6.25788974761963,30.9495506286621,-0.0223787985742092,0.325707450509071
-6.00528383255005,30.9524116516113,-0.0188468974083662,0.325611010193825
-5.75205326080322,30.9552040100098,-0.0180704295635223,0.325490295886993
-5.49894189834595,30.9580211639404,-0.0165093559771776,0.325347602367401
-5.24565744400024,30.960880279541,-0.015554515644908,0.325160786509514
-4.99229860305786,30.9638957977295,-0.0147299924865365,0.325034901499748
-4.7387056350708,30.9669609069824,-0.0147879887372255,0.324949502944946
-4.48485708236694,30.9698791503906,-0.0158255007117987,0.324865028262138
-4.23105716705322,30.9727363586426,-0.016410605981946,0.324686348438263
-3.97694659233093,30.9756565093994,-0.0182212311774492,0.324495151638985
-3.72251677513123,30.9784526824951,-0.0212929304689169,0.324417263269424
-3.46870088577271,30.9814071655273,-0.0212735086679459,0.324421241879463
-3.21586179733276,30.9844951629639,-0.0164966937154531,0.324347764253616
-2.96301651000977,30.9874973297119,-0.0115476259961724,0.324215918779373
-2.70901823043823,30.9903354644775,-0.0117312716320157,0.324044778943062
-2.45385122299194,30.9932155609131,-0.017084302380681,0.323954790830612
-2.19890809059143,30.9963359832764,-0.0211611147969961,0.323896870017052
-1.94502317905426,30.9994373321533,-0.0201395284384489,0.323820993304253
-1.69131207466125,31.0023860931396,-0.0181047655642033,0.323797434568405
-1.43774282932281,31.0054607391357,-0.0152081120759249,0.323804572224617
-1.1838002204895,31.0085411071777,-0.0138076851144433,0.323771357536316
-0.929421722888947,31.0116195678711,-0.0141781764104962,0.323734477162361
-0.675057828426361,31.0148963928223,-0.0142593216150999,0.323672860860825
-0.420576751232147,31.0181503295898,-0.0146514205262065,0.323651269078255
-0.166046991944313,31.0210418701172,-0.0150439804419875,0.323672875761986
0.088447317481041,31.0238456726074,-0.0150548052042723,0.323736697435379
0.342712104320526,31.0268363952637,-0.013809273019433,0.323808744549751
0.59694242477417,31.0301265716553,-0.0121920499950647,0.323756605386734
0.851731598377228,31.0333728790283,-0.0128710074350238,0.323706701397896
1.1067019701004,31.0366535186768,-0.0141389863565564,0.323735699057579
1.36152672767639,31.0398540496826,-0.0145314875990152,0.323775455355644
1.61575055122375,31.0429630279541,-0.0120199834927917,0.323802635073662
1.8699141740799,31.0459690093994,-0.00903161615133286,0.323866590857506
2.12462568283081,31.0490322113037,-0.00827102269977331,0.323994562029839
2.3792941570282,31.0521774291992,-0.0071015115827322,0.324098661541939
2.63369250297546,31.0554122924805,-0.00452129961922765,0.324138358235359
2.88814091682434,31.058837890625,-0.00195133301895112,0.324208185076714
3.14341259002686,31.0621776580811,-0.00280352565459907,0.324294567108154
3.39870762825012,31.0653781890869,-0.00353512959554791,0.324420109391212
3.65382671356201,31.0685367584229,-0.00327315018512309,0.3246039301157
3.90851807594299,31.0718936920166,-0.000915980199351907,0.324793949723244
4.16382074356079,31.0753040313721,-0.00102180009707808,0.324827551841736
4.41970825195312,31.0786037445068,-0.00346145080402493,0.324800804257393
4.67553424835205,31.081937789917,-0.00540492869913578,0.324880480766296
4.93098783493042,31.0852298736572,-0.00550179881975055,0.325068980455399
5.18603467941284,31.0885219573975,-0.0036119082942605,0.325283601880074
5.44093656539917,31.091869354248,-0.000885057845152915,0.325512647628784
5.69604825973511,31.0951957702637,0.00114646309521049,0.325695663690567
5.95130491256714,31.0985412597656,0.00276366341859102,0.325902953743935
6.20685005187988,31.101921081543,0.00335027556866407,0.326041877269745
6.4626636505127,31.1053619384766,0.0030029765330255,0.326136752963066
6.71901559829712,31.1087455749512,0.000567465031053871,0.326163560152054
6.97504425048828,31.1120643615723,-0.000255859864410013,0.326274022459984
7.23128652572632,31.1152439117432,-0.0017684530466795,0.326305702328682
-8.5328197479248,30.6751861572266,-0.020649703219533,0.32660648226738
-8.28013324737549,30.6780891418457,-0.0194343440234661,0.326568186283112
-8.02717113494873,30.6809253692627,-0.0193352121859789,0.326459854841232
-7.77445363998413,30.6838569641113,-0.017836844548583,0.326337262988091
-7.52158117294312,30.6866359710693,-0.0168685913085938,0.326192900538445
-7.26827239990234,30.689266204834,-0.0177809689193964,0.326062142848969
-7.01387929916382,30.6919612884521,-0.0236661732196808,0.325909316539764
-6.75929594039917,30.6947078704834,-0.0302143152803183,0.325665339827538
-6.50632333755493,30.6976795196533,-0.0288208108395338,0.325365453958511
-6.25436067581177,30.700439453125,-0.0224041156470776,0.325101315975189
-6.00242137908936,30.7033443450928,-0.015681579709053,0.325040131807327
-5.74944400787354,30.706127166748,-0.0136891035363078,0.324957475066185
-5.49615669250488,30.7088394165039,-0.012951435521245,0.324839308857918
-5.24245357513428,30.7116775512695,-0.0139574808999896,0.324660152196884
-4.98890686035156,30.7145767211914,-0.0140016842633486,0.324515283107758
-4.73526954650879,30.7175102233887,-0.0142490928992629,0.32440473139286
-4.48137760162354,30.7203578948975,-0.0154694253578782,0.32432758808136
-4.22761106491089,30.7232322692871,-0.0158762782812119,0.324184864759445
-3.97346425056458,30.7262210845947,-0.0178346037864685,0.323984280228615
-3.71875262260437,30.7291145324707,-0.0221984721720219,0.323811858892441
-3.46456122398376,30.732307434082,-0.023899732157588,0.323701232671738
-3.21169495582581,30.7352447509766,-0.0192225892096758,0.323620736598969
-2.95910215377808,30.7381191253662,-0.0130771370604634,0.32354898750782
-2.70500516891479,30.7408256530762,-0.0136916041374207,0.323438793420792
-2.44994688034058,30.7436618804932,-0.0185160413384438,0.323321789503098
-2.19551610946655,30.7467555999756,-0.0202099923044443,0.323218569159508
-1.94214332103729,30.7499179840088,-0.0168141573667526,0.323136165738106
-1.68884599208832,30.7529430389404,-0.0128663675859571,0.323165610432625
-1.43514335155487,30.7558689117432,-0.0105693014338613,0.323218196630478
-1.18073081970215,30.758846282959,-0.0113019766286016,0.323204755783081
-0.926051557064056,30.7619094848633,-0.0130256991833448,0.323146432638168
-0.671753108501434,30.7652111053467,-0.0127889616414905,0.323060274124146
-0.417535752058029,30.768461227417,-0.0119652580469847,0.323027357459068
-0.163081288337708,30.7712898254395,-0.0120000541210175,0.323045983910561
0.0916259959340096,30.7740612030029,-0.0129570532590151,0.323100879788399
0.346094280481339,30.7770290374756,-0.0126111982390285,0.323158070445061
0.600449442863464,30.7803249359131,-0.0115359351038933,0.323092490434647
0.855207562446594,30.7835674285889,-0.0120547190308571,0.323022618889809
1.11020576953888,30.7866840362549,-0.0134279662743211,0.323029518127441
1.36519622802734,30.7898540496826,-0.0145409256219864,0.323066994547844
1.61953508853912,30.7929916381836,-0.0125211337581277,0.323111683130264
1.87356162071228,30.7960777282715,-0.00889852922409773,0.323231965303421
2.12796449661255,30.7990379333496,-0.00674425018951297,0.323395296931267
2.38267469406128,30.8022174835205,-0.00574201205745339,0.323515325784683
2.6371009349823,30.8054428100586,-0.00326562090776861,0.323546126484871
2.8913881778717,30.8088092803955,3.39613761752844e-05,0.323603957891464
3.14633321762085,30.8120975494385,0.00063909578602761,0.323686599731445
3.40184497833252,30.8153018951416,-0.0010324704926461,0.323801502585411
3.65711259841919,30.8185997009277,-0.00140436319634318,0.324000969529152
3.91182374954224,30.821964263916,0.000882745487615466,0.324197977781296
4.16695642471313,30.8252334594727,0.00153544219210744,0.324226096272469
4.42250156402588,30.8283729553223,0.000605730398092419,0.324228137731552
4.67819404602051,30.8316307067871,-0.000743711832910776,0.324359491467476
4.93375587463379,30.8349609375,-0.00130047125276178,0.324561834335327
5.18904209136963,30.8382816314697,-0.000439017981989309,0.324755385518074
5.44431495666504,30.8416423797607,0.000697497394867241,0.324964597821236
5.69983863830566,30.8449993133545,0.000962907797656953,0.325165688991547
5.95551681518555,30.8482570648193,0.000781898619607091,0.325377315282822
6.21129035949707,30.8515815734863,0.000408370571676642,0.325530126690865
6.46678447723389,30.855001449585,0.0014575804816559,0.32559372484684
6.72239828109741,30.8583679199219,0.00220905127935112,0.325654804706573
6.97872018814087,30.8615207672119,0.000146452657645568,0.325772017240524
7.23493242263794,30.8646144866943,-0.00122215237934142,0.325829595327377
-8.52801036834717,30.4260425567627,-0.02709642611444,0.326248452067375
-8.27501487731934,30.4289360046387,-0.0273406561464071,0.32622803747654
-8.02257823944092,30.4317665100098,-0.0246644970029593,0.326079100370407
-7.76981687545776,30.4347324371338,-0.0233466774225235,0.325928822159767
-7.51716804504395,30.437572479248,-0.0212682820856571,0.325749024748802
-7.26414585113525,30.4402275085449,-0.0207719299942255,0.325568109750748
-7.01018047332764,30.4428844451904,-0.0245804078876972,0.325381368398666
-6.75581407546997,30.4454784393311,-0.0300658512860537,0.325127467513084
-6.5028657913208,30.4484710693359,-0.0285380221903324,0.3248350918293
-6.25089168548584,30.4513320922852,-0.0221530832350254,0.32458133995533
-5.99909496307373,30.4542694091797,-0.0147297540679574,0.324495702981949
-5.74628639221191,30.4569931030273,-0.0119193671271205,0.324379548430443
-5.4928822517395,30.4596481323242,-0.0117162568494678,0.324239611625671
-5.23904180526733,30.4624309539795,-0.0133522376418114,0.324071645736694
-4.98536825180054,30.4652900695801,-0.013971452601254,0.323932275176048
-4.73162841796875,30.4681701660156,-0.0146788135170937,0.323823764920235
-4.47773265838623,30.4709854125977,-0.0158948618918657,0.323758870363235
-4.2241096496582,30.4738826751709,-0.0156055735424161,0.323644608259201
-3.97014164924622,30.4769096374512,-0.016706882044673,0.323429360985756
-3.71558952331543,30.4798183441162,-0.0203068666160107,0.323170557618141
-3.46144485473633,30.4829158782959,-0.0217725913971663,0.322989568114281
-3.20825409889221,30.4858245849609,-0.018583569675684,0.322888970375061
-2.95532917976379,30.4886722564697,-0.0139558436349034,0.322849452495575
-2.70139646530151,30.491361618042,-0.0137854926288128,0.322791576385498
-2.44701361656189,30.4942245483398,-0.0154704814776778,0.322702094912529
-2.19266986846924,30.4972343444824,-0.0167472399771214,0.322605356574059
-1.93892562389374,30.5003604888916,-0.0150427222251892,0.322546377778053
-1.68531227111816,30.5033893585205,-0.0125247510150075,0.322565957903862
-1.43129110336304,30.5062866210938,-0.0116631500422955,0.322592794895172
-1.17669820785522,30.5092754364014,-0.0131935123354197,0.322579875588417
-0.922096848487854,30.5123844146729,-0.0145351346582174,0.322504341602325
-0.668016791343689,30.5155735015869,-0.0132801830768585,0.322425544261932
-0.41391521692276,30.5186614990234,-0.0119079891592264,0.322458982467651
-0.159523323178291,30.5215301513672,-0.0116363866254687,0.322459205985069
0.0949774608016014,30.5243530273438,-0.0116378283128142,0.322448328137398
0.349360466003418,30.5273056030273,-0.0108874086290598,0.322429955005646
0.603731095790863,30.5304927825928,-0.00986321270465851,0.322399988770485
0.85837584733963,30.5336952209473,-0.00985369272530079,0.322401732206345
1.11335492134094,30.5367889404297,-0.0111231515184045,0.322406783699989
1.36867392063141,30.5399875640869,-0.0136872138828039,0.322407186031342
1.62321484088898,30.5431289672852,-0.012548454105854,0.322440966963768
1.87709188461304,30.5462951660156,-0.00823798775672913,0.32256692647934
2.13114166259766,30.5492362976074,-0.00449298787862062,0.322719812393188
2.38594508171082,30.5523567199707,-0.00388718489557505,0.322883263230324
2.64051365852356,30.5555381774902,-0.00202378397807479,0.322969153523445
2.89476990699768,30.5588207244873,0.00143214769195765,0.323053732514381
3.1496274471283,30.562047958374,0.0024424297735095,0.323135569691658
3.40539073944092,30.565336227417,-0.000317832891596481,0.323217183351517
3.66084480285645,30.5686168670654,-0.00148870178963989,0.323406606912613
3.91561436653137,30.5719089508057,0.000563296547625214,0.323581367731094
4.17074966430664,30.5750350952148,0.0012265028199181,0.323605105280876
4.42607736587524,30.5781307220459,0.00126610591541976,0.323683500289917
4.68163442611694,30.5813312530518,0.000525455398019403,0.323865666985512
4.93706178665161,30.5847053527832,0.00057382887462154,0.324091628193855
5.19256925582886,30.5880699157715,0.000491758401039988,0.324249386787415
5.44820165634155,30.5914363861084,8.81180967553519e-05,0.32438799738884
5.70399522781372,30.594762802124,-0.000789754441939294,0.32456248998642
5.95983982086182,30.5979557037354,-0.00166769861243665,0.324789896607399
6.21535301208496,30.6012535095215,-0.000895021541509777,0.324959635734558
6.47045564651489,30.6046543121338,0.00185869610868394,0.325054168701172
6.72563409805298,30.6079502105713,0.00449491804465652,0.32517421245575
6.98146772384644,30.611234664917,0.00453621195629239,0.325286269187927
7.2375636100769,30.6142807006836,0.00367604871280491,0.325355976819992
-8.5236291885376,30.1771335601807,-0.0314698442816734,0.325880914926529
-8.27030086517334,30.1800498962402,-0.0333036407828331,0.325898289680481
-8.01774120330811,30.1828689575195,-0.031186256557703,0.325748413801193
-7.76541805267334,30.1856536865234,-0.0277180746197701,0.325495630502701
-7.51303195953369,30.1884155273438,-0.0243446081876755,0.325226187705994
-7.26045227050781,30.1910533905029,-0.021695252507925,0.324994087219238
-7.00700807571411,30.1937713623047,-0.0229806341230869,0.324795082211494
-6.75300550460815,30.1963768005371,-0.0267095919698477,0.324589878320694
-6.49984264373779,30.1993160247803,-0.0261883400380611,0.324383363127708
-6.24745464324951,30.2022361755371,-0.0217593684792519,0.324197262525558
-5.99522638320923,30.2051582336426,-0.0163665618747473,0.324065178632736
-5.74258470535278,30.2079029083252,-0.0127366138622165,0.32390458881855
-5.48931312561035,30.2104911804199,-0.0118822166696191,0.323706150054932
-5.23553848266602,30.2131423950195,-0.0131856668740511,0.32349805533886
-4.98160219192505,30.2159271240234,-0.0150224100798368,0.32332806289196
-4.72767496109009,30.218921661377,-0.0165858305990696,0.323222190141678
-4.47394847869873,30.2218647003174,-0.016979543492198,0.323151007294655
-4.22046184539795,30.2247562408447,-0.0160262901335955,0.323031395673752
-3.96659421920776,30.2276649475098,-0.016635337844491,0.322816863656044
-3.71225786209106,30.2303867340088,-0.0192062929272652,0.322547405958176
-3.4581310749054,30.2332954406738,-0.0205688253045082,0.32233153283596
-3.20483160018921,30.2362060546875,-0.0178647637367249,0.32219372689724
-2.95178461074829,30.2391242980957,-0.0137797687202692,0.322139874100685
-2.69833326339722,30.2420101165771,-0.0113605540245771,0.322072625160217
-2.44410419464111,30.2448596954346,-0.0123184202238917,0.32200363278389
-2.18957853317261,30.2477264404297,-0.0144159849733114,0.321923851966858
-1.93537855148315,30.2507305145264,-0.0147867659106851,0.321892574429512
-1.68134140968323,30.2537059783936,-0.0141893746331334,0.321886360645294
-1.42701923847198,30.2566318511963,-0.014677464030683,0.321858316659927
-1.17226707935333,30.2596683502197,-0.0169048700481653,0.321833044290543
-0.917932569980621,30.2628211975098,-0.0169994663447142,0.32178096473217
-0.664168953895569,30.2659397125244,-0.0142778363078833,0.321788534522057
-0.410248994827271,30.2689933776855,-0.0120562622323632,0.321879014372826
-0.156066924333572,30.271993637085,-0.0108105204999447,0.321838185191154
0.098115473985672,30.2748928070068,-0.00935144349932671,0.321758076548576
0.35238578915596,30.2777500152588,-0.00807471014559269,0.321672171354294
0.606880128383636,30.2807598114014,-0.00759041728451848,0.321687638759613
0.861497819423676,30.2838916778564,-0.00744138285517693,0.321763589978218
1.11651575565338,30.2869453430176,-0.00886728055775166,0.321779102087021
1.37191843986511,30.2900772094727,-0.0117870904505253,0.321786433458328
1.62644040584564,30.29319190979,-0.0105454605072737,0.321803659200668
1.88018774986267,30.296365737915,-0.0056380657479167,0.321874439716339
2.13418960571289,30.2994022369385,-0.00166339532006532,0.321959778666496
2.38888144493103,30.3025341033936,-0.000544575683306903,0.322112306952477
2.64370441436768,30.3056678771973,0.000208314362680539,0.322312414646149
2.89847540855408,30.3088474273682,0.00140662014018744,0.322446763515472
3.15392088890076,30.3120784759521,-0.000153204819071107,0.322557747364044
3.40970802307129,30.3153343200684,-0.00299081136472523,0.322681412100792
3.66484665870667,30.3185520172119,-0.00275004329159856,0.322875693440437
3.91958379745483,30.3217449188232,-0.000531583267729729,0.323010936379433
4.17486429214478,30.3248100280762,-0.000479120179079473,0.32297682762146
4.43021440505981,30.3279705047607,-0.000513954437337816,0.323101624846458
4.68574666976929,30.3312129974365,-0.00111968594137579,0.323319613933563
4.94093704223633,30.3346080780029,-1.89715356100351e-05,0.323563918471336
5.19618797302246,30.337947845459,0.00103437248617411,0.323723644018173
5.45191335678101,30.3412685394287,0.000249546981649473,0.323845624923706
5.70793390274048,30.3445701599121,-0.00159203889779747,0.323959812521935
5.96369409561157,30.3477973937988,-0.00208249129354954,0.324142456054688
6.21886777877808,30.3510627746582,0.000172212545294315,0.324344277381897
6.47355937957764,30.3543319702148,0.00470998464152217,0.324533075094223
6.72852754592896,30.3577671051025,0.00826065056025982,0.324718847870827
6.9835991859436,30.3610458374023,0.0115763172507286,0.324884876608849
7.23959922790527,30.3641147613525,0.0111297927796841,0.324915960431099
-8.51926517486572,29.9284553527832,-0.0357793755829334,0.325498625636101
-8.26662635803223,29.931339263916,-0.0342382602393627,0.325552612543106
-8.0142993927002,29.9339351654053,-0.0309746377170086,0.325356066226959
-7.76206350326538,29.9366130828857,-0.0270649790763855,0.325067818164825
-7.50951051712036,29.9391670227051,-0.0244758259505033,0.324752375483513
-7.25687026977539,29.9417839050293,-0.0220950748771429,0.324459001421928
-7.00374412536621,29.9445877075195,-0.0218320228159428,0.324257344007492
-6.75022172927856,29.9473285675049,-0.0232428908348083,0.324123501777649
-6.49683523178101,29.9501247406006,-0.0237751975655556,0.323985010385513
-6.24397945404053,29.9530239105225,-0.0215579979121685,0.323804691433907
-5.99136638641357,29.9559764862061,-0.0179712418466806,0.323606371879578
-5.73863697052002,29.958833694458,-0.0147313652560115,0.323422163724899
-5.48540878295898,29.9614524841309,-0.0136451674625278,0.323227122426033
-5.23169946670532,29.9639701843262,-0.0146128395572305,0.323002427816391
-4.97779178619385,29.9667453765869,-0.0162891522049904,0.322744563221931
-4.72387075424194,29.9697723388672,-0.0177969634532928,0.322582498192787
-4.4702262878418,29.9727115631104,-0.0177781339734793,0.322466835379601
-4.21681594848633,29.9755802154541,-0.0164435524493456,0.322355926036835
-3.96313571929932,29.9783229827881,-0.01615384593606,0.322162017226219
-3.70901465415955,29.9809741973877,-0.0176988858729601,0.321912243962288
-3.45466279983521,29.983715057373,-0.0200885627418756,0.321698382496834
-3.20116591453552,29.9866561889648,-0.0182772185653448,0.321553096175194
-2.94818258285522,29.9897308349609,-0.0138727445155382,0.321463972330093
-2.6950798034668,29.9926471710205,-0.00981865450739861,0.321364089846611
-2.44081234931946,29.9954681396484,-0.0109324920922518,0.321275368332863
-2.18624258041382,29.9982490539551,-0.0132127963006496,0.321183085441589
-1.93197774887085,30.0011863708496,-0.0138602470979095,0.32115413248539
-1.67777705192566,30.0041427612305,-0.0139906881377101,0.321142002940178
-1.42326474189758,30.0071411132812,-0.015324829146266,0.321088254451752
-1.16854465007782,30.0101509094238,-0.0173806007951498,0.321030035614967
-0.914368748664856,30.01318359375,-0.0167284961789846,0.321000978350639
-0.66057687997818,30.0161895751953,-0.014112307690084,0.321091175079346
-0.406693071126938,30.0192852020264,-0.011703466065228,0.32119819521904
-0.15255406498909,30.0224075317383,-0.010239246301353,0.321165725588799
0.101619265973568,30.0253982543945,-0.00871628802269697,0.321061626076698
0.355936706066132,30.0282440185547,-0.00762955751270056,0.320981875061989
0.610446810722351,30.0311393737793,-0.00719384755939245,0.321017354726791
0.864831805229187,30.0341968536377,-0.00597777310758829,0.321104824542999
1.11964344978333,30.0372142791748,-0.0064584375359118,0.321115300059319
1.37462544441223,30.0402374267578,-0.00747922249138355,0.321133822202682
1.62905788421631,30.0433521270752,-0.00582328671589494,0.321157842874527
1.88291311264038,30.0464916229248,-0.00138333439826965,0.321205586194992
2.13718891143799,30.0496520996094,0.00138967577368021,0.321244433522224
2.39196062088013,30.052734375,0.00216935621574521,0.321387678384781
2.64675569534302,30.05588722229,0.0030637679155916,0.321642532944679
2.90209746360779,30.0590419769287,0.00175809755455703,0.321815729141235
3.15823554992676,30.0622081756592,-0.0028341596480459,0.321969866752625
3.41426420211792,30.0653553009033,-0.00670770974829793,0.322140917181969
3.66932773590088,30.0685005187988,-0.00610783416777849,0.322368055582047
3.92386031150818,30.0716609954834,-0.00296372966840863,0.322486937046051
4.17885303497314,30.0748138427734,-0.00162574579007924,0.322467476129532
4.43428707122803,30.0780353546143,-0.00200072606094182,0.322579190135002
4.68975782394409,30.0813980102539,-0.00231414474546909,0.322787702083588
4.94483518600464,30.0847434997559,-0.000697650073561817,0.323009818792343
5.19965600967407,30.0879707336426,0.00224399357102811,0.323202759027481
5.45511770248413,30.091178894043,0.00261746090836823,0.323359608650208
5.71115446090698,30.0943775177002,0.000722736469469965,0.32346123456955
5.9670352935791,30.0975131988525,-0.000272399949608371,0.32358156144619
6.22198724746704,30.1006565093994,0.00295322388410568,0.323816761374474
6.47653293609619,30.1040153503418,0.00813223235309124,0.32411216199398
6.73128175735474,30.1074085235596,0.0126370275393128,0.324298158288002
6.98594903945923,30.1107444763184,0.01769426651299,0.324587762355804
7.24143743515015,30.1138019561768,0.0194407999515533,0.324595734477043
-8.2645092010498,29.6825904846191,-0.0276373662054539,0.325134813785553
-8.01210308074951,29.6850337982178,-0.0247531589120626,0.324951142072678
-7.75965976715088,29.6876583099365,-0.0218342207372189,0.324630960822105
-7.50661516189575,29.6902389526367,-0.0216020606458187,0.324345484375954
-7.25352382659912,29.6928443908691,-0.0213728845119476,0.323982924222946
-7.00046491622925,29.6955451965332,-0.0207655038684607,0.323744028806686
-6.74731111526489,29.6982688903809,-0.0203943941742182,0.323622733354568
-6.49398231506348,29.7009983062744,-0.0206352286040783,0.323519542813301
-6.24063920974731,29.7039356231689,-0.0207210816442966,0.323308765888214
-5.98764705657959,29.7069435119629,-0.0189160015434027,0.323037177324295
-5.73475503921509,29.7098197937012,-0.0164228677749634,0.322831109166145
-5.48149156570435,29.7124042510986,-0.0154759557917714,0.322635188698769
-5.22787189483643,29.7148571014404,-0.0159917995333672,0.322464317083359
-4.9740629196167,29.7175388336182,-0.0171762518584728,0.32220932841301
-4.72019958496094,29.7204971313477,-0.0183890406042337,0.321977868676186
-4.46663761138916,29.7234439849854,-0.0179578978568316,0.321800425648689
-4.21337556838989,29.7262992858887,-0.0159040819853544,0.321690768003464
-3.95991921424866,29.7289962768555,-0.0145462797954679,0.321529224514961
-3.70603680610657,29.7317295074463,-0.0149580622091889,0.321306988596916
-3.45167016983032,29.7345333099365,-0.0173982381820679,0.321105450391769
-3.19779467582703,29.7374229431152,-0.0173268988728523,0.320967867970467
-2.94456028938293,29.7404327392578,-0.0140634560957551,0.320873007178307
-2.69137907028198,29.7433662414551,-0.0103462804108858,0.320738613605499
-2.4371063709259,29.74609375,-0.011459844186902,0.320615276694298
-2.18268013000488,29.7488975524902,-0.0130536975339055,0.32051807641983
-1.92858397960663,29.751838684082,-0.0129023930057883,0.320457831025124
-1.67462003231049,29.7548198699951,-0.0119251077994704,0.320418253540993
-1.4202675819397,29.7577781677246,-0.0125077879056334,0.320369511842728
-1.16583061218262,29.7606525421143,-0.0132536552846432,0.320285931229591
-0.911595940589905,29.7636013031006,-0.0128534371033311,0.320265337824821
-0.657531499862671,29.7665748596191,-0.0114606460556388,0.320347443223
-0.403443455696106,29.7696590423584,-0.00995947234332561,0.320434659719467
-0.149070113897324,29.7727832794189,-0.00953580159693956,0.320444494485855
0.105451248586178,29.775806427002,-0.00956251751631498,0.320386752486229
0.359874218702316,29.7786846160889,-0.00892569031566381,0.320365414023399
0.614048361778259,29.7815570831299,-0.00695178518071771,0.320386335253716
0.868112623691559,29.7845439910889,-0.00427191657945514,0.320437654852867
1.12267780303955,29.7875423431396,-0.00362784648314118,0.320434585213661
1.37716853618622,29.79052734375,-0.0024337840732187,0.320465117692947
1.63150012493134,29.7936191558838,-0.000314209988573566,0.32051494717598
1.88573276996613,29.7967185974121,0.00245674070902169,0.320558741688728
2.14037299156189,29.7998886108398,0.00362493516877294,0.320580065250397
2.39529490470886,29.8029327392578,0.00375754502601922,0.320703908801079
2.65018320083618,29.8060970306396,0.00425864616408944,0.320947900414467
2.90566039085388,29.8092193603516,0.00237539713270962,0.321148008108139
3.16178822517395,29.8123359680176,-0.00214916979894042,0.321359381079674
3.41795253753662,29.8154468536377,-0.00659812614321709,0.321542903780937
3.67340207099915,29.818510055542,-0.00767106702551246,0.321749642491341
3.92814612388611,29.8216133117676,-0.00542859965935349,0.321871370077133
4.18282794952393,29.8248863220215,-0.00270406971685588,0.321950703859329
4.43805742263794,29.8282241821289,-0.00215988862328231,0.322061717510223
4.69344472885132,29.8315658569336,-0.00208863546140492,0.322215840220451
4.94837236404419,29.8347225189209,0.00019941819482483,0.322429478168488
5.20293140411377,29.8378791809082,0.00429766625165939,0.32264418900013
5.45796823501587,29.8410911560059,0.00652725575491786,0.322877570986748
5.71389007568359,29.8441600799561,0.00514438049867749,0.323018744587898
5.9699912071228,29.8472290039062,0.00321127334609628,0.323123633861542
6.22543048858643,29.8502902984619,0.00435270695015788,0.323317319154739
6.48019313812256,29.8537693023682,0.00861701555550098,0.3236054033041
6.73476839065552,29.8571357727051,0.0138858910650015,0.323842465877533
6.98932361602783,29.8605670928955,0.0194391533732414,0.324239566922188
-8.26254081726074,29.433744430542,-0.0203352887183428,0.324617311358452
-8.01000022888184,29.4361629486084,-0.0180911384522915,0.324502885341644
-7.75691175460815,29.4387245178223,-0.0182777438312769,0.324162736535072
-7.50384950637817,29.441370010376,-0.0181170683354139,0.32389523088932
-7.2507266998291,29.4440670013428,-0.0180221069604158,0.323544204235077
-6.99774217605591,29.4467353820801,-0.0170440562069416,0.323284611105919
-6.74446105957031,29.4493827819824,-0.0172655526548624,0.323127880692482
-6.49082565307617,29.4520320892334,-0.0189541559666395,0.322962939739227
-6.23724222183228,29.454906463623,-0.0201650243252516,0.322685018181801
-5.98418712615967,29.457820892334,-0.0186374820768833,0.32239031791687
-5.73112726211548,29.4606399536133,-0.0169177316129208,0.322172492742538
-5.47760391235352,29.4632148742676,-0.0171736367046833,0.321988731622696
-5.22391986846924,29.4657497406006,-0.0179669801145792,0.321848168969154
-4.97024488449097,29.4683933258057,-0.0184926055371761,0.321672946214676
-4.71645021438599,29.4712238311768,-0.0193544384092093,0.321461334824562
-4.46286249160767,29.4741363525391,-0.0190207250416279,0.321223258972168
-4.20981407165527,29.4770603179932,-0.0159402713179588,0.321052208542824
-3.95676779747009,29.4798126220703,-0.0126400757580996,0.320883601903915
-3.70313429832458,29.4826316833496,-0.0118710547685623,0.320699796080589
-3.44880843162537,29.4855136871338,-0.0141030522063375,0.320541471242905
-3.1945652961731,29.4883613586426,-0.0157200805842876,0.320402786135674
-2.9409031867981,29.4912376403809,-0.0144180618226528,0.320283308625221
-2.68740606307983,29.4941444396973,-0.0121359769254923,0.320142015814781
-2.43327474594116,29.4968128204346,-0.0125690838322043,0.320022761821747
-2.1788923740387,29.4996700286865,-0.0139337042346597,0.319914311170578
-1.92477202415466,29.5025959014893,-0.0138668166473508,0.31981348991394
-1.67115271091461,29.5055866241455,-0.0112830474972725,0.319742426276207
-1.41723334789276,29.5084686279297,-0.00986135099083185,0.319713279604912
-1.16311979293823,29.5112972259521,-0.00911174528300762,0.319641843438148
-0.908760190010071,29.5141410827637,-0.00926512386649847,0.319604828953743
-0.65446263551712,29.5170288085938,-0.00891484785825014,0.319642007350922
-0.400178223848343,29.5200843811035,-0.00828545354306698,0.31969265639782
-0.145501106977463,29.5231990814209,-0.0092158867046237,0.319718137383461
0.109279364347458,29.5262451171875,-0.0103893233463168,0.319715589284897
0.363712251186371,29.5291061401367,-0.00977090373635292,0.319733396172523
0.617739498615265,29.5319309234619,-0.00711001548916101,0.319751426577568
0.871604561805725,29.5348739624023,-0.00351129611954093,0.319776937365532
1.12595295906067,29.5379047393799,-0.00187328201718628,0.319777250289917
1.38021516799927,29.5409507751465,0.000363629631465301,0.319815084338188
1.63475406169891,29.5439834594727,0.00157607486471534,0.319883897900581
1.88926482200623,29.5470314025879,0.00312879029661417,0.319940790534019
2.14406228065491,29.5501537322998,0.00362079497426748,0.31998610496521
2.39905118942261,29.5531845092773,0.0034806604962796,0.320096507668495
2.65395379066467,29.5563163757324,0.00394147960469127,0.320290923118591
2.90908813476562,29.5593852996826,0.0035973007325083,0.320506751537323
3.16492462158203,29.5624465942383,0.000377732707420364,0.320735171437263
3.42104172706604,29.5655269622803,-0.00384468119591475,0.32090175151825
3.67668652534485,29.5685272216797,-0.00575726106762886,0.321041390299797
3.93185520172119,29.5715770721436,-0.00535678630694747,0.321148857474327
4.18667459487915,29.5748920440674,-0.00321062956936657,0.321294203400612
4.4416561126709,29.5782585144043,-0.00156284123659134,0.321485340595245
4.69662094116211,29.5814666748047,0.000370068766642362,0.321677520871162
4.95124340057373,29.5845165252686,0.00400361139327288,0.321883305907249
5.20580959320068,29.587646484375,0.00808433722704649,0.322116702795029
5.46088361740112,29.5908946990967,0.0101677151396871,0.322378367185593
5.7167797088623,29.5939521789551,0.00890902895480394,0.322554543614388
5.97307014465332,29.5970325469971,0.00617375457659364,0.322706162929535
6.22864389419556,29.6001663208008,0.00675283139571548,0.322887226939201
6.48374176025391,29.6034317016602,0.00959161296486855,0.323083981871605
6.73831033706665,29.606990814209,0.0149103226140141,0.323362529277802
6.99332189559937,29.6105098724365,0.0185289923101664,0.323760837316513
-8.2599983215332,29.1848278045654,-0.0158242080360651,0.324065342545509
-8.00720310211182,29.1872730255127,-0.0147987147793174,0.324025765061378
-7.75405740737915,29.1899185180664,-0.0152483778074384,0.323738396167755
-7.50056791305542,29.1925487518311,-0.0171261467039585,0.32341805100441
-7.24749898910522,29.195255279541,-0.0167529787868261,0.323081731796265
-6.99450874328613,29.1978740692139,-0.0157811027020216,0.322823211550713
-6.74095916748047,29.2005271911621,-0.0172646883875132,0.322629675269127
-6.48698377609253,29.2031517028809,-0.0205538868904114,0.3224046677351
-6.2332649230957,29.2059345245361,-0.0223821252584457,0.322109997272491
-5.98048067092896,29.2087421417236,-0.0195385161787271,0.321798846125603
-5.72746849060059,29.2114906311035,-0.0175672713667154,0.321540951728821
-5.47378587722778,29.2141284942627,-0.0185515694320202,0.32132363319397
-5.22002220153809,29.2167434692383,-0.0196938756853342,0.321175292134285
-4.9664249420166,29.2194194793701,-0.0198244750499725,0.321021899580956
-4.71258974075317,29.2221851348877,-0.0208487026393414,0.320864126086235
-4.45912837982178,29.2250556945801,-0.019893167540431,0.320649594068527
-4.20633316040039,29.2279491424561,-0.0156007139012218,0.3204535394907
-3.95350933074951,29.2307224273682,-0.0112392222508788,0.320254549384117
-3.69998025894165,29.2335605621338,-0.00996109191328287,0.320065930485725
-3.44566321372986,29.2364253997803,-0.0121312197297812,0.319922804832458
-3.19107604026794,29.2392177581787,-0.0153249390423298,0.319747477769852
-2.93722724914551,29.2420635223389,-0.014862478710711,0.319608330726624
-2.68373918533325,29.2449970245361,-0.0125129306688905,0.319465130567551
-2.4297456741333,29.2476959228516,-0.0122841550037265,0.319407656788826
-2.17528247833252,29.2505035400391,-0.0139957433566451,0.319350078701973
-1.9209908246994,29.2533054351807,-0.0146918008103967,0.31925256550312
-1.66751933097839,29.256275177002,-0.0114035475999117,0.319138437509537
-1.41371071338654,29.2591228485107,-0.00945006683468819,0.319094836711884
-1.15954685211182,29.2619895935059,-0.00890579354017973,0.319037795066833
-0.905019462108612,29.2647724151611,-0.00979890581220388,0.318953275680542
-0.650734543800354,29.2676334381104,-0.00936493836343288,0.318930581212044
-0.396606296300888,29.270637512207,-0.00800135731697083,0.318917021155357
-0.142208203673363,29.273738861084,-0.00764434924349189,0.31892067193985
0.112519636750221,29.2767143249512,-0.00855844281613827,0.318975403904915
0.367101460695267,29.2795066833496,-0.00859060604125261,0.31902439892292
0.621407091617584,29.2823276519775,-0.00715977977961302,0.319078639149666
0.875228345394135,29.2853240966797,-0.00333958747796714,0.319110661745071
1.12942433357239,29.2884006500244,-0.000993831548839808,0.319130897521973
1.38370227813721,29.2914981842041,0.00119522167369723,0.319174543023109
1.63833808898926,29.2944450378418,0.00199813093058765,0.319228872656822
1.89296305179596,29.2974834442139,0.00306571344844997,0.319324180483818
2.14775705337524,29.30055809021,0.00359652983024716,0.319410040974617
2.40268039703369,29.3035564422607,0.00377192650921643,0.319550305604935
2.65751981735229,29.3066158294678,0.00453612767159939,0.319701224565506
2.91256284713745,29.3096179962158,0.00461745960637927,0.319887340068817
3.16820502281189,29.3125953674316,0.00227660313248634,0.320074245333672
3.42421865463257,29.3155956268311,-0.00147120992187411,0.320233657956123
3.67960429191589,29.3185272216797,-0.00222713523544371,0.320345312356949
3.934734582901,29.3215484619141,-0.00164182030130178,0.3204575330019
4.18970632553101,29.3248138427734,-0.000145680533023551,0.320630505681038
4.44461679458618,29.328104019165,0.00182773091364652,0.320887058973312
4.69943237304688,29.3313312530518,0.00442856969311833,0.321128755807877
4.9539647102356,29.3343753814697,0.00846715550869703,0.321353957056999
5.20882940292358,29.3374462127686,0.0112648736685514,0.321588948369026
5.46443843841553,29.3406372070312,0.0110491784289479,0.321831226348877
5.72047138214111,29.3437442779541,0.00922023225575686,0.322025701403618
5.97654819488525,29.3468189239502,0.00742624001577497,0.32224428653717
6.23160839080811,29.349983215332,0.0102349892258644,0.322490572929382
6.48661708831787,29.3532962799072,0.0134739456698298,0.322744280099869
6.74104166030884,29.3568286895752,0.0194215476512909,0.322972312569618
6.99736642837524,29.3604393005371,0.0174329169094563,0.323215797543526
-8.25607776641846,28.9357242584229,-0.018005084246397,0.32358817756176
-8.003342628479,28.9383411407471,-0.0166610684245825,0.323568627238274
-7.75002670288086,28.9410800933838,-0.0179038885980844,0.323223948478699
-7.49683380126953,28.9437046051025,-0.0183253083378077,0.322936937212944
-7.24368667602539,28.9464130401611,-0.0183016397058964,0.322623550891876
-6.99047374725342,28.9489822387695,-0.0183688811957836,0.322375103831291
-6.73669147491455,28.9515228271484,-0.0209381226450205,0.32216639816761
-6.48261594772339,28.9540710449219,-0.0246719066053629,0.321929231286049
-6.22914791107178,28.9568786621094,-0.0252740252763033,0.321651980280876
-5.97659683227539,28.9597949981689,-0.0212904326617718,0.321345567703247
-5.72374677658081,28.9624996185303,-0.0185222662985325,0.321026802062988
-5.47018766403198,28.9650955200195,-0.0188964866101742,0.32073475420475
-5.21631813049316,28.9677734375,-0.0205131135880947,0.320505946874619
-4.96269464492798,28.9704914093018,-0.0207394566386938,0.32032772898674
-4.70883846282959,28.9732284545898,-0.0218360256403685,0.320181384682655
-4.45558547973633,28.9760398864746,-0.0198759865015745,0.319999024271965
-4.202880859375,28.9789161682129,-0.0151358172297478,0.319811806082726
-3.95004320144653,28.9817333221436,-0.0108133675530553,0.31959280371666
-3.69640183448792,28.9845752716064,-0.010033356025815,0.319387182593346
-3.44218969345093,28.9873313903809,-0.0116913393139839,0.319230750203133
-3.18783903121948,28.9900722503662,-0.0137622756883502,0.319025069475174
-2.93406701087952,28.9929809570312,-0.0129217905923724,0.318879202008247
-2.68071365356445,28.9958477020264,-0.00992851238697767,0.318756476044655
-2.42662024497986,28.9985237121582,-0.0101398499682546,0.318715512752533
-2.1721339225769,29.0012359619141,-0.0119382068514824,0.318608894944191
-1.91757810115814,29.0039691925049,-0.0138257266953588,0.318525895476341
-1.6638765335083,29.0068836212158,-0.0115689113736153,0.318437099456787
-1.40990936756134,29.0097999572754,-0.01031494140625,0.318391770124435
-1.15561997890472,29.0127182006836,-0.0103157572448254,0.318329706788063
-0.901133239269257,29.0155086517334,-0.010995214805007,0.318221062421799
-0.646864414215088,29.018310546875,-0.0104603562504053,0.318172693252563
-0.392873346805573,29.02126121521,-0.00844681542366743,0.318135812878609
-0.138895750045776,29.0242767333984,-0.00616006273776293,0.318119436502457
0.115556098520756,29.0272026062012,-0.00580512918531895,0.318179905414581
0.370263278484344,29.0300006866455,-0.00638262229040265,0.318257883191109
0.62496417760849,29.0328330993652,-0.00670925341546535,0.318347066640854
0.87915176153183,29.0358695983887,-0.00450971070677042,0.318405538797379
1.13318109512329,29.0389785766602,-0.00139019463676959,0.318466335535049
1.38745999336243,29.0420246124268,0.000820413639303297,0.318523436784744
1.64193081855774,29.0449161529541,0.00238499115221202,0.318565726280212
1.89657688140869,29.0479068756104,0.00338254403322935,0.318696230649948
2.15127277374268,29.0509452819824,0.00437404727563262,0.318813383579254
2.4060206413269,29.0539321899414,0.00535007426515222,0.318963214755058
2.66092920303345,29.0569896697998,0.0058299065567553,0.319092780351639
2.91626167297363,29.0600070953369,0.00465441076084971,0.319212377071381
3.17183566093445,29.062967300415,0.00263812416233122,0.319327384233475
3.42723727226257,29.0659713745117,0.00160729954950511,0.319523110985756
3.68237090110779,29.0689086914062,0.00197541597299278,0.319709643721581
3.93745183944702,29.0718631744385,0.00279155327007174,0.319864436984062
4.19253873825073,29.0748500823975,0.0037980426568538,0.320040434598923
4.44739103317261,29.0779571533203,0.00604127300903201,0.320277392864227
4.70232343673706,29.0811214447021,0.00814815051853657,0.32054303586483
4.95719337463379,29.0842475891113,0.0107337348163128,0.320810243487358
5.21251201629639,29.0873680114746,0.0115816555917263,0.321051210165024
5.46841478347778,29.0904598236084,0.0101160798221827,0.321260780096054
5.72465562820435,29.0935745239258,0.00741167273372412,0.321492150425911
5.98038196563721,29.0967082977295,0.00715722469612956,0.321789190173149
6.23478889465332,29.0999145507812,0.0128002855926752,0.322130188345909
6.48959159851074,29.1031818389893,0.0169397816061974,0.322430953383446
6.743408203125,29.1066455841064,0.0255088247358799,0.322669863700867
-7.99932861328125,28.689582824707,-0.0192794371396303,0.323108226060867
-7.74573802947998,28.6923294067383,-0.021816611289978,0.322693228721619
-7.49287986755371,28.6949882507324,-0.0205931924283504,0.322403699159622
-7.23982524871826,28.6975765228271,-0.0200972743332386,0.322169229388237
-6.98642921447754,28.7000503540039,-0.0210160426795483,0.32194247841835
-6.73258972167969,28.7024688720703,-0.0238282699137926,0.321756199002266
-6.47877311706543,28.7049598693848,-0.0262959320098162,0.321548879146576
-6.22568225860596,28.7078056335449,-0.0250726137310266,0.321260020136833
-5.97298288345337,28.7107639312744,-0.0217699948698282,0.320909157395363
-5.7201681137085,28.7135410308838,-0.0188074912875891,0.320515871047974
-5.46690511703491,28.7161273956299,-0.0177540276199579,0.320191040635109
-5.21297359466553,28.7187633514404,-0.0196403749287128,0.319948211312294
-4.9589467048645,28.7215366363525,-0.0217437464743853,0.3197291046381
-4.70512056350708,28.7242584228516,-0.0226725693792105,0.319523975253105
-4.45211124420166,28.7270812988281,-0.0195411145687103,0.31928713619709
-4.19932651519775,28.729907989502,-0.0151507621631026,0.319088041782379
-3.94627976417542,28.7327117919922,-0.0117800459265709,0.318887427449226
-3.69256019592285,28.7354793548584,-0.0113387405872345,0.318686380982399
-3.43869924545288,28.7382049560547,-0.0113335950300097,0.31851901113987
-3.18481421470642,28.7409992218018,-0.0112181669101119,0.318315699696541
-2.93122887611389,28.7438201904297,-0.00949284993112087,0.318179234862328
-2.67783761024475,28.7465801239014,-0.00665629515424371,0.318088546395302
-2.42374920845032,28.7492961883545,-0.00682616885751486,0.318019405007362
-2.16944098472595,28.7520923614502,-0.00778402108699083,0.317855209112167
-1.91505765914917,28.7548542022705,-0.00886246468871832,0.317733526229858
-1.66080951690674,28.7576866149902,-0.00909519847482443,0.317652493715286
-1.40625,28.760555267334,-0.0105300471186638,0.317618533968925
-1.15191996097565,28.7634105682373,-0.0106904841959476,0.317548722028732
-0.89771032333374,28.7663154602051,-0.010080854408443,0.317438706755638
-0.643519997596741,28.7691688537598,-0.00916511565446854,0.31740015745163
-0.389395475387573,28.7720184326172,-0.00773406820371747,0.317370995879173
-0.135425195097923,28.7747955322266,-0.00539025710895658,0.317365348339081
0.119016274809837,28.7775936126709,-0.00496433535590768,0.317391037940979
0.373669356107712,28.7804431915283,-0.00527384225279093,0.317456677556038
0.628359973430634,28.7833671569824,-0.00553099019452929,0.317556723952293
0.882685959339142,28.7864208221436,-0.00392957963049412,0.31763868033886
1.13680505752563,28.7895545959473,-0.00118809333071113,0.317728400230408
1.39118266105652,28.7925586700439,0.000605997571256012,0.317792743444443
1.64557707309723,28.7954330444336,0.00253756041638553,0.317882716655731
1.90013790130615,28.7983360290527,0.00393910286948085,0.318018481135368
2.15467596054077,28.8013362884521,0.00565548241138458,0.318157777190208
2.40953612327576,28.8043365478516,0.00615594210103154,0.318304255604744
2.66478133201599,28.8073959350586,0.0051695117726922,0.318443596363068
2.92027878761292,28.8105125427246,0.00329136266373098,0.318520709872246
3.17563223838806,28.8134784698486,0.00227418984286487,0.318630948662758
3.43059372901917,28.8165168762207,0.00320489052683115,0.318825498223305
3.68566226959229,28.8194065093994,0.00387966074049473,0.319115415215492
3.94073820114136,28.8222103118896,0.00473869312554598,0.319317921996117
4.19569778442383,28.8250255584717,0.0063217943534255,0.319487720727921
4.45045042037964,28.8279838562012,0.00902062281966209,0.319680631160736
4.7055230140686,28.831127166748,0.0105310706421733,0.319967001676559
4.9608097076416,28.8342170715332,0.0113256396725774,0.320272594690323
5.21641397476196,28.8373432159424,0.0109565770253539,0.320542052388191
5.47244310379028,28.8404159545898,0.00896781496703625,0.320746719837189
5.72870111465454,28.843448638916,0.00621594302356243,0.320970565080643
5.98405599594116,28.8465518951416,0.00758757907897234,0.321312621235847
6.23851251602173,28.8498992919922,0.0130378771573305,0.321670696139336
6.49319553375244,28.8531436920166,0.0177127979695797,0.322036683559418
6.74675130844116,28.8565425872803,0.0274195224046707,0.322297140955925
-7.99530839920044,28.4409523010254,-0.0219392441213131,0.32260075211525
-7.74195003509521,28.4436588287354,-0.023324390873313,0.322196900844574
-7.48960113525391,28.4463081359863,-0.0196240432560444,0.32193922996521
-7.23671007156372,28.4488639831543,-0.0183176659047604,0.321705803275108
-6.98356294631958,28.4512977600098,-0.0180234704166651,0.32147453725338
-6.72972059249878,28.4537372589111,-0.0208288878202438,0.321283087134361
-6.47604370117188,28.4562320709229,-0.0226121749728918,0.321071520447731
-6.22280502319336,28.4590435028076,-0.0220749508589506,0.320789620280266
-5.96971464157104,28.4618892669678,-0.0206122621893883,0.320401325821877
-5.71681213378906,28.4646587371826,-0.0180441085249186,0.319980919361115
-5.46380710601807,28.4672317504883,-0.015745896846056,0.319659993052483
-5.20979690551758,28.4698162078857,-0.0179828014224768,0.319401696324348
-4.95543003082275,28.4725551605225,-0.0216661412268877,0.319144919514656
-4.70178842544556,28.4753150939941,-0.0217011868953705,0.318899169564247
-4.44889974594116,28.4781684875488,-0.0179815702140331,0.318621546030045
-4.19586896896362,28.4809436798096,-0.0147199677303433,0.318394035100937
-3.94238424301147,28.4836750030518,-0.0133693898096681,0.318199083209038
-3.68873333930969,28.4863586425781,-0.0125780897215009,0.318043366074562
-3.4351921081543,28.4890842437744,-0.0110573610290885,0.317865595221519
-3.18167090415955,28.4918441772461,-0.00922755617648363,0.317659601569176
-2.92799830436707,28.4945888519287,-0.00788482557982206,0.317484632134438
-2.67420816421509,28.4973373413086,-0.00686898548156023,0.317411243915558
-2.42026448249817,28.5000648498535,-0.00634411908686161,0.317335397005081
-2.16627860069275,28.5029125213623,-0.00579420430585742,0.317192137241364
-1.91230797767639,28.505729675293,-0.00495441537350416,0.317050293087959
-1.65776348114014,28.5086078643799,-0.00652694143354893,0.316954389214516
-1.40271198749542,28.5113735198975,-0.0101914824917912,0.316900104284286
-1.14850556850433,28.5141868591309,-0.00976151973009109,0.316844820976257
-0.894714713096619,28.5170555114746,-0.0072201699949801,0.316762000322342
-0.640855371952057,28.5200958251953,-0.00477953581139445,0.316724866628647
-0.386422991752625,28.5228958129883,-0.0047280085273087,0.316724061965942
-0.131941869854927,28.5254211425781,-0.0046767950989306,0.316728234291077
0.122665792703629,28.5280437469482,-0.00497698271647096,0.316713273525238
0.377256274223328,28.5310020446777,-0.00497821159660816,0.316764518618584
0.631743311882019,28.5340023040771,-0.00429375329986215,0.316847443580627
0.886002540588379,28.5370407104492,-0.00236958358436823,0.316908717155457
1.14027345180511,28.5400505065918,-0.00028601213125512,0.317003220319748
1.3947479724884,28.5430374145508,0.00109901768155396,0.317101269960403
1.64914894104004,28.545934677124,0.0030257145408541,0.31719896197319
1.90359008312225,28.5488052368164,0.00498498044908047,0.317329242825508
2.15814352035522,28.5517349243164,0.00665609398856759,0.317473083734512
2.41321969032288,28.5546112060547,0.00622176378965378,0.317619442939758
2.6688506603241,28.5576877593994,0.00355332274921238,0.317774832248688
2.92423677444458,28.5608558654785,0.00219516246579587,0.317880108952522
3.17931699752808,28.5639038085938,0.00240915594622493,0.318012073636055
3.43413758277893,28.5668697357178,0.00398417748510838,0.318184673786163
3.68943810462952,28.5697422027588,0.00366442883387208,0.318482041358948
3.94455027580261,28.5725402832031,0.00438984157517552,0.318728342652321
4.19925117492676,28.5753726959229,0.00712891994044185,0.318927720189095
4.45381689071655,28.5782375335693,0.0106652220711112,0.319114372134209
4.70886945724487,28.5811996459961,0.0122856963425875,0.319375053048134
4.96424961090088,28.5842533111572,0.0126927644014359,0.31970588862896
5.21997117996216,28.5874156951904,0.0118366116657853,0.320035666227341
5.47606086730957,28.5905017852783,0.00960610713809729,0.320283710956573
5.73221349716187,28.5934600830078,0.00733202090486884,0.320491120219231
5.98757076263428,28.596622467041,0.00871384050697088,0.320820808410645
6.24306201934814,28.5997905731201,0.00973277166485786,0.321131765842438
6.49711847305298,28.6032028198242,0.0171283092349768,0.321529716253281
6.75059604644775,28.6065559387207,0.0271941591054201,0.32184761762619
-7.7388334274292,28.1949768066406,-0.0216048955917358,0.321726679801941
-7.48691940307617,28.1976470947266,-0.0157884135842323,0.321460142731667
-7.23380613327026,28.2001438140869,-0.0155356917530298,0.321244686841965
-6.98104047775269,28.202657699585,-0.0133919166401029,0.320976659655571
-6.72742509841919,28.2051582336426,-0.0150971654802561,0.320792526006699
-6.47358417510986,28.2076835632324,-0.0176500137895346,0.320533618330956
-6.21987390518188,28.2103157043457,-0.0193447526544333,0.320196747779846
-5.96622323989868,28.212926864624,-0.0205253213644028,0.319784611463547
-5.71319723129272,28.2156600952148,-0.0185151379555464,0.319400146603584
-5.460289478302,28.2183418273926,-0.0157304704189301,0.31911788880825
-5.20669460296631,28.2209033966064,-0.0159795247018337,0.318840086460114
-4.95247077941895,28.2235488891602,-0.0189677830785513,0.318569719791412
-4.69915866851807,28.2263164520264,-0.0174332652240992,0.318334266543388
-4.44627571105957,28.2291622161865,-0.013669328764081,0.318071454763412
-4.19268178939819,28.231954574585,-0.0130284251645207,0.317809894680977
-3.93861532211304,28.2345733642578,-0.0143719594925642,0.317581936717033
-3.68507504463196,28.2372303009033,-0.0130361141636968,0.317430689930916
-3.4315779209137,28.239953994751,-0.0112833753228188,0.317242980003357
-3.17804360389709,28.2426795959473,-0.00948666501790285,0.316995024681091
-2.9240870475769,28.2454147338867,-0.0094326538965106,0.316790461540222
-2.66998505592346,28.2482357025146,-0.00982829090207815,0.316713720560074
-2.41616678237915,28.2510681152344,-0.00869213603436947,0.316670358181
-2.16275668144226,28.2538642883301,-0.00545985950157046,0.316568002104759
-1.90905237197876,28.2566356658936,-0.00337105989456177,0.31642110645771
-1.65437293052673,28.2594718933105,-0.00553914112970233,0.316288679838181
-1.39925682544708,28.2622203826904,-0.00947398040443659,0.316226035356522
-1.14497721195221,28.2649898529053,-0.00935372430831194,0.316196039319038
-0.891323983669281,28.2677936553955,-0.00615924643352628,0.316132709383965
-0.637403070926666,28.270751953125,-0.00397448800504208,0.316080063581467
-0.382758647203445,28.2734870910645,-0.00485955830663443,0.316071897745132
-0.127966269850731,28.2760276794434,-0.00619032653048635,0.31608310341835
0.126646339893341,28.2786903381348,-0.00648318324238062,0.316057786345482
0.381180137395859,28.2816848754883,-0.00619935570284724,0.316105961799622
0.635403692722321,28.2846813201904,-0.00430100271478295,0.316168531775475
0.889468014240265,28.2876396179199,-0.00147529190871865,0.316212564706802
1.14379966259003,28.290506362915,0.000360786041710526,0.316274046897888
1.39831399917603,28.2934474945068,0.00159224576782435,0.316358432173729
1.65277826786041,28.296350479126,0.00326132774353027,0.316468760371208
1.90721273422241,28.2992706298828,0.00527569744735956,0.31663504242897
2.16189885139465,28.3021602630615,0.0063832588493824,0.316826403141022
2.41707801818848,28.3049697875977,0.00551800150424242,0.316973343491554
2.67258930206299,28.307991027832,0.00340563547797501,0.317121401429176
2.9279248714447,28.311092376709,0.00229720724746585,0.317277073860168
3.18297052383423,28.3141021728516,0.00268941395916045,0.317464008927345
3.43801641464233,28.3170413970947,0.00329746399074793,0.317640498280525
3.69332671165466,28.3199653625488,0.00296073849312961,0.317870438098907
3.94833993911743,28.3229427337646,0.00414631608873606,0.318135932087898
4.20315885543823,28.3258571624756,0.0063944417051971,0.318383157253265
4.45774364471436,28.3287029266357,0.0098741352558136,0.31861512362957
4.71266269683838,28.331470489502,0.0121019994840026,0.318869948387146
4.96774005889893,28.3344707489014,0.0138498321175575,0.319201871752739
5.22343921661377,28.3375587463379,0.0131115177646279,0.319556012749672
5.47958660125732,28.3405799865723,0.0106540052220225,0.319840848445892
5.73564291000366,28.3434600830078,0.00881701707839966,0.320045635104179
5.99088716506958,28.3465976715088,0.0107080647721887,0.320294693112373
6.24640512466431,28.3498268127441,0.0116289192810655,0.32055638730526
6.50075483322144,28.3533020019531,0.0177848059684038,0.320893436670303
6.75425815582275,28.3568286895752,0.0277611389756203,0.321288019418716
-7.73576593399048,27.9462203979492,-0.0196602419018745,0.321260750293732
-7.48385095596313,27.9488620758057,-0.0138274542987347,0.320982694625854
-7.23152589797974,27.9514026641846,-0.0097660580649972,0.320759505033493
-6.97790479660034,27.9538307189941,-0.0117100272327662,0.320496246218681
-6.72483396530151,27.9563312530518,-0.0107898926362395,0.32028628885746
-6.47090816497803,27.9588603973389,-0.0137294800952077,0.320030838251114
-6.21662282943726,27.9614753723145,-0.0181464441120625,0.31967656314373
-5.9624171257019,27.9640636444092,-0.0219402853399515,0.319228410720825
-5.70925426483154,27.966796875,-0.0205509699881077,0.318857252597809
-5.45651721954346,27.9694862365723,-0.0169280860573053,0.318557798862457
-5.20355558395386,27.972074508667,-0.0141587425023317,0.31827948987484
-4.95004415512085,27.9746074676514,-0.0137675683945417,0.317997232079506
-4.6969165802002,27.9773025512695,-0.0113503132015467,0.31778322160244
-4.44374465942383,27.9801445007324,-0.00892843119800091,0.317578092217445
-4.18967533111572,27.9828948974609,-0.0104943253099918,0.317270800471306
-3.93525338172913,27.9855289459229,-0.0134778972715139,0.316958904266357
-3.68156027793884,27.9882488250732,-0.0128302145749331,0.316774755716324
-3.42810797691345,27.9909439086914,-0.0108409076929092,0.316602975130081
-3.17443299293518,27.993579864502,-0.00967254303395748,0.316370949149132
-2.92027378082275,27.9962158203125,-0.0105291921645403,0.316133856773376
-2.66591143608093,27.9990177154541,-0.0120989605784416,0.316020980477333
-2.41206765174866,28.0019359588623,-0.0110484156757593,0.315968930721283
-2.15875768661499,28.0047454833984,-0.00732380989938974,0.315891623497009
-1.90523386001587,28.0074157714844,-0.00437477976083755,0.315765559673309
-1.65072095394135,28.010232925415,-0.00575024029240012,0.315642803907394
-1.39569425582886,28.0130500793457,-0.00924905855208635,0.315570220351219
-1.14124417304993,28.0158615112305,-0.00987990945577621,0.315522059798241
-0.887436628341675,28.0186214447021,-0.00736051704734564,0.315443113446236
-0.633294999599457,28.0212326049805,-0.0061491122469306,0.315370872616768
-0.378799051046371,28.0239505767822,-0.00632930546998978,0.315343350172043
-0.124071732163429,28.0266189575195,-0.00733554922044277,0.315381810069084
0.130465894937515,28.0294933319092,-0.00726046226918697,0.315389826893806
0.384835451841354,28.032470703125,-0.00620786147192121,0.315413385629654
0.638762652873993,28.0354423522949,-0.00294947414658964,0.315487429499626
0.89260470867157,28.0383625030518,0.000897483201697469,0.315526783466339
1.14696288108826,28.0411586761475,0.00263648643158376,0.315562084317207
1.40156209468842,28.0439605712891,0.00351042463444173,0.315618470311165
1.65619277954102,28.0467472076416,0.00445945700630546,0.315732136368752
1.91084921360016,28.0496501922607,0.00550965452566743,0.315921634435654
2.16568803787231,28.0525131225586,0.00596376648172736,0.316145941615105
2.42069149017334,28.0553722381592,0.00590573251247406,0.316321328282356
2.67577695846558,28.0583019256592,0.00570247415453196,0.316468983888626
2.93116116523743,28.06130027771,0.00439971219748259,0.31665013730526
3.18637490272522,28.0642337799072,0.00407321518287063,0.31687243282795
3.44160223007202,28.0671691894531,0.00390616129152477,0.317082926630974
3.69673800468445,28.0701675415039,0.00436021387577057,0.317295879125595
3.95190858840942,28.0732593536377,0.00487711885944009,0.317564338445663
4.20705556869507,28.0762042999268,0.00571439880877733,0.317841142416
4.4618067741394,28.0790748596191,0.00849359668791294,0.318079710006714
4.71663856506348,28.0817699432373,0.0111303264275193,0.318349048495293
4.97159194946289,28.0846309661865,0.0134440110996366,0.318697825074196
5.22729825973511,28.0875988006592,0.0126997381448746,0.319082155823708
5.48330068588257,28.0905475616455,0.0108951786532998,0.319385528564453
5.739098072052,28.0935153961182,0.01020138990134,0.319594159722328
5.9941291809082,28.0967102050781,0.0130313578993082,0.319793209433556
6.24961519241333,28.0998210906982,0.0141100268810987,0.320034891366959
6.50410461425781,28.1032562255859,0.0196834169328213,0.320293232798576
-7.7324595451355,27.6974658966064,-0.0188779458403587,0.320838361978531
-7.48008251190186,27.6999607086182,-0.0152460895478725,0.320579469203949
-7.22794723510742,27.7023754119873,-0.0102445306256413,0.320398777723312
-6.97428035736084,27.7048568725586,-0.0123796686530113,0.320127591490746
-6.72118330001831,27.7072257995605,-0.0115592991933227,0.319824978709221
-6.46700716018677,27.709716796875,-0.0156656447798014,0.319493055343628
-6.21297407150269,27.7123928070068,-0.018847893923521,0.319115296006203
-5.95914316177368,27.7152194976807,-0.0208354406058788,0.318700894713402
-5.70550966262817,27.7179985046387,-0.0216512139886618,0.318321973085403
-5.45258951187134,27.7206268310547,-0.0188670102506876,0.317971125245094
-5.19989728927612,27.7232494354248,-0.0147946514189243,0.317691996693611
-4.94715452194214,27.725700378418,-0.0107533102855086,0.31738518178463
-4.69422054290771,27.7283630371094,-0.00740557862445712,0.31717137992382
-4.4409441947937,27.7311363220215,-0.00545580964535475,0.317007884383202
-4.18687677383423,27.7338848114014,-0.00699362671002746,0.31672640144825
-3.9324107170105,27.7366104125977,-0.010163452476263,0.316361844539642
-3.67835116386414,27.7392673492432,-0.0112027516588569,0.316071256995201
-3.42476296424866,27.7419013977051,-0.00982258375734091,0.315904781222343
-3.17089581489563,27.7445240020752,-0.00951991882175207,0.315717101097107
-2.91675710678101,27.7471618652344,-0.010254436172545,0.315482065081596
-2.66217827796936,27.7498989105225,-0.012797606177628,0.31534406542778
-2.4080216884613,27.7527732849121,-0.0131607679650187,0.315241888165474
-2.15443706512451,27.7556171417236,-0.0106687154620886,0.315134912729263
-1.90076124668121,27.7582511901855,-0.00838385615497828,0.315034374594688
-1.64623212814331,27.7609958648682,-0.00979785993695259,0.314930886030197
-1.39139020442963,27.7637329101562,-0.0124155953526497,0.314850375056267
-1.1371603012085,27.7666187286377,-0.0120072420686483,0.314753100275993
-0.883411109447479,27.769458770752,-0.00919056124985218,0.31465670466423
-0.629241049289703,27.7720069885254,-0.0080772303044796,0.314608573913574
-0.375018298625946,27.7745914459229,-0.00698675680905581,0.314563229680061
-0.120687276124954,27.7772483825684,-0.0061704246327281,0.314584136009216
0.133554980158806,27.7802715301514,-0.00473650591447949,0.314606845378876
0.387744575738907,27.7832870483398,-0.00285086571238935,0.314654052257538
0.641720116138458,27.7862281799316,0.000209930571145378,0.314747139811516
0.895679771900177,27.7891483306885,0.00354968197643757,0.314870595932007
1.15004646778107,27.7918720245361,0.0052719390951097,0.314966827630997
1.40465152263641,27.7946300506592,0.00614112056791782,0.315002545714378
1.65945243835449,27.7973518371582,0.00635241437703371,0.315087884664536
1.91444456577301,27.8001556396484,0.00593025656417012,0.31524270772934
2.16931128501892,27.802978515625,0.00628677243366838,0.315423101186752
2.42411756515503,27.8058319091797,0.00712788617238402,0.315587311983109
2.67902159690857,27.808650970459,0.00775280641391873,0.315743133425713
2.9343056678772,27.8115577697754,0.00691463658586144,0.315940365195274
3.18943619728088,27.8145198822021,0.00697510177269578,0.316231295466423
3.44464516639709,27.8174781799316,0.00690893270075321,0.316510990262032
3.70007920265198,27.8204326629639,0.00607347069308162,0.316748708486557
3.955646276474,27.8234100341797,0.00487571535632014,0.317007645964622
4.21126651763916,27.8263835906982,0.00366858579218388,0.317269191145897
4.46615171432495,27.8292655944824,0.00589220970869064,0.317535445094109
4.72099876403809,27.8320426940918,0.00849242880940437,0.317862465977669
4.97603797912598,27.8349342346191,0.0104645993560553,0.318227291107178
5.23153781890869,27.8378562927246,0.0106466365978122,0.318601131439209
5.48712253570557,27.8407230377197,0.0106784291565418,0.318922534584999
5.74237775802612,27.8437519073486,0.012351555749774,0.31915357708931
5.99722766876221,27.8469085693359,0.0159842818975449,0.319375932216644
6.25254249572754,27.850004196167,0.0178177617490292,0.319586738944054
6.50696420669556,27.8533611297607,0.0236968714743853,0.319795399904251
-7.4756293296814,27.4509334564209,-0.0199709106236696,0.320261970162392
-7.22388935089111,27.4533576965332,-0.0130322678014636,0.320123076438904
-6.97061920166016,27.4557228088379,-0.0132351722568274,0.319795340299606
-6.71685743331909,27.4584102630615,-0.015563540160656,0.319362416863441
-6.46296167373657,27.4609680175781,-0.0182970762252808,0.318927884101868
-6.20971012115479,27.4636974334717,-0.0177264120429754,0.318511769175529
-5.95633554458618,27.4664916992188,-0.0175212267786264,0.318116813898087
-5.70250129699707,27.4692535400391,-0.0192687381058931,0.317760646343231
-5.44915676116943,27.4719009399414,-0.0184712577611208,0.317382276058197
-5.19614219665527,27.4745044708252,-0.0158944167196751,0.317078337073326
-4.94338893890381,27.4769096374512,-0.0118740079924464,0.316760540008545
-4.69067192077637,27.4795036315918,-0.00747577240690589,0.316537216305733
-4.43762159347534,27.4821949005127,-0.00443786522373557,0.316369831562042
-4.18388700485229,27.4849548339844,-0.00439117942005396,0.316081896424294
-3.92954730987549,27.4877433776855,-0.00694981683045626,0.315709039568901
-3.67533206939697,27.4903736114502,-0.00869379378855228,0.315342083573341
-3.42127871513367,27.4929256439209,-0.0094543918967247,0.315095946192741
-3.16712617874146,27.4955196380615,-0.010449237190187,0.314927905797958
-2.91309213638306,27.4981803894043,-0.0106699159368873,0.31475542485714
-2.65877819061279,27.5009212493896,-0.0119605511426926,0.314609095454216
-2.40455508232117,27.5037612915039,-0.0126043269410729,0.314497545361519
-2.15078067779541,27.5065937042236,-0.0109589444473386,0.314413592219353
-1.89687263965607,27.5092334747314,-0.00971219688653946,0.314310938119888
-1.64186441898346,27.5118541717529,-0.0132914679124951,0.314194366335869
-1.38690114021301,27.5145416259766,-0.016428479924798,0.314054995775223
-1.13300359249115,27.5174999237061,-0.0144677488133311,0.313887804746628
-0.87968385219574,27.5202713012695,-0.00966213643550873,0.313820704817772
-0.625616908073425,27.522891998291,-0.00805143360048532,0.313797518610954
-0.371615201234818,27.5255260467529,-0.00593065889552236,0.313745081424713
-0.117807433009148,27.5282421112061,-0.00272047729231417,0.313753068447113
0.135989010334015,27.531156539917,0.000747682875953615,0.313834846019745
0.390224546194077,27.5341243743896,0.00244235573336482,0.313938051462173
0.64457780122757,27.5370121002197,0.00382066494785249,0.314059346914291
0.898830711841583,27.5398979187012,0.00586379785090685,0.314187526702881
1.1532986164093,27.5425777435303,0.00715525401756167,0.314335882663727
1.40793287754059,27.5452632904053,0.00791742000728846,0.314400434494019
1.6627482175827,27.5480003356934,0.00808788742870092,0.314459457993507
1.91787815093994,27.5507678985596,0.00707594817504287,0.314584881067276
2.17274308204651,27.5536022186279,0.00746444007381797,0.31471936404705
2.42757344245911,27.5563850402832,0.00822412315756083,0.314899101853371
2.68242454528809,27.559139251709,0.00910735595971346,0.315071552991867
2.93753790855408,27.5620136260986,0.00904684606939554,0.315307170152664
3.19274282455444,27.5649700164795,0.00880152452737093,0.315613359212875
3.44809913635254,27.5678329467773,0.00810970924794674,0.315919354557991
3.70382928848267,27.5706634521484,0.00599790643900633,0.316189482808113
3.95963621139526,27.5735092163086,0.0037767116446048,0.316434249281883
4.21542596817017,27.5763874053955,0.00185626547317952,0.316675439476967
4.47027730941772,27.5793209075928,0.00425819959491491,0.316956475377083
4.72504854202271,27.582311630249,0.0072152060456574,0.317303702235222
4.98014307022095,27.5853309631348,0.0089746518060565,0.317679703235626
5.23538589477539,27.5882301330566,0.0102996397763491,0.31807254254818
5.49050617218018,27.5910587310791,0.0123683735728264,0.318427532911301
5.74547624588013,27.5940723419189,0.015294867567718,0.318689733743668
6.00067186355591,27.5971069335938,0.0174550078809261,0.318983241915703
6.25534963607788,27.6003437042236,0.0220518931746483,0.319189950823784
6.50960159301758,27.6037101745605,0.0286742337048054,0.31939460337162
-7.47130870819092,27.201997756958,-0.0240651536732912,0.320001915097237
-7.22009229660034,27.204776763916,-0.014578141272068,0.319819509983063
-6.96641254425049,27.2072315216064,-0.0167136993259192,0.319403246045113
-6.71305656433105,27.2099800109863,-0.0170687641948462,0.318892240524292
-6.45944690704346,27.2125453948975,-0.0184059329330921,0.318383187055588
-6.20642995834351,27.2152557373047,-0.0166905149817467,0.317930221557617
-5.95321702957153,27.2179851531982,-0.015690989792347,0.317517325282097
-5.69917297363281,27.2206439971924,-0.0184123795479536,0.317147418856621
-5.44580554962158,27.2232551574707,-0.0176957547664642,0.316772058606148
-5.19253778457642,27.2258720397949,-0.0162871517241001,0.3164451867342
-4.93940210342407,27.2283229827881,-0.0140411667525768,0.31612990796566
-4.68667030334473,27.230884552002,-0.00968012120574713,0.315910458564758
-4.43380975723267,27.2334365844727,-0.0057186670601368,0.315719217061996
-4.18042993545532,27.2360515594482,-0.0039817332290113,0.315425083041191
-3.92613220214844,27.2387866973877,-0.00631670700386167,0.315046712756157
-3.6718168258667,27.2413921356201,-0.00850129313766956,0.314652219414711
-3.41754770278931,27.2439498901367,-0.0102381007745862,0.314363822340965
-3.16350650787354,27.2466354370117,-0.0106863109394908,0.314202427864075
-2.90968370437622,27.2493495941162,-0.00989987328648567,0.314057692885399
-2.65567374229431,27.2520618438721,-0.00975897256284952,0.313908323645592
-2.40160512924194,27.2548389434814,-0.00966714508831501,0.313764095306396
-2.14768314361572,27.2575931549072,-0.00867880415171385,0.313667297363281
-1.89354956150055,27.2602348327637,-0.00844461098313332,0.31354758143425
-1.6383250951767,27.2627849578857,-0.0129885822534561,0.313382282853127
-1.38349211215973,27.2654094696045,-0.0155023466795683,0.313231498003006
-1.12957239151001,27.2682361602783,-0.0136167025193572,0.313095211982727
-0.876046299934387,27.2710742950439,-0.00972465705126524,0.31307315826416
-0.62175989151001,27.2737922668457,-0.00908334273844957,0.313044488430023
-0.367865920066833,27.2764320373535,-0.00644398387521505,0.312954470515251
-0.114431001245975,27.2791481018066,-0.00151718279812485,0.312946259975433
0.138895556330681,27.2819385528564,0.00409903284162283,0.313096225261688
0.39306116104126,27.284725189209,0.00613015983253717,0.313265755772591
0.64771556854248,27.2875595092773,0.00617403769865632,0.313342556357384
0.90226936340332,27.290412902832,0.00688932277262211,0.313472926616669
1.15698421001434,27.2931938171387,0.00709965452551842,0.313594326376915
1.41150176525116,27.2958583831787,0.00841140188276768,0.313684284687042
1.6661137342453,27.2986068725586,0.00951557699590921,0.313730895519257
1.92117702960968,27.301399230957,0.00882487837225199,0.313838601112366
2.1763322353363,27.3042392730713,0.00794716738164425,0.314014419913292
2.43146586418152,27.3069591522217,0.00738775497302413,0.314234852790833
2.68632221221924,27.3096790313721,0.00827720202505589,0.314442545175552
2.94120526313782,27.3125267028809,0.00926236435770988,0.314684867858887
3.1965491771698,27.3153495788574,0.0084308423101902,0.314966559410095
3.45202541351318,27.3180980682373,0.00723948981612921,0.315282076597214
3.70767283439636,27.3208694458008,0.00551984226331115,0.315581977367401
3.96319818496704,27.3236465454102,0.00455960538238287,0.315823808312416
4.21881294250488,27.3264579772949,0.00343019189313054,0.316069930791855
4.47364473342896,27.3294677734375,0.0059388130903244,0.316384226083755
4.72842407226562,27.3326282501221,0.00888164434581995,0.316721171140671
4.98366594314575,27.3356742858887,0.0100218057632446,0.317093044519424
5.2388596534729,27.3385467529297,0.0115846637636423,0.317499309778214
5.49377584457397,27.3413619995117,0.0145601751282811,0.317899972200394
5.74867963790894,27.3442821502686,0.0177946798503399,0.318217158317566
6.00368356704712,27.3473777770996,0.0207999553531408,0.318508595228195
6.25841283798218,27.3505744934082,0.0251932758837938,0.318773478269577
6.51254844665527,27.3541984558105,0.0323340818285942,0.319049283862114
-7.21677875518799,26.9566745758057,-0.0138126732781529,0.319375276565552
-6.96268844604492,26.9591484069824,-0.0178895555436611,0.318920582532883
-6.70941591262817,26.9616928100586,-0.0178146474063396,0.318410456180573
-6.45627164840698,26.9641876220703,-0.0169032830744982,0.317924678325653
-6.20304822921753,26.9667778015137,-0.0161474719643593,0.317438721656799
-5.9494514465332,26.969331741333,-0.0169441737234592,0.316992565989494
-5.69556331634521,26.971996307373,-0.0188942458480597,0.316611647605896
-5.44238424301147,26.9746417999268,-0.0172593984752893,0.316246554255486
-5.18902587890625,26.9771633148193,-0.0162516832351685,0.315908685326576
-4.93550539016724,26.9796314239502,-0.0157898478209972,0.315605759620667
-4.68263149261475,26.9821949005127,-0.0120639875531197,0.315350145101547
-4.4298038482666,26.9847068786621,-0.00791591592133045,0.315097644925117
-4.17667865753174,26.9872398376465,-0.00495516927912831,0.314758330583572
-3.92241597175598,26.9898815155029,-0.00709528895094991,0.314373672008514
-3.66811776161194,26.9924659729004,-0.00916937924921513,0.313970282673836
-3.41400170326233,26.9951095581055,-0.0101635670289397,0.313661351799965
-3.16006588935852,26.9978332519531,-0.0100956037640572,0.313493430614471
-2.90620756149292,27.0004863739014,-0.00944655761122704,0.313338220119476
-2.65229225158691,27.0031585693359,-0.0088399276137352,0.313191145658493
-2.39862847328186,27.0058403015137,-0.00685467990115285,0.313037782907486
-2.144855260849,27.0085277557373,-0.00515932217240334,0.312894210219383
-1.89053690433502,27.011157989502,-0.00575210712850094,0.312718957662582
-1.63559114933014,27.0137405395508,-0.00899644009768963,0.31253544986248
-1.38092052936554,27.016321182251,-0.0107468562200665,0.312446221709251
-1.1267386674881,27.0190830230713,-0.0100387912243605,0.312385752797127
-0.872661173343658,27.021800994873,-0.00863711722195148,0.312364473938942
-0.617974817752838,27.0244922637939,-0.00978755857795477,0.31226547062397
-0.36401030421257,27.0272827148438,-0.00743859726935625,0.312156617641449
-0.110545985400677,27.0299396514893,-0.00261443224735558,0.312207922339439
0.142796576023102,27.0326175689697,0.0029601261485368,0.312411814928055
0.396733164787292,27.0352535247803,0.0060545401647687,0.312570154666901
0.651237845420837,27.038028717041,0.00680040987208486,0.312601536512375
0.905919373035431,27.0409297943115,0.00696857925504446,0.312690004706383
1.16072475910187,27.0438232421875,0.00680101476609707,0.312807470560074
1.41527760028839,27.0465793609619,0.00798334740102291,0.312926813960075
1.66988933086395,27.0492877960205,0.00911713112145662,0.312967374920845
1.92480885982513,27.0519886016846,0.00909507088363171,0.313067674636841
2.17999887466431,27.0548343658447,0.00808990094810724,0.3132703602314
2.43536376953125,27.0576324462891,0.00653255684301257,0.313540175557137
2.69037842750549,27.0603828430176,0.00674904650077224,0.313817143440247
2.94533061981201,27.0631217956543,0.00746016995981336,0.314072012901306
3.20056390762329,27.0657615661621,0.00714833848178387,0.314326897263527
3.45578718185425,27.068416595459,0.00709896301850677,0.314630627632141
3.71112966537476,27.0711917877197,0.00674507906660438,0.31491231918335
3.96631097793579,27.0740642547607,0.00731575349345803,0.315178439021111
4.22162818908691,27.0768985748291,0.00750882690772414,0.315452665090561
4.47660303115845,27.079776763916,0.00941147655248642,0.315825328230858
4.73145914077759,27.082893371582,0.0120400916785002,0.316181913018227
4.98684644699097,27.085916519165,0.0125668849796057,0.316564038395882
5.24219655990601,27.0886707305908,0.0134725533425808,0.316969677805901
5.49716138839722,27.0914516448975,0.0162584781646729,0.317334681749344
5.75223445892334,27.0943660736084,0.0187840331345797,0.317677050828934
6.00680637359619,27.0973739624023,0.0236756559461355,0.317939653992653
6.26161193847656,27.1003475189209,0.0277615170925856,0.318246245384216
-7.21298599243164,26.7085056304932,-0.0153570733964443,0.318821951746941
-6.95893239974976,26.7109375,-0.019227646291256,0.318394005298615
-6.70599842071533,26.7133693695068,-0.0175006464123726,0.317928597331047
-6.45309257507324,26.7158031463623,-0.0154239917173982,0.317460656166077
-6.19997310638428,26.7183036804199,-0.0141503252089024,0.317004486918449
-5.9462776184082,26.7208347320557,-0.0153929889202118,0.316536113619804
-5.69246006011963,26.7234916687012,-0.0169846601784229,0.316102847456932
-5.43925380706787,26.7260761260986,-0.0154523868113756,0.315743014216423
-5.18577814102173,26.7285041809082,-0.0149748390540481,0.315407425165176
-4.93223237991333,26.7309417724609,-0.0146050984039903,0.315063312649727
-4.67919158935547,26.7335205078125,-0.0116393249481916,0.314722552895546
-4.42610025405884,26.736026763916,-0.00870121642947197,0.314410671591759
-4.17292261123657,26.7385997772217,-0.00595375802367926,0.314057052135468
-3.91866135597229,26.7412376403809,-0.00805746670812368,0.313687190413475
-3.66451692581177,26.7438259124756,-0.00938302464783192,0.313300862908363
-3.41065263748169,26.7463970184326,-0.00917802751064301,0.312984868884087
-3.15678739547729,26.7489490509033,-0.00875549297779799,0.312784999608994
-2.90274739265442,26.7515544891357,-0.00892161391675472,0.312596201896667
-2.64850401878357,26.7541790008545,-0.00980303343385458,0.312428012490273
-2.3948380947113,26.7567882537842,-0.0077970689162612,0.312272071838379
-2.14127206802368,26.7593955993652,-0.00511710066348314,0.312121137976646
-1.88710629940033,26.7620372772217,-0.00498022604733706,0.311909705400467
-1.63262498378754,26.7646389007568,-0.00606884714215994,0.311734199523926
-1.37833189964294,26.7672367095947,-0.00607017846778035,0.311662495136261
-1.12410056591034,26.7699851989746,-0.00556875579059124,0.31165586411953
-0.869558691978455,26.7726440429688,-0.0062623112462461,0.311612904071808
-0.614866614341736,26.7753028869629,-0.00741487462073565,0.311495617032051
-0.360763609409332,26.7779998779297,-0.00566999800503254,0.311452478170395
-0.106685981154442,26.7807121276855,-0.00359709374606609,0.311526149511337
0.147262051701546,26.7833251953125,-0.000726627593394369,0.311726495623589
0.40136992931366,26.7859897613525,0.0016316189430654,0.311806932091713
0.655430912971497,26.7886753082275,0.00441106595098972,0.311756685376167
0.909691393375397,26.7915954589844,0.00650253426283598,0.31182461977005
1.1644059419632,26.7945423126221,0.00677096098661423,0.312003150582314
1.41914558410645,26.7973117828369,0.0071463119238615,0.312191694974899
1.67395341396332,26.7999610900879,0.00743500562384725,0.312289744615555
1.92874193191528,26.8026599884033,0.0080279940739274,0.3123799264431
2.18379259109497,26.8054733276367,0.00767229124903679,0.31254655122757
2.43911933898926,26.8083076477051,0.00631209975108504,0.312819808721542
2.69434714317322,26.8111038208008,0.00561386439949274,0.313117772340775
2.94959163665771,26.8137664794922,0.00506421504542232,0.313371956348419
3.20462441444397,26.8162651062012,0.00566860288381577,0.313652887940407
3.45945191383362,26.8188705444336,0.00739122275263071,0.313982024788857
3.71436929702759,26.8216590881348,0.00893002841621637,0.314280539751053
3.9694299697876,26.8246688842773,0.0100515875965357,0.314560025930405
4.22455930709839,26.8275966644287,0.0110853491351008,0.314881876111031
4.47954368591309,26.8304214477539,0.0129666505381465,0.315303087234497
4.73457765579224,26.8332824707031,0.0148417949676514,0.315743982791901
4.9900074005127,26.836109161377,0.0152053823694587,0.316152766346931
5.24538135528564,26.8388710021973,0.0160292182117701,0.316531792283058
5.50070190429688,26.8416843414307,0.0172960963100195,0.316844642162323
5.75574684143066,26.8444538116455,0.0199670735746622,0.317144066095352
6.01027774810791,26.84743309021,0.0250596348196268,0.317353501915932
6.26483154296875,26.850118637085,0.0302512813359499,0.317649155855179
-7.2084813117981,26.4601726531982,-0.0203286223113537,0.318176731467247
-6.95496845245361,26.4624366760254,-0.0215676538646221,0.317845925688744
-6.70254945755005,26.4647598266602,-0.0173478815704584,0.317472591996193
-6.44973516464233,26.4671592712402,-0.014806023798883,0.316992029547691
-6.19678544998169,26.4696922302246,-0.0126950973644853,0.316548779606819
-5.94333124160767,26.4722576141357,-0.01276577077806,0.316061317920685
-5.68957281112671,26.4748859405518,-0.0140561191365123,0.315612018108368
-5.43605899810791,26.4774723052979,-0.0139553165063262,0.315229892730713
-5.18263101577759,26.4799480438232,-0.0132278650999069,0.314871206879616
-4.92937088012695,26.4824180603027,-0.0114893419668078,0.314450949430466
-4.67620182037354,26.4849014282227,-0.00910470634698868,0.314049646258354
-4.42271041870117,26.4874324798584,-0.00801753997802734,0.313702240586281
-4.1691312789917,26.4899845123291,-0.00712335575371981,0.31336835026741
-3.91500520706177,26.4926433563232,-0.00856269616633654,0.31297267973423
-3.66115164756775,26.4951725006104,-0.00850326381623745,0.312597632408142
-3.4073121547699,26.4975509643555,-0.00815557222813368,0.312307745218277
-3.15331554412842,26.499963760376,-0.00831439346075058,0.312121599912643
-2.89889311790466,26.5025253295898,-0.0102230664342642,0.311907768249512
-2.64440488815308,26.5051784515381,-0.0122056100517511,0.311667233705521
-2.39067482948303,26.5078163146973,-0.0104609793052077,0.31148773431778
-2.13726019859314,26.5104904174805,-0.0070499056018889,0.311332300305367
-1.88348484039307,26.5131187438965,-0.0050870468840003,0.31113401055336
-1.62924039363861,26.515739440918,-0.00506024062633514,0.310993939638138
-1.37524545192719,26.5183658599854,-0.00367138627916574,0.310903772711754
-1.12123715877533,26.5210418701172,-0.00212772749364376,0.310890689492226
-0.866771936416626,26.5236835479736,-0.00245037814602256,0.310810983181
-0.612163424491882,26.5262680053711,-0.00320147280581295,0.31070901453495
-0.357674151659012,26.528902053833,-0.00318807526491582,0.310702174901962
-0.103072144091129,26.5315284729004,-0.0034644475672394,0.310776904225349
0.151487693190575,26.5341053009033,-0.00332853966392577,0.310933813452721
0.405762642621994,26.5368251800537,-0.00168939563445747,0.311013326048851
0.659630179405212,26.5395584106445,0.00199558702297509,0.310993283987045
0.913605570793152,26.5424022674561,0.00540052400901914,0.311045989394188
1.16823577880859,26.5451984405518,0.00607822090387344,0.31122513115406
1.42335557937622,26.5479145050049,0.00478392327204347,0.311471715569496
1.67852544784546,26.5505676269531,0.00349091738462448,0.311638742685318
1.93330550193787,26.5533084869385,0.00415791803970933,0.311725437641144
2.18806076049805,26.5561618804932,0.0051507605239749,0.311846077442169
2.4429771900177,26.5590515136719,0.00564232794567943,0.312088847160339
2.69807052612305,26.5618133544922,0.0055687497369945,0.312367245554924
2.95353364944458,26.5644359588623,0.0040819738060236,0.312613233923912
3.20873403549194,26.5669021606445,0.0039779101498425,0.312977716326714
3.46336126327515,26.5695190429688,0.00661216117441654,0.313346669077873
3.71789360046387,26.5723972320557,0.0098691126331687,0.313692286610603
3.9728262424469,26.5753746032715,0.0115769691765308,0.313991904258728
4.22795534133911,26.5782890319824,0.0126360701397061,0.31431882083416
4.48303890228271,26.5810489654541,0.0141101712360978,0.314743116497993
4.73801708221436,26.5837631225586,0.0162515640258789,0.315257906913757
4.99314451217651,26.5865612030029,0.0179555341601372,0.315721586346626
5.24839067459106,26.5893440246582,0.0193523876368999,0.316098093986511
5.50409555435181,26.5919914245605,0.0189766194671392,0.316515475511551
5.75930976867676,26.5948257446289,0.0209379326552153,0.316696852445602
6.01413154602051,26.5978469848633,0.0248003527522087,0.316846698522568
-6.95150232315063,26.2136993408203,-0.0215316582471132,0.317374289035797
-6.69908571243286,26.2159595489502,-0.0172718670219183,0.31706914305687
-6.44653987884521,26.2184982299805,-0.0134202120825648,0.31660233438015
-6.19344615936279,26.2210559844971,-0.0119698913767934,0.316093578934669
-5.94045495986938,26.223653793335,-0.0098154665902257,0.315592288970947
-5.68678665161133,26.226224899292,-0.0106543889269233,0.315139457583427
-5.43301725387573,26.2287521362305,-0.0117417834699154,0.314690515398979
-5.17962694168091,26.2313175201416,-0.0108125545084476,0.314255267381668
-4.92661571502686,26.2338600158691,-0.0078769288957119,0.313797682523727
-4.67346525192261,26.2362957000732,-0.0053833513520658,0.313415467739105
-4.41969633102417,26.2387657165527,-0.00557712139561772,0.313058704137802
-4.16579532623291,26.241247177124,-0.00616409024223685,0.312674999237061
-3.9118025302887,26.2438182830811,-0.00695467507466674,0.312257155776024
-3.65802311897278,26.2463359832764,-0.00652331206947565,0.311902299523354
-3.40406608581543,26.2487030029297,-0.00669680023565888,0.31168133020401
-3.14986610412598,26.2509479522705,-0.00777328619733453,0.311476185917854
-2.89536833763123,26.2535037994385,-0.0100024584680796,0.311217457056046
-2.64087009429932,26.2562484741211,-0.0120018012821674,0.310916677117348
-2.38696527481079,26.2589836120605,-0.0110337035730481,0.310708984732628
-2.13347411155701,26.2617511749268,-0.00794481486082077,0.310568556189537
-1.87991392612457,26.2643356323242,-0.00496271997690201,0.310385823249817
-1.62582683563232,26.2669143676758,-0.00418602116405964,0.310222238302231
-1.37203621864319,26.2695369720459,-0.00183502805884928,0.310132995247841
-1.11824417114258,26.2721862792969,0.000721241522114724,0.310134634375572
-0.863869309425354,26.2747669219971,0.000833856523968279,0.310059189796448
-0.608948707580566,26.2773208618164,-0.00131290452554822,0.309976950287819
-0.354082345962524,26.2798862457275,-0.00298405112698674,0.30994687974453
-0.0993504226207733,26.2824535369873,-0.00381921930238605,0.309983342885971
0.155125230550766,26.2850494384766,-0.00327320978976786,0.310095682740211
0.40933883190155,26.2877731323242,-0.0013285493478179,0.310201674699783
0.663187325000763,26.290548324585,0.00247001810930669,0.310259938240051
0.917081952095032,26.2933197021484,0.0062658004462719,0.310339391231537
1.1716787815094,26.2959690093994,0.00712044490501285,0.31048995256424
1.42697322368622,26.2985324859619,0.00507283909246325,0.310679838061333
1.68221747875214,26.301290512085,0.00347587582655251,0.310776144266129
1.93722534179688,26.3041534423828,0.00315671740099788,0.310906127095222
2.19208717346191,26.3069820404053,0.00370595837011933,0.311082988977432
2.44663047790527,26.3097763061523,0.00588498963043094,0.311381205916405
2.70121288299561,26.3124809265137,0.00810015574097633,0.311686262488365
2.95646333694458,26.3151149749756,0.00757554639130831,0.311964452266693
3.21192073822021,26.3176937103271,0.00635896483436227,0.312330633401871
3.46692252159119,26.3202857971191,0.00736913690343499,0.312714517116547
3.72149181365967,26.3230571746826,0.0104911020025611,0.313091158866882
3.97639846801758,26.3259048461914,0.0123398480936885,0.313408821821213
4.23143768310547,26.3287143707275,0.0138191366568208,0.313732460141182
4.48633337020874,26.331470489502,0.0161359682679176,0.314078405499458
4.74114036560059,26.334171295166,0.0190476905554533,0.31457045674324
4.99633646011353,26.3369636535645,0.0204721298068762,0.315067395567894
5.25166273117065,26.339750289917,0.021543612703681,0.315625324845314
5.50728321075439,26.342565536499,0.021556070074439,0.31604990363121
5.76248216629028,26.3454093933105,0.0236041340976954,0.316243752837181
6.01779890060425,26.3484172821045,0.0253528021275997,0.316358134150505
-6.94861125946045,25.9650630950928,-0.0187491253018379,0.316890984773636
-6.69529390335083,25.9671611785889,-0.0187716651707888,0.316682204604149
-6.44279050827026,25.9698333740234,-0.0146866654977202,0.316169813275337
-6.18969774246216,25.9723682403564,-0.0131998062133789,0.31562452018261
-5.93710231781006,25.9749603271484,-0.00913229957222939,0.315103843808174
-5.68352746963501,25.9774436950684,-0.00950124580413103,0.314635053277016
-5.42966651916504,25.9798793792725,-0.01099550165236,0.314149364829063
-5.17635774612427,25.9824409484863,-0.00965320970863104,0.313653483986855
-4.92324781417847,25.9850749969482,-0.00715453270822763,0.313199743628502
-4.66997718811035,25.9876365661621,-0.00519821466878057,0.312821283936501
-4.41626739501953,25.9901695251465,-0.00508685596287251,0.312423259019852
-4.16256237030029,25.9925289154053,-0.00472765509039164,0.311986207962036
-3.90866661071777,25.9949493408203,-0.00503862462937832,0.31158721446991
-3.65479731559753,25.9974384307861,-0.00500063551589847,0.311259031295776
-3.40066647529602,25.9998779296875,-0.00595566304400563,0.311071902513504
-3.14638662338257,26.0022315979004,-0.00737440027296543,0.31085941195488
-2.89208173751831,26.0047760009766,-0.00868163723498583,0.310545086860657
-2.63783550262451,26.0074977874756,-0.00948964152485132,0.310231372714043
-2.38379955291748,26.0102844238281,-0.00910219922661781,0.310023874044418
-2.12988829612732,26.0130004882812,-0.00792050641030073,0.309873357415199
-1.8761214017868,26.0155239105225,-0.00585765764117241,0.309716612100601
-1.6220760345459,26.0180282592773,-0.00485748844221234,0.309553623199463
-1.36848151683807,26.0206413269043,-0.00157832680270076,0.309460446238518
-1.11490178108215,26.0232677459717,0.00197582063265145,0.309424340724945
-0.860638916492462,26.0258045196533,0.00262572825886309,0.309351995587349
-0.605313122272491,26.0283527374268,-0.00133635639213026,0.309272095561028
-0.35008504986763,26.0309066772461,-0.00461834575980902,0.309215292334557
-0.0955934971570969,26.0335559844971,-0.00433300854638219,0.309222340583801
0.158362120389938,26.0361557006836,-0.00140767742414027,0.309321373701096
0.412247717380524,26.0387516021729,0.00204147188924253,0.309440329670906
0.66633677482605,26.0414218902588,0.0047810017131269,0.309510588645935
0.920454204082489,26.044095993042,0.0076017021201551,0.309637665748596
1.17508459091187,26.0467128753662,0.00833263993263245,0.309826776385307
1.43000936508179,26.0493640899658,0.00796384178102016,0.30995200574398
1.68514704704285,26.0521831512451,0.00686507765203714,0.309958085417747
1.94031369686127,26.0549697875977,0.00586109329015017,0.310061186552048
2.19539284706116,26.057710647583,0.00546870054677129,0.310314238071442
2.45004773139954,26.0603008270264,0.00717866886407137,0.310713365674019
2.70429062843323,26.0630912780762,0.0109223909676075,0.31107471883297
2.95929408073425,26.0657806396484,0.0115109188482165,0.311365082859993
3.21470332145691,26.0683898925781,0.0105263506993651,0.311694875359535
3.47016739845276,26.0709495544434,0.0095242578536272,0.312064498662949
3.72529435157776,26.0735950469971,0.0102214766666293,0.312414959073067
3.98027896881104,26.0762996673584,0.0117580769583583,0.312751680612564
4.23486566543579,26.0790920257568,0.0152453519403934,0.313117399811745
4.48940515518188,26.081844329834,0.0191400889307261,0.313463404774666
4.7442307472229,26.0845069885254,0.0219938773661852,0.313868686556816
4.99985885620117,26.0873374938965,0.0215624552220106,0.314333975315094
5.25509738922119,26.0901222229004,0.0230389796197414,0.314850926399231
5.51088571548462,26.0930595397949,0.0223458707332611,0.315412983298302
5.76538419723511,26.0959987640381,0.0274453591555357,0.315778255462646
-6.69069957733154,25.718297958374,-0.0241146460175514,0.316341936588287
-6.43856430053711,25.7212333679199,-0.0182357374578714,0.31570528447628
-6.18647527694702,25.7239398956299,-0.0119329951703548,0.315141141414642
-5.93329668045044,25.726469039917,-0.0106092747300863,0.314585819840431
-5.67996883392334,25.7287998199463,-0.00977405160665512,0.314065366983414
-5.42626094818115,25.7310771942139,-0.0105136567726731,0.313559621572495
-5.17276334762573,25.7335758209229,-0.0100345285609365,0.313066929578781
-4.9192419052124,25.7362251281738,-0.0094432020559907,0.312608018517494
-4.66563415527344,25.7388553619385,-0.00903767440468073,0.312164679169655
-4.41210556030273,25.7414798736572,-0.0080384872853756,0.311670631170273
-4.15888929367065,25.7439441680908,-0.0053552002646029,0.311250492930412
-3.90534424781799,25.7463397979736,-0.00399719690904021,0.310929179191589
-3.65133881568909,25.7487773895264,-0.00456546153873205,0.310655906796455
-3.39688229560852,25.7512130737305,-0.0070060221478343,0.310384035110474
-3.14240765571594,25.7536163330078,-0.00929667893797159,0.310058400034904
-2.88831806182861,25.7560691833496,-0.00957175903022289,0.309761002659798
-2.63442444801331,25.7586421966553,-0.00871861539781094,0.309517130255699
-2.38046717643738,25.7613525390625,-0.00793913006782532,0.30935500562191
-2.1262035369873,25.7640266418457,-0.00835118722170591,0.309193015098572
-1.87220585346222,25.7665767669678,-0.00731755699962378,0.309031769633293
-1.61810338497162,25.7690334320068,-0.00654577556997538,0.308846563100815
-1.36449408531189,25.7715873718262,-0.00330083770677447,0.308715969324112
-1.11102020740509,25.7742137908936,0.000769937119912356,0.308618903160095
-0.856951534748077,25.7767486572266,0.00233701406978071,0.308539286255836
-0.601565718650818,25.779296875,-0.00186730327550322,0.308455720543861
-0.346119940280914,25.7819061279297,-0.00610560271888971,0.308392494916916
-0.0918399691581726,25.784553527832,-0.00482982536777854,0.308421343564987
0.161991089582443,25.7872161865234,-0.00131151173263788,0.308541744947433
0.415773957967758,25.78977394104,0.00263037998229265,0.308633431792259
0.670036911964417,25.7922859191895,0.00461697904393077,0.308669626712799
0.924273490905762,25.7948665618896,0.0069331806153059,0.308819532394409
1.17887079715729,25.7974624633789,0.00784345529973507,0.309066563844681
1.43340802192688,25.8001670837402,0.00923735927790403,0.309237688779831
1.68824315071106,25.8029766082764,0.00951535534113646,0.309272140264511
1.9433798789978,25.8056488037109,0.00866853445768356,0.309359788894653
2.19839811325073,25.8082618713379,0.00857098679989576,0.309626013040543
2.45330762863159,25.8108539581299,0.00917526800185442,0.309981569647789
2.7077100276947,25.8136596679688,0.0122376894578338,0.310320124030113
2.96259546279907,25.8164100646973,0.01337222289294,0.310659259557724
3.21789932250977,25.8190422058105,0.0128782736137509,0.310983210802078
3.47362589836121,25.8214645385742,0.0107445688918233,0.311321899294853
3.72914385795593,25.8239612579346,0.00975385680794716,0.311631426215172
3.98415732383728,25.8266906738281,0.0111916540190578,0.312057241797447
4.23843431472778,25.8294658660889,0.0160611364990473,0.312532514333725
4.49271535873413,25.8322505950928,0.0211128499358892,0.312959566712379
4.74769830703735,25.8349075317383,0.023302162066102,0.313336238265038
5.00281286239624,25.8375854492188,0.0251300167292356,0.313681170344353
5.25894355773926,25.8403644561768,0.0227578449994326,0.314079597592354
5.51510524749756,25.8433570861816,0.0204753298312426,0.314625665545464
-6.68625736236572,25.4696159362793,-0.0287407003343105,0.315931037068367
-6.43417453765869,25.4727478027344,-0.0225716456770897,0.315156102180481
-6.1822304725647,25.4754238128662,-0.0155404256656766,0.314531624317169
-5.92914915084839,25.477855682373,-0.0137163931503892,0.313973113894463
-5.67623662948608,25.4802398681641,-0.0108764981850982,0.313397154211998
-5.42274236679077,25.4824810028076,-0.0105719836428761,0.312913551926613
-5.16905546188354,25.48486328125,-0.010955442674458,0.312458753585815
-4.9153037071228,25.4874057769775,-0.0114185381680727,0.311987221240997
-4.66159200668335,25.4900360107422,-0.0114665552973747,0.31145304441452
-4.40819072723389,25.4926319122314,-0.00983381643891335,0.310887292027473
-4.15485954284668,25.4950923919678,-0.0076572890393436,0.310513690114021
-3.90131616592407,25.4975318908691,-0.00625449698418379,0.310289025306702
-3.64731669425964,25.5000286102295,-0.00676000397652388,0.310027897357941
-3.39307713508606,25.5025615692139,-0.00815743766725063,0.309608772397041
-3.13872981071472,25.5049839019775,-0.00982434581965208,0.309248104691505
-2.88470530509949,25.5073337554932,-0.00976621080189943,0.308996438980103
-2.63091206550598,25.5097980499268,-0.00841742102056742,0.308834478259087
-2.37691974639893,25.5123996734619,-0.00777033716440201,0.308668836951256
-2.1225483417511,25.5149879455566,-0.00864751543849707,0.308454066514969
-1.86846053600311,25.5174884796143,-0.00799589417874813,0.308261170983315
-1.61426305770874,25.5200214385986,-0.00762811955064535,0.308100506663322
-1.360520362854,25.5225944519043,-0.0049605704843998,0.307921960949898
-1.10701990127563,25.5251960754395,-0.000977463671006262,0.307757958769798
-0.853047609329224,25.5277214050293,0.0010624669957906,0.307661607861519
-0.597803592681885,25.530252456665,-0.00246431073173881,0.307557314634323
-0.342335224151611,25.5328464508057,-0.00677360733971,0.307506948709488
-0.0878432989120483,25.5355091094971,-0.00642568012699485,0.307523116469383
0.166345924139023,25.5381870269775,-0.00449170125648379,0.307654365897179
0.420294225215912,25.5406246185303,-0.00125830864999443,0.307761430740356
0.674426019191742,25.5429973602295,0.00135698355734348,0.307829633355141
0.92843097448349,25.5455341339111,0.00474985176697373,0.308017820119858
1.1828019618988,25.5482368469238,0.00670764595270157,0.308279305696487
1.43709182739258,25.5510177612305,0.00923872366547585,0.308476537466049
1.69167864322662,25.5537128448486,0.0106543889269233,0.308572590351105
1.94666290283203,25.5562038421631,0.0105150612071157,0.308709755539894
2.20154166221619,25.5587062835693,0.011064144782722,0.308930441737175
2.45662331581116,25.5613307952881,0.0109285125508904,0.309222042560577
2.71169114112854,25.5640602111816,0.0110724531114101,0.309535458683968
2.9669713973999,25.566801071167,0.0104953590780497,0.309876188635826
3.22230768203735,25.5694103240967,0.00989270862191916,0.310193121433258
3.47734045982361,25.571949005127,0.0108449868857861,0.31056222319603
3.73252367973328,25.574499130249,0.0113515965640545,0.310949519276619
3.9876401424408,25.5771903991699,0.0123643111437559,0.311416372656822
4.24201393127441,25.5799579620361,0.0168373305350542,0.311972886323929
4.49645185470581,25.5827560424805,0.021228913217783,0.31247566640377
4.75166702270508,25.585376739502,0.0224357899278402,0.312897920608521
5.00661563873291,25.5880069732666,0.0250145513564348,0.313268274068832
5.26318311691284,25.5906772613525,0.0207767859101295,0.313534066081047
5.51913499832153,25.5936813354492,0.0194339230656624,0.313947901129723
-6.429603099823,25.2243995666504,-0.0277821812778711,0.314481839537621
-6.17786169052124,25.2268772125244,-0.0197441000491381,0.313867598772049
-5.9254412651062,25.2292098999023,-0.0147424722090364,0.313297733664513
-5.67241382598877,25.2315254211426,-0.0124115319922566,0.312812715768814
-5.41909074783325,25.2338638305664,-0.0112659856677055,0.312313035130501
-5.16538763046265,25.2362518310547,-0.011693898588419,0.311828434467316
-4.91174030303955,25.2387428283691,-0.0116334753111005,0.31133060157299
-4.65836238861084,25.2413024902344,-0.0100816395133734,0.310781031847
-4.40514898300171,25.2438163757324,-0.00754075264558196,0.310233235359192
-4.15155982971191,25.2462310791016,-0.00654268497601151,0.30987511575222
-3.89774489402771,25.2486915588379,-0.00638140272349119,0.309591963887215
-3.64372515678406,25.2512741088867,-0.00695198960602283,0.309263929724693
-3.38969397544861,25.2538795471191,-0.00734905526041985,0.3088109344244
-3.1356143951416,25.2563285827637,-0.00774530321359634,0.308479383587837
-2.88152551651001,25.258617401123,-0.00795769318938255,0.308268815279007
-2.62766480445862,25.2610130310059,-0.00689412700012326,0.308136954903603
-2.37366318702698,25.2634983062744,-0.00626098643988371,0.307937756180763
-2.11928677558899,25.2659397125244,-0.00713317142799497,0.307674288749695
-1.86504948139191,25.2684631347656,-0.00714074447751045,0.307464227080345
-1.61070096492767,25.2710494995117,-0.00743649806827307,0.307338729500771
-1.35690689086914,25.2736530303955,-0.00497364718466997,0.307165905833244
-1.10336542129517,25.2761878967285,-0.00114686856977642,0.306977167725563
-0.849399507045746,25.2786865234375,0.000953187118284404,0.306841433048248
-0.594360947608948,25.2812404632568,-0.0016092857113108,0.306753665208817
-0.339011490345001,25.2838268280029,-0.00535045564174652,0.306701481342316
-0.0840620473027229,25.2864513397217,-0.00704530905932188,0.306720048189163
0.170554161071777,25.2890796661377,-0.00700786244124174,0.306836947798729
0.424420535564423,25.2915267944336,-0.00336970016360283,0.306937381625175
0.678199887275696,25.2938175201416,0.000865976966451854,0.307043269276619
0.932050049304962,25.2962799072266,0.00498519791290164,0.307250991463661
1.18632340431213,25.2990322113037,0.00740944594144821,0.307480707764626
1.44049775600433,25.3018093109131,0.0104856602847576,0.307647883892059
1.69512915611267,25.3045196533203,0.0117295971140265,0.307814344763756
1.95024180412292,25.3069686889648,0.0110466685146093,0.308061882853508
2.20515966415405,25.3093910217285,0.0114505542442203,0.308254569768906
2.46029710769653,25.3119640350342,0.0110970912501216,0.308553382754326
2.71595788002014,25.3145351409912,0.008647789247334,0.308829933404922
2.97167229652405,25.3172435760498,0.00618731090798974,0.309110537171364
3.22635078430176,25.3199882507324,0.00852136593312025,0.309388473629951
3.48053359985352,25.3226795196533,0.013243199326098,0.3098034709692
3.73535442352295,25.3252735137939,0.0153639931231737,0.310268521308899
3.99073696136475,25.3278198242188,0.0152325918897986,0.310774639248848
4.24540615081787,25.3304615020752,0.0184374190866947,0.311360374093056
4.50005197525024,25.3332195281982,0.0219487436115742,0.311933904886246
4.75478553771973,25.3359069824219,0.0252781677991152,0.312496781349182
5.01038312911987,25.338529586792,0.0250589102506638,0.312931567430496
5.26788520812988,25.3410797119141,0.0167973879724741,0.313168436288834
-6.425461769104,24.9757537841797,-0.0309435762465,0.313899323344231
-6.17377185821533,24.978048324585,-0.0226253382861614,0.31330868601799
-5.92153358459473,24.9803428649902,-0.016718715429306,0.312796726822853
-5.66855764389038,24.9827136993408,-0.0141127938404679,0.31231315433979
-5.41555500030518,24.9851818084717,-0.0114159137010574,0.311823964118958
-5.16198110580444,24.9877033233643,-0.0112040638923645,0.311273977160454
-4.90850400924683,24.9902248382568,-0.010313181206584,0.310721844434738
-4.65538311004639,24.9927062988281,-0.00752524612471461,0.310188323259354
-4.40231704711914,24.9951801300049,-0.0042662788182497,0.309692829847336
-4.14862442016602,24.9975395202637,-0.00373086426407099,0.309272095561028
-3.89466333389282,24.9999599456787,-0.00422587664797902,0.308860793709755
-3.64059042930603,25.0025520324707,-0.00501770805567503,0.308487251400948
-3.38646793365479,25.0051002502441,-0.00581178441643715,0.308092474937439
-3.13247847557068,25.0075588226318,-0.00576188508421183,0.307768732309341
-2.87850284576416,25.009895324707,-0.00542442500591278,0.307545036077499
-2.62473797798157,25.0123157501221,-0.00389134231954813,0.307390540838242
-2.3707103729248,25.0146999359131,-0.00335382274352014,0.307181537151337
-2.11612296104431,25.0170917510986,-0.00517133018001914,0.306922823190689
-1.86174309253693,25.0196552276611,-0.0058070826344192,0.306689620018005
-1.6073032617569,25.0222492218018,-0.00649299984797835,0.306536048650742
-1.35359072685242,25.0248489379883,-0.00362897966988385,0.306353360414505
-1.10005223751068,25.0273303985596,0.000240245281020179,0.30617918074131
-0.846192121505737,25.0298271179199,0.0028500163462013,0.306066632270813
-0.591297328472137,25.0323867797852,0.000967683095950633,0.306039690971375
-0.336091786623001,25.0348834991455,-0.0020945577416569,0.306003972887993
-0.080966904759407,25.0374374389648,-0.00455899629741907,0.306039035320282
0.173767745494843,25.0399799346924,-0.00503035262227058,0.306125804781914
0.427787721157074,25.0424137115479,-0.00205780169926584,0.30619490146637
0.681738615036011,25.0447292327881,0.00143414561171085,0.306261390447617
0.935735166072845,25.0471687316895,0.00492568081244826,0.306450828909874
1.18990361690521,25.0498600006104,0.00785065442323685,0.306734457612038
1.4439150094986,25.0527076721191,0.0116838505491614,0.306913211941719
1.69860756397247,25.0554180145264,0.0126829398795962,0.307092219591141
1.95395863056183,25.0578002929688,0.010967000387609,0.307372614741325
2.20899033546448,25.0602245330811,0.0108952466398478,0.307619780302048
2.46414685249329,25.0628299713135,0.0104882419109344,0.307886809110641
2.71965432167053,25.065357208252,0.00874859746545553,0.308141246438026
2.97523069381714,25.0680179595947,0.00692728534340858,0.308380976319313
3.22975897789001,25.0707206726074,0.00995141454041004,0.308708414435387
3.48365902900696,25.0734214782715,0.0159429963678122,0.309141919016838
3.73828172683716,25.0760383605957,0.0189576670527458,0.309681072831154
3.99364757537842,25.078483581543,0.0189219359308481,0.31019189953804
4.2485089302063,25.0810203552246,0.0213094726204872,0.310721606016159
4.50322484970093,25.0836696624756,0.024537768214941,0.311281681060791
4.75796604156494,25.08642578125,0.0278584156185389,0.311912730336189
5.01339292526245,25.0890941619873,0.028403228148818,0.312444970011711
5.27212762832642,25.0917205810547,0.0148151684552431,0.312748000025749
-6.16971874237061,24.7290229797363,-0.0253345649689436,0.312862128019333
-5.91790580749512,24.7314624786377,-0.0173734966665506,0.312401354312897
-5.66546869277954,24.7340488433838,-0.0121817169710994,0.311878576874733
-5.4121298789978,24.7366313934326,-0.0110501013696194,0.311298877000809
-5.15866565704346,24.7392482757568,-0.0102901803329587,0.310717701911926
-4.90503978729248,24.7417736053467,-0.0100703621283174,0.310103431344032
-4.65166854858398,24.7441921234131,-0.00842721108347178,0.30957967042923
-4.39843416213989,24.7466259002686,-0.00592697924003005,0.309093028306961
-4.14488697052002,24.7489395141602,-0.00467456551268697,0.30864942073822
-3.89115810394287,24.7512836456299,-0.00405260222032666,0.308197394013405
-3.63724899291992,24.7537498474121,-0.004048858769238,0.307803615927696
-3.38308644294739,24.7562255859375,-0.00499979127198458,0.307403683662415
-3.1291937828064,24.7587471008301,-0.00447155954316258,0.307076916098595
-2.87541389465332,24.7611675262451,-0.00319960271008313,0.306777760386467
-2.62170433998108,24.7635555267334,-0.00138487480580807,0.306537002325058
-2.36758041381836,24.7658748626709,-0.00126396061386913,0.30636490881443
-2.11288142204285,24.7683067321777,-0.00356844090856612,0.306168630719185
-1.85843753814697,24.7708854675293,-0.00447055790573359,0.305949538946152
-1.6040678024292,24.7734184265137,-0.00480674440041184,0.305717289447784
-1.35035490989685,24.776050567627,-0.00191687373444438,0.305461332201958
-1.09672105312347,24.7785778045654,0.00154442724306136,0.305357202887535
-0.842812776565552,24.7810649871826,0.00396313285455108,0.305341452360153
-0.587946355342865,24.7835597991943,0.00223928410559893,0.305394396185875
-0.332855582237244,24.7859497070312,-0.000273503188509494,0.3054109364748
-0.0777749568223953,24.7884330749512,-0.00250980840064585,0.305490911006927
0.176813468337059,24.790901184082,-0.00229353946633637,0.305579662322998
0.430950701236725,24.7934284210205,0.000175194611074403,0.305569276213646
0.685038030147552,24.7958126068115,0.00307903485372663,0.305514216423035
0.939135909080505,24.7983455657959,0.0061423946171999,0.305633410811424
1.19339716434479,24.8009967803955,0.00867998320609331,0.30592069029808
1.44760954380035,24.8037147521973,0.0116447685286403,0.306167140603065
1.7026914358139,24.8061752319336,0.010939160361886,0.306424885988235
1.95793962478638,24.8085498809814,0.00971558224409819,0.306683510541916
2.2130184173584,24.8109798431396,0.00946756079792976,0.306957319378853
2.46819567680359,24.813570022583,0.00900144968181849,0.307217687368393
2.72356057167053,24.81614112854,0.00792457442730665,0.307474166154861
2.97858500480652,24.8187808990479,0.00857368670403957,0.307711869478226
3.23305535316467,24.821418762207,0.011879819445312,0.308062165975571
3.48729968070984,24.8240089416504,0.0163842979818583,0.308535322546959
3.74203014373779,24.826566696167,0.0189542472362518,0.309084430336952
3.99679279327393,24.8291721343994,0.0215896759182215,0.309572651982307
4.25148105621338,24.831787109375,0.0247552860528231,0.31008280813694
4.50633716583252,24.8343925476074,0.027394650503993,0.310618430376053
4.76064682006836,24.8369674682617,0.0326187759637833,0.311202645301819
5.01535320281982,24.8395595550537,0.0363159105181694,0.31178492307663
-6.16541385650635,24.4800624847412,-0.0292490925639868,0.312464281916618
-5.91466331481934,24.4828796386719,-0.0162053778767586,0.311974719166756
-5.66237640380859,24.4856624603271,-0.0102724293246865,0.311406090855598
-5.40909099578857,24.4883575439453,-0.0088631147518754,0.310767590999603
-5.15538263320923,24.4909000396729,-0.0092290760949254,0.310167819261551
-4.90146446228027,24.4933128356934,-0.0103544453158975,0.309560745954514
-4.64759063720703,24.4956588745117,-0.0110423499718308,0.309016346931458
-4.39380502700806,24.4980316162109,-0.0110888509079814,0.30845607817173
-4.1400032043457,24.5002670288086,-0.0109852598980069,0.307987973093987
-3.88661074638367,24.5025062561035,-0.00874725077301264,0.307528376579285
-3.63340210914612,24.5048809051514,-0.00543741462752223,0.307153627276421
-3.37969613075256,24.5073432922363,-0.00423187483102083,0.306778877973557
-3.12595224380493,24.5099411010742,-0.00298348651267588,0.306471571326256
-2.87218713760376,24.51243019104,-0.0016152854077518,0.306091591715813
-2.61833667755127,24.5147609710693,-0.000423161312937737,0.30574095249176
-2.36422538757324,24.5170516967773,-0.000214501458685845,0.305541127920151
-2.10957622528076,24.5194988250732,-0.00226057227700949,0.305377349257469
-1.85507905483246,24.5220794677734,-0.00337831303477287,0.305159032344818
-1.60089576244354,24.5246543884277,-0.00283081294037402,0.304889187216759
-1.34713280200958,24.5273284912109,-0.000143146011396311,0.304613247513771
-1.09315776824951,24.5298652648926,0.00178900163155049,0.304568335413933
-0.839018583297729,24.5323123931885,0.00318735768087208,0.304659977555275
-0.584459960460663,24.5346775054932,0.0028961964417249,0.30475877225399
-0.329679518938065,24.5370235443115,0.00182116765063256,0.304787039756775
-0.0745406895875931,24.5394268035889,-0.000651010836008936,0.3048255443573
0.180187731981277,24.541877746582,-0.00103944388683885,0.304888531565666
0.434440732002258,24.5443897247314,0.000936152588110417,0.304874703288078
0.688262343406677,24.546947479248,0.00506323529407382,0.30483315885067
0.942393243312836,24.5495834350586,0.00800460297614336,0.304911464452744
1.19693470001221,24.5522365570068,0.00931405648589134,0.305151790380478
1.45154666900635,24.5547943115234,0.0105227306485176,0.305355355143547
1.70674550533295,24.557107925415,0.0093302596360445,0.305616170167923
1.96172440052032,24.559383392334,0.00934010930359364,0.305914059281349
2.21695327758789,24.5617275238037,0.0084576103836298,0.306224659085274
2.47222661972046,24.5642509460449,0.00759823387488723,0.306502446532249
2.72717928886414,24.5668125152588,0.00837954878807068,0.306776508688927
2.98181986808777,24.5694541931152,0.0107516841962934,0.307035595178604
3.23632955551147,24.5719909667969,0.0139110926538706,0.307428032159805
3.4909520149231,24.5745429992676,0.0167787428945303,0.307954281568527
3.74601769447327,24.5770320892334,0.01790601760149,0.308468639850616
4.00071907043457,24.5797061920166,0.0208419393748045,0.308944255113602
4.25531816482544,24.5823917388916,0.0244291238486767,0.309439644217491
4.50957679748535,24.5852127075195,0.0297021828591824,0.309980183839798
4.7634973526001,24.5877208709717,0.0366450920701027,0.310532510280609
5.01815605163574,24.5901641845703,0.0405717752873898,0.311077162623405
-5.91234254837036,24.2348041534424,-0.0106661049649119,0.311437740921974
-5.65950965881348,24.2375202178955,-0.0073019927367568,0.310867577791214
-5.40588855743408,24.2400970458984,-0.00745521858334541,0.310187593102455
-5.15194082260132,24.2423992156982,-0.0089205214753747,0.309583142399788
-4.89795827865601,24.2447357177734,-0.0103200394660234,0.309036865830421
-4.64369916915894,24.2470111846924,-0.0127845332026482,0.308465376496315
-4.38921689987183,24.2492580413818,-0.0160628147423267,0.307783678174019
-4.13512849807739,24.2514820098877,-0.0172589682042599,0.307228848338127
-3.8821074962616,24.253776550293,-0.0132400374859571,0.306792825460434
-3.62927937507629,24.2562503814697,-0.00811653677374125,0.306458160281181
-3.37609004974365,24.2588443756104,-0.00447242334485054,0.306089982390404
-3.12259149551392,24.2614154815674,-0.00205364008434117,0.305792108178139
-2.86882424354553,24.2637042999268,-0.000663070706650615,0.305405408143997
-2.61480450630188,24.265941619873,-0.000222180999116972,0.305000677704811
-2.3607029914856,24.2682247161865,6.26578694209456e-05,0.304727867245674
-2.10628581047058,24.2706661224365,-0.000884617620613426,0.304545789957047
-1.85184943675995,24.2732353210449,-0.00169460754841566,0.30434362590313
-1.59784865379333,24.2758693695068,-0.000283197325188667,0.304123684763908
-1.34397113323212,24.2785320281982,0.00190739380195737,0.303914621472359
-1.0895984172821,24.2809238433838,0.00205333135090768,0.303909063339233
-0.834880769252777,24.2832260131836,0.000849949545226991,0.30402022600174
-0.580615222454071,24.2855644226074,0.00192709895782173,0.304110497236252
-0.326400190591812,24.2880687713623,0.00344838015735149,0.304081171751022
-0.0714270994067192,24.2906455993652,0.0017531180055812,0.304041504859924
0.183550670742989,24.2930850982666,0.000265264941845089,0.304077252745628
0.437880665063858,24.2954883575439,0.00192332162987441,0.304109275341034
0.691788554191589,24.2979736328125,0.00569231016561389,0.304157108068466
0.946059226989746,24.3006019592285,0.00803611986339092,0.30424852669239
1.20070374011993,24.3032093048096,0.00891548022627831,0.304392352700233
1.45530760288239,24.3056545257568,0.0101935639977455,0.304516345262527
1.71005392074585,24.3080081939697,0.0110508166253567,0.304761692881584
1.96489369869232,24.3103046417236,0.0117072043940425,0.305081203579903
2.22041010856628,24.3126258850098,0.00957406125962734,0.305404797196388
2.47625589370728,24.3150100708008,0.00620582327246666,0.305721923708916
2.73152709007263,24.3174304962158,0.00561169348657131,0.306041419506073
2.98578763008118,24.3200092315674,0.00969952251762152,0.306408166885376
3.2399697303772,24.3226585388184,0.0143336849287152,0.306876361370087
3.4944543838501,24.3252773284912,0.0178355406969786,0.307374343276024
3.74954009056091,24.3277587890625,0.0189042445272207,0.307845816016197
4.00461578369141,24.3304138183594,0.0202278550714254,0.308271333575249
4.25940990447998,24.3330020904541,0.0229921210557222,0.308781951665878
4.51371765136719,24.3360366821289,0.0280829891562462,0.309372514486313
4.7666449546814,24.3386936187744,0.0393825359642506,0.309997424483299
-5.90979814529419,23.9867305755615,-0.00619590887799859,0.310932889580727
-5.65620613098145,23.989200592041,-0.00640552118420601,0.310378387570381
-5.40236520767212,23.9916496276855,-0.00756849767640233,0.309680312871933
-5.148362159729,23.9938774108887,-0.00926355086266994,0.309076055884361
-4.89444494247437,23.9961242675781,-0.0103193363174796,0.308516636490822
-4.64017724990845,23.9983749389648,-0.0127953924238682,0.307908281683922
-4.3856029510498,24.0006103515625,-0.016471553593874,0.307201012969017
-4.13147640228271,24.0028762817383,-0.0178135056048632,0.306588545441628
-3.87850952148438,24.0052528381348,-0.0135094299912453,0.306135356426239
-3.62574982643127,24.0078067779541,-0.00803611427545547,0.305776178836823
-3.37251496315002,24.0104751586914,-0.00457174889743328,0.305374309420586
-3.11886763572693,24.0128765106201,-0.00280967750586569,0.305002436041832
-2.86497712135315,24.015007019043,-0.00195594527758658,0.304612830281258
-2.61092901229858,24.0172252655029,-0.00161034369375557,0.304243728518486
-2.35690641403198,24.019458770752,-0.000926248321775347,0.303983241319656
-2.10291075706482,24.0218448638916,0.000100723460491281,0.303786903619766
-1.84885740280151,24.0243988037109,0.00107930065132678,0.303574740886688
-1.59467780590057,24.0270729064941,0.00169697951059788,0.303395658731461
-1.34057891368866,24.0296649932861,0.00290338206104934,0.303251653909683
-1.08607172966003,24.0319671630859,0.00246630515903234,0.303227677941322
-0.831128478050232,24.0341320037842,0.000268307107035071,0.303265169262886
-0.576915502548218,24.0364742279053,0.00161769113037735,0.303315654397011
-0.322823345661163,24.0391235351562,0.00372724724002182,0.303295060992241
-0.0682694166898727,24.0419178009033,0.00395805668085814,0.303228884935379
0.186748474836349,24.0444850921631,0.00231504533439875,0.303205445408821
0.441342890262604,24.0468120574951,0.00280966120772064,0.303263247013092
0.695759177207947,24.0489902496338,0.00432448135688901,0.303377389907837
0.950425565242767,24.0513076782227,0.00492930272594094,0.303482115268707
1.20493650436401,24.0537929534912,0.006445636972785,0.303610995411873
1.45894753932953,24.0564041137695,0.0104082589969039,0.303736984729767
1.71307170391083,24.0589466094971,0.0140700545161963,0.303918406367302
1.96778786182404,24.0613594055176,0.0153009779751301,0.30421470105648
2.2235164642334,24.0636901855469,0.0122484210878611,0.304525464773178
2.47960591316223,24.0659484863281,0.00782761815935373,0.304862707853317
2.73512887954712,24.0683403015137,0.00614712294191122,0.305246934294701
2.98957180976868,24.0707950592041,0.00946013629436493,0.305724278092384
3.24372816085815,24.0733871459961,0.0142387356609106,0.30624283850193
3.49789881706238,24.076114654541,0.0191517323255539,0.306720986962318
3.75277709960938,24.0786838531494,0.0211571510881186,0.307153135538101
4.00790643692017,24.0811061859131,0.0222734976559877,0.307644471526146
4.26352691650391,24.0836639404297,0.0214530266821384,0.308042228221893
4.51864385604858,24.0867195129395,0.0230426620692015,0.308663696050644
-5.65213298797607,23.7406349182129,-0.00916216615587473,0.309902459383011
-5.39859485626221,23.7431316375732,-0.00885334610939026,0.309134542942047
-5.14486122131348,23.7454032897949,-0.00924248062074184,0.308544427156448
-4.89100551605225,23.7476406097412,-0.00997845642268658,0.307865306735039
-4.63700342178345,23.7498359680176,-0.0111723402515054,0.307254865765572
-4.38300609588623,23.752067565918,-0.0121158631518483,0.306570470333099
-4.12931632995605,23.7543430328369,-0.0113895880058408,0.305995926260948
-3.87610054016113,23.756721496582,-0.00822976231575012,0.305548593401909
-3.62282228469849,23.7592468261719,-0.00515179662033916,0.305150419473648
-3.36919283866882,23.7617931365967,-0.00349491485394537,0.304693505167961
-3.11546659469604,23.7641220092773,-0.00206912867724895,0.304218843579292
-2.86153030395508,23.7662792205811,-0.00139620213303715,0.303803235292435
-2.6074481010437,23.7685642242432,-0.00117740104906261,0.30346667766571
-2.35338258743286,23.7708072662354,-0.000659641867969185,0.30322439968586
-2.09968638420105,23.7731781005859,0.0017760134069249,0.303026512265205
-1.84602117538452,23.7756233215332,0.00456732045859098,0.302836894989014
-1.59162712097168,23.7781066894531,0.00422851881012321,0.302693083882332
-1.33694219589233,23.7806491851807,0.00278323469683528,0.302592664957047
-1.08248019218445,23.7829475402832,0.00258502899669111,0.302495673298836
-0.82789671421051,23.7851333618164,0.00205665291287005,0.302434101700783
-0.57357919216156,23.7875385284424,0.00295885046944022,0.302448257803917
-0.319331616163254,23.7901611328125,0.00439308676868677,0.302444949746132
-0.0650634244084358,23.7930507659912,0.00594648625701666,0.302400335669518
0.189661383628845,23.7956981658936,0.00565407704561949,0.30235168337822
0.444496810436249,23.7980422973633,0.00508741941303015,0.302367970347404
0.699230194091797,23.8001670837402,0.00520397536456585,0.302432358264923
0.953968346118927,23.8022861480713,0.00551867578178644,0.302568271756172
1.20836448669434,23.8046264648438,0.00758134946227074,0.302770599722862
1.4623156785965,23.8072471618652,0.0118402019143105,0.302924573421478
1.7162971496582,23.8099842071533,0.0161651223897934,0.303078800439835
1.97128367424011,23.8124179840088,0.0162193477153778,0.30334883928299
2.22712349891663,23.8145847320557,0.0127039980143309,0.3036899715662
2.48306155204773,23.8167400360107,0.00898555852472782,0.304128408432007
2.73842906951904,23.8191318511963,0.00802122429013252,0.304553359746933
2.99306344985962,23.8215847015381,0.0105164898559451,0.304997891187668
3.24726486206055,23.8241748809814,0.0151253882795572,0.305502787232399
3.50119733810425,23.8269386291504,0.0211133640259504,0.305963754653931
3.75577545166016,23.8295516967773,0.0244621224701405,0.306482702493668
4.01076030731201,23.8320732116699,0.0262339673936367,0.306929022073746
4.26708507537842,23.834545135498,0.0223568920046091,0.307276993989944
4.52316236495972,23.8374843597412,0.0197893977165222,0.307930588722229
-5.64808225631714,23.4921970367432,-0.0118167269974947,0.30932305753231
-5.39527940750122,23.4947910308838,-0.0079940902069211,0.308493390679359
-5.14159822463989,23.4970283508301,-0.00810344982892275,0.307872578501701
-4.88796472549438,23.4992008209229,-0.00776215689256787,0.307209938764572
-4.6340765953064,23.501392364502,-0.00839463155716658,0.306575030088425
-4.38054370880127,23.50364112854,-0.00713149877265096,0.305927380919456
-4.12729263305664,23.5058784484863,-0.0043317899107933,0.30537611246109
-3.87372040748596,23.5082359313965,-0.0028191979508847,0.304916426539421
-3.61980962753296,23.5106105804443,-0.00266565196216106,0.304476961493492
-3.3660306930542,23.5130233764648,-0.00167573860380799,0.303992912173271
-3.11238646507263,23.5153827667236,0.000159354283823632,0.303509324789047
-2.85860228538513,23.5176773071289,0.00156314251944423,0.303094774484634
-2.60465335845947,23.5200233459473,0.00242316024377942,0.30278816819191
-2.35052442550659,23.5222511291504,0.00267273257486522,0.302555426955223
-2.09661221504211,23.5245113372803,0.00414227275177836,0.302326142787933
-1.84285724163055,23.5268516540527,0.0065492382273078,0.30210018157959
-1.58851373195648,23.5292091369629,0.0064720157533884,0.301894873380661
-1.33354818820953,23.5316009521484,0.00377295515500009,0.301773861050606
-1.07932126522064,23.5339775085449,0.00467690825462341,0.301688462495804
-0.825280785560608,23.5364570617676,0.00664648087695241,0.301612481474876
-0.570826649665833,23.5388832092285,0.00695039285346866,0.301595896482468
-0.316214889287949,23.5413513183594,0.00675873784348369,0.301615700125694
-0.0617911890149117,23.5439796447754,0.00763817364349961,0.30155336856842
0.192788362503052,23.546594619751,0.00803070981055498,0.301479086279869
0.44746857881546,23.5490455627441,0.00818976946175098,0.301468133926392
0.702004849910736,23.551248550415,0.0092178164049983,0.301527425646782
0.956597805023193,23.5533618927002,0.010208192281425,0.301630824804306
1.21108973026276,23.5556449890137,0.0118644526228309,0.301826164126396
1.46543979644775,23.5581512451172,0.0143648572266102,0.30206423997879
1.71983110904694,23.5608520507812,0.0168882980942726,0.302283480763435
1.97515606880188,23.5633220672607,0.0154658956453204,0.302570104598999
2.23113298416138,23.5654048919678,0.0113750817254186,0.30293595790863
2.48683190345764,23.5674839019775,0.00875242333859205,0.303435057401657
2.74180483818054,23.5698127746582,0.00956630054861307,0.303917586803436
2.99612212181091,23.5723915100098,0.0134888514876366,0.304312720894814
3.25025105476379,23.5749950408936,0.0184408631175756,0.304749771952629
3.50408720970154,23.5776100158691,0.0248787812888622,0.305209577083588
3.75844764709473,23.5802764892578,0.0292058140039444,0.305712774395943
4.01282024383545,23.5828742980957,0.0336802154779434,0.306223556399345
4.2693452835083,23.5854663848877,0.0289423987269402,0.306481629610062
-5.39280319213867,23.2465362548828,-0.00316964345984161,0.307779237627983
-5.13863182067871,23.2486629486084,-0.00557082379236817,0.307171329855919
-4.88456678390503,23.2507247924805,-0.00723401224240661,0.306522622704506
-4.63098526000977,23.252872467041,-0.00639214832335711,0.305909931659698
-4.37756776809692,23.2551441192627,-0.00456190807744861,0.305278226733208
-4.12439298629761,23.2574100494385,-0.0013769343495369,0.304727420210838
-3.87058925628662,23.2597389221191,-0.000918066711165011,0.304208517074585
-3.61640763282776,23.2619934082031,-0.00199637818150222,0.303719744086266
-3.36249589920044,23.2643241882324,-0.00159229221753776,0.303253754973412
-3.10885906219482,23.2667388916016,0.000308885180857033,0.302850782871246
-2.85532188415527,23.2691249847412,0.00288834399543703,0.302455514669418
-2.60178232192993,23.2714500427246,0.00566915003582835,0.302131593227386
-2.34777522087097,23.273624420166,0.00650817900896072,0.301879748702049
-2.09334564208984,23.275857925415,0.00562198460102081,0.301654696464539
-1.83906328678131,23.2782039642334,0.00563722662627697,0.301366299390793
-1.58463084697723,23.2805271148682,0.00518750073388219,0.301043018698692
-1.33015954494476,23.2828330993652,0.00478387949988246,0.300833702087402
-1.07625436782837,23.2852077484131,0.00718678208068013,0.300783827900887
-0.822329640388489,23.2877407073975,0.00971031282097101,0.300826475024223
-0.567985057830811,23.2901954650879,0.0105378916487098,0.300858572125435
-0.313302159309387,23.2924900054932,0.0100506581366062,0.300834313035011
-0.0586411543190479,23.2947978973389,0.00988512299954891,0.300725474953651
0.195954978466034,23.2972640991211,0.0102320834994316,0.300645276904106
0.450617045164108,23.2997913360596,0.0104998983442783,0.300686165690422
0.704967319965363,23.3022117614746,0.0123900882899761,0.300727725028992
0.959452867507935,23.3044567108154,0.0138867124915123,0.300782665610313
1.21423184871674,23.3066177368164,0.0142832659184933,0.300914779305458
1.46900069713593,23.3089714050293,0.0149404583498836,0.301227033138275
1.72361433506012,23.3115272521973,0.0165046043694019,0.301514059305191
1.97883462905884,23.3140411376953,0.0155802760273218,0.301818177103996
2.2346830368042,23.3161849975586,0.0120918359607458,0.302197173237801
2.49015712738037,23.3183937072754,0.0104943569749594,0.302662387490273
2.74487113952637,23.3207340240479,0.0124824829399586,0.303149983286858
2.99895787239075,23.3232707977295,0.0174481850117445,0.303601458668709
3.25301623344421,23.3257923126221,0.0227362252771854,0.304050892591476
3.50696921348572,23.3283424377441,0.0286828279495239,0.304492324590683
3.76101613044739,23.3308906555176,0.0344105437397957,0.304963916540146
4.01478481292725,23.3333778381348,0.0415501892566681,0.305533036589622
-5.39044046401978,22.9980297088623,0.00218830467201769,0.307113483548164
-5.13550901412964,23.0001659393311,-0.00377884740009904,0.306527674198151
-4.8812518119812,23.0021724700928,-0.00631759408861399,0.305881321430206
-4.62787103652954,23.0044097900391,-0.0045025572180748,0.305272817611694
-4.37444972991943,23.0066318511963,-0.00265921582467854,0.304637506604195
-4.12121772766113,23.0089321136475,0.000286369875539094,0.30403958261013
-3.86730313301086,23.0112743377686,0.000255708815529943,0.303469806909561
-3.61307215690613,23.0135517120361,-0.00102241663262248,0.302940174937248
-3.35892248153687,23.0158081054688,-0.00169285084120929,0.30246214568615
-3.10493135452271,23.0181274414062,-0.00140065758023411,0.302073329687119
-2.85115242004395,23.0204639434814,9.58573436946608e-05,0.301677465438843
-2.59767413139343,23.0227432250977,0.0031998606864363,0.301329284906387
-2.34405946731567,23.0249328613281,0.00588640291243792,0.301054120063782
-2.08965563774109,23.0272426605225,0.00515141943469644,0.300871223211288
-1.83499562740326,23.0296363830566,0.00346646830439568,0.300594389438629
-1.58068227767944,23.0319480895996,0.00360003532841802,0.300256311893463
-1.32672536373138,23.0341911315918,0.00558567745611072,0.299993366003036
-1.07277524471283,23.0364551544189,0.00781546905636787,0.299964800477028
-0.818635642528534,23.0388889312744,0.00939339026808739,0.300067737698555
-0.564331114292145,23.0413589477539,0.0104363206773996,0.300100490450859
-0.310008227825165,23.0437297821045,0.0116136558353901,0.300032302737236
-0.0555482693016529,23.0459308624268,0.0123885292559862,0.299893885850906
0.199108719825745,23.0482311248779,0.0124899558722973,0.299847275018692
0.454076766967773,23.050630569458,0.0114082880318165,0.29995433986187
0.708659589290619,23.0530891418457,0.0122827282175422,0.300044670701027
0.963162541389465,23.0554370880127,0.0137327956035733,0.300058275461197
1.2178145647049,23.0576915740967,0.0147300651296973,0.300114497542381
1.47258865833282,23.0600414276123,0.0153952045366168,0.300434455275536
1.72724485397339,23.0623893737793,0.0168027356266975,0.30076365172863
1.98201966285706,23.0648517608643,0.0178936254233122,0.301033675670624
2.23748278617859,23.0671615600586,0.0161423627287149,0.301340639591217
2.49292922019958,23.0694046020508,0.0146902063861489,0.30181086063385
2.74771022796631,23.0717506408691,0.0164057724177837,0.302345365285873
3.00166034698486,23.0742874145508,0.0219979640096426,0.302849158644676
3.25585436820984,23.0767230987549,0.0267108976840973,0.303340569138527
3.50967240333557,23.0792083740234,0.0332753472030163,0.303805664181709
3.76398944854736,23.0816383361816,0.0378412641584873,0.304275125265121
4.01750612258911,23.0840110778809,0.046111274510622,0.304917737841606
-5.13188600540161,22.7516975402832,-0.00435192510485649,0.305972158908844
-4.87780141830444,22.7536487579346,-0.0060410900041461,0.305303856730461
-4.62458944320679,22.7558307647705,-0.00340061937458813,0.304635986685753
-4.37139511108398,22.7581748962402,-0.000463665666757151,0.303996324539185
-4.1181492805481,22.7604579925537,0.00244614970870316,0.303363487124443
-3.86433076858521,22.7627811431885,0.00289322668686509,0.302791818976402
-3.61018395423889,22.765022277832,0.00203469698317349,0.302233621478081
-3.35592293739319,22.7672748565674,0.000873058044817299,0.301716640591621
-3.10151624679565,22.7695693969727,-0.000734447385184467,0.301262065768242
-2.84702730178833,22.7718200683594,-0.0024924729950726,0.300855606794357
-2.59304094314575,22.7739791870117,-0.00169669557362795,0.300478935241699
-2.33954572677612,22.7761669158936,0.00158469309099019,0.300177529454231
-2.08575820922852,22.7786102294922,0.00372699345462024,0.299926459789276
-1.83132195472717,22.7810592651367,0.00310419802553952,0.299666732549667
-1.57696855068207,22.7833061218262,0.00308886636048555,0.299416154623032
-1.323002576828,22.7854747772217,0.00506810285151005,0.299194410443306
-1.06905019283295,22.7877006530762,0.00732258567586541,0.299129471182823
-0.814891338348389,22.7901077270508,0.00884700845927,0.299215063452721
-0.560786843299866,22.7925701141357,0.0108328284695745,0.299267798662186
-0.30672612786293,22.7950458526611,0.0132300509139895,0.299242079257965
-0.0522866770625114,22.7972583770752,0.0141272684559226,0.299098029732704
0.20251826941967,22.7994117736816,0.0135915437713265,0.299026876688004
0.457602292299271,22.801643371582,0.0120197087526321,0.29912081360817
0.712254703044891,22.8040466308594,0.0126132005825639,0.299216687679291
0.966689825057983,22.8064022064209,0.0143998702988029,0.299237072467804
1.22101414203644,22.808801651001,0.0168938748538494,0.299282133579254
1.47569799423218,22.8112964630127,0.0179891679435968,0.299514308571815
1.73044240474701,22.8136882781982,0.0190294627100229,0.299803614616394
1.98513555526733,22.8158626556396,0.0205149464309216,0.300104275345802
2.24025177955627,22.8180541992188,0.0203332342207432,0.300486981868744
2.4954879283905,22.8203964233398,0.0198361407965422,0.300934240221977
2.75047039985657,22.822774887085,0.020680658519268,0.30148284137249
3.0046706199646,22.8252201080322,0.0251928810030222,0.302017822861671
3.25893688201904,22.8276271820068,0.029613709077239,0.302584588527679
3.51284050941467,22.8300724029541,0.0358274951577187,0.30305702984333
3.76754355430603,22.832462310791,0.0387262366712093,0.303523525595665
-5.12880563735962,22.5033130645752,-0.00236779032275081,0.305373325943947
-4.8748025894165,22.5052757263184,-0.00364385009743273,0.304687157273293
-4.6217942237854,22.5074920654297,-1.80612405529246e-05,0.303980112075806
-4.36848640441895,22.5098056793213,0.00241148378700018,0.303344234824181
-4.11508131027222,22.5120639801025,0.00460375053808093,0.302687436342239
-3.86117649078369,22.5143127441406,0.00467751966789365,0.30211666226387
-3.60687160491943,22.5164566040039,0.00311348517425358,0.301564261317253
-3.35253477096558,22.518590927124,0.00163183792028576,0.301038444042206
-3.09801268577576,22.5207824707031,-0.000478811474749818,0.300534904003143
-2.84321022033691,22.5230007171631,-0.00365391396917403,0.300060972571373
-2.58881092071533,22.5252113342285,-0.00473075453191996,0.29962794482708
-2.33550262451172,22.5275096893311,-0.000549120246432722,0.29929780960083
-2.08217549324036,22.5299911499023,0.00374827021732926,0.299000397324562
-1.82810056209564,22.5323238372803,0.00481969490647316,0.298733279109001
-1.57363522052765,22.5344791412354,0.0043222364038229,0.298542529344559
-1.31947469711304,22.5366287231445,0.00544325448572636,0.298414334654808
-1.06525683403015,22.5389442443848,0.00651791179552674,0.298305675387383
-0.810975849628448,22.5413913726807,0.00752057321369648,0.298261001706123
-0.556921243667603,22.5438213348389,0.00976946577429771,0.298309743404388
-0.303019970655441,22.5462532043457,0.0129254525527358,0.298335388302803
-0.0489063672721386,22.5484943389893,0.0153306713327765,0.298220917582512
0.205711826682091,22.5506343841553,0.0156691372394562,0.298088669776917
0.460712373256683,22.5527515411377,0.0145037183538079,0.298115655779839
0.715283095836639,22.5550212860107,0.0154941529035568,0.298261135816574
0.969593405723572,22.5573825836182,0.017867574468255,0.298384591937065
1.22367346286774,22.5599212646484,0.0214800965040922,0.298448801040649
1.47834467887878,22.5625133514404,0.0226535797119141,0.298608466982841
1.73352682590485,22.564826965332,0.021765299141407,0.298879116773605
1.98872697353363,22.5669116973877,0.0210220161825418,0.299225747585297
2.24385976791382,22.5689678192139,0.02079938352108,0.299660667777061
2.49891209602356,22.5712738037109,0.0211495999246836,0.300137907266617
2.75394082069397,22.5736312866211,0.0218197982758284,0.300714626908302
3.00840616226196,22.5759773254395,0.0251926612108946,0.301236733794212
3.26265001296997,22.5784130096436,0.0297434274107218,0.301804855465889
3.51639199256897,22.5808048248291,0.0367003306746483,0.302287399768829
3.77109217643738,22.5833034515381,0.0396391004323959,0.302804619073868
-4.87194871902466,22.2570323944092,-0.000571377109736204,0.304058372974396
-4.61881971359253,22.2592067718506,0.00251620751805604,0.30330353975296
-4.36552333831787,22.2614326477051,0.00502836937084794,0.302603170275688
-4.1116681098938,22.2636470794678,0.00514390738680959,0.301974833011627
-3.85774993896484,22.2658405303955,0.00518862484022975,0.301359802484512
-3.60333847999573,22.2679233551025,0.00316145760007203,0.300815805792809
-3.34878873825073,22.2699432373047,0.00072463828837499,0.300291523337364
-3.09410285949707,22.272045135498,-0.00210922467522323,0.299784809350967
-2.83932137489319,22.2742309570312,-0.00515041360631585,0.299253672361374
-2.58525991439819,22.2765502929688,-0.00463025690987706,0.298807054758072
-2.33183908462524,22.2788925170898,-0.000934835057705641,0.298453122377396
-2.07858681678772,22.2813377380371,0.00374231371097267,0.298149719834328
-1.82490289211273,22.2835636138916,0.00664344849064946,0.29785743355751
-1.57054483890533,22.2856674194336,0.00666831852868199,0.297677829861641
-1.31626737117767,22.2878513336182,0.0072828852571547,0.297603130340576
-1.06163454055786,22.2902355194092,0.0064931707456708,0.297493413090706
-0.80716598033905,22.2926731109619,0.00667547760531306,0.29737614095211
-0.552997350692749,22.2949714660645,0.00844314228743315,0.297344028949738
-0.299034118652344,22.2972793579102,0.0113557456061244,0.29737900197506
-0.0450456440448761,22.2995433807373,0.0143634881824255,0.297290667891502
0.209390416741371,22.3017158508301,0.0155593687668443,0.297171622514725
0.464211076498032,22.3038902282715,0.0152374086901546,0.297175094485283
0.718637645244598,22.3060932159424,0.0169085022062063,0.297314047813416
0.972688019275665,22.3084373474121,0.0204791780561209,0.297555610537529
1.22672474384308,22.3109397888184,0.024313198402524,0.297679513692856
1.48145830631256,22.3134803771973,0.0252357944846153,0.297857448458672
1.73673737049103,22.3157825469971,0.0239432416856289,0.298099607229233
1.99199557304382,22.3178596496582,0.0229700431227684,0.298472881317139
2.24716973304749,22.3199558258057,0.0225922614336014,0.298945426940918
2.50227022171021,22.3221988677979,0.0227581672370434,0.299413561820984
2.75733041763306,22.3244590759277,0.0233198627829552,0.299977123737335
3.01242065429688,22.3267555236816,0.0239624753594398,0.300511285662651
3.26677465438843,22.3290901184082,0.0280644968152046,0.301048964262009
3.52036046981812,22.33131980896,0.0357451848685741,0.301483795046806
-4.86920642852783,22.0087490081787,0.00302504701539874,0.303493499755859
-4.61515331268311,22.0107555389404,0.00179831322748214,0.302638426423073
-4.36136436462402,22.0128746032715,0.00203782087191939,0.301908522844315
-4.10752010345459,22.0150871276855,0.00224316562525928,0.301287844777107
-3.85395908355713,22.0173225402832,0.00399643508717418,0.300601422786713
-3.59985160827637,22.0193729400635,0.00342169986106455,0.299978211522102
-3.34503531455994,22.021354675293,-0.000218998771742918,0.299457579851151
-3.09017586708069,22.0233402252197,-0.00382125750184059,0.29893958568573
-2.83547854423523,22.0255699157715,-0.00643589906394482,0.298414245247841
-2.58156418800354,22.0279560089111,-0.00519996182993054,0.297959357500076
-2.32800507545471,22.0303630828857,-0.00210850453004241,0.297632917761803
-2.0747435092926,22.0326652526855,0.00256446329876781,0.297373980283737
-1.82141423225403,22.0348377227783,0.00713070575147867,0.297078713774681
-1.56725120544434,22.036994934082,0.00808138772845268,0.296886160969734
-1.31269121170044,22.0392169952393,0.00743441237136722,0.296782687306404
-1.0580826997757,22.0414543151855,0.00679064681753516,0.296645313501358
-0.80388206243515,22.04368019104,0.00822895392775536,0.296517059206963
-0.549836993217468,22.0459041595459,0.0105893341824412,0.296448856592178
-0.295462608337402,22.0481281280518,0.0116679891943932,0.296442270278931
-0.0411903858184814,22.0505332946777,0.0134228765964508,0.296414390206337
0.213243409991264,22.0527725219727,0.014663620851934,0.296364337205887
0.467938899993896,22.0550689697266,0.0149395251646638,0.296379521489143
0.722233593463898,22.0573596954346,0.017236489802599,0.296474665403366
0.97624796628952,22.0596752166748,0.0210014712065458,0.296692058444023
1.23053872585297,22.061990737915,0.0237325020134449,0.296873182058334
1.48533153533936,22.0643672943115,0.0244268178939819,0.297107428312302
1.74034667015076,22.0666980743408,0.0243457518517971,0.297426328063011
1.99538362026215,22.0688762664795,0.0243879538029432,0.297798275947571
2.25039720535278,22.070972442627,0.0247538611292839,0.298244759440422
2.50541591644287,22.0731449127197,0.0253116302192211,0.298701107501984
2.76060271263123,22.0753192901611,0.0253413617610931,0.299239665269852
3.0157790184021,22.0775871276855,0.0256334897130728,0.299763441085815
3.27061438560486,22.0798835754395,0.0276431683450937,0.300304934382439
3.52453327178955,22.0818214416504,0.033896841108799,0.300687581300735
-4.61028242111206,21.7620410919189,-0.00458024302497506,0.301889836788177
-4.35641860961914,21.7641010284424,-0.00464116502553225,0.301162570714951
-4.10355854034424,21.7664127349854,0.000216556247323751,0.300484672188759
-3.84993171691895,21.7686939239502,0.00169813178945333,0.299817025661469
-3.59652709960938,21.7708015441895,0.00443805102258921,0.299154326319695
-3.34188032150269,21.7728672027588,0.00161577551625669,0.298590242862701
-3.08708477020264,21.7749843597412,-0.0016611359314993,0.298047319054604
-2.83233499526978,21.777135848999,-0.00448752287775278,0.297536954283714
-2.57814455032349,21.7794551849365,-0.0044968044385314,0.297111317515373
-2.32427358627319,21.7817459106445,-0.00280866050161421,0.296799600124359
-2.07062768936157,21.7839012145996,0.000132161352667026,0.296528026461601
-1.81748807430267,21.7860908508301,0.00560859218239784,0.296246215701103
-1.56367874145508,21.7882652282715,0.00821676570922136,0.296044290065765
-1.30927515029907,21.7905120849609,0.00831877440214157,0.295921787619591
-1.05497610569,21.7926616668701,0.00912007410079241,0.295805394649506
-0.800927042961121,21.7948341369629,0.011278273537755,0.295679658651352
-0.546974897384644,21.7970581054688,0.0140883680433035,0.295564249157906
-0.292295813560486,21.7992839813232,0.0138121172785759,0.29555207490921
-0.0377397798001766,21.801628112793,0.0143129657953978,0.295590445399284
0.216673254966736,21.8039150238037,0.015678720548749,0.295608356595039
0.471325486898422,21.8062515258789,0.0161804854869843,0.295640796422958
0.725770711898804,21.8086280822754,0.0178305581212044,0.295738577842712
0.980292797088623,21.8109111785889,0.0193494856357574,0.29590892791748
1.23495578765869,21.8130569458008,0.0204528551548719,0.296085208654404
1.48985111713409,21.8153858184814,0.0207292083650827,0.296336352825165
1.74463975429535,21.8177013397217,0.0216994192451239,0.296638235449791
1.99933004379272,21.8198719024658,0.0233237314969301,0.296991661190987
2.2539689540863,21.8219451904297,0.0253893956542015,0.297413915395737
2.50857186317444,21.8240852355957,0.0278223995119333,0.297874003648758
2.76370763778687,21.8263111114502,0.0281050577759743,0.298395827412605
3.01866459846497,21.8285503387451,0.0293926745653152,0.298930421471596
3.27393054962158,21.8308773040771,0.0295303985476494,0.29948902130127
-4.60521697998047,21.5133228302002,-0.0118735022842884,0.301164373755455
-4.35158205032349,21.5153141021729,-0.0108117805793881,0.300413265824318
-4.09958648681641,21.5177211761475,-0.00186429172754288,0.299699112772942
-3.846275806427,21.5200634002686,0.00113384681753814,0.299029156565666
-3.59316563606262,21.5223331451416,0.00527779525145888,0.298360213637352
-3.33858013153076,21.5244026184082,0.00277269631624222,0.297791019082069
-3.08388805389404,21.5265865325928,7.46936393625219e-06,0.29728202521801
-2.82949662208557,21.5287036895752,-0.00112895003985614,0.296753644943237
-2.57524514198303,21.530912399292,-0.00139150279574096,0.296282529830933
-2.32109928131104,21.5331020355225,-0.000941414851695299,0.295978382229805
-2.0671124458313,21.5351390838623,0.000463543721707538,0.295645549893379
-1.81380653381348,21.5373210906982,0.00521003687754273,0.295321673154831
-1.56024742126465,21.5394802093506,0.00899944081902504,0.295098096132278
-1.30623531341553,21.5416831970215,0.0109244976192713,0.294997915625572
-1.05205762386322,21.5438747406006,0.0123081589117646,0.294921547174454
-0.797857701778412,21.5460414886475,0.0138067668303847,0.294793501496315
-0.54355400800705,21.5482292175293,0.0150490943342447,0.294709458947182
-0.28876855969429,21.550464630127,0.0143222911283374,0.29469159245491
-0.0341536216437817,21.5527744293213,0.0145900258794427,0.294763818383217
0.220314964652061,21.5550651550293,0.0157381948083639,0.29480442404747
0.475032448768616,21.5574169158936,0.0159794352948666,0.294797971844673
0.729779839515686,21.559757232666,0.0163051784038544,0.294883728027344
0.98452365398407,21.5619049072266,0.0168680623173714,0.295048862695694
1.23919749259949,21.5639343261719,0.0179629400372505,0.295214906334877
1.49401450157166,21.5661849975586,0.0186289083212614,0.295454442501068
1.74878668785095,21.5684661865234,0.0197106078267097,0.295719191431999
2.00348663330078,21.5706005096436,0.0213300827890635,0.296094700694084
2.25783634185791,21.5726833343506,0.0247173234820366,0.296545520424843
2.51201629638672,21.5749206542969,0.0290597174316645,0.29703576862812
2.76650857925415,21.5771656036377,0.0322183854877949,0.297525703907013
3.02141380310059,21.5795555114746,0.033757034689188,0.298029825091362
3.27717709541321,21.5818386077881,0.0317278243601322,0.298568099737167
-4.34741926193237,21.266622543335,-0.0138251390308142,0.299627035856247
-4.09622097015381,21.2691669464111,-0.00110791204497218,0.298900857567787
-3.84369945526123,21.2716197967529,0.00560434767976403,0.298192977905273
-3.58968234062195,21.2739086151123,0.0055480720475316,0.297587901353836
-3.33509874343872,21.2759304046631,0.0030869385227561,0.297009602189064
-3.08047223091125,21.2780246734619,0.000659960496705025,0.296498522162437
-2.82640719413757,21.2800979614258,0.0010688048787415,0.295915424823761
-2.57240748405457,21.2823066711426,0.00199972139671445,0.295435070991516
-2.31802558898926,21.2845039367676,0.00138839648570865,0.295174077153206
-2.06377172470093,21.2865543365479,0.0015943442704156,0.294796228408813
-1.81032800674438,21.2887306213379,0.00574039993807673,0.294362023472786
-1.556924700737,21.290828704834,0.0102777658030391,0.294023260474205
-1.30308365821838,21.2929744720459,0.01301743183285,0.293975710868835
-1.04871046543121,21.2951736450195,0.0135386548936367,0.293978318572044
-0.793872117996216,21.29736328125,0.012162365950644,0.293866604566574
-0.539158463478088,21.2995586395264,0.0115794986486435,0.29376757144928
-0.284777998924255,21.3017501831055,0.0127311479300261,0.293719232082367
-0.0303986724466085,21.3039722442627,0.0141035420820117,0.293790712952614
0.224247634410858,21.3061771392822,0.0144856059923768,0.293849274516106
0.479192137718201,21.3083248138428,0.0137433307245374,0.293844133615494
0.733987927436829,21.3105907440186,0.0138910403475165,0.293929308652878
0.98847770690918,21.3127632141113,0.0156324058771133,0.294088125228882
1.2428435087204,21.314826965332,0.0181428603827953,0.294272184371948
1.49750626087189,21.3170433044434,0.0195323396474123,0.294521987438202
1.75231409072876,21.3192386627197,0.0204880908131599,0.294802933931351
2.00709891319275,21.3213634490967,0.0217617936432362,0.295212209224701
2.26136064529419,21.3235206604004,0.025570971891284,0.295654892921448
2.51544880867004,21.3257503509521,0.0303514450788498,0.296156033873558
2.76971745491028,21.3280544281006,0.0345307365059853,0.296661928296089
3.02419257164001,21.3305740356445,0.0379941388964653,0.29714423418045
3.28058886528015,21.332799911499,0.0332006216049194,0.297632977366447
-4.34402799606323,21.0182209014893,-0.0132284853607416,0.298792392015457
-4.09295511245728,21.0207042694092,0.000110096145363059,0.298102393746376
-3.84023427963257,21.0231246948242,0.00592333404347301,0.297453686594963
-3.58596038818359,21.0253562927246,0.00470509845763445,0.296855419874191
-3.33160519599915,21.0273818969727,0.00334237283095717,0.296250358223915
-3.07728457450867,21.029390335083,0.00237098475918174,0.295671984553337
-2.82333278656006,21.0314617156982,0.00333514413796365,0.295071631669998
-2.56919980049133,21.0336360931396,0.00368080311454833,0.294630885124207
-2.31468367576599,21.0358390808105,0.00248183286748827,0.294328674674034
-2.06063556671143,21.037992477417,0.00366535759530962,0.293906703591347
-1.80719304084778,21.0401649475098,0.00784663576632738,0.293432027101517
-1.55363082885742,21.04225730896,0.0116867609322071,0.293033316731453
-1.29950833320618,21.0443897247314,0.0131712453439832,0.292955040931702
-1.04498708248138,21.0465679168701,0.0130517836660147,0.292955085635185
-0.790058434009552,21.0486869812012,0.0113009819760919,0.292833432555199
-0.535308420658112,21.0507831573486,0.0105907320976257,0.292674362659454
-0.281116306781769,21.0529708862305,0.0126327145844698,0.29261676967144
-0.0265917908400297,21.0551910400391,0.0133827077224851,0.292711421847343
0.228406935930252,21.0572891235352,0.0122107826173306,0.29283495247364
0.483291745185852,21.0593338012695,0.0117780156433582,0.292876452207565
0.737868130207062,21.0615062713623,0.012952072545886,0.292928799986839
0.992195904254913,21.0636425018311,0.015456885099411,0.293046101927757
1.24658358097076,21.0658092498779,0.0179022904485464,0.293268024921417
1.50102436542511,21.0680370330811,0.020317567512393,0.293568179011345
1.75564134120941,21.0701789855957,0.0221578534692526,0.293915718793869
2.01034021377563,21.0722980499268,0.0238448046147823,0.294346392154694
2.26468849182129,21.0744876861572,0.0272990446537733,0.294806629419327
2.51882100105286,21.0767879486084,0.0319114699959755,0.295295849442482
2.77315878868103,21.0789775848389,0.035815853625536,0.295816004276276
3.02705049514771,21.0816059112549,0.041884358972311,0.2962736338377
-4.08928823471069,20.7720890045166,-0.000550288648810238,0.297376185655594
-3.83649134635925,20.7745246887207,0.00494546256959438,0.296743556857109
-3.58237862586975,20.7767581939697,0.00451536616310477,0.2961196154356
-3.32798314094543,20.7788162231445,0.00300025730393827,0.29545234143734
-3.07397699356079,20.7808856964111,0.00352259259670973,0.294817313551903
-2.8199462890625,20.7829608917236,0.00415320601314306,0.294256120920181
-2.56562733650208,20.7850399017334,0.00367409223690629,0.293790429830551
-2.31118202209473,20.7871627807617,0.00283833453431726,0.293357819318771
-2.05715465545654,20.7893676757812,0.00415047397837043,0.292955547571182
-1.80369544029236,20.7915706634521,0.00828839559108019,0.292520761489868
-1.54996824264526,20.7937164306641,0.011405760422349,0.292140319943428
-1.29588258266449,20.795862197876,0.0130938943475485,0.2919742166996
-1.04148411750793,20.7979774475098,0.0135703580453992,0.29186786711216
-0.786832392215729,20.8000106811523,0.0131149906665087,0.291747942566872
-0.532262980937958,20.8020305633545,0.0132575668394566,0.291669592261314
-0.277862668037415,20.804162979126,0.0143854869529605,0.291665807366371
-0.0229689907282591,20.8063888549805,0.0134959686547518,0.291707515716553
0.232298269867897,20.8084125518799,0.0111469896510243,0.291789397597313
0.487039297819138,20.8103828430176,0.0114000011235476,0.291840568184853
0.741445064544678,20.8124084472656,0.0133786648511887,0.291916891932487
0.995894491672516,20.8145370483398,0.0153708895668387,0.292038440704346
1.25055742263794,20.8167400360107,0.0166172944009304,0.292264342308044
1.50499045848846,20.8190174102783,0.0191032588481903,0.29259130358696
1.75941264629364,20.8211879730225,0.0218483991920948,0.292952641844749
2.0139012336731,20.8233184814453,0.0245050992816687,0.293371856212616
2.26841163635254,20.8254795074463,0.0272716153413057,0.293864086270332
2.52284979820251,20.827600479126,0.0305661614984274,0.294388622045517
2.77704048156738,20.829891204834,0.0351567156612873,0.294935509562492
3.03071284294128,20.8325443267822,0.0422277338802814,0.295374870300293
-4.08474397659302,20.5233325958252,-0.00531366188079119,0.296586886048317
-3.83270072937012,20.5259609222412,0.00374231766909361,0.295942112803459
-3.57871222496033,20.528226852417,0.00392791116610169,0.295282050967216
-3.32446217536926,20.530330657959,0.0031247369479388,0.294588312506676
-3.07035756111145,20.5324459075928,0.00322447693906724,0.293933436274529
-2.81614208221436,20.5344791412354,0.00303611741401255,0.293344512581825
-2.56196141242981,20.5365123748779,0.00323464861139655,0.292799010872841
-2.30772566795349,20.5385341644287,0.00340195372700691,0.292318820953369
-2.05364775657654,20.5406742095947,0.00451616337522864,0.291949018836021
-1.80015480518341,20.5429229736328,0.00853328965604305,0.291608035564423
-1.54656076431274,20.5452175140381,0.0122921532019973,0.291282892227173
-1.2926744222641,20.5473957061768,0.0149241555482149,0.291027754545212
-1.03824138641357,20.5493564605713,0.0152766006067395,0.29083988070488
-0.783487498760223,20.5512752532959,0.0143893249332905,0.29072567820549
-0.528920948505402,20.5532779693604,0.0145771317183971,0.290701791644096
-0.274471670389175,20.5554122924805,0.0155152007937431,0.290736377239227
-0.0196638908237219,20.5576057434082,0.0150472624227405,0.290737524628639
0.23568719625473,20.5596790313721,0.0123505359515548,0.290770813822746
0.490611404180527,20.5616779327393,0.0118097504600883,0.290848091244698
0.745312035083771,20.5635871887207,0.0124980378895998,0.290970429778099
0.999987959861755,20.5655136108398,0.0135135911405087,0.291132584214211
1.25463628768921,20.5675716400146,0.0148657038807869,0.291315272450447
1.50888168811798,20.5698642730713,0.0182279795408249,0.291578978300095
1.76309525966644,20.5721244812012,0.0219378042966127,0.291884556412697
2.01734447479248,20.5743274688721,0.0256928540766239,0.292272374033928
2.27192497253418,20.5764846801758,0.0281797349452972,0.292823195457458
2.5265781879425,20.5785980224609,0.0305528528988361,0.293373331427574
2.78132724761963,20.580696105957,0.0327097065746784,0.294044464826584
3.03549814224243,20.5832653045654,0.0376194566488266,0.294538646936417
-3.82953572273254,20.2776565551758,0.0054553747177124,0.295086294412613
-3.5752866268158,20.2797813415527,0.00445995107293129,0.294388741254807
-3.32080054283142,20.2818355560303,0.0025942693464458,0.293703451752663
-3.06668925285339,20.2838230133057,0.00270148389972746,0.293006062507629
-2.81242847442627,20.2858600616455,0.00233929394744337,0.292347863316536
-2.55833101272583,20.2878932952881,0.00295913987793028,0.291783049702644
-2.30412554740906,20.2898635864258,0.00330265332013369,0.291283279657364
-2.04991459846497,20.2919464111328,0.00384062249213457,0.290907561779022
-1.79645466804504,20.2942867279053,0.00804450176656246,0.290603488683701
-1.5431352853775,20.2966480255127,0.0130973504856229,0.290346950292587
-1.28944337368011,20.2987213134766,0.0166528951376677,0.290095031261444
-1.03483402729034,20.3005123138428,0.0162351690232754,0.289900079369545
-0.779907166957855,20.3023567199707,0.0145949367433786,0.289798274636269
-0.525492906570435,20.3044548034668,0.0155078088864684,0.289778873324394
-0.271251529455185,20.3066444396973,0.0174206029623747,0.289796337485313
-0.0166977029293776,20.3087558746338,0.0181338749825954,0.289769381284714
0.238658055663109,20.310791015625,0.0154451951384544,0.289781153202057
0.493986964225769,20.3128414154053,0.0131084695458412,0.289825707674026
0.749094247817993,20.3148307800293,0.0119988508522511,0.289941132068634
1.00377357006073,20.31667137146,0.013036104850471,0.290141567587852
1.2581799030304,20.3185844421387,0.0155101111158729,0.290338978171349
1.51220166683197,20.3208065032959,0.0199063643813133,0.290587157011032
1.76627433300018,20.3231067657471,0.0242745708674192,0.290871322154999
2.02037405967712,20.3254070281982,0.0287228133529425,0.291267335414886
2.27490329742432,20.3275470733643,0.0314651057124138,0.291702911257744
2.52948951721191,20.3296852111816,0.0341617241501808,0.292297586798668
2.78473448753357,20.3315773010254,0.0341550260782242,0.293023154139519
-3.82607102394104,20.0292320251465,0.00576786464080215,0.294190391898155
-3.57197046279907,20.0312080383301,0.00550252618268132,0.293446689844131
-3.31740021705627,20.0332088470459,0.00327901169657707,0.29271674156189
-3.06314635276794,20.0351905822754,0.00275927945040166,0.292012393474579
-2.8088686466217,20.0372085571289,0.00235489895567298,0.291311234235764
-2.55458498001099,20.0392055511475,0.00214886642061174,0.29073965549469
-2.30016922950745,20.0411682128906,0.00156035495456308,0.290268287062645
-2.04608082771301,20.0432224273682,0.00270289671607316,0.289906159043312
-1.79271006584167,20.0454978942871,0.00735421013087034,0.289601966738701
-1.53952991962433,20.0478248596191,0.0130821252241731,0.289369031786919
-1.28566443920135,20.0498390197754,0.0158805344253778,0.289151042699814
-1.03076446056366,20.0515460968018,0.0141753889620304,0.288954272866249
-0.77588027715683,20.0533790588379,0.0127691328525543,0.28884269297123
-0.521713495254517,20.0555458068848,0.014844368211925,0.288805603981018
-0.267841786146164,20.0577487945557,0.0184691790491343,0.288803189992905
-0.0133263412863016,20.0597019195557,0.0193916577845812,0.288793161511421
0.242046728730202,20.0617141723633,0.0166576560586691,0.28878465294838
0.497452020645142,20.0638980865479,0.0140069248154759,0.28874959051609
0.75256884098053,20.0660438537598,0.0128848385065794,0.288796648383141
1.00729167461395,20.067892074585,0.0137600125744939,0.289001613855362
1.26164567470551,20.0697956085205,0.0165013149380684,0.289240032434464
1.51544606685638,20.071949005127,0.0219207350164652,0.289565607905388
1.76922512054443,20.0742626190186,0.0276282504200935,0.289941236376762
2.02338290214539,20.0764694213867,0.031847670674324,0.29039591550827
2.27759742736816,20.0786323547363,0.0360155403614044,0.290797784924507
2.53224921226501,20.0807647705078,0.0384466610848904,0.291346222162247
2.78736662864685,20.0825939178467,0.0390307195484638,0.291919991374016
-3.56883764266968,19.7825908660889,0.00739700719714165,0.292416051030159
-3.31413269042969,19.7845764160156,0.00458050705492496,0.291687592864037
-3.05974555015564,19.7865295410156,0.00347513239830732,0.290953308343887
-2.80537343025208,19.7884922027588,0.00266886572353542,0.290335655212402
-2.55092787742615,19.7904281616211,0.00175189948640764,0.289755329489708
-2.29640817642212,19.792423248291,0.000719371309969574,0.289277404546738
-2.04258322715759,19.7945232391357,0.00311004254035652,0.288891538977623
-1.78916454315186,19.796745300293,0.00757699878886342,0.28856734931469
-1.5357905626297,19.7989540100098,0.0124539006501436,0.288344889879227
-1.28156495094299,19.8009643554688,0.0136429676786065,0.288137763738632
-1.02643024921417,19.8027477264404,0.010905827395618,0.287928849458694
-0.771499991416931,19.8045673370361,0.00933226570487022,0.287777304649353
-0.517226874828339,19.8065319061279,0.0109701324254274,0.287716880440712
-0.263566315174103,19.8086395263672,0.0155971888452768,0.287721797823906
-0.00905913766473532,19.8105354309082,0.0165993086993694,0.287741929292679
0.246194735169411,19.8125553131104,0.0144443614408374,0.287729367613792
0.501232862472534,19.8148231506348,0.0134860100224614,0.28766305744648
0.755865812301636,19.8170890808105,0.014573598280549,0.287673428654671
1.01036882400513,19.8189659118652,0.016466211527586,0.287865698337555
1.26499152183533,19.8209743499756,0.0180320981889963,0.288172200322151
1.5190304517746,19.8231468200684,0.0224159862846136,0.288560569286346
1.77264022827148,19.8253955841064,0.0289134103804827,0.288992404937744
2.02692770957947,19.8273983001709,0.0325906276702881,0.289497867226601
2.28075242042542,19.829704284668,0.0385209359228611,0.289965242147446
2.53565549850464,19.83176612854,0.03986856341362,0.290555387735367
-3.56541228294373,19.5341949462891,0.00792447384446859,0.291397422552109
-3.31064748764038,19.536018371582,0.00486650597304106,0.290740042924881
-3.05619835853577,19.5378246307373,0.0035118805244565,0.290035411715508
-2.80174779891968,19.5397987365723,0.00237793545238674,0.289438039064407
-2.54730367660522,19.5417232513428,0.00150378537364304,0.288776010274887
-2.29285478591919,19.5437297821045,0.000834762584418058,0.288251906633377
-2.03910279273987,19.5458469390869,0.00359551189467311,0.287856534123421
-1.78551375865936,19.5480213165283,0.00731639238074422,0.287531971931458
-1.53186428546906,19.5501270294189,0.0109682334586978,0.287270426750183
-1.27754485607147,19.5521831512451,0.0117665752768517,0.287009343504906
-1.02247321605682,19.5540008544922,0.0093562351539731,0.28677025437355
-0.767439961433411,19.5557689666748,0.00735350418835878,0.286596119403839
-0.512741565704346,19.5575180053711,0.00710267294198275,0.286534577608109
-0.258689731359482,19.5594615936279,0.0100022377446294,0.286572277545929
-0.00435978313907981,19.5614471435547,0.0118515836074948,0.286590054631233
0.250686258077621,19.5635681152344,0.0106781721115112,0.286538407206535
0.505353271961212,19.5659370422363,0.0114332921802998,0.286516636610031
0.759320497512817,19.5680923461914,0.015555583871901,0.286627858877182
1.01343786716461,19.5700531005859,0.0192100200802088,0.286859959363937
1.26823806762695,19.5720539093018,0.0200103726238012,0.287132024765015
1.5226229429245,19.5742301940918,0.0228791404515505,0.287488460540771
1.77632164955139,19.5764865875244,0.0290136262774467,0.287905439734459
2.03005743026733,19.5787029266357,0.0351763963699341,0.288386538624763
2.28435635566711,19.5807361602783,0.0390348099172115,0.288948580622673
2.53950953483582,19.582670211792,0.0393094643950462,0.289651811122894
-3.30695033073425,19.2873229980469,0.00416911579668522,0.289929270744324
-3.05251216888428,19.2891063690186,0.00290210824459791,0.289182841777802
-2.79809165000916,19.2911376953125,0.00194396579172462,0.288438484072685
-2.54406309127808,19.2931938171387,0.00302441883832216,0.287813946604729
-2.28977465629578,19.2951889038086,0.00312720309011638,0.287231475114822
-2.03576993942261,19.2972354888916,0.00475874915719032,0.286827906966209
-1.78176665306091,19.2992687225342,0.00661312928423285,0.286473110318184
-1.52781081199646,19.3012981414795,0.00890033319592476,0.286149427294731
-1.27366936206818,19.3033390045166,0.0105525953695178,0.285824239253998
-1.01910328865051,19.3051261901855,0.0104876151308417,0.285560145974159
-0.763974547386169,19.3068313598633,0.00808483827859163,0.285406023263931
-0.508949220180511,19.3085803985596,0.00638305768370628,0.28534796833992
-0.254675567150116,19.3105659484863,0.00831310171633959,0.285372674465179
-0.000504614901728928,19.3127002716064,0.0109180826693773,0.285381823778152
0.254233330488205,19.3148517608643,0.0111726112663746,0.285325363278389
0.508910715579987,19.3171329498291,0.0119166290387511,0.285387217998505
0.763075292110443,19.3191051483154,0.0151890311390162,0.285611942410469
1.0173100233078,19.3210124969482,0.0183543097227812,0.285887897014618
1.2719315290451,19.3230400085449,0.0199911836534739,0.286130309104919
1.52629959583282,19.3252124786377,0.0229701530188322,0.286394312977791
1.7802197933197,19.3274078369141,0.0281524267047644,0.286773636937141
2.03413462638855,19.3295917510986,0.0335553511977196,0.28721097111702
2.28840017318726,19.3316650390625,0.0375992730259895,0.28775030374527
2.54372978210449,19.3336200714111,0.0371291227638721,0.28854812681675
-3.30388236045837,19.0388069152832,0.00639150757342577,0.289143174886703
-3.04870963096619,19.0406551361084,0.00174776127096266,0.288152173161507
-2.7945921421051,19.0428028106689,0.00222892453894019,0.287401735782623
-2.54056596755981,19.0447406768799,0.0033572637476027,0.286782309412956
-2.28669214248657,19.0467109680176,0.00540793081745505,0.28618960082531
-2.03246378898621,19.0485572814941,0.0060451989993453,0.285773009061813
-1.77804470062256,19.0504837036133,0.00602622330188751,0.285404860973358
-1.52393579483032,19.052453994751,0.00765058724209666,0.285043820738792
-1.26989018917084,19.0544719696045,0.00977965630590916,0.284702748060226
-1.01567041873932,19.0562877655029,0.0113312108442187,0.284428909420967
-0.760943472385406,19.0580654144287,0.0107910251244903,0.284286513924599
-0.506069004535675,19.0599250793457,0.00980263669043779,0.284249365329742
-0.251616597175598,19.0619812011719,0.0109495539218187,0.284233585000038
0.00278050848282874,19.0641250610352,0.0125611759722233,0.284220919013023
0.257443487644196,19.0661201477051,0.0131892561912537,0.284184888005257
0.512458682060242,19.0681037902832,0.0124480416998267,0.284306019544601
0.76715612411499,19.0700531005859,0.0133594386279583,0.284551590681076
1.02161979675293,19.0719509124756,0.0155363138765097,0.284821346402168
1.27590370178223,19.0739250183105,0.0187271051108837,0.285064816474915
1.53011572360992,19.0759201049805,0.0224444959312677,0.285330027341843
1.78441095352173,19.0780372619629,0.0259915851056576,0.285730376839638
2.03850936889648,19.080192565918,0.030617743730545,0.286087140440941
2.29270052909851,19.0823917388916,0.0350294634699821,0.286583006381989
-3.04448413848877,18.7922325134277,-0.00136959715746343,0.286840230226517
-2.79071950912476,18.7944011688232,0.000786808610428125,0.286187008023262
-2.53671526908875,18.7961750030518,0.00205866293981671,0.28562006354332
-2.28295350074768,18.798059463501,0.00466586090624332,0.285109236836433
-2.02875852584839,18.7997760772705,0.00549738435074687,0.284708842635155
-1.77426862716675,18.8016147613525,0.00519227655604482,0.284369558095932
-1.52010881900787,18.8035678863525,0.00662129418924451,0.284018769860268
-1.2662125825882,18.8055992126465,0.00947142858058214,0.283688172698021
-1.01222598552704,18.8075351715088,0.0121214641258121,0.283405557274818
-0.757796585559845,18.8094387054443,0.0129672316834331,0.283263444900513
-0.503202319145203,18.8114032745361,0.0132812792435288,0.283197596669197
-0.248688623309135,18.8133869171143,0.0141803901642561,0.283123835921288
0.00603126781061292,18.8153476715088,0.0143642416223884,0.283080413937569
0.260907590389252,18.8172245025635,0.0140632800757885,0.283086106181145
0.51612788438797,18.8191261291504,0.012433503754437,0.283204063773155
0.771046102046967,18.8210430145264,0.0123884119093418,0.283444821834564
1.02570819854736,18.8229541778564,0.0137119982391596,0.283708110451698
1.27989709377289,18.8248310089111,0.0173693411052227,0.283968314528465
1.5341534614563,18.8266525268555,0.0209302511066198,0.284267008304596
1.78859210014343,18.8286285400391,0.0238788761198521,0.284593120217323
2.04313087463379,18.8306751251221,0.0265864841639996,0.285022974014282
2.29723691940308,18.8330135345459,0.0314171835780144,0.285583093762398
-3.04069018363953,18.5437126159668,-0.00248482706956565,0.285513281822205
-2.78711247444153,18.5458087921143,0.000576497055590153,0.284920856356621
-2.53317475318909,18.547607421875,0.00219270796515048,0.284430161118507
-2.27924728393555,18.5493335723877,0.00407538143917918,0.283978596329689
-2.02501463890076,18.5509815216064,0.00477176019921899,0.28361114859581
-1.77040386199951,18.5528011322021,0.00394993834197521,0.283309862017632
-1.51633405685425,18.554780960083,0.0058296681381762,0.282979235053062
-1.26257765293121,18.5568408966064,0.00935622863471508,0.282664820551872
-1.00880062580109,18.5588550567627,0.0129967564716935,0.28240430355072
-0.754392623901367,18.5608158111572,0.0139734838157892,0.282286643981934
-0.499823033809662,18.5627899169922,0.0144333699718118,0.282218307256699
-0.245318084955215,18.5646743774414,0.015407606959343,0.282116129994392
0.00952521804720163,18.5664329528809,0.0150705706328154,0.282047733664513
0.264566034078598,18.5683498382568,0.0140605848282576,0.282042101025581
0.519702434539795,18.5702934265137,0.0128437019884586,0.28215479850769
0.774391531944275,18.5722179412842,0.0138635560870171,0.2823636084795
1.0290287733078,18.5740242004395,0.0153335612267256,0.282599151134491
1.28343415260315,18.5758171081543,0.0180554538965225,0.282824203372002
1.53800904750824,18.5776309967041,0.0202270001173019,0.283102035522461
1.79264974594116,18.5794086456299,0.022315489128232,0.283409208059311
2.047682762146,18.581298828125,0.0228652860969305,0.283804178237915
2.3024001121521,18.5834217071533,0.0250267703086138,0.284592434763908
-3.03764367103577,18.295093536377,-0.000131787484860979,0.284205555915833
-2.78437829017639,18.297119140625,0.00440789153799415,0.283656939864159
-2.53026127815247,18.2988319396973,0.00522578367963433,0.283196851611137
-2.27606773376465,18.3005561828613,0.00591247389093041,0.282801434397697
-2.02155137062073,18.3021945953369,0.00533660035580397,0.282440036535263
-1.76684308052063,18.3040218353271,0.00410245219245553,0.282167047262192
-1.51266360282898,18.3060131072998,0.00551548646762967,0.281870782375336
-1.25881230831146,18.3080215454102,0.00864618550986052,0.281586050987244
-1.00496971607208,18.3100566864014,0.0120254401117563,0.28136619925499
-0.750355899333954,18.3120098114014,0.0121030742302537,0.281251966953278
-0.495688676834106,18.3139495849609,0.0121600637212396,0.281181678175926
-0.241332426667213,18.3158054351807,0.0138499205932021,0.281084910035133
0.0131725380197167,18.31764793396,0.015081143938005,0.281010121107101
0.267952769994736,18.3196258544922,0.0152823450043797,0.280971229076385
0.522968769073486,18.3216037750244,0.014640623703599,0.281033933162689
0.777582347393036,18.3234558105469,0.0160335972905159,0.281205683946609
1.03221356868744,18.3250751495361,0.0175660904496908,0.281441569328308
1.28679382801056,18.3267784118652,0.0195378512144089,0.281654745340347
1.5413978099823,18.3286800384521,0.0216098614037037,0.281872659921646
1.79618465900421,18.330509185791,0.0230783503502607,0.282139852643013
2.05136704444885,18.3324508666992,0.0229953490197659,0.282444477081299
-3.03569674491882,18.0465450286865,0.00731925293803215,0.282994091510773
-2.78201413154602,18.0484752655029,0.00995131768286228,0.28246434032917
-2.52727842330933,18.0501327514648,0.00793681293725967,0.282041907310486
-2.27283072471619,18.051887512207,0.00748252123594284,0.281665369868279
-2.01816558837891,18.0535869598389,0.00625398335978389,0.281317368149757
-1.76354420185089,18.0554504394531,0.00545292254537344,0.281009405851364
-1.5091609954834,18.0572948455811,0.00596969667822123,0.28072415292263
-1.25497162342072,18.0592060089111,0.00759206851944327,0.280480325222015
-1.00068354606628,18.0611991882324,0.00897797662764788,0.280310660600662
-0.74620920419693,18.0632133483887,0.00973235815763474,0.2801593542099
-0.491665750741959,18.0651607513428,0.0103925988078117,0.280051812529564
-0.237483665347099,18.0669746398926,0.0129126468673348,0.279946893453598
0.0168289095163345,18.068790435791,0.0150530682876706,0.279897183179855
0.271326452493668,18.0708198547363,0.0165657047182322,0.279836148023605
0.526160001754761,18.0727710723877,0.0167799759656191,0.279860183596611
0.780821263790131,18.0745525360107,0.0179914254695177,0.280017793178558
1.03545212745667,18.0761451721191,0.0195580627769232,0.280257701873779
1.29012382030487,18.0778636932373,0.0211520474404097,0.280475229024887
1.54492723941803,18.0798397064209,0.0223634634166956,0.280706033110619
1.7999153137207,18.0816593170166,0.0229687429964542,0.280932426452637
2.05522727966309,18.0836849212646,0.0223426800221205,0.28124974668026
-2.77837181091309,17.7998237609863,0.00957736652344465,0.281329140067101
-2.52333164215088,17.801477432251,0.00619391351938248,0.280913516879082
-2.26884460449219,17.8032264709473,0.00559857627376914,0.280554637312889
-2.01446080207825,17.8049755096436,0.00570447184145451,0.280183017253876
-1.76009273529053,17.8068389892578,0.00610357662662864,0.279852956533432
-1.50559771060944,17.808614730835,0.00614480068907142,0.279605478048325
-1.25078690052032,17.8103771209717,0.00496534444391727,0.279438018798828
-0.996342957019806,17.8123168945312,0.00568360928446054,0.279272794723511
-0.742076456546783,17.8143424987793,0.00742680300027132,0.279080599546432
-0.487822353839874,17.8162670135498,0.00944335293024778,0.278911173343658
-0.233752965927124,17.8180084228516,0.0125143500044942,0.27879536151886
0.0206771474331617,17.8197593688965,0.01416149828583,0.278758496046066
0.275115817785263,17.821756362915,0.0159785337746143,0.278722479939461
0.529658138751984,17.8237590789795,0.017541266977787,0.278745844960213
0.784146666526794,17.8255863189697,0.0195629615336657,0.278874278068542
1.03874611854553,17.8272361755371,0.0213022865355015,0.279077649116516
1.29363214969635,17.8289909362793,0.021967776119709,0.279289543628693
1.54883253574371,17.8309154510498,0.0214406847953796,0.279542118310928
1.80373930931091,17.8327941894531,0.0224447809159756,0.279744222760201
2.05928897857666,17.8348236083984,0.020797360688448,0.280092403292656
-2.77411365509033,17.5511112213135,0.0063529028557241,0.280200198292732
-2.51900506019592,17.5527610778809,0.00269733695313334,0.279751479625702
-2.26472496986389,17.5544967651367,0.00309987785294652,0.279350712895393
-2.01042151451111,17.5562515258789,0.00361772556789219,0.278992846608162
-1.75614273548126,17.5580615997314,0.0044690971262753,0.278693020343781
-1.50158286094666,17.5598125457764,0.0042534270323813,0.278486460447311
-1.24676835536957,17.5615863800049,0.00309787574224174,0.278353944420815
-0.992574036121368,17.5636005401611,0.00499382568523288,0.278165593743324
-0.738460600376129,17.5655574798584,0.0074731819331646,0.277957499027252
-0.484311789274216,17.5673999786377,0.0100063178688288,0.277798622846603
-0.230261772871017,17.5690860748291,0.0132016139104962,0.277676641941071
0.0241668354719877,17.5707607269287,0.0148922884836793,0.27763457596302
0.278662711381912,17.5727138519287,0.0164868142455816,0.277619138360023
0.53315144777298,17.5746898651123,0.0183267015963793,0.277691572904587
0.787592172622681,17.5765953063965,0.0205962490290403,0.277805387973785
1.04215455055237,17.5783920288086,0.0225327331572771,0.277942046523094
1.29701805114746,17.5801753997803,0.023332079872489,0.278081625699997
1.55228507518768,17.5819778442383,0.0225426815450191,0.278317287564278
1.80737388134003,17.5838737487793,0.0227681305259466,0.27849343419075
2.06309270858765,17.5858573913574,0.0204043798148632,0.278826683759689
-2.77031111717224,17.3024673461914,0.00523555651307106,0.2790756970644
-2.51517653465271,17.304105758667,0.00150037417188287,0.27857019007206
-2.26097321510315,17.3058338165283,0.0022958645131439,0.278163582086563
-2.00657749176025,17.3074340820312,0.00243109138682485,0.277757614850998
-1.75222635269165,17.3091220855713,0.00299218855798244,0.277474328875542
-1.49783861637115,17.3109169006348,0.00360476551577449,0.277290612459183
-1.24327480792999,17.3128223419189,0.00363008305430412,0.277164503931999
-0.989133238792419,17.3148708343506,0.00580125022679567,0.27701210975647
-0.734937071800232,17.3167190551758,0.00794162880629301,0.276862785220146
-0.480624049901962,17.3184146881104,0.00976753700524569,0.276724994182587
-0.226464182138443,17.3201141357422,0.0125017035752535,0.27660346031189
0.027956772595644,17.321949005127,0.0142613556236029,0.276513412594795
0.282414317131042,17.3238658905029,0.0160673968493938,0.276519373059273
0.537006914615631,17.3257427215576,0.0174787752330303,0.27660596370697
0.791509032249451,17.3276176452637,0.0195109490305185,0.276711896061897
1.04603445529938,17.3294143676758,0.0216517075896263,0.276812672615051
1.30069923400879,17.3311939239502,0.0233787447214127,0.276902243494987
1.55576241016388,17.3329887390137,0.0235367901623249,0.277066171169281
1.81080186367035,17.3348236083984,0.0240177195519209,0.277220457792282
2.06647157669067,17.3367595672607,0.0219065453857183,0.277475640177727
-2.76685070991516,17.0538997650146,0.0056997430510819,0.277996942400932
-2.51179218292236,17.0555763244629,0.00235154945403337,0.277433037757874
-2.25762248039246,17.057279586792,0.00333816232159734,0.276990488171577
-2.00314593315125,17.05881690979,0.00313792168162763,0.276541814208031
-1.74870979785919,17.0603485107422,0.00334760011173785,0.276263862848282
-1.49436986446381,17.0620517730713,0.004217020701617,0.276119813323021
-1.23995900154114,17.0639820098877,0.00497674103826284,0.276009947061539
-0.985602259635925,17.0659828186035,0.00620116991922259,0.275854527950287
-0.731179535388947,17.0677394866943,0.00734837865456939,0.275690361857414
-0.476694017648697,17.0693759918213,0.00842998176813126,0.275565147399902
-0.222460642457008,17.0712070465088,0.010867340490222,0.275476023554802
0.0320028178393841,17.0731639862061,0.0124718174338341,0.275363549590111
0.286467105150223,17.0750503540039,0.0142882624641061,0.275322169065475
0.541003286838531,17.0768356323242,0.0159960296005011,0.275380060076714
0.795527815818787,17.0786018371582,0.0179691985249519,0.275482758879662
1.04997062683105,17.0804252624512,0.0205191858112812,0.275633588433266
1.30448842048645,17.082181930542,0.0229441486299038,0.275739848613739
1.5593638420105,17.0839500427246,0.0239786636084318,0.275850206613541
1.81414604187012,17.085807800293,0.0256412029266357,0.276022523641586
2.06960415840149,17.0876998901367,0.0245053712278605,0.276184141635895
-2.76322603225708,16.8052711486816,0.00540470657870173,0.276819720864296
-2.50838160514832,16.8070468902588,0.00308080716058612,0.276249602437019
-2.25411820411682,16.8086681365967,0.0036725455429405,0.275812178850174
-1.99976992607117,16.810302734375,0.00409694341942668,0.275371953845024
-1.7454172372818,16.8117561340332,0.0047269007191062,0.275078505277634
-1.49108028411865,16.8133068084717,0.0056477109901607,0.274919778108597
-1.23675346374512,16.815149307251,0.00682740425691009,0.274780988693237
-0.982144296169281,16.8170471191406,0.00693584093824029,0.274595618247986
-0.727572858333588,16.8188457489014,0.00744033046066761,0.274460256099701
-0.472911030054092,16.8204402923584,0.00775873847305775,0.274383187294006
-0.218403100967407,16.8221893310547,0.00899138767272234,0.274326607584953
0.0362153798341751,16.8240928649902,0.00993635132908821,0.274182572960854
0.290699303150177,16.8259925842285,0.0117056639865041,0.274046301841736
0.545027673244476,16.8277606964111,0.014391865581274,0.27408455312252
0.799497127532959,16.8295249938965,0.0166526399552822,0.274219289422035
1.05394399166107,16.831428527832,0.0192220397293568,0.274406149983406
1.3083062171936,16.8332557678223,0.0223801843822002,0.274556025862694
1.56287574768066,16.8350315093994,0.0248190816491842,0.274670824408531
1.81747388839722,16.8368759155273,0.027337646111846,0.274849697947502
2.07259583473206,16.8387451171875,0.0277315974235535,0.274948373436928
-2.75955724716187,16.5564975738525,0.00490814307704568,0.275381028652191
-2.50494432449341,16.5583515167236,0.00369030353613198,0.274881303310394
-2.25068020820618,16.5599880218506,0.00431429734453559,0.274500697851181
-1.99650657176971,16.5617332458496,0.00557490345090628,0.274149894714355
-1.7422844171524,16.5632705688477,0.00683635892346501,0.273875564336777
-1.48781430721283,16.5647354125977,0.00718206865713,0.273681610822678
-1.23333346843719,16.5664443969727,0.00769530842080712,0.273486793041229
-0.978767335414886,16.5683040618896,0.00803594477474689,0.273292690515518
-0.724116683006287,16.5701217651367,0.00821395311504602,0.273200497031212
-0.469188213348389,16.5716094970703,0.0073589039966464,0.273181512951851
-0.214393690228462,16.5731639862061,0.00733469054102898,0.273118451237679
0.0401982180774212,16.5749130249023,0.00844372715801001,0.272959604859352
0.294644415378571,16.5767669677734,0.0104242311790586,0.272788092494011
0.549112915992737,16.5785961151123,0.012517080642283,0.272789418697357
0.80377322435379,16.5804214477539,0.0139585733413696,0.272921606898308
1.05823242664337,16.5823040008545,0.016514852643013,0.273109897971153
1.31229674816132,16.5841445922852,0.0210488252341747,0.273277133703232
1.56642723083496,16.5859889984131,0.0254873614758253,0.273402124643326
1.82075583934784,16.5877895355225,0.0292432606220245,0.273588910698891
2.07550835609436,16.589672088623,0.0313129909336567,0.273664981126785
-2.75635504722595,16.3077602386475,0.00657009379938245,0.273740783333778
-2.50180697441101,16.3095817565918,0.00568594597280025,0.273355722427368
-2.2475380897522,16.3112640380859,0.00632167514413595,0.273052260279655
-1.99325907230377,16.3129901885986,0.00713027408346534,0.27283576130867
-1.73909139633179,16.3146686553955,0.00867259129881859,0.272642731666565
-1.4844970703125,16.3161697387695,0.0084816999733448,0.272384762763977
-1.22984731197357,16.3177661895752,0.00825987476855516,0.272171452641487
-0.975329220294952,16.3195648193359,0.00885699037462473,0.272016435861588
-0.720727443695068,16.3213348388672,0.00929395202547312,0.271962776780128
-0.465743750333786,16.3227996826172,0.00822355039417744,0.27191449701786
-0.210668325424194,16.3242702484131,0.0069632469676435,0.271860122680664
0.0439310520887375,16.3259983062744,0.00807667709887028,0.271687179803848
0.298332273960114,16.3278770446777,0.0102971559390426,0.271507292985916
0.553154647350311,16.3295783996582,0.010835669003427,0.271460264921188
0.808070302009583,16.3312911987305,0.0111720412969589,0.271549805998802
1.06234979629517,16.3330135345459,0.01458072476089,0.271713539958
1.3160400390625,16.3348751068115,0.0208300594240427,0.271872818470001
1.56983149051666,16.3367519378662,0.0268192607909441,0.27201284468174
1.82396233081818,16.3385429382324,0.0314913392066956,0.272202178835869
2.07851719856262,16.3404579162598,0.0344714932143688,0.272294342517853
-2.75376129150391,16.05930519104,0.0110418759286404,0.272179424762726
-2.49914884567261,16.0609931945801,0.00989196635782719,0.271875575184822
-2.2447304725647,16.0626106262207,0.0098680779337883,0.271638512611389
-1.99002230167389,16.0641841888428,0.00873623508960009,0.271462127566338
-1.7355078458786,16.0658111572266,0.00872215908020735,0.271304562687874
-1.48075079917908,16.0674247741699,0.00782069098204374,0.271064668893814
-1.22603368759155,16.0690517425537,0.00732861505821347,0.270834162831306
-0.971455454826355,16.0707740783691,0.00769244367256761,0.27070152759552
-0.716702222824097,16.0724086761475,0.00748269492760301,0.270644158124924
-0.461803674697876,16.073902130127,0.00683940714225173,0.270585998892784
-0.206587105989456,16.0754528045654,0.0049772597849369,0.27050007879734
0.0479073785245419,16.0772686004639,0.00660400511696935,0.270364686846733
0.301883965730667,16.0792331695557,0.0107793444767594,0.270209223031998
0.556294620037079,16.0809631347656,0.0132079478353262,0.27007420361042
0.811132609844208,16.082592010498,0.0139274839311838,0.270054653286934
1.06551241874695,16.0841674804688,0.0169206243008375,0.270174577832222
1.31923234462738,16.0859203338623,0.0230716560035944,0.270364701747894
1.57318770885468,16.0877246856689,0.0283622574061155,0.270574659109116
1.82713937759399,16.0894584655762,0.0338678508996964,0.270776808261871
2.08175802230835,16.0913581848145,0.0365962348878384,0.270909622311592
-2.75106716156006,15.8110322952271,0.0150432139635086,0.270763903856277
-2.49647426605225,15.8125896453857,0.0140164811164141,0.270497068762779
-2.2419445514679,15.8141555786133,0.0135089354589581,0.270306572318077
-1.9870810508728,15.8155422210693,0.0116976089775562,0.270073458552361
-1.73219215869904,15.8170213699341,0.00999973341822624,0.269899278879166
-1.47712206840515,15.8186435699463,0.00769852381199598,0.269694119691849
-1.22209250926971,15.8202800750732,0.00581561168655753,0.269482359290123
-0.967324674129486,15.8218822479248,0.0053581683896482,0.269344076514244
-0.71240496635437,15.823429107666,0.00443492736667395,0.269228219985962
-0.457284331321716,15.8249740600586,0.00282502151094377,0.269158288836479
-0.202182963490486,15.8266744613647,0.00152671337127686,0.269118249416351
0.0519645735621452,15.8285303115845,0.00476623699069023,0.269008994102478
0.30533492565155,15.8304824829102,0.0117194941267371,0.268849238753319
0.5594761967659,15.8321886062622,0.0153972925618291,0.268634304404259
0.814135015010834,15.833794593811,0.0169555675238371,0.268537506461143
1.0686811208725,15.8353443145752,0.0192339941859245,0.268644079566002
1.32260990142822,15.8370676040649,0.0244819261133671,0.268872171640396
1.57671558856964,15.8388195037842,0.0291362181305885,0.269165977835655
1.83058178424835,15.8406066894531,0.0350564382970333,0.269418761134148
2.08535480499268,15.8424196243286,0.0371335484087467,0.269597783684731
-2.74761033058167,15.562554359436,0.0155195975676179,0.269408822059631
-2.4932324886322,15.5640897750854,0.0155228180810809,0.269170671701431
-2.23854064941406,15.5655298233032,0.0143053038045764,0.268964126706123
-1.98395442962646,15.5669326782227,0.0138056734576821,0.268689721822739
-1.72905170917511,15.568395614624,0.0120774079114199,0.268499314785004
-1.4737811088562,15.5699586868286,0.00889269355684519,0.268318548798561
-1.21842467784882,15.5714588165283,0.00555404042825103,0.268117621541023
-0.963388741016388,15.5729427337646,0.00391445076093078,0.267933383584023
-0.708415031433105,15.5744743347168,0.00278623052872717,0.267753228545189
-0.4532650411129,15.5760793685913,0.00108206260483712,0.267676874995232
-0.198296591639519,15.5777978897095,0.000426599872298539,0.267693638801575
0.0557837225496769,15.5795660018921,0.00401182612404227,0.267676129937172
0.309183865785599,15.5814924240112,0.0108697712421417,0.267577454447746
0.563308715820312,15.5832014083862,0.0146603854373097,0.267345577478409
0.817858994007111,15.5848608016968,0.016743628308177,0.267193704843521
1.07248520851135,15.5864973068237,0.0186973009258509,0.267233476042747
1.32652735710144,15.5881567001343,0.0234774053096771,0.267494052648544
1.58071160316467,15.5898180007935,0.0278213284909725,0.267825737595558
1.83460831642151,15.591552734375,0.0336459279060364,0.268078282475471
2.08944177627563,15.5932550430298,0.035496823489666,0.268283292651176
-2.74366402626038,15.3137559890747,0.0137375462800264,0.268030479550362
-2.48953175544739,15.3153505325317,0.0149142760783434,0.267821654677391
-2.23491978645325,15.3167495727539,0.0141066778451204,0.267608255147934
-1.98051702976227,15.3182125091553,0.0144865745678544,0.267404973506927
-1.72591698169708,15.3197088241577,0.0141832605004311,0.267228856682777
-1.47065818309784,15.3211164474487,0.0110899554565549,0.26702056825161
-1.21527540683746,15.3225297927856,0.0076657785102725,0.266766831278801
-0.960034847259521,15.3240184783936,0.00512573728337884,0.266527369618416
-0.704897880554199,15.3255729675293,0.0032887039706111,0.266292661428452
-0.449694216251373,15.3271503448486,0.00137774017639458,0.266210958361626
-0.194730266928673,15.3287963867188,0.000781307986471802,0.266250640153885
0.0593242645263672,15.3305397033691,0.00452027749270201,0.266304716467857
0.313142031431198,15.3324089050293,0.00953020434826612,0.266245663166046
0.567657351493835,15.3340425491333,0.0116030490025878,0.266055256128311
0.822374641895294,15.3356199264526,0.0129808988422155,0.265918016433716
1.0767662525177,15.3372220993042,0.0160331390798092,0.265906512737274
1.33070743083954,15.3389101028442,0.0213066358119249,0.266118183732033
1.58488595485687,15.3405380249023,0.0257186070084572,0.266407981514931
1.83910083770752,15.3421382904053,0.0301685389131308,0.266624704003334
2.0939404964447,15.3437347412109,0.0320385545492172,0.266784012317657
-2.73981308937073,15.0648412704468,0.0123994499444962,0.266598969697952
-2.48584818840027,15.0664901733398,0.0143892411142588,0.266397267580032
-2.23133707046509,15.0679311752319,0.0140838902443647,0.266186058521271
-1.9768203496933,15.0694589614868,0.013975434936583,0.266010269522667
-1.72207176685333,15.0708560943604,0.0130318887531757,0.265855744481087
-1.46705198287964,15.072135925293,0.0110768247395754,0.265631288290024
-1.21206653118134,15.0735425949097,0.00950686354190111,0.265327394008636
-0.956899583339691,15.0751171112061,0.00733431428670883,0.265092432498932
-0.701501607894897,15.0766448974609,0.00434278976172209,0.264913409948349
-0.446348398923874,15.0781488418579,0.00269828154705465,0.264878794550896
-0.191322088241577,15.0796937942505,0.00185637397225946,0.264928251504898
0.0631458386778831,15.0813646316528,0.00376208126544952,0.26501390337944
0.317508280277252,15.0831212997437,0.00635459925979376,0.26494725048542
0.572161078453064,15.0847444534302,0.00785199459642172,0.264803886413574
0.826832473278046,15.0863304138184,0.00948075950145721,0.264661252498627
1.08099281787872,15.0879688262939,0.0136141180992126,0.264640480279922
1.33496057987213,15.0896396636963,0.018810635432601,0.264723271131516
1.58897888660431,15.0912618637085,0.0239807479083538,0.264831021428108
1.84325230121613,15.0928249359131,0.0282109621912241,0.264986082911491
2.09814262390137,15.094313621521,0.0298987105488777,0.265041843056679
-2.7361478805542,14.8159914016724,0.011919504031539,0.265082031488419
-2.48230481147766,14.8176403045654,0.0145111093297601,0.264875248074532
-2.22770309448242,14.8190851211548,0.0138252936303616,0.264709517359734
-1.97294867038727,14.8205862045288,0.0126628801226616,0.264548674225807
-1.7177187204361,14.8218746185303,0.00955335889011621,0.264434739947319
-1.46269917488098,14.8232383728027,0.00764200976118445,0.264247328042984
-1.20819401741028,14.8247833251953,0.00830877758562565,0.263977631926537
-0.953531384468079,14.8263053894043,0.00847813952714205,0.263758584856987
-0.698062539100647,14.8276901245117,0.00520301796495914,0.263622090220451
-0.44261160492897,14.8290719985962,0.00224510510452092,0.26358100771904
-0.187189698219299,14.8305130004883,-0.000348881381796673,0.263584092259407
0.0676923617720604,14.8321113586426,-0.000272922858130187,0.263592675328255
0.322053074836731,14.8337659835815,0.00237571052275598,0.263544782996178
0.576265811920166,14.8354797363281,0.00589902140200138,0.263507917523384
0.830619752407074,14.8371562957764,0.00899363309144974,0.263432666659355
1.08442413806915,14.8389682769775,0.0147572420537472,0.263384595513344
1.3382396697998,14.8407249450684,0.0206681620329618,0.26335945725441
1.59216403961182,14.8423624038696,0.0262899156659842,0.263337850570679
1.84653222560883,14.843879699707,0.0301311872899532,0.263335734605789
2.10152435302734,14.8452949523926,0.0314003005623817,0.263295471668243
-2.732506275177,14.5673446655273,0.0115436669439077,0.263598412275314
-2.47878336906433,14.5689401626587,0.0147301033139229,0.263393670320511
-2.22407579421997,14.5702972412109,0.0135962450876832,0.263237357139587
-1.96916079521179,14.5716733932495,0.0117373513057828,0.263101249933243
-1.71358144283295,14.5729341506958,0.00706366123631597,0.262994945049286
-1.45855534076691,14.5742826461792,0.00516599230468273,0.262867152690887
-1.20418131351471,14.5758447647095,0.00647469656541944,0.262661397457123
-0.949775874614716,14.5773591995239,0.00785938650369644,0.262470319867134
-0.694429576396942,14.578670501709,0.00518302991986275,0.262329235672951
-0.438904404640198,14.5800161361694,0.00192660291213542,0.262212812900543
-0.183315694332123,14.5814599990845,-0.00138553522992879,0.262135371565819
0.0718567222356796,14.5830793380737,-0.00258429208770394,0.262083753943443
0.326289862394333,14.5846643447876,-0.000218530083657242,0.262088403105736
0.580349147319794,14.5863466262817,0.00403940631076694,0.262130007147789
0.834275126457214,14.5880765914917,0.00909790489822626,0.262156665325165
1.08788299560547,14.5898904800415,0.0157799832522869,0.262110412120819
1.34152722358704,14.5916891098022,0.0224914643913507,0.261978343129158
1.59554815292358,14.5933504104614,0.0277143865823746,0.26185230910778
1.84973239898682,14.594916343689,0.0324088893830776,0.261826083064079
2.10477828979492,14.5963201522827,0.0334716439247131,0.261750027537346
-2.72866368293762,14.3187341690063,0.0102354576811194,0.262248203158379
-2.47502660751343,14.3202838897705,0.013861115090549,0.262041062116623
-2.22027969360352,14.3216409683228,0.0125857265666127,0.261875435709953
-1.96541512012482,14.3229303359985,0.0110009564086795,0.261730179190636
-1.70997285842896,14.324125289917,0.00699826003983617,0.261590540409088
-1.45486557483673,14.3254661560059,0.00476705050095916,0.261480003595352
-1.2003847360611,14.3269119262695,0.00562949059531093,0.261309236288071
-0.945970773696899,14.3283920288086,0.0070153153501451,0.261163145303726
-0.690772235393524,14.3297567367554,0.00504970550537109,0.261015370488167
-0.435525447130203,14.3311729431152,0.00309380632825196,0.260835662484169
-0.180285215377808,14.332667350769,0.00139515451155603,0.260655239224434
0.0747184380888939,14.3342542648315,0.000992551795206964,0.260509982705116
0.329389601945877,14.3357677459717,0.00231569656170905,0.260495990514755
0.583759009838104,14.3372650146484,0.00521372957155108,0.260592371225357
0.837887048721313,14.3388404846191,0.0094030536711216,0.260758548974991
1.09173333644867,14.3405752182007,0.0150539157912135,0.260751441121101
1.34536015987396,14.3423852920532,0.0218813773244619,0.260584607720375
1.59931135177612,14.3440923690796,0.027453038841486,0.260459288954735
1.85358417034149,14.3456420898438,0.0317902527749538,0.260365769267082
2.1084988117218,14.3470687866211,0.0334742739796638,0.26031231880188
-2.72474145889282,14.0699424743652,0.00856460724025965,0.260958760976791
-2.47107839584351,14.0714817047119,0.01211151573807,0.260719567537308
-2.21629214286804,14.0727376937866,0.0106985606253147,0.260549366474152
-1.96153521537781,14.0740280151367,0.00965163949877024,0.260367333889008
-1.70646893978119,14.0752210617065,0.00741621013730764,0.260194644331932
-1.45179295539856,14.0765981674194,0.00719656888395548,0.260071828961372
-1.19705379009247,14.0780210494995,0.00691119441762567,0.259946748614311
-0.941950082778931,14.079402923584,0.00518863275647163,0.259816139936447
-0.686784148216248,14.0808019638062,0.00341199687682092,0.259657189249992
-0.432265281677246,14.0823631286621,0.00480002583935857,0.259446665644646
-0.177886053919792,14.0839624404907,0.0070358831435442,0.259274661540985
0.0769243910908699,14.0854501724243,0.00753607554361224,0.259096831083298
0.331811666488647,14.0868654251099,0.00791038107126951,0.259044855833054
0.586701273918152,14.088228225708,0.00849441718310118,0.259122788906097
0.841373264789581,14.0896806716919,0.0102720214053988,0.259237051010132
1.09564113616943,14.0913057327271,0.014069770462811,0.259238466620445
1.34962546825409,14.0929889678955,0.0193389654159546,0.259094044566154
1.60362243652344,14.094705581665,0.0247483961284161,0.258979499340057
1.8578314781189,14.09632396698,0.0294101666659117,0.258876770734787
2.11260628700256,14.0977268218994,0.0317587926983833,0.258859187364578
-2.7208731174469,13.8209400177002,0.00714820716530085,0.25960285961628
-2.46704292297363,13.8224763870239,0.00996403302997351,0.259323418140411
-2.2123281955719,13.823769569397,0.00892381370067596,0.259132131934166
-1.95763659477234,13.8251142501831,0.0082165589556098,0.258930906653404
-1.70281398296356,13.8264055252075,0.00713782850652933,0.258767500519753
-1.44834661483765,13.8278465270996,0.00791075266897678,0.258692398667336
-1.19348657131195,13.829216003418,0.0071111642755568,0.258625239133835
-0.937940835952759,13.830358505249,0.00341625162400305,0.258538141846657
-0.68306028842926,13.8317518234253,0.00298068509437144,0.258346274495125
-0.428667187690735,13.8333625793457,0.00497708842158318,0.258130207657814
-0.174513712525368,13.8350229263306,0.00827178824692965,0.258002117276192
0.0800915285944939,13.8365106582642,0.00973545107990503,0.257880330085754
0.334781646728516,13.8379430770874,0.0110322516411543,0.257834419608116
0.589784741401672,13.839280128479,0.0111368633806705,0.257843911647797
0.844694793224335,13.8406791687012,0.0118776485323906,0.257784381508827
1.09922027587891,13.8422861099243,0.0145541485399008,0.257680281996727
1.35327410697937,13.8440427780151,0.01954604126513,0.257552698254585
1.60722410678864,13.8457126617432,0.0252026449888945,0.257485151290894
1.86159479618073,13.8472967147827,0.0291810315102339,0.257400140166283
2.1165246963501,13.8485851287842,0.0308808572590351,0.257398530840874
-2.71708130836487,13.5720129013062,0.00608515739440918,0.258204504847527
-2.46304869651794,13.5735292434692,0.00800654850900173,0.257901564240456
-2.20838332176208,13.5748500823975,0.00723416917026043,0.257716551423073
-1.95353245735168,13.5761299133301,0.00583904096856713,0.257529377937317
-1.69871389865875,13.5774393081665,0.00482145510613918,0.25742395222187
-1.44421422481537,13.578932762146,0.00548751791939139,0.257376715540886
-1.18956398963928,13.58034324646,0.00568836648017168,0.25728765130043
-0.934311926364899,13.581467628479,0.0033749477006495,0.257171526551247
-0.679519414901733,13.5827646255493,0.00338100269436836,0.256955787539482
-0.425018697977066,13.584321975708,0.00492692925035954,0.256757438182831
-0.170802399516106,13.585973739624,0.00797480903565884,0.256671294569969
0.0836171582341194,13.5874710083008,0.0103164408355951,0.256617486476898
0.338115692138672,13.5889387130737,0.0125136571004987,0.256605312228203
0.593223571777344,13.5902538299561,0.0121813537552953,0.256559580564499
0.848077654838562,13.5916481018066,0.01320896204561,0.256393060088158
1.10219347476959,13.5933456420898,0.0177553314715624,0.2562265843153
1.35614573955536,13.5951662063599,0.0232308357954025,0.256119683384895
1.61073017120361,13.5967445373535,0.0260847136378288,0.256091386079788
1.86515653133392,13.5983829498291,0.0298479702323675,0.256053268909454
2.12050414085388,13.5995616912842,0.0297275874763727,0.256047695875168
-2.71340179443359,13.3233203887939,0.00553377391770482,0.256861418485641
-2.45934724807739,13.3248481750488,0.0073929182253778,0.256553947925568
-2.20483112335205,13.3261957168579,0.00734817562624812,0.256360217928886
-1.95001006126404,13.3274946212769,0.00612703198567033,0.256177306175232
-1.6951402425766,13.3287696838379,0.00491256918758154,0.256066650152206
-1.44050741195679,13.3301248550415,0.00501044327393174,0.256007894873619
-1.1859335899353,13.3314847946167,0.00560167105868459,0.255892351269722
-0.931098163127899,13.3326787948608,0.00522473827004433,0.25577600300312
-0.676324188709259,13.3339262008667,0.00535066286101937,0.255577176809311
-0.421663820743561,13.3353586196899,0.00620880955830216,0.255337238311768
-0.167372539639473,13.3369665145874,0.00895305629819632,0.255230829119682
0.0868762135505676,13.3384628295898,0.0121031450107694,0.255190119147301
0.341501235961914,13.3399600982666,0.0137621602043509,0.255199581384659
0.596979200839996,13.3412275314331,0.0117988390848041,0.255114257335663
0.85168844461441,13.3426742553711,0.0135145001113415,0.254918679594994
1.10570287704468,13.3443412780762,0.0185535661876202,0.25478932261467
1.35980451107025,13.3460531234741,0.0233987271785736,0.254760190844536
1.61469566822052,13.3476181030273,0.0249191056936979,0.254783928394318
1.86954748630524,13.3491315841675,0.0268281325697899,0.254828721284866
2.12520122528076,13.3502597808838,0.0253899805247784,0.254834935069084
-2.70985507965088,13.0746431350708,0.00559790804982185,0.255492225289345
-2.45601677894592,13.0762414932251,0.00849119760096073,0.255191832780838
-2.20149993896484,13.0775651931763,0.00847997236996889,0.254983603954315
-1.94692373275757,13.0789413452148,0.00841852650046349,0.254805907607079
-1.69203341007233,13.0801239013672,0.00714574148878455,0.254657581448555
-1.4371874332428,13.0812759399414,0.00630713067948818,0.254579707980156
-1.18241488933563,13.082498550415,0.00602931901812553,0.254455417394638
-0.927744090557098,13.083758354187,0.00643884809687734,0.254313886165619
-0.67322051525116,13.0850963592529,0.00773714017122984,0.254108756780624
-0.418842434883118,13.086555480957,0.00990976020693779,0.253899365663528
-0.164473459124565,13.0880069732666,0.0123367346823215,0.253839924931526
0.0901438072323799,13.0893907546997,0.0138537921011448,0.253800928592682
0.345191180706024,13.0908603668213,0.0136407492682338,0.25374536216259
0.600716829299927,13.0921306610107,0.0115004144608974,0.253627315163612
0.855360567569733,13.0936050415039,0.0135475927963853,0.253454521298409
1.10941553115845,13.0951948165894,0.0184445455670357,0.253351375460625
1.36407172679901,13.0967407226562,0.0208488050848246,0.25339537858963
1.61928129196167,13.0981788635254,0.0209927074611187,0.253489345312119
1.87476325035095,13.0995073318481,0.020142575725913,0.253594189882278
2.1305730342865,13.1006059646606,0.0180613584816456,0.253631636500359
-2.70622134208679,12.8257761001587,0.00526365870609879,0.254032909870148
-2.45268416404724,12.8274545669556,0.00958549417555332,0.253757566213608
-2.19816780090332,12.8287162780762,0.00961368903517723,0.253542095422745
-1.94379317760468,12.8301134109497,0.0105149708688259,0.253375858068466
-1.68898463249207,12.8312587738037,0.00965301506221294,0.253230690956116
-1.43406867980957,12.8322505950928,0.00853140838444233,0.253151029348373
-1.17881596088409,12.8333559036255,0.00609557190909982,0.253043428063393
-0.923908174037933,12.8346605300903,0.00546041410416365,0.252917513251305
-0.669441103935242,12.8360376358032,0.00705492263659835,0.252728775143623
-0.415427684783936,12.8375673294067,0.0109213748946786,0.252576559782028
-0.16113056242466,12.8390626907349,0.0137083185836673,0.252510577440262
0.0940162688493729,12.8404321670532,0.0128647647798061,0.252435088157654
0.3497693836689,12.8416728973389,0.00951225310564041,0.252331867814064
0.605008661746979,12.8429470062256,0.0087082302197814,0.252220943570137
0.859126031398773,12.8444728851318,0.0131638599559665,0.25206595659256
1.11311674118042,12.8460397720337,0.0183880142867565,0.251968547701836
1.36815524101257,12.8474349975586,0.0191229339689016,0.252009466290474
1.62366950511932,12.8487358093262,0.0179500132799149,0.252108380198479
1.87957084178925,12.8499240875244,0.0152773698791862,0.252197340130806
2.13560771942139,12.8509464263916,0.0122354738414288,0.25223895907402
-2.70235729217529,12.576810836792,0.00386789371259511,0.252500370144844
-2.44903612136841,12.5785160064697,0.00922727305442095,0.252267077565193
-2.19464349746704,12.5797929763794,0.00986478105187416,0.252093076705933
-1.94041430950165,12.5811729431152,0.0114728352054954,0.251961082220078
-1.68554782867432,12.582257270813,0.0103828823193908,0.25184291601181
-1.43037092685699,12.5831098556519,0.00810755975544453,0.251779243350029
-1.17501246929169,12.5842332839966,0.00522653758525848,0.251668184995651
-0.920041739940643,12.5856342315674,0.00434133317321539,0.251546114683151
-0.665381193161011,12.5870227813721,0.00509493658319116,0.251387417316437
-0.411201566457748,12.5885848999023,0.00824693590402603,0.251270771026611
-0.156747564673424,12.5900650024414,0.0103665078058839,0.251228183507919
0.0984591543674469,12.5914249420166,0.00929690804332495,0.251102671027184
0.354240536689758,12.5925931930542,0.00586422067135572,0.25093574821949
0.609283745288849,12.5937967300415,0.0059908670373261,0.250809371471405
0.863240778446198,12.5952157974243,0.0112141873687506,0.250732660293579
1.11704671382904,12.5968685150146,0.0173057615756989,0.250613123178482
1.37188518047333,12.5982666015625,0.0189759153872728,0.250567942857742
1.62758505344391,12.5995044708252,0.0170133262872696,0.250577002763748
1.88333642482758,12.6006870269775,0.0150489322841167,0.250566452741623
2.13965630531311,12.6016244888306,0.0107880784198642,0.250553801655769
-2.69836759567261,12.3278751373291,0.00188867968972772,0.25094336271286
-2.44516849517822,12.3295450210571,0.0078556640073657,0.25075401365757
-2.19096684455872,12.3308553695679,0.00941369775682688,0.250608056783676
-1.93682181835175,12.3322153091431,0.0114489737898111,0.250494748353958
-1.6818208694458,12.3332614898682,0.00978103931993246,0.250368550419807
-1.42647087574005,12.3341579437256,0.00675134034827352,0.250296607613564
-1.17120575904846,12.335298538208,0.00433780904859304,0.250182554125786
-0.916339635848999,12.3366088867188,0.00397208565846086,0.250067010521889
-0.661638557910919,12.3379669189453,0.00458087306469679,0.249936312437057
-0.407007992267609,12.3394117355347,0.00572698144242167,0.249854952096939
-0.152415588498116,12.3409452438354,0.00726039847359061,0.249861776828766
0.10259547829628,12.3424024581909,0.00711698224768043,0.249769151210785
0.357875794172287,12.3436288833618,0.0059869890101254,0.249567121267319
0.612781345844269,12.3448610305786,0.00677060056477785,0.24938690662384
0.867158710956573,12.3461894989014,0.0101425517350435,0.249318554997444
1.12112009525299,12.3477439880371,0.0155795505270362,0.249226957559586
1.37554001808167,12.3492193222046,0.0191622022539377,0.249100044369698
1.63094210624695,12.3503637313843,0.0185708124190569,0.24896739423275
1.88630700111389,12.3516044616699,0.0183623246848583,0.24891708791256
2.14267253875732,12.352518081665,0.0139296734705567,0.248822838068008
-2.69450998306274,12.0789222717285,0.000522026675753295,0.249370500445366
-2.4413468837738,12.0805034637451,0.00669995043426752,0.249210968613625
-2.1872181892395,12.0818223953247,0.00863401219248772,0.249101027846336
-1.9332879781723,12.0831956863403,0.0116966543719172,0.249005615711212
-1.67850685119629,12.0843172073364,0.0110737336799502,0.248892769217491
-1.42308557033539,12.085391998291,0.00774686923250556,0.248809739947319
-1.16781187057495,12.0865592956543,0.00532963406294584,0.248705074191093
-0.913216233253479,12.087739944458,0.00623822445049882,0.248587176203728
-0.658674001693726,12.0890293121338,0.00760590517893434,0.248437076807022
-0.403707444667816,12.0902786254883,0.00726361107081175,0.248350113630295
-0.148570343852043,12.0916614532471,0.00636698165908456,0.24835766851902
0.106474198400974,12.0931673049927,0.00611017365008593,0.24837426841259
0.361329823732376,12.0944910049438,0.00693434569984674,0.248229041695595
0.615946412086487,12.0958375930786,0.00905185099691153,0.247997283935547
0.870640277862549,12.0971908569336,0.0110328234732151,0.247857213020325
1.12501764297485,12.0985717773438,0.0146443760022521,0.247767850756645
1.37938404083252,12.0999631881714,0.0185093730688095,0.247676730155945
1.63438701629639,12.1010723114014,0.0197412148118019,0.247550517320633
1.88945758342743,12.1022987365723,0.0208809748291969,0.24746835231781
2.1455020904541,12.1032724380493,0.0179065335541964,0.247348263859749
-2.69078397750854,11.8299694061279,-0.000235287327086553,0.247822567820549
-2.43752908706665,11.8314380645752,0.00556227145716548,0.247680619359016
-2.18359541893005,11.8327579498291,0.00843595433980227,0.247599497437477
-1.92963802814484,11.8341655731201,0.01141157746315,0.247524619102478
-1.67517399787903,11.8354473114014,0.0122782364487648,0.247442647814751
-1.41998755931854,11.8365831375122,0.0100607434287667,0.247358381748199
-1.16463029384613,11.8377389907837,0.00729467906057835,0.247262433171272
-0.910039305686951,11.8388681411743,0.00826065987348557,0.247162953019142
-0.65559446811676,11.8400535583496,0.0101087903603911,0.247015610337257
-0.400488257408142,11.8411731719971,0.00916937366127968,0.246878698468208
-0.144958034157753,11.8423757553101,0.00653046742081642,0.246852800250053
0.110472649335861,11.8437957763672,0.00456684408709407,0.246873363852501
0.365248739719391,11.8452110290527,0.00578799284994602,0.246853083372116
0.619536578655243,11.8466529846191,0.00942361168563366,0.246641203761101
0.874128460884094,11.8480043411255,0.011900071054697,0.246420010924339
1.12878489494324,11.8492727279663,0.0142991747707129,0.246246516704559
1.38345563411713,11.8505611419678,0.0168423596769571,0.246167957782745
1.63820731639862,11.8517036437988,0.019237456843257,0.246136665344238
1.89308333396912,11.8528881072998,0.0212843399494886,0.2460917532444
2.14859414100647,11.8539724349976,0.0207188241183758,0.246024742722511
-2.68717622756958,11.5810642242432,-0.000446222460595891,0.246354505419731
-2.43376636505127,11.5824689865112,0.00467626238241792,0.246216922998428
-2.17989492416382,11.5838527679443,0.00787513330578804,0.246149092912674
-1.92586231231689,11.5852298736572,0.0105448840186,0.246061146259308
-1.67160546779633,11.586573600769,0.0124005526304245,0.246032491326332
-1.41664624214172,11.58766746521,0.0112632876262069,0.245970591902733
-1.16118550300598,11.5887537002563,0.008062525652349,0.245886594057083
-0.905905306339264,11.5897312164307,0.00592600321397185,0.245831415057182
-0.651057422161102,11.5908651351929,0.00598410610109568,0.24571231007576
-0.395806789398193,11.5918893814087,0.00443820934742689,0.245527669787407
-0.140545397996902,11.5930776596069,0.00306639121845365,0.245427712798119
0.114923447370529,11.5943660736084,0.000979623291641474,0.245376110076904
0.369760185480118,11.5958271026611,0.00197054399177432,0.245337620377541
0.623552441596985,11.5974035263062,0.00788005441427231,0.245152086019516
0.87763237953186,11.5988159179688,0.0126973772421479,0.24488876760006
1.13228058815002,11.6000680923462,0.0151698431000113,0.244669839739799
1.38713240623474,11.6013431549072,0.0169385988265276,0.244562983512878
1.64176726341248,11.6025524139404,0.0198902115225792,0.244614668190479
1.89657461643219,11.603705406189,0.0222809929400682,0.24456375837326
2.15163826942444,11.6048860549927,0.0237378235906363,0.244576521217823
-2.68365597724915,11.3320817947388,-0.000248643540544435,0.244969308376312
-2.43020415306091,11.3335266113281,0.00471615698188543,0.244824796915054
-2.17647075653076,11.3349666595459,0.00858805421739817,0.244742453098297
-1.92239129543304,11.336353302002,0.0110785840079188,0.244678094983101
-1.66817808151245,11.3377113342285,0.0131705971434712,0.244608148932457
-1.41320538520813,11.3387403488159,0.012010739184916,0.244542241096497
-1.15747702121735,11.3397169113159,0.007627391256392,0.244439482688904
-0.901526391506195,11.3405790328979,0.00247504329308867,0.244359850883484
-0.646017014980316,11.3416261672974,-0.000430182146374136,0.244246676564217
-0.390839874744415,11.3427467346191,-0.00159416254609823,0.244098305702209
-0.135699242353439,11.3438987731934,-0.00236668391153216,0.24395877122879
0.119630560278893,11.3451509475708,-0.00377409579232335,0.243863865733147
0.373923599720001,11.346586227417,-0.00027987125213258,0.243694886565208
0.62720787525177,11.348165512085,0.00796081032603979,0.2435582280159
0.880799114704132,11.3496046066284,0.0150120388716459,0.243413679301739
1.13531994819641,11.350926399231,0.0180868282914162,0.243198059499264
1.39016366004944,11.3522291183472,0.0199218727648258,0.243068508803844
1.64493238925934,11.3534746170044,0.0223057009279728,0.243048511445522
1.89968979358673,11.3546409606934,0.0249508861452341,0.242996409535408
2.15464663505554,11.3558359146118,0.0269139185547829,0.243054263293743
-2.68005037307739,11.0827894210815,-0.00043667692807503,0.243650257587433
-2.42680048942566,11.0843734741211,0.00549526046961546,0.243477076292038
-2.17301607131958,11.0858373641968,0.00916821975260973,0.243372529745102
-1.91912400722504,11.087329864502,0.0125546343624592,0.243243157863617
-1.66496014595032,11.0887241363525,0.0149071058258414,0.243188768625259
-1.40990257263184,11.089747428894,0.0133936163038015,0.243062898516655
-1.1540048122406,11.090615272522,0.00827465020120144,0.242925927042961
-0.897793710231781,11.0914554595947,0.00197165249846876,0.242785051465034
-0.641756415367126,11.0924663543701,-0.00329666188918054,0.242640390992165
-0.386418849229813,11.0936670303345,-0.00514812162145972,0.242537692189217
-0.13147734105587,11.0949258804321,-0.004976368509233,0.242443807423115
0.12335566431284,11.0960521697998,-0.00408822298049927,0.24231444299221
0.377117305994034,11.0974931716919,0.00184355990495533,0.242127455770969
0.630517363548279,11.0990419387817,0.00959683395922184,0.24199378490448
0.883992195129395,11.1005306243896,0.0172041300684214,0.241955168545246
1.13834714889526,11.10182762146,0.0210571698844433,0.241850078105927
1.39311015605927,11.103063583374,0.0232875030487776,0.241726435720921
1.64806032180786,11.1042776107788,0.0248922910541296,0.241668969392776
1.90288698673248,11.1054420471191,0.0272607430815697,0.241601407527924
2.15812921524048,11.1065464019775,0.0279898289591074,0.241655372083187
-2.67628574371338,10.8334293365479,-0.00135616771876812,0.242295034229755
-2.42341899871826,10.8351802825928,0.00637968862429261,0.242098785936832
-2.16953802108765,10.8367385864258,0.0096399849280715,0.241995647549629
-1.91577422618866,10.8382511138916,0.0136531312018633,0.24185399711132
-1.66142690181732,10.8396158218384,0.0152007089927793,0.241768300533295
-1.40628027915955,10.8406562805176,0.0133160166442394,0.241654895246029
-1.1504328250885,10.8415403366089,0.00846511777490377,0.241485916078091
-0.894315600395203,10.8423919677734,0.00262797717005014,0.241257213056087
-0.638541042804718,10.8433818817139,-0.00140642013866454,0.241069033741951
-0.383477568626404,10.844575881958,-0.00197828025557101,0.240971215069294
-0.128570809960365,10.8458137512207,-0.00161693664267659,0.24096155911684
0.12633952498436,10.8469562530518,-0.00104828248731792,0.240819253027439
0.380227535963058,10.8483810424805,0.00434505054727197,0.240667417645454
0.633804738521576,10.8498210906982,0.0113365268334746,0.240548111498356
0.887388110160828,10.8513870239258,0.0184869524091482,0.240610681474209
1.1414966583252,10.8527336120605,0.0234788283705711,0.240572012960911
1.39634501934052,10.8538837432861,0.0253627970814705,0.240455448627472
1.65166521072388,10.8549575805664,0.0253520216792822,0.240374393761158
1.90660905838013,10.8561687469482,0.0272326339036226,0.240319699048996
2.16224431991577,10.8571643829346,0.0262527875602245,0.240343950688839
-2.67219662666321,10.5843324661255,-0.00378728681243956,0.240835212171078
-2.4197940826416,10.586238861084,0.00613089557737112,0.240657582879066
-2.16600632667542,10.5877494812012,0.00986126810312271,0.240563564002514
-1.91223251819611,10.5892972946167,0.0138649735599756,0.240451112389565
-1.65755879878998,10.590503692627,0.013957723043859,0.240352623164654
-1.40234279632568,10.5914440155029,0.0117995953187346,0.240236103534698
-1.14675545692444,10.5923318862915,0.0081790080294013,0.240070849657059
-0.89108544588089,10.5933237075806,0.00441632652655244,0.239865563809872
-0.635692298412323,10.5943508148193,0.00215124874375761,0.239679418504238
-0.380455613136292,10.5954532623291,0.000826515955850482,0.23955462872982
-0.125433340668678,10.5966653823853,0.000697233597747982,0.239511117339134
0.129370987415314,10.5978937149048,0.00177557987626642,0.239431649446487
0.383635371923447,10.5992193222046,0.00550491968169808,0.239297188818455
0.637573778629303,10.6005735397339,0.0109073184430599,0.239176794886589
0.891391634941101,10.6020307540894,0.0170456599444151,0.239213988184929
1.14536011219025,10.6034288406372,0.0227047745138407,0.239218086004257
1.40013337135315,10.6046648025513,0.0249608848243952,0.239106215536594
1.65559411048889,10.605749130249,0.0243595950305462,0.239011898636818
1.91060554981232,10.6069583892822,0.0259783491492271,0.238986268639565
2.16635179519653,10.6079196929932,0.0245465748012066,0.239003203809261
-2.66788268089294,10.3355121612549,-0.00726887909695506,0.239255711436272
-2.4158296585083,10.3374977111816,0.00430636014789343,0.239149674773216
-2.16197443008423,10.3389091491699,0.00777145801112056,0.239072695374489
-1.90818095207214,10.3403768539429,0.0117302164435387,0.239031739532948
-1.65342056751251,10.3414573669434,0.0114725073799491,0.238947443664074
-1.39837539196014,10.3423910140991,0.0101410020142794,0.238804303109646
-1.14323782920837,10.3433036804199,0.00861756410449743,0.238621711730957
-0.888132870197296,10.3444204330444,0.00746527314186096,0.238484993577003
-0.632965981960297,10.345495223999,0.00626046396791935,0.238358311355114
-0.37746399641037,10.3464698791504,0.00376443075947464,0.238217703998089
-0.122148863971233,10.3475160598755,0.00234533566981554,0.238095566630363
0.132733106613159,10.3486604690552,0.00310993101447821,0.237930864095688
0.387100011110306,10.3499631881714,0.00641234265640378,0.237799890339375
0.641164779663086,10.3512401580811,0.0112839192152023,0.237729199230671
0.895252287387848,10.352578163147,0.0162510052323341,0.237748846411705
1.14962899684906,10.3539333343506,0.0201187282800674,0.237750701606274
1.40431880950928,10.3552532196045,0.0227885954082012,0.237646132707596
1.65941405296326,10.3564767837524,0.0238575395196676,0.237593792378902
1.91443240642548,10.3576526641846,0.0254850946366787,0.237569183111191
2.16983199119568,10.3586683273315,0.0256316754966974,0.237641550600529
-2.66397500038147,10.086651802063,-0.00886815972626209,0.237660974264145
-2.41188383102417,10.0885877609253,0.00257486430928111,0.237626895308495
-2.15796184539795,10.0899066925049,0.00577686913311481,0.237601153552532
-1.90404295921326,10.0912799835205,0.00920454505831003,0.237598814070225
-1.64920854568481,10.0922689437866,0.00865392293781042,0.237492829561234
-1.39440929889679,10.0932102203369,0.00849333684891462,0.237302005290985
-1.14002358913422,10.094313621521,0.0104415314272046,0.237138114869595
-0.885664105415344,10.095630645752,0.0127177350223064,0.237109035253525
-0.630771458148956,10.0968189239502,0.0127844084054232,0.237075723707676
-0.375092297792435,10.0976686477661,0.00951253902167082,0.23689591139555
-0.119483254849911,10.0984773635864,0.00679577887058258,0.236676797270775
0.135465949773788,10.0994873046875,0.00728992559015751,0.236503593623638
0.390004724264145,10.1007461547852,0.00984698999673128,0.236411966383457
0.644408106803894,10.1020002365112,0.0132243158295751,0.23640139400959
0.898915827274323,10.1032361984253,0.0163391828536987,0.236362800002098
1.15371668338776,10.1044445037842,0.0183463264256716,0.236248336732388
1.40845000743866,10.1057462692261,0.0208630431443453,0.236138552427292
1.66305220127106,10.1069860458374,0.0241763889789581,0.236139550805092
1.91790556907654,10.1081438064575,0.0265770591795444,0.236098542809486
2.17277193069458,10.1092233657837,0.0291304215788841,0.236257337033749
-2.66104793548584,9.83773899078369,-0.00592559156939387,0.236158825457096
-2.40844798088074,9.8394832611084,0.00320637784898281,0.236153841018677
-2.15434432029724,9.8407678604126,0.00561002595350146,0.236155100166798
-1.90023446083069,9.8419075012207,0.00820564571768045,0.236110650002956
-1.64541566371918,9.8428955078125,0.00776737509295344,0.235983975231647
-1.39086925983429,9.84399509429932,0.00879899598658085,0.235820010304451
-1.13697338104248,9.845290184021,0.0130173740908504,0.235726147890091
-0.883306860923767,9.84675598144531,0.0184820219874382,0.235757112503052
-0.628914654254913,9.84797763824463,0.0208521876484156,0.235743947327137
-0.373162835836411,9.84883880615234,0.0172711275517941,0.235600113868713
-0.116997458040714,9.84943103790283,0.0120621509850025,0.235375359654427
0.138452604413033,9.85034656524658,0.0103206532076001,0.235208049416542
0.393228352069855,9.85154151916504,0.0118415979668498,0.2351109161973
0.647919356822968,9.85276508331299,0.0139576839283109,0.235079675912857
0.902557373046875,9.8539981842041,0.0165227837860584,0.234980218112469
1.15743470191956,9.85511589050293,0.0182274207472801,0.23476555198431
1.41211700439453,9.85631084442139,0.0210144016891718,0.23462575674057
1.66644728183746,9.85746192932129,0.0255840197205544,0.234656549990177
1.92094075679779,9.85866165161133,0.0296227298676968,0.234567284584045
2.17545175552368,9.85979080200195,0.0337877050042152,0.234737195074558
-2.65880441665649,9.58895301818848,0.000177761961822398,0.234773643314838
-2.40545392036438,9.59045314788818,0.00587596138939261,0.234752804040909
-2.15107750892639,9.59165382385254,0.00705839274451137,0.234757900238037
-1.89658200740814,9.59274768829346,0.0079174293205142,0.234691917896271
-1.64190697669983,9.59378814697266,0.0081759337335825,0.234588429331779
-1.38752698898315,9.5949010848999,0.0100068859755993,0.234486013650894
-1.13345539569855,9.59604930877686,0.0134636284783483,0.234451413154602
-0.87991601228714,9.59745502471924,0.0195473171770573,0.234426379203796
-0.625879168510437,9.59864807128906,0.0235724672675133,0.234339386224747
-0.370041310787201,9.59952545166016,0.0196322910487652,0.234214559197426
-0.113604716956615,9.60012340545654,0.013226623646915,0.234102338552475
0.142372325062752,9.60087490081787,0.00914249289780855,0.234026357531548
0.397416293621063,9.60197067260742,0.00949634984135628,0.233949244022369
0.652080714702606,9.60333156585693,0.0117694353684783,0.233840547502041
0.906354248523712,9.60468101501465,0.0160114206373692,0.233686476945877
1.16087448596954,9.60580825805664,0.0193570349365473,0.233470052480698
1.41534006595612,9.60692024230957,0.0231532268226147,0.233310788869858
1.66957426071167,9.60807704925537,0.0281845573335886,0.233251988887787
1.9235326051712,9.60939025878906,0.0346379168331623,0.23311673104763
2.17786598205566,9.61060619354248,0.0396170690655708,0.233176559209824
-2.65649437904358,9.34032535552979,0.00596671318635345,0.233468130230904
-2.40253806114197,9.34159755706787,0.0089018763974309,0.233421131968498
-2.14786815643311,9.34269618988037,0.0087663447484374,0.233403883874416
-1.89308452606201,9.34369468688965,0.00833808444440365,0.23335063457489
-1.63831722736359,9.34474086761475,0.00821063760668039,0.233310796320438
-1.38367426395416,9.34573745727539,0.0088792946189642,0.233300119638443
-1.12902081012726,9.34671115875244,0.00972254294902086,0.233242608606815
-0.874812424182892,9.34783935546875,0.012811022810638,0.233084693551064
-0.620532870292664,9.34892272949219,0.0157874189317226,0.232856996357441
-0.365222960710526,9.34994220733643,0.0142948273569345,0.23272530734539
-0.109275475144386,9.35069370269775,0.010150033980608,0.232702903449535
0.146633297204971,9.35141754150391,0.00642027286812663,0.232682816684246
0.401833564043045,9.35239124298096,0.00611665518954396,0.232608526945114
0.656510531902313,9.35370826721191,0.0083793830126524,0.232470780611038
0.910700082778931,9.35507202148438,0.0130431707948446,0.232340820133686
1.16479873657227,9.35628795623779,0.018321031704545,0.232225596904755
1.4188060760498,9.35754299163818,0.0242032818496227,0.23209472745657
1.67288100719452,9.35879611968994,0.0299785118550062,0.231976881623268
1.92665767669678,9.36007118225098,0.0372771732509136,0.231854550540447
2.18078207969666,9.36139297485352,0.0432139821350574,0.231779597699642
-2.65374684333801,9.09167385101318,0.00973176956176758,0.23220556974411
-2.39950609207153,9.09275722503662,0.0113896997645497,0.232142150402069
-2.14461255073547,9.09370803833008,0.0102626010775566,0.232082217931747
-1.88968074321747,9.09469985961914,0.00918845646083355,0.232023507356644
-1.63454556465149,9.09570693969727,0.00740984734147787,0.232019476592541
-1.37945210933685,9.0965576171875,0.00606020307168365,0.23203756660223
-1.12423896789551,9.0972957611084,0.00439784210175276,0.231929868459702
-0.86937814950943,9.0981330871582,0.00456999707967043,0.23168670386076
-0.615032613277435,9.09925937652588,0.00729947118088603,0.231380067765713
-0.360400468111038,9.10050487518311,0.00893334951251745,0.231224358081818
-0.105209067463875,9.10146903991699,0.00825762655586004,0.231214702129364
0.150239154696465,9.10223293304443,0.0066521605476737,0.231188841164112
0.405553132295609,9.10308742523193,0.00587705103680491,0.23110356926918
0.660472214221954,9.10422325134277,0.00709427474066615,0.230995908379555
0.914904773235321,9.10553169250488,0.0107072992250323,0.230931997299194
1.16925144195557,9.10666084289551,0.0149177340790629,0.230935953557491
1.42347455024719,9.10783290863037,0.0198815520852804,0.230888485908508
1.67745637893677,9.10904216766357,0.0261207055300474,0.230744369328022
1.93120729923248,9.11041831970215,0.0335757099092007,0.230620667338371
2.18507552146912,9.11178970336914,0.0406958498060703,0.230478174984455
-2.65065431594849,8.84280681610107,0.0119082611054182,0.230949588119984
-2.39640140533447,8.8437557220459,0.0135495541617274,0.230862982571125
-2.14146518707275,8.84468936920166,0.0122595150023699,0.230734340846539
-1.88647663593292,8.84561538696289,0.0109614059329033,0.230628691613674
-1.63098049163818,8.84654426574707,0.00756280310451984,0.230556845664978
-1.37560939788818,8.84733390808105,0.00498159835115075,0.230547897517681
-1.12038660049438,8.84807205200195,0.00331606063991785,0.230450876057148
-0.865278482437134,8.84891891479492,0.00239967228844762,0.230247020721436
-0.610663235187531,8.85001468658447,0.00394484959542751,0.229968994855881
-0.356208145618439,8.85129165649414,0.0064266943372786,0.229796558618546
-0.1015744805336,8.85242557525635,0.00831636227667332,0.229744307696819
0.153622761368752,8.85320568084717,0.0078837675973773,0.229706585407257
0.409150391817093,8.85397052764893,0.00618279306218028,0.229618221521378
0.66423088312149,8.85493659973145,0.00671623041853309,0.229578368365765
0.918915212154388,8.85606575012207,0.00924260728061199,0.229589708149433
1.17363083362579,8.85706233978271,0.0118430340662599,0.229589343070984
1.42831301689148,8.85817527770996,0.0147973913699389,0.22949730604887
1.68237268924713,8.85939598083496,0.0207355283200741,0.229354150593281
1.9364287853241,8.86063003540039,0.0268832501024008,0.229211136698723
2.19024562835693,8.86196994781494,0.0342836938798428,0.229053325951099
-2.64708924293518,8.59366035461426,0.0119084753096104,0.229718901216984
-2.39298105239868,8.59460544586182,0.0142562408000231,0.22957556694746
-2.13805365562439,8.59558296203613,0.013042981736362,0.229368411004543
-1.88321650028229,8.59649276733398,0.0124780619516969,0.229186713695526
-1.62796008586884,8.59734535217285,0.0102185420691967,0.229020997881889
-1.37283527851105,8.59822559356689,0.0087952446192503,0.228963688015938
-1.11753559112549,8.59902763366699,0.00680549629032612,0.228964567184448
-0.861977100372314,8.59977054595947,0.00386949046514928,0.228860467672348
-0.606892347335815,8.60080909729004,0.00331402174197137,0.228651151061058
-0.35220867395401,8.60196590423584,0.00480124587193131,0.228499181568623
-0.0977286994457245,8.60310459136963,0.00742877880111337,0.228394970297813
0.157221466302872,8.60402870178223,0.00814818497747183,0.228292502462864
0.412705063819885,8.60476398468018,0.00668452912941575,0.228194929659367
0.667851209640503,8.60565757751465,0.00696187233552337,0.228197544813156
0.922668814659119,8.60666942596436,0.00893065147101879,0.228216700255871
1.17755591869354,8.60763072967529,0.0108013451099396,0.228202328085899
1.4324756860733,8.60868167877197,0.012733094394207,0.228064954280853
1.68685936927795,8.6098690032959,0.0172665175050497,0.227895431220531
1.94117140769958,8.61101627349854,0.0223200563341379,0.22772903740406
2.19528031349182,8.61226367950439,0.028471177443862,0.227577455341816
-2.64296841621399,8.34441375732422,0.00933954305946827,0.22851587086916
-2.38903903961182,8.34545230865479,0.0125537980347872,0.228304915130138
-2.13433694839478,8.34638977050781,0.0124228363856673,0.228049613535404
-1.87978732585907,8.34738349914551,0.0132172703742981,0.227780520915985
-1.62483048439026,8.34823703765869,0.0123697072267532,0.227572254836559
-1.36970412731171,8.34899139404297,0.0109781827777624,0.227504603564739
-1.11418628692627,8.34975147247314,0.0080264862626791,0.227502800524235
-0.858412444591522,8.35056400299072,0.00414050975814462,0.227389700710773
-0.603040933609009,8.35157871246338,0.0023176777176559,0.227194845676422
-0.348282784223557,8.35262584686279,0.00351104163564742,0.227101363241673
-0.0938842073082924,8.35360717773438,0.00655470602214336,0.227031394839287
0.160838738083839,8.35449600219727,0.00834343954920769,0.226972319185734
0.416132032871246,8.35528659820557,0.00777438515797257,0.226890757679939
0.671758592128754,8.35617065429688,0.00592245906591415,0.226870603859425
0.92700731754303,8.35718250274658,0.00599236786365509,0.226878181099892
1.18196856975555,8.35811042785645,0.00757503323256969,0.226824067533016
1.4365541934967,8.35921573638916,0.0110455779358745,0.226643294095993
1.69099879264832,8.36032104492188,0.0153503557667136,0.226461671292782
1.9453182220459,8.3615255355835,0.0204102080315351,0.226396523416042
2.20000100135803,8.36259937286377,0.0240548420697451,0.226294957101345
-2.63886380195618,8.09525203704834,0.00684363767504692,0.227306127548218
-2.38506174087524,8.09634590148926,0.0106878327205777,0.227060586214066
-2.13048386573792,8.09728050231934,0.0111712729558349,0.226776257157326
-1.87603580951691,8.09832668304443,0.0124715194106102,0.226434022188187
-1.62097322940826,8.09910297393799,0.0111814681440592,0.226185716688633
-1.36561858654022,8.0998010635376,0.00878673139959574,0.226080380380154
-1.11020243167877,8.1005163192749,0.006344691850245,0.226012393832207
-0.854956686496735,8.10133838653564,0.00490968022495508,0.225885353982449
-0.599823594093323,8.10235023498535,0.00420896802097559,0.22571475058794
-0.344784885644913,8.10328006744385,0.0041662803851068,0.225679360330105
-0.0899393036961555,8.10407257080078,0.00522734085097909,0.225693911314011
0.164935231208801,8.10479640960693,0.00637758430093527,0.225676000118256
0.420051574707031,8.10564994812012,0.00664687529206276,0.225612089037895
0.675788223743439,8.10664367675781,0.00433429330587387,0.225504592061043
0.931580603122711,8.10763454437256,0.00200083991512656,0.225421279668808
1.18670427799225,8.10860633850098,0.00289860228076577,0.225326254963875
1.44077515602112,8.1096887588501,0.00872248504310846,0.225277990102768
1.69520235061646,8.11070823669434,0.0131505811586976,0.225202031433582
1.94992172718048,8.11179256439209,0.0164732746779919,0.225230030715466
2.20555663108826,8.11260318756104,0.0159350279718637,0.22523058205843
-2.63511610031128,7.84599494934082,0.00600437354296446,0.225953467190266
-2.38134121894836,7.84702968597412,0.010016618296504,0.225732162594795
-2.12682700157166,7.84803152084351,0.0108298938721418,0.225383996963501
-1.87233817577362,7.84903001785278,0.0119839664548635,0.225102990865707
-1.61710977554321,7.84989976882935,0.0099681168794632,0.224814780056477
-1.36142945289612,7.85051012039185,0.00612570717930794,0.224678382277489
-1.10620629787445,7.85115718841553,0.00461264606565237,0.22462822496891
-0.851559460163116,7.85206079483032,0.00594860455021262,0.224548764526844
-0.596943140029907,7.85314226150513,0.00763389468193054,0.224403113126755
-0.341606676578522,7.85402536392212,0.00627083377912641,0.224285319447517
-0.0860821306705475,7.85467433929443,0.00429264036938548,0.224295429885387
0.169036507606506,7.85545444488525,0.00437573762610555,0.224264144897461
0.424006581306458,7.85635614395142,0.00534543115645647,0.224190279841423
0.679491519927979,7.85728693008423,0.00421017641201615,0.22404932975769
0.935338020324707,7.85812377929688,0.00167748925741762,0.223908394575119
1.19040548801422,7.85903120040894,0.00286813615821302,0.223815731704235
1.44500994682312,7.86000680923462,0.00634419079869986,0.223863109946251
1.70002543926239,7.86093473434448,0.00818914361298084,0.223903901875019
1.95585799217224,7.86163997650146,0.00660904496908188,0.224000848829746
2.21298813819885,7.8620753288269,-0.000511776830535382,0.224095888435841
-2.63130712509155,7.59662628173828,0.00488608935847878,0.224361047148705
-2.37747645378113,7.59752464294434,0.00868670549243689,0.224205113947392
-2.12307906150818,7.59859561920166,0.0100782727822661,0.223945870995522
-1.86866629123688,7.59952640533447,0.0116243036463857,0.223726913332939
-1.61361455917358,7.60055780410767,0.0104515058919787,0.223454654216766
-1.35808920860291,7.60131597518921,0.00735057517886162,0.223280861973763
-1.10290467739105,7.60198211669922,0.00604863092303276,0.223233103752136
-0.848019123077393,7.60272932052612,0.00633715884760022,0.223212994635105
-0.593315005302429,7.60376644134521,0.00766165368258953,0.223105482757092
-0.338071793317795,7.60473728179932,0.00675645936280489,0.22296654433012
-0.0824140906333923,7.60551595687866,0.00420578895136714,0.222868055105209
0.173009842634201,7.60629940032959,0.00294514396227896,0.222760818898678
0.428067684173584,7.60718965530396,0.00355960801243782,0.222664289176464
0.68320220708847,7.60799264907837,0.00405032699927688,0.222527258098125
0.938608348369598,7.60872316360474,0.00354043603874743,0.222418949007988
1.19361591339111,7.60971212387085,0.00503036519512534,0.22232161462307
1.44915533065796,7.61043500900269,0.00436227768659592,0.222350277006626
1.70558559894562,7.61094951629639,-5.80056221224368e-05,0.222420088946819
1.96244537830353,7.61131620407104,-0.00615149876102805,0.222493946552277
2.22119331359863,7.61135196685791,-0.0203944686800241,0.222584538161755
-2.62676000595093,7.34729671478271,0.000349790207110345,0.22264364361763
-2.37283682823181,7.34808397293091,0.00377581920474768,0.222537495195866
-2.11862254142761,7.3491358757019,0.00606030924245715,0.222369141876698
-1.86428368091583,7.35013723373413,0.00799029506742954,0.222229063510895
-1.60996997356415,7.35127353668213,0.0102475360035896,0.222088620066643
-1.35516238212585,7.3521614074707,0.0104681067168713,0.221970297396183
-1.09979939460754,7.35288524627686,0.00837964378297329,0.221925482153893
-0.844525575637817,7.35356521606445,0.00693227257579565,0.221876814961433
-0.589331686496735,7.35447263717651,0.00606872281059623,0.221771493554115
-0.334311455488205,7.35540866851807,0.00621953560039401,0.221649706363678
-0.0789623036980629,7.35623836517334,0.00510486355051398,0.221472412347794
0.176467001438141,7.35704898834229,0.00385457347147167,0.221286304295063
0.431651055812836,7.35781240463257,0.00394022418186069,0.221199169754982
0.686940670013428,7.35846281051636,0.00377528835088015,0.221097245812416
0.942297160625458,7.35925722122192,0.00352427316829562,0.2209657356143
1.19715452194214,7.36030864715576,0.00572318071499467,0.220844455063343
1.45295321941376,7.36095142364502,0.00393315590918064,0.220806322991848
1.71027410030365,7.36126232147217,-0.00442095566540956,0.220775626599789
1.96779322624207,7.36126756668091,-0.0133940801024437,0.2207425609231
2.22734689712524,7.36105680465698,-0.031161105260253,0.220714807510376
-2.62219905853271,7.09815645217896,-0.00425820238888264,0.220988214015961
-2.36821889877319,7.09892654418945,-0.00104662985540926,0.22087974101305
-2.11420273780823,7.09986639022827,0.00220462516881526,0.220789633691311
-1.85980796813965,7.10081148147583,0.00392591115087271,0.220679625868797
-1.60557067394257,7.10192728042603,0.00658168131485581,0.220663458108902
-1.35128462314606,7.10289859771729,0.00923396646976471,0.220644123852253
-1.09636735916138,7.10369539260864,0.00922093447297812,0.22060064971447
-0.840857625007629,7.10436725616455,0.00673370435833931,0.220499314367771
-0.585280299186707,7.10509729385376,0.004170096013695,0.220406211912632
-0.330188810825348,7.10591077804565,0.00404390739277005,0.220349170267582
-0.075348287820816,7.10668516159058,0.00528052728623152,0.220137983560562
0.179600566625595,7.10751724243164,0.00624090153723955,0.219915129244328
0.435098469257355,7.10824584960938,0.00494354404509068,0.219815544784069
0.690769076347351,7.10889720916748,0.00309700495563447,0.219692192971706
0.946346282958984,7.10973072052002,0.00189048936590552,0.219569593667984
1.20114314556122,7.11083745956421,0.00439905561506748,0.219420917332172
1.45667350292206,7.11139678955078,0.00385465216822922,0.219340771436691
1.71339571475983,7.11165904998779,-0.0017835428006947,0.219193041324615
1.97078359127045,7.11181926727295,-0.0101458439603448,0.219041004776955
2.22990012168884,7.1116681098938,-0.0259381700307131,0.218843095004559
-2.61865305900574,6.84915065765381,-0.00417199451476336,0.219507113099098
-2.36474967002869,6.84996557235718,-0.000569883442949504,0.219367675483227
-2.11083602905273,6.85091972351074,0.00319072417914867,0.219313763082027
-1.85635221004486,6.8518180847168,0.00454017519950867,0.21918448060751
-1.60178303718567,6.85267210006714,0.00572021072730422,0.219171710312366
-1.34728252887726,6.85358953475952,0.00743193924427032,0.219221502542496
-1.09259688854218,6.85436248779297,0.00852084625512362,0.219237208366394
-0.837228715419769,6.85501956939697,0.00671991938725114,0.219141378998756
-0.581397294998169,6.85558366775513,0.00304450583644211,0.219043731689453
-0.326067477464676,6.85631895065308,0.00187890534289181,0.218944646418095
-0.0712870508432388,6.85708665847778,0.00343052158132195,0.218745984137058
0.183749303221703,6.85786962509155,0.00403863331303,0.218568161129951
0.439120531082153,6.85862874984741,0.00335418316535652,0.218478232622147
0.694777369499207,6.85937023162842,0.00160662352573127,0.218340933322906
0.950116217136383,6.86028385162354,0.00150930543895811,0.218194887042046
1.2046263217926,6.86127281188965,0.00534817250445485,0.218135885894299
1.45978832244873,6.86200761795044,0.00648158695548773,0.218052871525288
1.71579134464264,6.86246299743652,0.00408171582967043,0.217840246856213
1.97241032123566,6.86283493041992,-0.000834425096400082,0.217627748847008
2.2304630279541,6.86296224594116,-0.0118850218132138,0.217307351529598
-2.61594915390015,6.60011386871338,-0.000185051001608372,0.218169778585434
-2.3621940612793,6.6009669303894,0.00413069082424045,0.218010149896145
-2.10802674293518,6.6017632484436,0.00675723515450954,0.217930346727371
-1.85364627838135,6.60268068313599,0.00861186347901821,0.217800244688988
-1.59889268875122,6.60348844528198,0.0089767724275589,0.217743448913097
-1.34396028518677,6.6042799949646,0.00874578114598989,0.217728152871132
-1.08891367912292,6.60491609573364,0.00822574645280838,0.217755265533924
-0.833453297615051,6.60548543930054,0.0060464097186923,0.217695385217667
-0.577619433403015,6.6060094833374,0.00240067578852177,0.217639893293381
-0.322291135787964,6.60678625106812,0.00127935654018074,0.217499367892742
-0.0673440992832184,6.60753631591797,0.00211530132219195,0.217341370880604
0.187904447317123,6.60833692550659,0.00180269288830459,0.217246904969215
0.443348824977875,6.60899591445923,0.000834555132314563,0.217181228101254
0.69869989156723,6.60976314544678,0.000506781740114093,0.217054054141045
0.953453898429871,6.61072969436646,0.00307689001783729,0.216907538473606
1.20795953273773,6.61167669296265,0.00697165820747614,0.216901630163193
1.46309292316437,6.61255216598511,0.00826107710599899,0.216807991266251
1.71870946884155,6.61318063735962,0.00761481933295727,0.216580763459206
1.97443270683289,6.61373090744019,0.00671669561415911,0.216341637074947
2.23165440559387,6.61407947540283,-0.00062190426979214,0.215975247323513
-2.61319923400879,6.35108757019043,0.00358954234980047,0.216893814504147
-2.35952758789062,6.3519172668457,0.00832172110676765,0.216725707054138
-2.10513424873352,6.35269832611084,0.00993616972118616,0.216631814837456
-1.85063707828522,6.35350704193115,0.0112900016829371,0.216524571180344
-1.59579288959503,6.35423135757446,0.0112748667597771,0.216452486813068
-1.34087526798248,6.35495138168335,0.0111482739448547,0.216382183134556
-1.08558428287506,6.35550498962402,0.00954744126647711,0.216323859989643
-0.829881310462952,6.3560094833374,0.00629902631044388,0.216266818344593
-0.574045717716217,6.35653972625732,0.00268246582709253,0.216227382421494
-0.318809777498245,6.35733318328857,0.00201743002980947,0.216123290359974
-0.0636633113026619,6.35806131362915,0.00198597786948085,0.215988293290138
0.191941455006599,6.35868072509766,0.000107278559880797,0.215920709073544
0.44761461019516,6.35927438735962,-0.00185015762690455,0.215851567685604
0.70291668176651,6.35998201370239,-0.00191141292452812,0.215716615319252
0.957776725292206,6.36090612411499,0.000226253498112783,0.215596154332161
1.21225261688232,6.36184358596802,0.00429809000343084,0.215562790632248
1.46689105033875,6.36277532577515,0.0078448923304677,0.215419106185436
1.72216808795929,6.36340045928955,0.00875427573919296,0.215161018073559
1.97728621959686,6.36414003372192,0.0105822747573256,0.214946828782558
2.23412775993347,6.3645167350769,0.00496409879997373,0.214578628540039
-2.61017060279846,6.10211944580078,0.00607061898335814,0.215616770088673
-2.35651087760925,6.10289621353149,0.0108945351094007,0.215438678860664
-2.10202527046204,6.1036319732666,0.0121166380122304,0.21533976495266
-1.84751808643341,6.10434150695801,0.0134635167196393,0.215220011770725
-1.59267377853394,6.10502862930298,0.0134827950969338,0.215157113969326
-1.33763337135315,6.10571098327637,0.0128286220133305,0.215110138058662
-1.0820769071579,6.10623741149902,0.0100488839671016,0.21499752253294
-0.826254546642303,6.10669755935669,0.00629475247114897,0.214890450239182
-0.570346891880035,6.10721254348755,0.00238857185468078,0.214810073375702
-0.315110832452774,6.10793781280518,0.0017643051687628,0.214741699397564
-0.0600185096263885,6.10865259170532,0.00201719044707716,0.214663997292519
0.195544049143791,6.10921335220337,0.000369695568224415,0.214624039828777
0.451295256614685,6.1096830368042,-0.00189759931527078,0.21453370898962
0.70707243680954,6.11023139953613,-0.00405551539734006,0.214371927082539
0.96242481470108,6.11107778549194,-0.00408710306510329,0.214246295392513
1.21687984466553,6.11197471618652,0.000126748942420818,0.214175499975681
1.47102272510529,6.11295413970947,0.00593643728643656,0.21402795612812
1.72588360309601,6.11352014541626,0.00875047314912081,0.213779337704182
1.98069334030151,6.11430215835571,0.0119893634691834,0.213532842695713
2.23722958564758,6.11466312408447,0.00776524469256401,0.213174648582935
-2.6070728302002,5.85302829742432,0.00823811814188957,0.21426946669817
-2.35336446762085,5.85377407073975,0.012872033752501,0.214107036590576
-2.09869170188904,5.85437154769897,0.0132725704461336,0.214012958109379
-1.84423267841339,5.85507965087891,0.014875684864819,0.213910460472107
-1.58928048610687,5.8557300567627,0.0144361210986972,0.213854677975178
-1.33392632007599,5.85634994506836,0.0123831871896982,0.213822327554226
-1.07821047306061,5.85678386688232,0.00891777779906988,0.213687986135483
-0.822487711906433,5.85726642608643,0.00565695762634277,0.213537365198135
-0.566804111003876,5.85787105560303,0.00280643603764474,0.213419631123543
-0.311448633670807,5.85856294631958,0.00167754082940519,0.213351503014565
-0.0561585798859596,5.85918998718262,0.0010754574323073,0.213318802416325
0.199289351701736,5.85976600646973,-1.44651412483654e-05,0.213295169174671
0.454905420541763,5.86030626296997,-0.00163622642867267,0.213189676403999
0.710794389247894,5.8608136177063,-0.00425923801958561,0.212999299168587
0.966758966445923,5.86131572723389,-0.00699114706367254,0.212838254868984
1.22160029411316,5.86211109161377,-0.00446332199499011,0.212777510285378
1.47537744045258,5.8631272315979,0.00302966753952205,0.212680369615555
1.7299702167511,5.86388111114502,0.00707672350108624,0.212455868721008
1.9846009016037,5.8647027015686,0.0111530451104045,0.212233833968639
2.24064779281616,5.86514520645142,0.0091423150151968,0.211893633008003
-2.60365605354309,5.6036229133606,0.00894427672028542,0.212834261357784
-2.34974575042725,5.6043815612793,0.0126799494028091,0.212734833359718
-2.09504795074463,5.60501861572266,0.0130018386989832,0.212675519287586
-1.8404324054718,5.60576295852661,0.0139216687530279,0.212632805109024
-1.58531939983368,5.60640382766724,0.0127837350592017,0.212585844099522
-1.32988893985748,5.60691499710083,0.0104273296892643,0.212497472763062
-1.07429158687592,5.60730361938477,0.00754805887117982,0.212348155677319
-0.818845987319946,5.60783815383911,0.00559077505022287,0.212205037474632
-0.563284695148468,5.60847997665405,0.00333287357352674,0.212110698223114
-0.307578146457672,5.6089940071106,0.000653341005090624,0.212034910917282
-0.0517775751650333,5.60945510864258,-0.00221657706424594,0.211949780583382
0.203542619943619,5.61007928848267,-0.00268624816089869,0.211891576647758
0.458627879619598,5.61084127426147,-0.00187806168105453,0.211775161325932
0.714259505271912,5.61137866973877,-0.00330461375415325,0.211610049009323
0.970301449298859,5.61171722412109,-0.00634135492146015,0.211450606584549
1.22552120685577,5.61249399185181,-0.00547565659508109,0.211391977965832
1.47958147525787,5.61353778839111,0.000787011929787695,0.21133466809988
1.733966588974,5.61448049545288,0.00579487252980471,0.211134925484657
1.98865401744843,5.6153883934021,0.00965361762791872,0.21098567545414
2.24413967132568,5.61596632003784,0.0101748639717698,0.210673458874226
-2.59989619255066,5.35393047332764,0.0080744381994009,0.211433783173561
-2.34573602676392,5.35479211807251,0.0106911491602659,0.21140044927597
-2.09087753295898,5.35548305511475,0.0103115728124976,0.211354359984398
-1.83599483966827,5.35621976852417,0.0100459447130561,0.211385764181614
-1.58083236217499,5.3568959236145,0.00872536562383175,0.211349628865719
-1.32567524909973,5.35740423202515,0.00766834570094943,0.211217999458313
-1.07053565979004,5.35781764984131,0.00692472141236067,0.211056441068649
-0.815445303916931,5.35833978652954,0.00662786699831486,0.210916489362717
-0.559573948383331,5.35879564285278,0.00300236721523106,0.210865497589111
-0.303480833768845,5.35916185379028,-0.00138882105238736,0.210793308913708
-0.047402985394001,5.35954093933105,-0.00547067308798432,0.21069810539484
0.207381904125214,5.36042261123657,-0.00348541419953108,0.210593082010746
0.462169140577316,5.36128616333008,-0.00129686598666012,0.210448659956455
0.717618703842163,5.36183834075928,-0.00186745414976031,0.210259430110455
0.973415851593018,5.36221599578857,-0.0037704948335886,0.210086852312088
1.228670835495,5.36298227310181,-0.00303086685016751,0.210017450153828
1.48313844203949,5.36405467987061,0.00143763888627291,0.210001647472382
1.73770225048065,5.36496114730835,0.00568462070077658,0.209870144724846
1.99244928359985,5.36597490310669,0.00930891465395689,0.209748804569244
2.2476372718811,5.36663007736206,0.0111894849687815,0.209469921886921
-2.59589958190918,5.10419702529907,0.00611166330054402,0.210250005125999
-2.34174394607544,5.10525465011597,0.00878197513520718,0.210219636559486
-2.08701920509338,5.10601615905762,0.00905729550868273,0.210145324468613
-1.83204782009125,5.10688018798828,0.00841871649026871,0.210131697356701
-1.57694673538208,5.10755586624146,0.00742125976830721,0.210075825452805
-1.32181024551392,5.10796880722046,0.00650374544784427,0.209946915507317
-1.06676125526428,5.10838603973389,0.00621426850557327,0.20978944003582
-0.811600387096405,5.10880041122437,0.00564031861722469,0.20962743461132
-0.555229544639587,5.10908269882202,-0.000212255486985669,0.209562994539738
-0.298983842134476,5.10933876037598,-0.00524731539189816,0.209495976567268
-0.0430791638791561,5.10974311828613,-0.00849950686097145,0.209403827786446
0.211426928639412,5.11055278778076,-0.00520537979900837,0.209254331886768
0.466089427471161,5.1114501953125,-0.00241412199102342,0.209075912833214
0.72126841545105,5.11205196380615,-0.00172762933652848,0.208835385739803
0.976422429084778,5.11270809173584,-0.000714285066351295,0.208660341799259
1.23146522045135,5.11347436904907,0.00100905902218074,0.208667665719986
1.48635315895081,5.11439418792725,0.00363056058995426,0.208718068897724
1.74149870872498,5.11517810821533,0.0053141568787396,0.208626091480255
1.99618244171143,5.11616373062134,0.00926040019840002,0.208542436361313
2.25141358375549,5.11684322357178,0.0109851583838463,0.208283714950085
-2.59178447723389,4.85458993911743,0.00359526555985212,0.209210805594921
-2.33797216415405,4.85584878921509,0.00788614992052317,0.209112793207169
-2.08320307731628,4.85662221908569,0.00799607299268246,0.208955533802509
-1.82844150066376,4.85749006271362,0.00836233701556921,0.208838418126106
-1.57317090034485,4.85802793502808,0.0066307857632637,0.208749428391457
-1.31782293319702,4.85840702056885,0.00478527834638953,0.208615705370903
-1.06273651123047,4.85885858535767,0.00436433730646968,0.208472214639187
-0.80754953622818,4.85936450958252,0.00370824639685452,0.208301313221455
-0.551118969917297,4.85950994491577,-0.00236822036094964,0.208180643618107
-0.29514867067337,4.85972213745117,-0.00610736478120089,0.208109654486179
-0.0393635295331478,4.86004495620728,-0.00877420604228973,0.20801617205143
0.215211555361748,4.8607006072998,-0.00574702955782413,0.207870289683342
0.470152407884598,4.86155796051025,-0.00417285319417715,0.207644186913967
0.724960088729858,4.86235284805298,-0.00178118830081075,0.207414224743843
0.979542791843414,4.86319446563721,0.00183067820034921,0.207272171974182
1.23479664325714,4.86378383636475,0.00264662667177618,0.207299463450909
1.48997366428375,4.86445379257202,0.00401886366307735,0.207389764487743
1.74538969993591,4.86517190933228,0.00453280890360475,0.207329861819744
2.0003080368042,4.86601686477661,0.00747703993692994,0.207273833453655
2.25564885139465,4.86672258377075,0.00875206291675568,0.207019634544849
-2.58743453025818,4.60510063171387,-1.36533390104887e-05,0.208007283508778
-2.33401346206665,4.60644197463989,0.00612597819417715,0.207847774028778
-2.07937145233154,4.60722923278809,0.00686287460848689,0.207648761570454
-1.82482707500458,4.60802221298218,0.00827258452773094,0.20742978900671
-1.56928813457489,4.60846376419067,0.00535150058567524,0.207242153584957
-1.31365275382996,4.60873556137085,0.00223418604582548,0.207143232226372
-1.05862975120544,4.6092472076416,0.00214368058368564,0.207037821412086
-0.803576350212097,4.60989475250244,0.00213242974132299,0.206928752362728
-0.547742366790771,4.61026382446289,-0.00119671854190528,0.206816010177135
-0.292042672634125,4.61049604415894,-0.00367196346633136,0.206702955067158
-0.036216277629137,4.61071729660034,-0.00648853555321693,0.20656929910183
0.219175174832344,4.61110162734985,-0.00711070420220494,0.20641378313303
0.474314779043198,4.61186456680298,-0.00638979068025947,0.206261202692986
0.728792905807495,4.61283302307129,-0.00247936137020588,0.206119380891323
0.983406960964203,4.61359310150146,0.0010338342981413,0.205977067351341
1.23904752731323,4.61391115188599,0.000165916266269051,0.205942556262016
1.49427938461304,4.61442995071411,0.0013413968263194,0.205971919000149
1.74951958656311,4.61508321762085,0.00268708448857069,0.205883041024208
2.0045952796936,4.61578369140625,0.00497729750350118,0.205805666744709
2.25981211662292,4.61652803421021,0.00684442697092891,0.205578371882439
-2.58315777778625,4.35582733154297,-0.00329382182098925,0.206520088016987
-2.32986283302307,4.35708475112915,0.00347807281650603,0.206374049186707
-2.0753653049469,4.35780477523804,0.00492814090102911,0.206202037632465
-1.82098746299744,4.35848426818848,0.00715118506923318,0.205981016159058
-1.56555044651031,4.35881805419922,0.00474341819062829,0.205745831131935
-1.30968332290649,4.35903310775757,0.000605755252763629,0.2056575268507
-1.05440592765808,4.35958099365234,-0.000608957197982818,0.205626130104065
-0.799338042736053,4.36019802093506,-0.000641839753370732,0.20559111982584
-0.543955564498901,4.36062240600586,-0.00187400216236711,0.20548702031374
-0.288554221391678,4.36095809936523,-0.00295929866842926,0.205326251685619
-0.0329031050205231,4.36132621765137,-0.00495220068842173,0.205148354172707
0.222687721252441,4.36184406280518,-0.00644931243732572,0.204966478049755
0.477864116430283,4.36249923706055,-0.00585362408310175,0.204894430935383
0.732564270496368,4.36324882507324,-0.00289741274900734,0.204833686351776
0.987374067306519,4.36383724212646,-0.000218493791180663,0.204691261053085
1.2431126832962,4.36411762237549,-0.00148551352322102,0.204545423388481
1.4983423948288,4.36454772949219,-0.00025547610130161,0.204466752707958
1.75334537029266,4.36513900756836,0.00219405046664178,0.204360947012901
2.00843596458435,4.36570405960083,0.00446233432739973,0.20426320284605
2.26340413093567,4.36644172668457,0.00747483316808939,0.204123392701149
-2.57942771911621,4.10673999786377,-0.00404994329437613,0.204930476844311
-2.3259334564209,4.10783195495605,0.00184826017357409,0.204862661659718
-2.07135200500488,4.10837411880493,0.00296054687350988,0.204741731286049
-1.81695353984833,4.10892724990845,0.00513644004240632,0.204585984349251
-1.56177663803101,4.10918474197388,0.0039692772552371,0.204393282532692
-1.30623650550842,4.10949039459229,0.00136496755294502,0.204313680529594
-1.05056738853455,4.10992193222046,-0.0015996714355424,0.204312272369862
-0.795388698577881,4.11048269271851,-0.00209574005566537,0.204265400767326
-0.540278494358063,4.1108980178833,-0.00204699579626322,0.204144515097141
-0.28498113155365,4.1113429069519,-0.0026273422408849,0.203957200050354
-0.0294375289231539,4.11185836791992,-0.00410327175632119,0.203772529959679
0.226067766547203,4.11243057250977,-0.00518051069229841,0.203616984188557
0.481181055307388,4.11304616928101,-0.00426332280039787,0.203584089875221
0.736112236976624,4.1135835647583,-0.00230435142293572,0.203536629676819
0.991065919399261,4.11404800415039,-0.000230485195061192,0.20341245085001
1.24670517444611,4.11442565917969,-0.00101946748327464,0.203164584934711
1.50199937820435,4.11484909057617,-4.18211820942815e-05,0.203025095164776
1.756880402565,4.11544132232666,0.00298949214629829,0.20290682464838
2.01173710823059,4.11593675613403,0.00633895210921764,0.202820517122746
2.26664352416992,4.11655473709106,0.00966539513319731,0.202828325331211
-2.57624626159668,3.85767388343811,-0.00226561911404133,0.203419514000416
-2.32251381874084,3.85863852500916,0.00257083913311362,0.203424021601677
-2.0677707195282,3.85906887054443,0.00297988275997341,0.203350178897381
-1.81321060657501,3.85955023765564,0.00445293355733156,0.203273832798004
-1.55804431438446,3.8597400188446,0.00337678915821016,0.203129358589649
-1.30245447158813,3.86002635955811,0.000584396126214415,0.203048571944237
-1.04680359363556,3.86032724380493,-0.00225089257583022,0.203010149300098
-0.79161936044693,3.86079788208008,-0.00272923125885427,0.202938675880432
-0.53655332326889,3.86124515533447,-0.00244203233160079,0.202797010540962
-0.281226873397827,3.86170196533203,-0.00311723444610834,0.202577881515026
-0.0257217288017273,3.86216568946838,-0.00437789317220449,0.202419124543667
0.22969077527523,3.86273765563965,-0.00499743781983852,0.202321469783783
0.484819799661636,3.86333131790161,-0.00411356892436743,0.202317424118519
0.739968657493591,3.86382079124451,-0.00309671252034605,0.202273473143578
0.995106756687164,3.864333152771,-0.00181655259802938,0.202145554125309
1.25038301944733,3.8648943901062,-0.000944257073570043,0.201855339109898
1.50544679164886,3.86539149284363,0.00109840952791274,0.201623685657978
1.7602105140686,3.86595892906189,0.00468934187665582,0.201496757566929
2.01504516601562,3.86639404296875,0.0081746494397521,0.201479464769363
2.27020478248596,3.86678743362427,0.0104173561558127,0.201624989509583
-2.57329940795898,3.60845375061035,0.000613053794950247,0.201986558735371
-2.31942582130432,3.60934376716614,0.00483248708769679,0.202025532722473
-2.06435441970825,3.60962319374084,0.00376753159798682,0.20198168605566
-1.80924677848816,3.61004304885864,0.00275989272631705,0.20195184648037
-1.55372607707977,3.61017060279846,0.000100260338513181,0.201812662184238
-1.29842007160187,3.61037540435791,-0.00134241452906281,0.201680466532707
-1.04309964179993,3.61062693595886,-0.00262307096272707,0.201566182076931
-0.787966787815094,3.61109066009521,-0.00282812886871397,0.201437406241894
-0.532979547977448,3.61171174049377,-0.0021534776315093,0.201303869485855
-0.277842402458191,3.61224365234375,-0.00193524628411978,0.201136611402035
-0.0222474355250597,3.6126229763031,-0.00356434984132648,0.20106402784586
0.233458206057549,3.61302065849304,-0.00546668702736497,0.201008811593056
0.488947063684464,3.61351561546326,-0.00616540014743805,0.200980611145496
0.744280874729156,3.61400008201599,-0.00594075862318277,0.200942128896713
0.999518096446991,3.61454105377197,-0.00506524788215756,0.200819954276085
1.25439012050629,3.6152651309967,-0.00234320666640997,0.200540959835052
1.509033203125,3.61597776412964,0.00161300611216575,0.200267471373081
1.76407933235168,3.61630034446716,0.00398979615420103,0.200238965451717
2.01901078224182,3.61680912971497,0.0070767137221992,0.200156070291996
2.27457213401794,3.61698150634766,0.00758119858801365,0.200333498418331
-2.57031893730164,3.35903215408325,0.00334615632891655,0.2005849853158
-2.31628656387329,3.35987329483032,0.00686643132939935,0.200664788484573
-2.06077456474304,3.36017751693726,0.00380153674632311,0.200699217617512
-1.80548489093781,3.36039757728577,0.00200373050756752,0.200561039149761
-1.54998528957367,3.36062097549438,-0.000524667557328939,0.200421638786793
-1.29484355449677,3.36082029342651,-0.00117543258238584,0.200240239500999
-1.03963589668274,3.36102294921875,-0.00190035696141422,0.20006487518549
-0.784276247024536,3.36142015457153,-0.00310166482813656,0.199921809136868
-0.528970539569855,3.3619921207428,-0.00383725203573704,0.199817292392254
-0.273745357990265,3.36257171630859,-0.00398107757791877,0.199721582233906
-0.0182450283318758,3.36295628547668,-0.00513990549370646,0.199715003371239
0.237391278147697,3.36332964897156,-0.00668686116114259,0.199633747339249
0.493253231048584,3.36364388465881,-0.00902225263416767,0.199512965977192
0.748891472816467,3.36401772499084,-0.0101217245683074,0.199479267001152
1.0040545463562,3.36469125747681,-0.00887403078377247,0.199407406151295
1.25846672058105,3.36555910110474,-0.00405007833614945,0.199249841272831
1.51318097114563,3.36622381210327,-0.000370252557331696,0.199052281677723
1.76840877532959,3.36654138565063,0.00123501208145171,0.198916710913181
2.02363610267639,3.36699080467224,0.00304686254821718,0.198824167251587
2.27934527397156,3.3671190738678,0.00293965777382255,0.198897518217564
-2.56732058525085,3.10943722724915,0.00600765878334641,0.199228085577488
-2.31270432472229,3.1101541519165,0.00686670327559114,0.19939399510622
-2.05692529678345,3.11038160324097,0.00261207041330636,0.19937539100647
-1.80158126354218,3.11070036888123,0.000598826038185507,0.199227914214134
-1.54661822319031,3.1110954284668,0.000566288770642132,0.199072808027267
-1.29188704490662,3.11148762702942,0.0018225684762001,0.198883004486561
-1.03654336929321,3.11165428161621,0.00050818407908082,0.198725357651711
-0.780447065830231,3.11185240745544,-0.00401273695752025,0.198562003672123
-0.524534642696381,3.11212778091431,-0.00745798787102103,0.198439784348011
-0.269216358661652,3.11259007453918,-0.00797435734421015,0.198378391563892
-0.0141088888049126,3.11306977272034,-0.00731059117242694,0.198389284312725
0.241242200136185,3.11354875564575,-0.00753034604713321,0.198246911168098
0.497140347957611,3.11386251449585,-0.00999070703983307,0.198010839521885
0.752988219261169,3.11416006088257,-0.0119923111051321,0.197942495346069
1.00815224647522,3.11474847793579,-0.0107038477435708,0.197990976274014
1.26273846626282,3.1154797077179,-0.00661423988640308,0.197955772280693
1.51754176616669,3.1161367893219,-0.00329107069410384,0.197796620428562
1.77254295349121,3.11665368080139,-0.000639948237221688,0.197542794048786
2.02774143218994,3.11706137657166,0.00134275469463319,0.197426669299603
2.28315734863281,3.1173300743103,0.00257517257705331,0.197359725832939
-2.30834221839905,2.86023712158203,0.00327334390021861,0.198212020099163
-2.05289840698242,2.86053824424744,0.000606189481914043,0.198092259466648
-1.79792106151581,2.86097097396851,0.000316242425469682,0.197923853993416
-1.54320561885834,2.86155557632446,0.00144928810186684,0.197739258408546
-1.28856158256531,2.86211252212524,0.00313181150704622,0.197574831545353
-1.0331619977951,2.86233520507812,0.0015938114374876,0.197454459965229
-0.776859939098358,2.86238622665405,-0.00382423982955515,0.197291821241379
-0.520647883415222,2.862548828125,-0.00859155785292387,0.197164408862591
-0.265431672334671,2.86291098594666,-0.00859936140477657,0.197093032300472
-0.0104714427143335,2.86335182189941,-0.00722747249528766,0.197093762457371
0.244755163788795,2.8638002872467,-0.00684539694339037,0.196954526007175
0.500408887863159,2.86418581008911,-0.00816987175494432,0.19670494645834
0.756022393703461,2.8645875453949,-0.00908732321113348,0.196569733321667
1.01147985458374,2.86501216888428,-0.00907962955534458,0.196561455726624
1.26654636859894,2.86551642417908,-0.00710138399153948,0.196550346910954
1.52130115032196,2.86613178253174,-0.00352101097814739,0.196415789425373
1.77577519416809,2.86676383018494,0.00151769130025059,0.196187421679497
2.03058362007141,2.86725616455078,0.00526931369677186,0.196020625531673
2.28565716743469,2.86765217781067,0.00804797280579805,0.195882335305214
-2.30387902259827,2.61037373542786,-0.000789379409980029,0.196919530630112
-2.04880404472351,2.61079454421997,-0.0017156177200377,0.196758776903152
-1.79398095607758,2.61127281188965,-0.00125552318058908,0.196624621748924
-1.53938353061676,2.61189985275269,0.000457877584267408,0.196455419063568
-1.28466868400574,2.61246085166931,0.00185521738603711,0.196299374103546
-1.02918422222137,2.61266469955444,-3.02109674521489e-05,0.196152992546558
-0.773198127746582,2.61273455619812,-0.0039664451032877,0.195950731635094
-0.517456591129303,2.61302757263184,-0.00656002480536699,0.19582337886095
-0.262512654066086,2.61336994171143,-0.00529637606814504,0.195803932845592
-0.00754807703197002,2.61369061470032,-0.00390767864882946,0.195835381746292
0.247933492064476,2.6139976978302,-0.00464249309152365,0.19575584679842
0.503560543060303,2.61442065238953,-0.00581596046686172,0.195535279810429
0.759144723415375,2.61489963531494,-0.00657351175323129,0.195362612605095
1.01449012756348,2.61535739898682,-0.00603255955502391,0.19524259865284
1.26976025104523,2.61573958396912,-0.00493144989013672,0.19517707079649
1.52431380748749,2.6163227558136,-0.000415352580603212,0.195038892328739
1.77853119373322,2.61700224876404,0.00579866813495755,0.194873481988907
2.03303241729736,2.61759662628174,0.0109430113807321,0.194709375500679
2.28810143470764,2.61802792549133,0.0137649113312364,0.194558821618557
-2.299560546875,2.36067128181458,-0.00418988289311528,0.1954535394907
-2.04460549354553,2.36114096641541,-0.00452172849327326,0.195306278765202
-1.78995966911316,2.36168813705444,-0.00320574827492237,0.19523511081934
-1.53527569770813,2.3622670173645,-0.00184617971535772,0.195135720074177
-1.28042185306549,2.36264252662659,-0.00103494140785187,0.195026911795139
-1.02512395381927,2.3627758026123,-0.00201991479843855,0.194820798933506
-0.769739508628845,2.36303496360779,-0.00317825027741492,0.194534815847874
-0.51441103219986,2.36346960067749,-0.00386238610371947,0.194439262151718
-0.259323567152023,2.36396527290344,-0.00322789791971445,0.194487631320953
-0.00391876325011253,2.36415791511536,-0.00379704288206995,0.194580771028996
0.251748532056808,2.36425542831421,-0.00532494392246008,0.194540977478027
0.507399260997772,2.36450481414795,-0.00655821431428194,0.194354355335236
0.763116478919983,2.36491537094116,-0.00787381362169981,0.194148473441601
1.01840925216675,2.36543536186218,-0.00705976039171219,0.193996459245682
1.27331221103668,2.36580109596252,-0.0042708171531558,0.193910524249077
1.52758824825287,2.36645102500916,0.00152027071453631,0.193781495094299
1.78201365470886,2.36718559265137,0.00683354958891869,0.193625167012215
2.03627157211304,2.36791729927063,0.0130914142355323,0.193432003259659
2.29150438308716,2.36838006973267,0.0152128422632813,0.193248137831688
-2.29568791389465,2.11116695404053,-0.005539839155972,0.193882942199707
-2.04076075553894,2.11162495613098,-0.00570252537727356,0.193766303360462
-1.78603231906891,2.11207962036133,-0.00472217332571745,0.193750277161598
-1.53106737136841,2.1124587059021,-0.00460241781547666,0.193693235516548
-1.27598774433136,2.11263346672058,-0.00477246660739183,0.193608641624451
-1.02090203762054,2.1128351688385,-0.00474559981375933,0.193456664681435
-0.765909910202026,2.11314558982849,-0.00407286360859871,0.193268045783043
-0.510808646678925,2.11360359191895,-0.00368459965102375,0.193220071494579
-0.255629479885101,2.11414456367493,-0.00343299866653979,0.193235374987125
-8.5833620687481e-05,2.11448740959167,-0.00460275169461966,0.193255387246609
0.255581855773926,2.11465954780579,-0.00609795330092311,0.193174928426743
0.511435985565186,2.11467862129211,-0.0081997187808156,0.193023972213268
0.767555773258209,2.11467170715332,-0.0112679759040475,0.192798018455505
1.02301847934723,2.11495041847229,-0.0111620975658298,0.19267114251852
1.27761495113373,2.11551380157471,-0.00696253217756748,0.19261722266674
1.53160417079926,2.11638736724854,0.000143877856316976,0.19249452650547
1.78587353229523,2.11731553077698,0.00618332205340266,0.192334972321987
2.04013323783875,2.11804866790771,0.0124701075255871,0.192162074148655
2.29535412788391,2.11856031417847,0.0146798053756356,0.191923961043358
-2.29253816604614,1.86183154582977,-0.00355686759576201,0.192461371421814
-2.0377631187439,1.86229050159454,-0.00298497639596462,0.192353799939156
-1.78290808200836,1.86266446113586,-0.00255136704072356,0.192339032888412
-1.52779603004456,1.86296224594116,-0.00307063036598265,0.192282028496265
-1.27251470088959,1.86306762695312,-0.00412728544324636,0.192214623093605
-1.01723062992096,1.86324071884155,-0.0049708322621882,0.192159533500671
-0.762177467346191,1.86348724365234,-0.00453601451590657,0.192099772393703
-0.507187902927399,1.8638299703598,-0.00359472073614597,0.192038133740425
-0.252152502536774,1.86431121826172,-0.00264995871111751,0.191907919943333
0.00323270098306239,1.86478567123413,-0.00307295331731439,0.191786877810955
0.258969068527222,1.86502051353455,-0.0048490958288312,0.191686101257801
0.514952898025513,1.86496484279633,-0.00749853439629078,0.191600315272808
0.771245896816254,1.86472105979919,-0.0112996688112617,0.191417381167412
1.02674460411072,1.86481285095215,-0.0113092567771673,0.191323898732662
1.28126895427704,1.86543023586273,-0.00675215199589729,0.19130077958107
1.53528308868408,1.86641693115234,0.000271980679826811,0.191204443573952
1.78951823711395,1.86731505393982,0.0065022362396121,0.191074632108212
2.04386782646179,1.86806535720825,0.0124230897054076,0.190953187644482
2.29891467094421,1.86856257915497,0.0154449641704559,0.190717630088329
-2.28976583480835,1.61259126663208,0.000166598969371989,0.191341884434223
-2.0352668762207,1.6130542755127,0.00204079831019044,0.191228799521923
-1.77995479106903,1.6132390499115,0.0004069029528182,0.191170878708363
-1.52483320236206,1.61353707313538,-0.000124894504551776,0.191061303019524
-1.26931595802307,1.61365163326263,-0.00223272223956883,0.190978907048702
-1.01372063159943,1.61371076107025,-0.00446108914911747,0.190914645791054
-0.758423566818237,1.6138710975647,-0.00509913312271237,0.190908543765545
-0.503592550754547,1.61407124996185,-0.00338976853527129,0.190790705382824
-0.248964503407478,1.61450445652008,-0.000554136873688549,0.190555386245251
0.00626086816191673,1.61495900154114,-0.000218732238863595,0.190343998372555
0.262086451053619,1.61521482467651,-0.00236917100846767,0.190207988023758
0.517880022525787,1.61519026756287,-0.00412914389744401,0.190134212374687
0.773934304714203,1.61508238315582,-0.0068318503908813,0.189986154437065
1.02961421012878,1.61517524719238,-0.00762946298345923,0.189909175038338
1.28457391262054,1.61563277244568,-0.00498985685408115,0.189934849739075
1.53909730911255,1.61645603179932,-0.000206319440621883,0.18992056697607
1.79345595836639,1.6172034740448,0.00551690300926566,0.189890325069427
2.04786372184753,1.61788845062256,0.0112190926447511,0.189780287444592
2.30268335342407,1.61833345890045,0.0152945080772042,0.189608350396156
-2.28661489486694,1.36325752735138,0.0021452100481838,0.190303981304169
-2.03222370147705,1.36363160610199,0.00455501163378358,0.190192453563213
-1.77673673629761,1.3637375831604,0.00215189624577761,0.190035969018936
-1.52182984352112,1.36405801773071,0.00263821147382259,0.189889095723629
-1.26615595817566,1.36415219306946,-0.000155883972183801,0.18971186876297
-1.01018702983856,1.3641619682312,-0.00405780831351876,0.189622364938259
-0.754613757133484,1.36416244506836,-0.00591231090947986,0.189596973359585
-0.499908626079559,1.36423826217651,-0.00358400796540082,0.189481146633625
-0.245581492781639,1.36467301845551,0.000656727701425552,0.189265787601471
0.00951669923961163,1.3650621175766,0.00160681933630258,0.189019814133644
0.265245646238327,1.36527371406555,-7.09737796569243e-05,0.188829302787781
0.520899593830109,1.36531662940979,-0.00117190985474735,0.188758857548237
0.77649199962616,1.36550879478455,-0.00177809130400419,0.188685938715935
1.03246200084686,1.36568593978882,-0.00385992648079991,0.188629105687141
1.28822898864746,1.36594998836517,-0.00480599934235215,0.188619300723076
1.54338753223419,1.3664448261261,-0.00281528336927295,0.18857578933239
1.79802322387695,1.36700022220612,0.00172089959960431,0.188533455133438
2.05250453948975,1.36756193637848,0.00714539457112551,0.188409805297852
2.3070182800293,1.368035197258,0.0126261729747057,0.188279837369919
-2.28294992446899,1.11376750469208,0.00175632617902011,0.18907655775547
-2.02834510803223,1.11391162872314,0.00323198223486543,0.188965693116188
-1.77296483516693,1.11397349834442,0.00136172643397003,0.188824020326138
-1.51776969432831,1.11417698860168,0.000568724994082004,0.188685335218906
-1.26196885108948,1.1142874956131,-0.00276648788712919,0.188512422144413
-1.00599431991577,1.11429071426392,-0.00665160501375794,0.188360676169395
-0.750613391399384,1.11428475379944,-0.00758559163659811,0.188275247812271
-0.496279120445251,1.11447632312775,-0.00353390048258007,0.188163280487061
-0.242213517427444,1.11501491069794,0.00192663201596588,0.188002042472363
0.0127649791538715,1.11533403396606,0.00345756462775171,0.187762342393398
0.26848903298378,1.11542117595673,0.00184150971472263,0.187551721930504
0.524256646633148,1.11545348167419,0.00025987732806243,0.187480479478836
0.779837429523468,1.11575245857239,-0.000266513379756361,0.187443800270557
1.03600800037384,1.11595964431763,-0.00321888807229698,0.187376379966736
1.29229402542114,1.11604726314545,-0.00645134458318353,0.187258191406727
1.54771149158478,1.11630475521088,-0.0055684382095933,0.187126338481903
1.80227112770081,1.11680471897125,-0.000647228036541492,0.187045961618423
2.05678153038025,1.11734330654144,0.00468936283141375,0.186867870390415
2.31094217300415,1.11790120601654,0.0117788026109338,0.186715297400951
-2.27929592132568,0.864210247993469,0.00142324203625321,0.187660321593285
-2.02437019348145,0.864110231399536,0.00146931840572506,0.187535397708416
-1.76898980140686,0.864134132862091,-0.000358489691279829,0.187359042465687
-1.51324439048767,0.864060938358307,-0.0036234725266695,0.187274530529976
-1.25726914405823,0.864124119281769,-0.00771042518317699,0.187171094119549
-1.00153791904449,0.864299595355988,-0.0104451598599553,0.187050864100456
-0.746655702590942,0.864503800868988,-0.00906913913786411,0.186907596886158
-0.492478609085083,0.86481386423111,-0.00426808651536703,0.186787307262421
-0.238503605127335,0.865353465080261,0.00164224929176271,0.186668276786804
0.0163373555988073,0.865643858909607,0.0038358187302947,0.186474181711674
0.27196130156517,0.865669786930084,0.00271207583136857,0.186275854706764
0.527862250804901,0.865668952465057,0.000564482004847378,0.186167322099209
0.783584237098694,0.86595219373703,-0.000562138156965375,0.186172492802143
1.03964507579803,0.866206288337708,-0.00298672704957426,0.186159566044807
1.29583239555359,0.866294622421265,-0.00574051076546311,0.186054058372974
1.55119919776917,0.866431415081024,-0.00458908639848232,0.185820750892162
1.80553030967712,0.866936087608337,0.0013880105689168,0.185600563883781
2.05997204780579,0.867355704307556,0.00706946896389127,0.18544602394104
2.31397438049316,0.867922425270081,0.014894699677825,0.185271419584751
-2.2758002281189,0.614700675010681,0.00181937275920063,0.186273887753487
-2.02083921432495,0.61453104019165,0.00174308032728732,0.186128079891205
-1.76559591293335,0.614483296871185,0.00058681913651526,0.186014600098133
-1.5097279548645,0.61431473493576,-0.0032010548748076,0.185882799327374
-1.25350189208984,0.614280104637146,-0.00839689373970032,0.185806430876255
-0.997921526432037,0.614568293094635,-0.0104095786809921,0.185691438615322
-0.74314284324646,0.614856779575348,-0.00852903258055449,0.185527674853802
-0.488278567790985,0.614986896514893,-0.0068134218454361,0.185394614934921
-0.233559906482697,0.61526346206665,-0.00422761961817741,0.185292981564999
0.0214121788740158,0.615542352199554,-0.00257981522008777,0.18514096736908
0.276554465293884,0.615694999694824,-0.0014800849603489,0.184973895549774
0.5318323969841,0.615813314914703,-0.00077414617408067,0.184882052242756
0.787735998630524,0.615997314453125,-0.0026755197905004,0.184902004897594
1.04388284683228,0.616199553012848,-0.00544377509504557,0.184884153306484
1.29963099956512,0.616388976573944,-0.00619026366621256,0.184780649840832
1.5544695854187,0.616565406322479,-0.00263668783009052,0.184566214680672
1.80881440639496,0.616935729980469,0.00331888603977859,0.184387624263763
2.0631091594696,0.617422938346863,0.00968438573181629,0.184228539466858
2.31730651855469,0.617873072624207,0.0166785884648561,0.184099659323692
-2.27189040184021,0.365111470222473,0.00030614688876085,0.184984348714352
-2.01726603507996,0.365092068910599,0.00181377562694252,0.184836938977242
-1.76204609870911,0.36496964097023,0.000806821044534445,0.184729680418968
-1.50656282901764,0.364870011806488,-0.00118104182183743,0.18458104878664
-1.25042498111725,0.364687442779541,-0.00593141140416265,0.184412002563477
-0.994747757911682,0.364882290363312,-0.0083509273827076,0.184271022677422
-0.739862084388733,0.365247070789337,-0.0069309757091105,0.184158384799957
-0.484592318534851,0.365275859832764,-0.00702408980578184,0.184042610228062
-0.22872157394886,0.365230619907379,-0.00962154660373926,0.183925218880177
0.0267826393246651,0.365214049816132,-0.0103238737210631,0.183764934539795
0.281111687421799,0.365601986646652,-0.00550274830311537,0.183642536401749
0.535768568515778,0.365883141756058,-0.001955212559551,0.183602541685104
0.791697323322296,0.365984737873077,-0.00392677029594779,0.183586798608303
1.04797267913818,0.366030961275101,-0.00722619937732816,0.183516912162304
1.30351281166077,0.366198927164078,-0.00699692452326417,0.183354273438454
1.55828487873077,0.366525948047638,-0.00311603350564837,0.18317686766386
1.81303799152374,0.36686173081398,0.00105194747447968,0.183064363896847
2.06751418113708,0.367194563150406,0.00665766187012196,0.182945109903812
2.3220956325531,0.367498964071274,0.0119896344840527,0.182883411645889
-2.26760482788086,0.115273162722588,-0.00292964605614543,0.183655589818954
-2.01338171958923,0.115500941872597,0.000459942384622991,0.183537423610687
-1.75839591026306,0.115367256104946,0.000569991883821785,0.183407939970493
-1.50344443321228,0.1153195053339,0.00105951738078147,0.183269411325455
-1.24763715267181,0.115107282996178,-0.00214108685031533,0.18308537453413
-0.991775035858154,0.115203723311424,-0.00537247955799103,0.182904757559299
-0.736603617668152,0.115614600479603,-0.0052299159578979,0.182789206504822
-0.481188356876373,0.115606434643269,-0.0059506599791348,0.18270169198513
-0.224731504917145,0.115226045250893,-0.0111598493531346,0.182530753314495
0.0310754701495171,0.114911079406738,-0.0131792556494474,0.182400062680244
0.285213083028793,0.11552769690752,-0.00746243679895997,0.182333409786224
0.539601862430573,0.11591038107872,-0.00266895303502679,0.182289689779282
0.795566141605377,0.115936011075974,-0.00475871376693249,0.182196393609047
1.05201721191406,0.115777015686035,-0.00879956688731909,0.182055950164795
1.30757141113281,0.11594146490097,-0.00859430525451899,0.181859314441681
1.56269681453705,0.116286680102348,-0.00625910749658942,0.18165860325098
1.81773555278778,0.116531021893024,-0.00332116452045739,0.181545749306679
2.07271504402161,0.116775117814541,8.76030899235047e-05,0.181431792676449
2.32757544517517,0.117006197571754,0.00423096725717187,0.181390412151814
-2.26384997367859,-0.134764835238457,-0.00369905587285757,0.182223722338676
-2.00975394248962,-0.134368970990181,0.000304810731904581,0.182137593626976
-1.75485694408417,-0.134436011314392,0.000858136103488505,0.182041928172112
-1.50018000602722,-0.134420067071915,0.00264140777289867,0.181955777108669
-1.24464154243469,-0.134599268436432,0.00070404150756076,0.181818589568138
-0.988668024539948,-0.134579345583916,-0.00300164287909865,0.181668348610401
-0.733044981956482,-0.134225323796272,-0.00488668726757169,0.18154413998127
-0.477714955806732,-0.134156048297882,-0.00518817128613591,0.181430839002132
-0.221666023135185,-0.134535640478134,-0.00850771833211184,0.181234464049339
0.0344033986330032,-0.135025769472122,-0.0116770388558507,0.181116826832294
0.289165496826172,-0.13458189368248,-0.00874517485499382,0.181048341095448
0.54397189617157,-0.134224727749825,-0.00579872168600559,0.180968575179577
0.799525737762451,-0.134120255708694,-0.00599967641755939,0.180767446756363
1.05589604377747,-0.134329795837402,-0.00963528919965029,0.180545471608639
1.31151449680328,-0.134206160902977,-0.00967879686504602,0.180322602391243
1.56681311130524,-0.133921012282372,-0.00807840283960104,0.180127561092377
1.82183504104614,-0.133635461330414,-0.0050285691395402,0.179987125098705
2.07721996307373,-0.133451342582703,-0.00338636594824493,0.179850727319717
2.33225297927856,-0.133246704936028,3.21199077006895e-05,0.179797396063805
-2.26078605651855,-0.384784072637558,-0.00127316638827324,0.180804088711739
-2.00646829605103,-0.384385794401169,0.00173867959529161,0.180721789598465
-1.75155782699585,-0.384328782558441,0.00225608586333692,0.180655427277088
-1.49686789512634,-0.384258896112442,0.00400994066148996,0.180605262517929
-1.24144220352173,-0.384400874376297,0.00262182601727545,0.180517837405205
-0.985474169254303,-0.384357541799545,-0.00102831877302378,0.180369675159454
-0.729529678821564,-0.384115964174271,-0.00434250384569168,0.180210381746292
-0.473986506462097,-0.384101033210754,-0.00557695142924786,0.180074959993362
-0.218300461769104,-0.384424895048141,-0.00721248053014278,0.179913505911827
0.0376414023339748,-0.384698539972305,-0.00978203862905502,0.179787136614323
0.292966991662979,-0.384504735469818,-0.00935518741607666,0.179689727723598
0.548085033893585,-0.384180843830109,-0.0077782990410924,0.179570607841015
0.803406417369843,-0.38413679599762,-0.00688706338405609,0.179350264370441
1.05942916870117,-0.384231597185135,-0.00892749428749084,0.179088145494461
1.31487119197845,-0.384069889783859,-0.0081463661044836,0.178850263357162
1.57005262374878,-0.383826434612274,-0.00598582997918129,0.178682275116444
1.82508814334869,-0.383563816547394,-0.00296421721577644,0.178566060960293
2.08053278923035,-0.38343134522438,-0.00155476713553071,0.178414732217789
2.33587455749512,-0.383329898118973,0.000526326359249651,0.178362101316452
-2.25782084465027,-0.634543061256409,0.00159466301556677,0.179465107619762
-2.00303483009338,-0.6343013048172,0.00248589436523616,0.179371513426304
-1.74780797958374,-0.634318768978119,0.00158521207049489,0.179314248263836
-1.49275159835815,-0.634279489517212,0.00169505120720714,0.179266139864922
-1.2372921705246,-0.634305119514465,0.000186441073310561,0.179206058382988
-0.981648445129395,-0.634214639663696,-0.00194115331396461,0.179054245352745
-0.725763142108917,-0.63415801525116,-0.00493639428168535,0.178871430456638
-0.470073252916336,-0.63422018289566,-0.00679730670526624,0.178705394268036
-0.21442611515522,-0.634431481361389,-0.00822372082620859,0.178557448089123
0.0411462597548962,-0.634490787982941,-0.00909098889678717,0.178396366536617
0.296502470970154,-0.634392142295837,-0.00876270048320293,0.178257383406162
0.551769375801086,-0.634223937988281,-0.00781474076211452,0.178123794496059
0.807144701480865,-0.634192943572998,-0.00713014928624034,0.177950859069824
1.06273400783539,-0.634131669998169,-0.00719280354678631,0.177711240947247
1.31784904003143,-0.633901715278625,-0.00491500226780772,0.177487246692181
1.57286906242371,-0.633679389953613,-0.00200082641094923,0.177356027066708
1.82822465896606,-0.633603274822235,-0.000372002163203433,0.177252896130085
2.08331680297852,-0.633380949497223,0.00263617653399706,0.17712239921093
2.3391056060791,-0.633434116840363,0.00276136235333979,0.177069686353207
-2.2544846534729,-0.884091317653656,0.00273506133817136,0.178143225610256
-1.99923825263977,-0.884062886238098,0.00154796859715134,0.178032897412777
-1.74397552013397,-0.884053945541382,0.000519198772963136,0.177939213812351
-1.4884033203125,-0.884211897850037,-0.00169054989237338,0.177871137857437
-1.23263907432556,-0.884406387805939,-0.00454363040626049,0.177817903459072
-0.976960062980652,-0.884459137916565,-0.00677802739664912,0.177692264318466
-0.72104412317276,-0.884527206420898,-0.00985944550484419,0.177557460963726
-0.46537446975708,-0.884563744068146,-0.0115833971649408,0.177411742508411
-0.210078820586205,-0.884581923484802,-0.0113768987357616,0.177221968770027
0.0449376031756401,-0.88451224565506,-0.00968634989112616,0.177022837102413
0.300009697675705,-0.884391844272614,-0.0080356290563941,0.176847346127033
0.555476307868958,-0.884320199489594,-0.00794995203614235,0.176677256822586
0.810953378677368,-0.884203910827637,-0.00769330421462655,0.176504373550415
1.06627202033997,-0.884090900421143,-0.0065042176283896,0.176332578063011
1.32113361358643,-0.883951485157013,-0.00304788444191217,0.176180422306061
1.57602334022522,-0.883745610713959,0.000483019306557253,0.176048740744591
1.83153986930847,-0.883740663528442,0.00142660469282418,0.175930969417095
2.08658742904663,-0.883526802062988,0.00466539664193988,0.175830982625484
2.34264183044434,-0.883678019046783,0.00364535069093108,0.17576914280653
-2.25120306015015,-1.1335391998291,0.00412174733355641,0.176818117499352
-1.99574184417725,-1.13364219665527,0.00198524026200175,0.176665842533112
-1.74037981033325,-1.13377165794373,0.00054344447562471,0.176575936377048
-1.4844833612442,-1.13399839401245,-0.00311640789732337,0.176456615328789
-1.22840893268585,-1.13436770439148,-0.00734254345297813,0.176355041563511
-0.972307145595551,-1.1347564458847,-0.0114490408450365,0.176264844834805
-0.716166198253632,-1.13498342037201,-0.0155025944113731,0.176169835031033
-0.460816413164139,-1.13485991954803,-0.015730757266283,0.176046341657639
-0.205872371792793,-1.13477373123169,-0.0138869127258658,0.175858289003372
0.0490206964313984,-1.13472604751587,-0.011594039388001,0.175652489066124
0.304278522729874,-1.13471007347107,-0.0107383644208312,0.175455167889595
0.559584200382233,-1.13450908660889,-0.00989188067615032,0.175268150866032
0.814752757549286,-1.13420367240906,-0.00821556523442268,0.175092838704586
1.06996464729309,-1.13411200046539,-0.00650783302262425,0.17495010048151
1.32505536079407,-1.1340970993042,-0.00403757859021425,0.174828857183456
1.58007228374481,-1.13397014141083,-0.0010347735369578,0.174700327217579
1.83556175231934,-1.1339316368103,6.63386526866816e-05,0.174577035009861
2.09078645706177,-1.13383364677429,0.00255952519364655,0.174470975995064
2.34673762321472,-1.13397264480591,0.00203880155459046,0.174400500953197
-2.24804949760437,-1.38305604457855,0.00610599620267749,0.175529755651951
-1.99259769916534,-1.38318657875061,0.00404714653268456,0.17531294375658
-1.73692965507507,-1.38349413871765,0.00123825774062425,0.175199396908283
-1.48117017745972,-1.38371193408966,-0.00175774819217622,0.175053618848324
-1.22510886192322,-1.38407349586487,-0.00589101947844028,0.174935877323151
-0.968627214431763,-1.38463962078094,-0.0116922315210104,0.1748056858778
-0.712137937545776,-1.38511598110199,-0.0172847714275122,0.174717918038368
-0.456689983606339,-1.38516211509705,-0.0179103594273329,0.174628913402557
-0.201869621872902,-1.38509023189545,-0.0154626360163093,0.174471139907837
0.0531958043575287,-1.38505578041077,-0.0139120444655418,0.174239240586758
0.308636546134949,-1.3850314617157,-0.0138447461649776,0.174025811254978
0.563827753067017,-1.38471508026123,-0.0124457525089383,0.173865802586079
0.818607568740845,-1.38433313369751,-0.00897983182221651,0.173745356500149
1.07362413406372,-1.3842431306839,-0.00635567912831903,0.173618726432323
1.32912230491638,-1.38425660133362,-0.00567930191755295,0.173480495810509
1.58448874950409,-1.3842169046402,-0.00419850880280137,0.173321463167667
1.83993136882782,-1.38413882255554,-0.00284860120154917,0.173190757632256
2.09550666809082,-1.38416147232056,-0.0018712900346145,0.17307098954916
2.35120964050293,-1.38427495956421,-0.00124413403682411,0.173008032143116
-2.24467015266418,-1.63274383544922,0.00705722440034151,0.174282170832157
-1.98921155929565,-1.63286864757538,0.00500018196180463,0.174005247652531
-1.73354196548462,-1.63323378562927,0.00222219503484666,0.173885516822338
-1.47780978679657,-1.63348400592804,-0.000612233765423298,0.173712819814682
-1.2219398021698,-1.63387882709503,-0.00383184570819139,0.173604018986225
-0.965687036514282,-1.63438332080841,-0.00855768378823996,0.173441469669342
-0.709232687950134,-1.63480293750763,-0.0139649650081992,0.173298999667168
-0.45355898141861,-1.63495719432831,-0.0155837684869766,0.173224084079266
-0.198598802089691,-1.63501083850861,-0.0137333646416664,0.173071227967739
0.0566307194530964,-1.63503563404083,-0.0128917507827282,0.172793865203857
0.312258064746857,-1.63497292995453,-0.0136383976787329,0.172571733593941
0.567544758319855,-1.63486015796661,-0.012623724527657,0.172472693026066
0.822154581546783,-1.63459300994873,-0.00834799371659756,0.172433607280254
1.07703673839569,-1.63450133800507,-0.00508454628288746,0.172314956784248
1.33269226551056,-1.6344165802002,-0.00508829858154058,0.172145612537861
1.5884565114975,-1.63439559936523,-0.00535570830106735,0.171955466270447
1.84418499469757,-1.63437736034393,-0.00524304015561938,0.171818301081657
2.09983468055725,-1.63439583778381,-0.00455864565446973,0.171672292053699
2.35538005828857,-1.63453757762909,-0.00318620400503278,0.171624645590782
-2.24090051651001,-1.88267731666565,0.00621875934302807,0.17303466796875
-1.98540008068085,-1.88278913497925,0.00400628568604589,0.172734566032887
-1.72983574867249,-1.88308596611023,0.00174675171729177,0.172567091882229
-1.47411668300629,-1.88341569900513,-0.000985164777375758,0.17241295427084
-1.21845948696136,-1.88385009765625,-0.00319006945937872,0.172322072088718
-0.962456285953522,-1.88425374031067,-0.00674501899629831,0.172168970108032
-0.705965340137482,-1.88464665412903,-0.0122890369966626,0.171988472342491
-0.450157821178436,-1.88480019569397,-0.0144855519756675,0.171892605721951
-0.195470348000526,-1.88477766513824,-0.0113659342750907,0.171733722090721
0.0592218115925789,-1.88459241390228,-0.00806758180260658,0.17144513130188
0.314932763576508,-1.88466930389404,-0.00915886927396059,0.171169027686119
0.570609271526337,-1.8848659992218,-0.00986052397638559,0.171100333333015
0.825714468955994,-1.88490843772888,-0.00777065474539995,0.171125113964081
1.08063852787018,-1.88479506969452,-0.00466281920671463,0.171013481914997
1.336057305336,-1.88463616371155,-0.00357303232885897,0.170808799564838
1.59184050559998,-1.8845282793045,-0.00389878847636282,0.170575752854347
1.84770095348358,-1.88455271720886,-0.00434198882430792,0.170428767800331
2.10338568687439,-1.88455545902252,-0.00378166628070176,0.170281156897545
2.35892915725708,-1.88474178314209,-0.00236492371186614,0.170240715146065
-2.2368369102478,-2.13283324241638,0.00403648754581809,0.171741925179958
-1.98142635822296,-2.13290238380432,0.00227613304741681,0.171452283859253
-1.72595906257629,-2.13312339782715,0.000498394365422428,0.171257868409157
-1.47057020664215,-2.13337922096252,-0.000681806588545442,0.171093493700027
-1.21514523029327,-2.13372874259949,-0.00179128535091877,0.170977540314198
-0.959312915802002,-2.13403701782227,-0.00453742500394583,0.170836545526981
-0.702886641025543,-2.13435816764832,-0.00975948758423328,0.17067527025938
-0.44698441028595,-2.13454389572144,-0.0123551078140736,0.17055456340313
-0.19232003390789,-2.13448023796082,-0.00910185091197491,0.170368202030659
0.0620180629193783,-2.13418555259705,-0.00417243549600244,0.170119978487492
0.317551076412201,-2.13429355621338,-0.00442829728126526,0.169854789972305
0.573588848114014,-2.13467407226562,-0.00672587985172868,0.16977371275425
0.829405844211578,-2.13503313064575,-0.00779825448989868,0.169780157506466
1.08463394641876,-2.13506412506104,-0.00601474335417151,0.169661812484264
1.33979845046997,-2.13495588302612,-0.00374165247194469,0.169447019696236
1.59536504745483,-2.13478112220764,-0.0030646538361907,0.169205769896507
1.85107159614563,-2.13473892211914,-0.00279008829966187,0.169063203036785
2.10657715797424,-2.13465118408203,-0.00140367716085166,0.16888814419508
2.36222457885742,-2.13482284545898,-0.000420545402448624,0.168825805187225
-2.23257064819336,-2.38299798965454,0.000917110068257898,0.170446686446667
-1.97735857963562,-2.38302087783813,0.000112643494503573,0.170175015926361
-1.72199296951294,-2.38318729400635,-0.00115935585927218,0.169971257448196
-1.46690762042999,-2.38338017463684,-0.000909250462427735,0.169778734445572
-1.21161150932312,-2.38359832763672,-0.00139974581543356,0.16960871219635
-0.955994784832001,-2.38385319709778,-0.00312743149697781,0.169467359781265
-0.700011968612671,-2.38405275344849,-0.00629889592528343,0.169328778982162
-0.444169670343399,-2.38432788848877,-0.00858738645911217,0.169198624789715
-0.1892309486866,-2.38426780700684,-0.00655400846153498,0.168998591601849
0.065520778298378,-2.38412094116211,-0.00346258049830794,0.168777033686638
0.320877730846405,-2.38413119316101,-0.00289313867688179,0.168513417243958
0.577227592468262,-2.38464879989624,-0.00656062597408891,0.168374486267567
0.833560049533844,-2.38510298728943,-0.00991714932024479,0.168359912931919
1.08901798725128,-2.38535380363464,-0.00911481119692326,0.168238028883934
1.34391713142395,-2.38528537750244,-0.00560559146106243,0.168062321841717
1.59909582138062,-2.38504505157471,-0.00315476534888148,0.167814992368221
1.8546861410141,-2.38493871688843,-0.00232866173610091,0.167641900479794
2.11004519462585,-2.38480877876282,-0.00025670844479464,0.167473897337914
2.36576843261719,-2.3848762512207,0.000414356065448374,0.167350344359875
-2.22833514213562,-2.63297033309937,-0.00207118107937276,0.169211134314537
-1.97321212291718,-2.63299059867859,-0.00242266640998423,0.168933123350143
-1.71798408031464,-2.63316583633423,-0.00301903206855059,0.168701067566872
-1.46292519569397,-2.63332891464233,-0.00260953744873405,0.168457567691803
-1.20773315429688,-2.63352370262146,-0.00258481688797474,0.168232023715973
-0.952326357364655,-2.63375329971313,-0.00331505876965821,0.16808257997036
-0.696829974651337,-2.63394927978516,-0.00422898773103952,0.167985282838345
-0.441260606050491,-2.63413095474243,-0.00524816988036036,0.167866796255112
-0.186050027608871,-2.63409972190857,-0.00442094076424837,0.16762637346983
0.0693672150373459,-2.63411116600037,-0.00430953130125999,0.167366921901703
0.325134813785553,-2.63430452346802,-0.00555162318050861,0.167109549045563
0.581328928470612,-2.63469862937927,-0.00848198775202036,0.166966468095779
0.837348937988281,-2.63500642776489,-0.0103988917544484,0.166931658983231
1.09290504455566,-2.63529324531555,-0.00999994389712811,0.166787683963776
1.34813272953033,-2.63552045822144,-0.00791090819984674,0.166640944778919
1.60315012931824,-2.63543224334717,-0.00468774139881134,0.166414014995098
1.85859608650208,-2.63526844978333,-0.00318163493648171,0.166230760514736
2.11404991149902,-2.63517761230469,-0.00149385549593717,0.1660425812006
2.36966133117676,-2.63507914543152,-0.000296937563689426,0.165854975581169
-2.2244861125946,-2.88273000717163,-0.00328481453470886,0.167991273105145
-1.96937155723572,-2.88279128074646,-0.00355633068829775,0.167685933411121
-1.71409058570862,-2.88308429718018,-0.00435051927343011,0.167432427406311
-1.45873069763184,-2.88331890106201,-0.00528204441070557,0.167160600423813
-1.20351302623749,-2.88359403610229,-0.00532827153801918,0.166929826140404
-0.948264002799988,-2.88388991355896,-0.0052906577475369,0.166740857064724
-0.692978084087372,-2.8841118812561,-0.00520153529942036,0.166607312858105
-0.437749326229095,-2.88415336608887,-0.00463971449062228,0.16651114821434
-0.18254742026329,-2.8841392993927,-0.00373787456192076,0.166294135153294
0.0729755833745003,-2.88428282737732,-0.004064223729074,0.166015908122063
0.329047948122025,-2.88457345962524,-0.00664589600637555,0.165713548660278
0.585058331489563,-2.88478589057922,-0.00871975254267454,0.165606319904327
0.840799689292908,-2.88499999046326,-0.00935011729598045,0.165527291595936
1.09632408618927,-2.88523101806641,-0.00877904146909714,0.165325909852982
1.35192048549652,-2.88561820983887,-0.00830375589430332,0.16510858386755
1.60737884044647,-2.88577342033386,-0.00700645474717021,0.164941273629665
1.86275053024292,-2.88568449020386,-0.00512341363355517,0.16479279845953
2.11831307411194,-2.88565802574158,-0.00387808866798878,0.164633989334106
2.37363862991333,-2.88540983200073,-0.00137703737709671,0.164427690207958
-2.22075200080872,-3.13250946998596,-0.00396524416282773,0.166667684912682
-1.96573483943939,-3.132652759552,-0.00374470464885235,0.166355140507221
-1.71040487289429,-3.13304901123047,-0.00472221057862043,0.166097164154053
-1.45496249198914,-3.13335847854614,-0.00599067797884345,0.165854543447495
-1.19954931735992,-3.1337525844574,-0.00688888318836689,0.165682084858418
-0.944216072559357,-3.13408088684082,-0.00719624012708664,0.165440887212753
-0.688941955566406,-3.13432383537292,-0.00701239937916398,0.165239483118057
-0.433867603540421,-3.13434529304504,-0.00570887420326471,0.165118277072906
-0.178803980350494,-3.13428497314453,-0.00414339220151305,0.164939604699612
0.0766400694847107,-3.13444018363953,-0.00407447200268507,0.164669156074524
0.332571536302567,-3.13469910621643,-0.00598469981923699,0.164349190890789
0.588531076908112,-3.13490128517151,-0.0077957371249795,0.164219059050083
0.844044268131256,-3.13500809669495,-0.00737011106684804,0.164104700088501
1.09958899021149,-3.13518881797791,-0.00686265993863344,0.163886032998562
1.35551750659943,-3.13566970825195,-0.00784266926348209,0.163655012845993
1.6113874912262,-3.13600754737854,-0.00834543164819479,0.163512386381626
1.86666035652161,-3.13595080375671,-0.0059803263284266,0.163384787738323
2.12234902381897,-3.13594818115234,-0.00525983748957515,0.163244411349297
2.37749934196472,-3.13564324378967,-0.00194436428137124,0.163055501878262
-2.21671915054321,-3.38246011734009,-0.00601516338065267,0.16517148911953
-1.96189308166504,-3.38271355628967,-0.00486585404723883,0.164872527122498
-1.7063946723938,-3.38321399688721,-0.00657435739412904,0.164631433784962
-1.45100700855255,-3.38361692428589,-0.00754594476893544,0.164440035820007
-1.19535040855408,-3.38419795036316,-0.00950965750962496,0.164288997650146
-0.940064489841461,-3.38437271118164,-0.00956919975578785,0.164035685360432
-0.684925317764282,-3.38444304466248,-0.00874005816876888,0.163843907415867
-0.429780572652817,-3.38447761535645,-0.00771744409576058,0.163739249110222
-0.174563825130463,-3.38454461097717,-0.00680100917816162,0.163604617118835
0.0808442011475563,-3.38478636741638,-0.00652216142043471,0.163360357284546
0.33653998374939,-3.38496065139771,-0.00732992729172111,0.163030922412872
0.592204391956329,-3.38512635231018,-0.00777104357257485,0.16280210763216
0.847713947296143,-3.38532662391663,-0.00728817703202367,0.162619017064571
1.10342216491699,-3.38560771942139,-0.00747552281245589,0.162430882453918
1.35906267166138,-3.38590741157532,-0.00713661732152104,0.162282288074493
1.61468827724457,-3.38600945472717,-0.00652546854689717,0.162122197449207
1.87017714977264,-3.38597655296326,-0.00509435823187232,0.161956407129765
2.12586069107056,-3.38599061965942,-0.00431756488978863,0.161795936524868
2.38124513626099,-3.38576817512512,-0.00200827792286873,0.161623559892178
-2.21272373199463,-3.63239026069641,-0.00789389200508595,0.163642652332783
-1.95800948143005,-3.63272404670715,-0.00618277536705136,0.163350127637386
-1.70256304740906,-3.63326358795166,-0.00761124165728688,0.163117431104183
-1.44724059104919,-3.63371205329895,-0.00824243947863579,0.162906587123871
-1.19156801700592,-3.63437867164612,-0.0102368919178843,0.162738353013992
-0.936368107795715,-3.6343936920166,-0.00987608078867197,0.16253400593996
-0.681220769882202,-3.63441181182861,-0.00905130337923765,0.162425868213177
-0.425803422927856,-3.63457989692688,-0.00922708678990602,0.162376001477242
-0.170201256871223,-3.63487315177917,-0.0100109009072185,0.162250228226185
0.08534025400877,-3.63516688346863,-0.0102928364649415,0.162028141319752
0.340617269277573,-3.6352641582489,-0.00916556362062693,0.161651536822319
0.59595513343811,-3.63537263870239,-0.00809541065245867,0.161362111568451
0.85146552324295,-3.63569617271423,-0.00757253635674715,0.161163024604321
1.10722947120667,-3.63604164123535,-0.00797127094119787,0.16102210432291
1.36263489723206,-3.63623070716858,-0.00654721772298217,0.160932347178459
1.61779975891113,-3.63612198829651,-0.00385040976107121,0.160706974565983
1.87355983257294,-3.63608026504517,-0.00360425398685038,0.160473689436913
2.12908029556274,-3.63603782653809,-0.00207091844640672,0.160298645496368
2.38499522209167,-3.6360194683075,-0.00208211410790682,0.160147950053215
-2.20943713188171,-3.88215827941895,-0.00650368025526404,0.162284716963768
-1.95465505123138,-3.88248062133789,-0.005073516163975,0.161977089941502
-1.69911062717438,-3.88307523727417,-0.00691598141565919,0.16173505038023
-1.4437940120697,-3.88352489471436,-0.00748627865687013,0.161469928920269
-1.18848192691803,-3.88399791717529,-0.00780595326796174,0.16128408908844
-0.933334350585938,-3.88409924507141,-0.00716982129961252,0.161132238805294
-0.678012549877167,-3.88431572914124,-0.00709972018375993,0.161038644611835
-0.42209529876709,-3.88462853431702,-0.00951377023011446,0.160936430096626
-0.16618338227272,-3.88506054878235,-0.0116618340834975,0.160772569477558
0.0892939493060112,-3.88529086112976,-0.0116180786862969,0.160546720027924
0.344197660684586,-3.8853063583374,-0.00876717921346426,0.160214215517044
0.599442958831787,-3.88543581962585,-0.00724288262426853,0.159969046711922
0.855210244655609,-3.88585138320923,-0.00784006994217634,0.159776851534843
1.11108016967773,-3.88616490364075,-0.00868263281881809,0.159621238708496
1.36637783050537,-3.88640069961548,-0.0067349779419601,0.159489996731281
1.62126934528351,-3.88631653785706,-0.00277562090195715,0.159213706851006
1.87698411941528,-3.8863639831543,-0.00228903722018003,0.158991500735283
2.13256430625916,-3.88634014129639,-0.000989392283372581,0.158809021115303
2.38886094093323,-3.88656330108643,-0.00265369354747236,0.158706694841385
-2.20620965957642,-4.13211584091187,-0.00482654618099332,0.161056213080883
-1.951287150383,-4.13234186172485,-0.00401894515380263,0.160732664167881
-1.69601440429688,-4.13280391693115,-0.00458530522882938,0.16043496131897
-1.44069707393646,-4.13314723968506,-0.00513570057228208,0.160103127360344
-1.18556427955627,-4.13349580764771,-0.00460998993366957,0.159855999052525
-0.930356740951538,-4.13384771347046,-0.00420360919088125,0.15970353782177
-0.674821019172668,-4.13427114486694,-0.00506810517981648,0.159573912620544
-0.418545186519623,-4.13474607467651,-0.00907529983669519,0.159404702484608
-0.162631645798683,-4.13504886627197,-0.0112052243202925,0.159233100712299
0.0926487445831299,-4.13516283035278,-0.0102410418912768,0.159089267253876
0.347650855779648,-4.13525533676147,-0.00779883610084653,0.158820077776909
0.603040218353271,-4.13543033599854,-0.00689010182395577,0.158555597066879
0.858862102031708,-4.13573598861694,-0.00770667148754001,0.158344596624374
1.1147803068161,-4.13607168197632,-0.00873063504695892,0.158165328204632
1.37024569511414,-4.13646030426025,-0.00749231316149235,0.157995097339153
1.62523889541626,-4.13662672042847,-0.00393584370613098,0.157726310193539
1.88080418109894,-4.13676929473877,-0.00273708021268249,0.15755096077919
2.13642716407776,-4.13684368133545,-0.00158606201875955,0.157357163727283
2.39279508590698,-4.13725423812866,-0.00352061120793223,0.15730881690979
-2.20216131210327,-4.38258361816406,-0.00691161537542939,0.159664295613766
-1.94716548919678,-4.38272094726562,-0.00640893960371614,0.159348338842392
-1.69199788570404,-4.38304615020752,-0.00645976001396775,0.159022361040115
-1.43694460391998,-4.38322401046753,-0.00576796289533377,0.158686466515064
-1.1819908618927,-4.38347244262695,-0.00439094053581357,0.158406667411327
-0.926918029785156,-4.38392925262451,-0.00332571170292795,0.158270053565502
-0.671409547328949,-4.38438415527344,-0.00403052661567926,0.15810764580965
-0.41526585817337,-4.38480186462402,-0.00740628596395254,0.157874576747417
-0.159302204847336,-4.38498830795288,-0.00974053237587214,0.157700002193451
0.0960606411099434,-4.38506078720093,-0.00912171974778175,0.157561480998993
0.351493418216705,-4.38530206680298,-0.00858834851533175,0.157328650355339
0.60727721452713,-4.38561391830444,-0.00941772572696209,0.157044403254986
0.863182306289673,-4.38597774505615,-0.0105660287663341,0.156841099262238
1.11862599849701,-4.3861870765686,-0.00942119676619768,0.156708784401417
1.37399959564209,-4.38662767410278,-0.00773031683638692,0.156546376645565
1.62920844554901,-4.38703298568726,-0.00508989114314318,0.156316109001637
1.88475251197815,-4.38729953765869,-0.00375098967924714,0.156171582639217
2.14035964012146,-4.38737344741821,-0.00249316752888262,0.155975744128227
2.39667582511902,-4.38786172866821,-0.00415579415857792,0.155945368111134
-2.19810271263123,-4.63298225402832,-0.00904860533773899,0.15799455344677
-1.94300711154938,-4.63317632675171,-0.00896250829100609,0.157732173800468
-1.68792378902435,-4.63341808319092,-0.00858983024954796,0.157498620450497
-1.43296074867249,-4.63357019424438,-0.00744510907679796,0.157221682369709
-1.17799615859985,-4.63383007049561,-0.00607871124520898,0.156999096274376
-0.923013269901276,-4.63423013687134,-0.00456671556457877,0.156877867877483
-0.667626142501831,-4.63461637496948,-0.00468384847044945,0.156688645482063
-0.411785334348679,-4.63485956192017,-0.00665419548749924,0.156447030603886
-0.155972376465797,-4.63497066497803,-0.00827473402023315,0.156258910894394
0.0997318029403687,-4.6351580619812,-0.00916631426662207,0.156071834266186
0.355715453624725,-4.63571405410767,-0.0110730146989226,0.155823618173599
0.611924231052399,-4.63632297515869,-0.0137641606852412,0.155554540455341
0.867836356163025,-4.63674259185791,-0.0148966321721673,0.155429877340794
1.12295377254486,-4.63690662384033,-0.0122422762215137,0.155351892113686
1.37790679931641,-4.63721227645874,-0.00862951017916203,0.155228532850742
1.63297426700592,-4.63754510879517,-0.00532407034188509,0.155026130378246
1.88862323760986,-4.63781070709229,-0.00441929372027516,0.154860891401768
2.14424133300781,-4.63794136047363,-0.00317117245867848,0.154656760394573
2.40046787261963,-4.63840818405151,-0.00440017459914088,0.154594734311104
-2.19506525993347,-4.88266324996948,-0.00650865817442536,0.156273178756237
-1.93969416618347,-4.88307857513428,-0.00764982867985964,0.156086318194866
-1.68446743488312,-4.8834080696106,-0.00789936073124409,0.155901186168194
-1.42935395240784,-4.88370895385742,-0.00740233156830072,0.155737675726414
-1.17418038845062,-4.8840184211731,-0.00695665972307324,0.155592128634453
-0.919121086597443,-4.88434600830078,-0.00576230324804783,0.155472680926323
-0.663649320602417,-4.88472032546997,-0.00622941600158811,0.155322834849358
-0.407897233963013,-4.88500356674194,-0.00775463413447142,0.155147477984428
-0.152353316545486,-4.88522672653198,-0.00810639746487141,0.154975399374962
0.103354148566723,-4.88551950454712,-0.00897139310836792,0.154693134129047
0.359212070703506,-4.88608932495117,-0.0102730374783278,0.154397219419479
0.615465998649597,-4.88678884506226,-0.0131290545687079,0.15415071696043
0.871498823165894,-4.88737678527832,-0.0147615484893322,0.154052592813969
1.12664520740509,-4.88766717910767,-0.0121947210282087,0.154032237827778
1.38168799877167,-4.88786792755127,-0.008958057500422,0.153893411159515
1.63689351081848,-4.88800191879272,-0.00624956469982862,0.15368227660656
1.89260864257812,-4.88822746276855,-0.00560800451785326,0.153493851423264
2.14823317527771,-4.88848066329956,-0.00434339139610529,0.153306670486927
2.40426063537598,-4.88890743255615,-0.00464998465031385,0.15320136770606
-2.19263887405396,-5.13193368911743,-0.00116849399637431,0.154779978096485
-1.93688821792603,-5.13258361816406,-0.00402276637032628,0.154636316001415
-1.68133807182312,-5.13309383392334,-0.0057224202901125,0.154497593641281
-1.42573428153992,-5.13366937637329,-0.00743084168061614,0.154371529817581
-1.17026543617249,-5.13412809371948,-0.00829445850104094,0.154210671782494
-0.915068209171295,-5.13445520401001,-0.00769415451213717,0.154028579592705
-0.659541249275208,-5.13493061065674,-0.00836747884750366,0.153931148350239
-0.403699815273285,-5.13542509078979,-0.0102463690564036,0.153843656182289
-0.148367494344711,-5.13571929931641,-0.00959058105945587,0.153694987297058
0.107040718197823,-5.1360502243042,-0.00905634742230177,0.153400219976902
0.362494379281998,-5.13647270202637,-0.00850124750286341,0.153098210692406
0.618411183357239,-5.13706016540527,-0.00980950985103846,0.152867741882801
0.874341130256653,-5.13753795623779,-0.0109572745859623,0.152762912213802
1.12974488735199,-5.13781213760376,-0.00952363200485706,0.152709193527699
1.38529634475708,-5.13810062408447,-0.00853883940726519,0.15253871679306
1.64087009429932,-5.13831615447998,-0.00744262523949146,0.152307450771332
1.89655828475952,-5.13868236541748,-0.00663418183103204,0.152096331119537
2.15218901634216,-5.13891506195068,-0.00536237005144358,0.15188143402338
2.40787196159363,-5.13933181762695,-0.00409836322069168,0.151753686368465
-2.18967890739441,-5.3815975189209,0.00172912643756717,0.153549134731293
-1.93368887901306,-5.38235664367676,-0.00219337409362197,0.15339320898056
-1.6778838634491,-5.38307237625122,-0.00502227526158094,0.153200753033161
-1.42204868793488,-5.3837194442749,-0.00775604275986552,0.153003565967083
-1.16659128665924,-5.38422536849976,-0.00852816738188267,0.152794294059277
-0.911383152008057,-5.38456392288208,-0.00794145278632641,0.152624882757664
-0.655731201171875,-5.38515710830688,-0.00914252456277609,0.152581579983234
-0.399613112211227,-5.38583612442017,-0.0122338971123099,0.152515508234501
-0.14431668817997,-5.38616561889648,-0.0113734807819128,0.15232440829277
0.110926426947117,-5.3864917755127,-0.0100514311343431,0.152028106153011
0.366192221641541,-5.38686323165894,-0.00861177314072847,0.151799254119396
0.62187784910202,-5.38738298416138,-0.00884436722844839,0.151612717658281
0.877722263336182,-5.38788461685181,-0.00957214087247849,0.151504162698984
1.13332462310791,-5.38815689086914,-0.00900173000991344,0.15137642249465
1.38906705379486,-5.38833045959473,-0.00884956680238247,0.151138048619032
1.64488554000854,-5.38858699798584,-0.00881380401551723,0.150872316211462
1.90043425559998,-5.38897752761841,-0.00734214810654521,0.150667153298855
2.155921459198,-5.38924407958984,-0.00539130438119173,0.150458104908466
2.41123938560486,-5.38963508605957,-0.00246766814962029,0.15032546594739
-2.18585300445557,-5.63181924819946,0.000659348035696894,0.152337841689587
-1.92988777160645,-5.63255500793457,-0.0031125764362514,0.152167707681656
-1.67405319213867,-5.63328456878662,-0.00603975681588054,0.151937775313854
-1.41838979721069,-5.63390588760376,-0.00794833991676569,0.151678502559662
-1.16320466995239,-5.63437700271606,-0.00743799097836018,0.151444353163242
-0.907873928546906,-5.63480281829834,-0.00737452181056142,0.151268504559994
-0.652034878730774,-5.63543653488159,-0.00939411763101816,0.15118733048439
-0.395529538393021,-5.6362247467041,-0.0142084918916225,0.151132300496101
-0.140121623873711,-5.63662481307983,-0.0138117745518684,0.150946564972401
0.114941768348217,-5.63692426681519,-0.0116357747465372,0.150672141462564
0.370243221521378,-5.63729667663574,-0.0103198504075408,0.150439795106649
0.626195669174194,-5.63791131973267,-0.0117145944386721,0.150306906551123
0.882348597049713,-5.63849592208862,-0.0137886609882116,0.150191612541676
1.13798534870148,-5.63879537582397,-0.0133283669129014,0.150018207728863
1.39346957206726,-5.63901567459106,-0.0119689516723156,0.149763070046902
1.64888775348663,-5.63911056518555,-0.0101086916401982,0.14951103925705
1.9042261838913,-5.63940525054932,-0.00766538549214602,0.149302154779434
2.15960097312927,-5.63966035842896,-0.00517843663692474,0.149110622704029
2.41470408439636,-5.63995027542114,-0.00126975693274289,0.148963570594788
-2.18140196800232,-5.88226175308228,-0.00328659871593118,0.150958493351936
-1.92568576335907,-5.88290643692017,-0.00587203819304705,0.150817692279816
-1.6701123714447,-5.88355588912964,-0.00756035046651959,0.150621920824051
-1.41461038589478,-5.88413286209106,-0.00869172625243664,0.150378085672855
-1.15943610668182,-5.8846583366394,-0.00809150282293558,0.150146886706352
-0.903998374938965,-5.88513946533203,-0.00847789645195007,0.149953842163086
-0.648098587989807,-5.88571739196777,-0.0107419081032276,0.149824522435665
-0.391555160284042,-5.88645076751709,-0.0156963095068932,0.149714432656765
-0.136064320802689,-5.88682222366333,-0.0156414192169905,0.149565163999796
0.118940271437168,-5.88715982437134,-0.0131574599072337,0.149334944784641
0.37444669008255,-5.8876166343689,-0.0127269122749567,0.149104822427034
0.630838930606842,-5.88845157623291,-0.0160557832568884,0.148963037878275
0.887376129627228,-5.88925886154175,-0.0198053326457739,0.148786582052708
1.14276123046875,-5.88949060440063,-0.0181698277592659,0.14856344088912
1.39780151844025,-5.88963747024536,-0.0147763090208173,0.14833452180028
1.65299022197723,-5.88978719711304,-0.0118422480300069,0.148121170699596
1.90815114974976,-5.89001035690308,-0.00857178308069706,0.147948291152716
2.16365122795105,-5.89034557342529,-0.00660285586491227,0.147792551666498
2.41880655288696,-5.89054441452026,-0.0028966935351491,0.147610887885094
-2.1767110824585,-6.13272142410278,-0.00834087748080492,0.149433374404907
-1.92143487930298,-6.13323259353638,-0.00885861646384001,0.149347610771656
-1.66613304615021,-6.13376426696777,-0.009262815117836,0.149165008217096
-1.41079092025757,-6.13431453704834,-0.00962205417454243,0.149020586162806
-1.15545153617859,-6.13492727279663,-0.00973696354776621,0.148824315518141
-0.899927735328674,-6.13544178009033,-0.0104768015444279,0.14861548319459
-0.644023895263672,-6.1359977722168,-0.0127221718430519,0.148449879139662
-0.387785226106644,-6.13656663894653,-0.0162597075104713,0.14831855520606
-0.132279336452484,-6.13695049285889,-0.0162368379533291,0.148183960467577
0.122620865702629,-6.13733959197998,-0.0132393930107355,0.148001346737146
0.378025680780411,-6.13781499862671,-0.012312482111156,0.14777959138155
0.634481251239777,-6.13871812820435,-0.0158896222710609,0.147588480263948
0.891149580478668,-6.1395959854126,-0.0201921798288822,0.147350911051035
1.14698219299316,-6.14008140563965,-0.0205194298177958,0.147069461643696
1.40198254585266,-6.14029407501221,-0.0169027354568243,0.146886076778173
1.65722548961639,-6.14058446884155,-0.0141638377681375,0.146751038730145
1.91243982315063,-6.14083385467529,-0.0110919568687677,0.1465849801898
2.16800093650818,-6.14118576049805,-0.0093552153557539,0.146425638347864
2.42341494560242,-6.14140653610229,-0.00676153274253011,0.146202847361565
-2.17229390144348,-6.38312578201294,-0.0121330535039306,0.147957418113947
-1.91750371456146,-6.38349390029907,-0.0103724701330066,0.147909298539162
-1.66232097148895,-6.38396072387695,-0.0101945092901587,0.147772748023272
-1.40716791152954,-6.38447189331055,-0.00965067371726036,0.147643849253654
-1.15167164802551,-6.38510179519653,-0.0104493498802185,0.147451087832451
-0.896121680736542,-6.38565301895142,-0.0112703256309032,0.147227764129639
-0.640343070030212,-6.38619565963745,-0.0129081886261702,0.147054500877857
-0.384411782026291,-6.38675022125244,-0.0150100467726588,0.146948739886284
-0.128788828849792,-6.38722276687622,-0.0154819097369909,0.146793071180582
0.126143306493759,-6.38761329650879,-0.0125965820625424,0.146603375673294
0.381451278924942,-6.38809299468994,-0.0111974505707622,0.146380756050348
0.637836635112762,-6.38893938064575,-0.0144290309399366,0.146134749054909
0.894431412220001,-6.38979911804199,-0.0183694791048765,0.145878810435534
1.15041840076447,-6.39031934738159,-0.0193591881543398,0.145606320351362
1.40547502040863,-6.39055967330933,-0.0159619003534317,0.145464930683374
1.6609445810318,-6.39101839065552,-0.014195816591382,0.145338270813227
1.91642248630524,-6.39144277572632,-0.0122569939121604,0.145179476588964
2.17203617095947,-6.39187288284302,-0.0107134385034442,0.14504848793149
2.42763352394104,-6.39216947555542,-0.00889496225863695,0.144818160682917
-2.16865944862366,-6.6333589553833,-0.0123134907335043,0.146646909415722
-1.91407263278961,-6.63366842269897,-0.00958291534334421,0.146600976586342
-1.65884590148926,-6.63405847549438,-0.00958018191158772,0.146439950913191
-1.40371942520142,-6.634521484375,-0.00888385344296694,0.146299198269844
-1.14795207977295,-6.63514947891235,-0.010893770493567,0.14606835693121
-0.892392873764038,-6.63576984405518,-0.0117165241390467,0.145812794566154
-0.636957049369812,-6.63629341125488,-0.0117538217455149,0.145659849047661
-0.381311297416687,-6.63693141937256,-0.0125156752765179,0.145530547946692
-0.125400006771088,-6.63758277893066,-0.0142578193917871,0.145339857786894
0.13008987903595,-6.63816833496094,-0.013859935104847,0.145126223564148
0.385550290346146,-6.63871097564697,-0.0131103284657001,0.144915241748095
0.641486585140228,-6.63928747177124,-0.0142916273325682,0.144714336842299
0.897585391998291,-6.63997459411621,-0.0159722659736872,0.144492454826832
1.15336155891418,-6.64040899276733,-0.0159892309457064,0.144250061362982
1.4088282585144,-6.64088106155396,-0.0143919587135315,0.144060794264078
1.66464340686798,-6.6414475440979,-0.0141377551481128,0.143892001360655
1.92030906677246,-6.64193630218506,-0.0130007807165384,0.143742043524981
2.17587733268738,-6.64238548278809,-0.0112176304683089,0.143636774271727
2.43142318725586,-6.64272546768188,-0.00913208071142435,0.143447771668434
-2.16571640968323,-6.88330554962158,-0.00931422505527735,0.145375665277243
-1.91089534759521,-6.88370418548584,-0.00763082085177302,0.145293336361647
-1.65543901920319,-6.88421535491943,-0.00864652078598738,0.145092267543077
-1.39997696876526,-6.88474369049072,-0.00945653300732374,0.144946292042732
-1.14411818981171,-6.88532733917236,-0.0118533000349998,0.144675228744745
-0.888676941394806,-6.88589477539062,-0.0121033461764455,0.144429501146078
-0.633628129959106,-6.88642978668213,-0.0103356670588255,0.144258502870798
-0.378004014492035,-6.88718461990356,-0.0109589463099837,0.144096005707979
-0.12174216657877,-6.88809394836426,-0.0142470961436629,0.143892526626587
0.134355619549751,-6.88891220092773,-0.0165593679994345,0.14363257214427
0.389759987592697,-6.88938236236572,-0.0155211770907044,0.143447633832693
0.645151972770691,-6.88976097106934,-0.0142156258225441,0.143266867846251
0.900671362876892,-6.89016199111938,-0.0132672246545553,0.143086761236191
1.1563503742218,-6.89057159423828,-0.0128199700266123,0.142879232764244
1.41262423992157,-6.89143228530884,-0.0147956227883697,0.142641495913267
1.66868650913239,-6.89199209213257,-0.015615857206285,0.142454631626606
1.9244989156723,-6.892493724823,-0.0150988632813096,0.142281673848629
2.17997002601624,-6.89287567138672,-0.0128482449799776,0.142146542668343
2.43530464172363,-6.89319610595703,-0.00978436134755611,0.142031725496054
-2.16290593147278,-7.13307189941406,-0.00571299577131867,0.144007429480553
-1.90768945217133,-7.13366317749023,-0.00581530295312405,0.143850781023502
-1.65203189849854,-7.13434171676636,-0.00771608063951135,0.143644694238901
-1.39607465267181,-7.13499546051025,-0.0107620926573873,0.14345458522439
-1.14009463787079,-7.13560962677002,-0.0136757688596845,0.143251717090607
-0.884640574455261,-7.13626003265381,-0.0139403585344553,0.143094956874847
-0.629637002944946,-7.13687705993652,-0.011921881698072,0.142903946340084
-0.374256700277328,-7.13760423660278,-0.0113971941173077,0.142678067088127
-0.118272542953491,-7.13847255706787,-0.013389109633863,0.142402146011591
0.13784171640873,-7.13926076889038,-0.0157459732145071,0.142142292112112
0.393331974744797,-7.13974380493164,-0.0150637850165367,0.141988050192595
0.648597240447998,-7.14010143280029,-0.0131533425301313,0.141825541853905
0.90386039018631,-7.14041042327881,-0.0110230725258589,0.141663435846567
1.15975821018219,-7.1409649848938,-0.0115219792351127,0.141442358493805
1.41645956039429,-7.14191198348999,-0.0153821054846048,0.141151122748852
1.67283546924591,-7.14246988296509,-0.0175745654851198,0.140900023281574
1.92866182327271,-7.14299821853638,-0.0170800909399986,0.140728455036879
2.18440532684326,-7.14343976974487,-0.0160043425858021,0.140585333108902
2.44011259078979,-7.14394474029541,-0.0145495356991887,0.140552166849375
2.70022797584534,-7.14623737335205,-0.0323695912957191,0.140657506883144
-2.15944886207581,-7.38298082351685,-0.00509533006697893,0.142568781971931
-1.90412044525146,-7.38375329971313,-0.00566767156124115,0.14233273640275
-1.64847123622894,-7.38444423675537,-0.00749473413452506,0.142164967954159
-1.39237141609192,-7.38531589508057,-0.0111465277150273,0.141925655305386
-1.13623023033142,-7.3860559463501,-0.0147557752206922,0.14179627597332
-0.880490064620972,-7.38673305511475,-0.0162921696901321,0.141675725579262
-0.625403702259064,-7.38730621337891,-0.0146160302683711,0.141464866697788
-0.370321184396744,-7.38794422149658,-0.0126996114850044,0.141229804605246
-0.114758908748627,-7.38872957229614,-0.0127402422949672,0.140966646373272
0.141000509262085,-7.3894419670105,-0.0134580051526427,0.140750400722027
0.396527886390686,-7.38996124267578,-0.0129120778292418,0.140576411038637
0.651946187019348,-7.39037847518921,-0.0116603141650558,0.14040943607688
0.907462596893311,-7.39071893692017,-0.0106402095407248,0.140225555747747
1.16380250453949,-7.39144420623779,-0.013085450977087,0.139988977462053
1.42056560516357,-7.39239120483398,-0.0171860922127962,0.139675706624985
1.67679476737976,-7.39296436309814,-0.0186817012727261,0.139375057071447
1.93223011493683,-7.39345502853394,-0.0164029691368341,0.139208115637302
2.18772864341736,-7.39391660690308,-0.0141997784376144,0.139032706618309
2.44344544410706,-7.39454078674316,-0.0127483243122697,0.139014657586813
2.70108914375305,-7.39612483978271,-0.0195900313556194,0.139028284698725
-2.15504932403564,-7.63322782516479,-0.00881448108702898,0.141105853021145
-1.89997160434723,-7.63408279418945,-0.00818012561649084,0.14083993062377
-1.6445107460022,-7.63479661941528,-0.00909783970564604,0.140685845166445
-1.3888875246048,-7.63567495346069,-0.0105189867317677,0.140473414212465
-1.1328432559967,-7.63641595840454,-0.0136502217501402,0.140325210988522
-0.876606166362762,-7.63722324371338,-0.0174213889986277,0.140171594917774
-0.621041893959045,-7.63790321350098,-0.0178851988166571,0.139978565275669
-0.366025984287262,-7.63848495483398,-0.0156280342489481,0.13978685811162
-0.110933296382427,-7.63908290863037,-0.0135045358911157,0.13959776237607
0.144370838999748,-7.63966512680054,-0.0121280206367373,0.139380570501089
0.399949789047241,-7.64027452468872,-0.0117780473083258,0.139138482511044
0.655685245990753,-7.64070653915405,-0.0119282491505146,0.138949826359749
0.911428451538086,-7.64106845855713,-0.0118963550776243,0.138792954385281
1.16767776012421,-7.64181709289551,-0.0138950860127807,0.138591308146715
1.42393100261688,-7.64266586303711,-0.0156755726784468,0.138275615870953
1.67970943450928,-7.64329290390015,-0.0151141677051783,0.137923620641232
1.93489134311676,-7.64369869232178,-0.0116803022101521,0.137758906930685
2.19067573547363,-7.64435005187988,-0.0107164429500699,0.137642495334148
2.44603061676025,-7.64494466781616,-0.00762701267376542,0.137524481862783
2.70308423042297,-7.64618921279907,-0.0118433777242899,0.137479465454817
-2.15019154548645,-7.88369607925415,-0.0146387787535787,0.139663014560938
-1.89546120166779,-7.88451814651489,-0.0123551273718476,0.139419283717871
-1.64029777050018,-7.88522291183472,-0.0118585657328367,0.139251001179218
-1.38519859313965,-7.88603448867798,-0.0108338920399547,0.139109414070845
-1.12974226474762,-7.88662242889404,-0.0112430742010474,0.138920541852713
-0.873470366001129,-7.8874249458313,-0.0151446703821421,0.138708926737309
-0.617181003093719,-7.88840055465698,-0.0188716351985931,0.138484574854374
-0.361853301525116,-7.88897657394409,-0.0180012173950672,0.138338182121515
-0.106951586902142,-7.88942766189575,-0.0149801475927234,0.138221450150013
0.14783887565136,-7.88983583450317,-0.0112458653748035,0.137996334582567
0.403327077627182,-7.89045858383179,-0.0104514565318823,0.137699849903584
0.659193515777588,-7.89100742340088,-0.0111547531560063,0.137490715831518
0.915062606334686,-7.8914794921875,-0.0116507904604077,0.137419044971466
1.17114794254303,-7.89218807220459,-0.0128805488348007,0.137230347841978
1.42707860469818,-7.89299297332764,-0.0131819350644946,0.136894002556801
1.68267953395844,-7.89365339279175,-0.0117929186671972,0.136560913175344
1.93779504299164,-7.89414358139038,-0.00802939385175705,0.1363978497684
2.19323873519897,-7.89468574523926,-0.00552452215924859,0.136227063834667
2.44895768165588,-7.89527702331543,-0.00403592130169272,0.136064417660236
2.70587301254272,-7.89632129669189,-0.00762626715004444,0.135948520153761
-2.14562010765076,-8.13407516479492,-0.0191436521708965,0.13828356564045
-1.89102971553802,-8.13482570648193,-0.016174579039216,0.138056997209787
-1.63611829280853,-8.13554382324219,-0.0144730331376195,0.137889228761196
-1.38142991065979,-8.13617515563965,-0.0115320468321443,0.137773025780916
-1.12636601924896,-8.13668251037598,-0.0101100476458669,0.137612018734217
-0.870326042175293,-8.13751316070557,-0.012915376573801,0.137372743338346
-0.61349093914032,-8.13875484466553,-0.0190879050642252,0.137071914970875
-0.357655763626099,-8.139404296875,-0.0204925686120987,0.136885888874531
-0.102697141468525,-8.13987922668457,-0.0176896285265684,0.136797077953815
0.151762932538986,-8.14017772674561,-0.0124229481443763,0.136589430272579
0.406745254993439,-8.14066123962402,-0.00930909719318151,0.136268559843302
0.662391066551208,-8.14126491546631,-0.00897881295531988,0.136078059673309
0.918301522731781,-8.14184188842773,-0.00962458271533251,0.136005863547325
1.17437493801117,-8.14256191253662,-0.0107705807313323,0.13581994920969
1.43011522293091,-8.14318656921387,-0.0101999482139945,0.135499075055122
1.685795545578,-8.14384746551514,-0.0091397063806653,0.135211728513241
1.94113528728485,-8.14440727233887,-0.00634687067940831,0.135033119469881
2.19690608978271,-8.14498996734619,-0.00527122942730784,0.134818501770496
2.4525158405304,-8.14556789398193,-0.00326303881593049,0.134585283696651
2.70931482315063,-8.14648628234863,-0.00631274236366153,0.134410366415977
-2.14181113243103,-8.38424301147461,-0.020134050399065,0.136927504092455
-1.8871830701828,-8.38495922088623,-0.0173053685575724,0.136672902852297
-1.63234639167786,-8.38570976257324,-0.0152198215946555,0.136505857110023
-1.37740015983582,-8.38637161254883,-0.0134272100403905,0.136370908468962
-1.12225329875946,-8.38701248168945,-0.0123376110568643,0.136230047792196
-0.866288423538208,-8.38787841796875,-0.0147576862946153,0.136050160974264
-0.609782814979553,-8.38901138305664,-0.019394239410758,0.135701730847359
-0.353681087493896,-8.38973331451416,-0.0219747740775347,0.135480012744665
-0.0985769182443619,-8.39035129547119,-0.0197867210954428,0.135376866906881
0.155871570110321,-8.39059257507324,-0.014433516189456,0.135193713009357
0.41055092215538,-8.39096355438232,-0.00991655327379704,0.134929455816746
0.665732204914093,-8.39159870147705,-0.00744701875373721,0.134742565453053
0.921593725681305,-8.39230728149414,-0.00783163495361805,0.134591910988092
1.17776203155518,-8.3930778503418,-0.00937102362513542,0.134326659142971
1.4334305524826,-8.3936071395874,-0.00845414493232965,0.134023107588291
1.68910980224609,-8.39419269561768,-0.007365089841187,0.133848000317812
1.94467377662659,-8.39476680755615,-0.00554501451551914,0.133687559515238
2.20065331459045,-8.39531707763672,-0.00537344114854932,0.133426729589701
2.4563410282135,-8.39585971832275,-0.00368212955072522,0.133143190294504
2.71304154396057,-8.39669513702393,-0.00626575062051415,0.132950883358717
-2.13869500160217,-8.63434410095215,-0.0179223138839006,0.135536070913076
-1.88412177562714,-8.63502979278564,-0.0148125439882278,0.135256286710501
-1.62899672985077,-8.63588333129883,-0.0140193738043308,0.135080553591251
-1.37376880645752,-8.63666152954102,-0.0134818227961659,0.134883400052786
-1.11816346645355,-8.63752937316895,-0.0144463591277599,0.134759694337845
-0.862077713012695,-8.63838768005371,-0.0173818971961737,0.134638532996178
-0.606064915657043,-8.63910675048828,-0.0197572149336338,0.134360510855913
-0.35013610124588,-8.63991832733154,-0.0215076599270105,0.134138729423285
-0.0944894179701805,-8.6408109664917,-0.0217359457165003,0.133948970586061
0.16059236228466,-8.64136791229248,-0.01919836550951,0.133758954703808
0.415257751941681,-8.64164543151855,-0.0145814511924982,0.133614361286163
0.67015677690506,-8.64233684539795,-0.0107869785279036,0.133494216948748
0.925851881504059,-8.64318084716797,-0.0103694414719939,0.133197110146284
1.18194246292114,-8.64396095275879,-0.0115190474316478,0.132875699549913
1.43747437000275,-8.64438629150391,-0.00995797943323851,0.132641550153494
1.69293093681335,-8.64482879638672,-0.0078434394672513,0.132552113384008
1.94852447509766,-8.64536380767822,-0.00612472649663687,0.132353123277426
2.20445942878723,-8.64590740203857,-0.00571906520053744,0.132093068212271
2.46011924743652,-8.64640998840332,-0.00387225509621203,0.131853114813566
2.71669793128967,-8.64723777770996,-0.00588153442367911,0.131714809685946
-2.13559508323669,-8.88452911376953,-0.0156277790665627,0.134087771177292
-1.88124620914459,-8.88513088226318,-0.0114586660638452,0.133864782750607
-1.6259378194809,-8.88604736328125,-0.0114788599312305,0.133704282343388
-1.37072956562042,-8.88689708709717,-0.0108169624581933,0.133483380079269
-1.114666223526,-8.88789939880371,-0.0138450721278787,0.133320074528456
-0.85844087600708,-8.88880634307861,-0.0173837933689356,0.133202258497477
-0.602561712265015,-8.88941097259521,-0.0191230792552233,0.133021298795938
-0.346752852201462,-8.89022731781006,-0.0202933289110661,0.13282086700201
-0.0904595404863358,-8.89122486114502,-0.0234264805912971,0.132538765668869
0.165486097335815,-8.89216899871826,-0.0247472263872623,0.132359113544226
0.420665055513382,-8.89277076721191,-0.0223890542984009,0.132316492497921
0.675588190555573,-8.89348411560059,-0.0186520535498857,0.132241513580084
0.930842220783234,-8.89423942565918,-0.0161997117102146,0.131874360144138
1.18647527694702,-8.89486598968506,-0.015253541059792,0.131530579179525
1.44188618659973,-8.89525985717773,-0.0131096392869949,0.131329543888569
1.69737589359283,-8.89569664001465,-0.0111045259982347,0.131227925419807
1.95283222198486,-8.89625453948975,-0.00872955098748207,0.13101851195097
2.20846962928772,-8.89684772491455,-0.00695165572687984,0.130858674645424
2.46419787406921,-8.89743709564209,-0.00536788534373045,0.130701493471861
2.72071599960327,-8.89832019805908,-0.00706644495949149,0.130651760846376
-2.13191413879395,-9.13484859466553,-0.0160136185586452,0.132605224847794
-1.87768638134003,-9.13539218902588,-0.0112536009401083,0.132517099380493
-1.62223601341248,-9.13636779785156,-0.0118907010182738,0.132362652570009
-1.3672890663147,-9.13713073730469,-0.00999766308814287,0.132185254245996
-1.1111581325531,-9.13830757141113,-0.0132903987541795,0.131936434656382
-0.855087995529175,-9.13924694061279,-0.0160830691456795,0.131680760532618
-0.599523186683655,-9.13982009887695,-0.0163560751825571,0.13150529935956
-0.343845099210739,-9.14053726196289,-0.0169093087315559,0.13136688247323
-0.0872440934181213,-9.14155101776123,-0.0214155931025743,0.131111770868301
0.169664844870567,-9.14273929595947,-0.0270652342587709,0.130882333964109
0.425600409507751,-9.14369583129883,-0.028072277083993,0.130885280668736
0.680706083774567,-9.14450263977051,-0.0251087844371796,0.130827575922012
0.935589730739594,-9.14503288269043,-0.0209539365023375,0.130509000271559
1.19071340560913,-9.14552974700928,-0.0176788829267025,0.130184791982174
1.44607353210449,-9.14604091644287,-0.0152593282982707,0.129949484020472
1.70171213150024,-9.14665508270264,-0.0138712767511606,0.129776552319527
1.95708572864532,-9.14730644226074,-0.0110794622451067,0.129611376672983
2.212726354599,-9.14797401428223,-0.00927203055471182,0.129536554217339
2.46847820281982,-9.14870071411133,-0.00774543592706323,0.129469729959965
2.72509574890137,-9.14967632293701,-0.00984087120741606,0.129478212445974
-2.12776112556458,-9.38525199890137,-0.0185775607824326,0.131099488586187
-1.87332892417908,-9.38587284088135,-0.01471739821136,0.131130158901215
-1.61811244487762,-9.38677883148193,-0.0142394509166479,0.131005078554153
-1.36303925514221,-9.3875789642334,-0.0128852678462863,0.130873993039131
-1.10733091831207,-9.38861465454102,-0.0142088886350393,0.13054770603776
-0.851666390895844,-9.38950061798096,-0.0151111828163266,0.130204807966948
-0.596338331699371,-9.39013385772705,-0.0142656126990914,0.130018163472414
-0.340790510177612,-9.39087390899658,-0.0141930272802711,0.129904057830572
-0.084414929151535,-9.39183521270752,-0.0176489278674126,0.129685878753662
0.172366693615913,-9.39294052124023,-0.0227006748318672,0.129447851330042
0.42874538898468,-9.3939380645752,-0.02568962238729,0.129312552511692
0.684343338012695,-9.39476299285889,-0.0249235574156046,0.129248220473528
0.939378619194031,-9.39541912078857,-0.0214105732738972,0.129062816500664
1.19457340240479,-9.39608097076416,-0.0184094347059727,0.128819230943918
1.45001137256622,-9.39678287506104,-0.0162900164723396,0.128520730882883
1.70563793182373,-9.39748001098633,-0.0148062407970428,0.128293495625257
1.9609991312027,-9.39817523956299,-0.0119202192872763,0.128161367028952
2.21671652793884,-9.39887046813965,-0.0104189878329635,0.128083378076553
2.47273731231689,-9.39977550506592,-0.010042130947113,0.128030095249414
2.72952222824097,-9.40083312988281,-0.0128392949700356,0.128033760935068
-2.12394142150879,-9.63555335998535,-0.0196070205420256,0.129620742052794
-1.869185090065,-9.63633918762207,-0.0171949155628681,0.129673577845097
-1.61423146724701,-9.63717460632324,-0.0154710002243519,0.129566624760628
-1.35884475708008,-9.63807487487793,-0.0155154149979353,0.129444047808647
-1.10347390174866,-9.63890361785889,-0.0152654005214572,0.129144627600908
-0.847972512245178,-9.63976287841797,-0.0153862545266747,0.128798291087151
-0.592741310596466,-9.64047622680664,-0.0140572665259242,0.128567948937416
-0.337289750576019,-9.64126396179199,-0.013508572243154,0.12849111109972
-0.0815342739224434,-9.64202308654785,-0.0141241336241364,0.128355007618666
0.174210697412491,-9.64292240142822,-0.014454853720963,0.128128401935101
0.430440336465836,-9.64383602142334,-0.0167578440159559,0.127883117645979
0.686628341674805,-9.64473724365234,-0.0186414532363415,0.127717301249504
0.942541241645813,-9.6456937789917,-0.0190482772886753,0.127614010125399
1.19833874702454,-9.64675712585449,-0.0187037941068411,0.127438064664602
1.45383155345917,-9.64762687683105,-0.0167842619121075,0.127143073827028
1.70955729484558,-9.64826965332031,-0.0157153699547052,0.126867402344942
1.96510803699493,-9.64888000488281,-0.013649445027113,0.126681335270405
2.22105407714844,-9.64965724945068,-0.0131276994943619,0.126565910875797
2.47695064544678,-9.65048885345459,-0.0121633103117347,0.126472666859627
2.73375582695007,-9.65157318115234,-0.0150114186108112,0.126437578350306
-2.12047052383423,-9.88577365875244,-0.0190264657139778,0.128289397805929
-1.86567485332489,-9.88666439056396,-0.0167552921921015,0.128277584910393
-1.6108318567276,-9.88750648498535,-0.014487930573523,0.12817507982254
-1.355672955513,-9.8882942199707,-0.013460474088788,0.12798348069191
-1.10049045085907,-9.88895893096924,-0.0123289311304688,0.127752523869276
-0.84483677148819,-9.88986587524414,-0.0131165767088532,0.127466954290867
-0.589156985282898,-9.89070320129395,-0.0138001060113311,0.127228256314993
-0.333528280258179,-9.89156913757324,-0.0140206413343549,0.127133265137672
-0.0782062783837318,-9.89227485656738,-0.0126316249370575,0.127054002135992
0.177016332745552,-9.89311695098877,-0.0105624487623572,0.126877699047327
0.432927191257477,-9.89402389526367,-0.0113949114456773,0.126564908772707
0.689229309558868,-9.89501190185547,-0.0137659180909395,0.126317352056503
0.945475339889526,-9.89610767364502,-0.0156432017683983,0.126182250678539
1.20191264152527,-9.89743137359619,-0.0181354302912951,0.126075118780136
1.45779776573181,-9.89846134185791,-0.0179356057196856,0.125823255628347
1.71356332302094,-9.89902305603027,-0.0170163307338953,0.125509526580572
1.96907448768616,-9.89949512481689,-0.0147485677152872,0.125217825174332
2.22493481636047,-9.90023136138916,-0.0138112250715494,0.125027149915695
2.48113131523132,-9.90108203887939,-0.0141492933034897,0.124907210469246
2.73784065246582,-9.90216541290283,-0.0165335685014725,0.124854661524296
-2.11670446395874,-10.1361799240112,-0.0197983011603355,0.12705010920763
-1.86224067211151,-10.1370325088501,-0.0159607250243425,0.126962888985872
-1.60736620426178,-10.1378974914551,-0.013804268091917,0.126843232661486
-1.35262680053711,-10.1385898590088,-0.0108212772756815,0.126632012426853
-1.0976893901825,-10.1392011642456,-0.00854008086025715,0.126405250281096
-0.842035174369812,-10.1401119232178,-0.00930407643318176,0.126176070421934
-0.58595073223114,-10.1410760879517,-0.0118023799732327,0.125916887074709
-0.32974910736084,-10.1420822143555,-0.0145971067249775,0.125761356204748
-0.0741835162043571,-10.1429986953735,-0.0142663130536675,0.125673990696669
0.181012436747551,-10.143985748291,-0.0120274722576141,0.125541683286428
0.436541378498077,-10.1448802947998,-0.0110922837629914,0.125218350440264
0.69242399930954,-10.1456890106201,-0.0115457586944103,0.124923393130302
0.948534309864044,-10.1465673446655,-0.0127985775470734,0.124781299382448
1.20512163639069,-10.1477708816528,-0.0159489251673222,0.124652788043022
1.46148061752319,-10.1488914489746,-0.0178448986262083,0.124404262751341
1.71732008457184,-10.1495933532715,-0.0172132328152657,0.124074671417475
1.97287452220917,-10.1501731872559,-0.0150975771248341,0.123738251626492
2.22879123687744,-10.1509532928467,-0.0143741462379694,0.123554773628712
2.48513221740723,-10.1517858505249,-0.0153247574344277,0.123346507549286
2.74177980422974,-10.1528787612915,-0.0173982605338097,0.123266350477934
-2.11264324188232,-10.3867330551147,-0.0219259057193995,0.125779408961535
-1.85854840278625,-10.3875112533569,-0.0163500998169184,0.12565103918314
-1.60372984409332,-10.3883590698242,-0.0139018036425114,0.125422693789005
-1.34926009178162,-10.3890466690063,-0.00964444689452648,0.125269278883934
-1.09429967403412,-10.389684677124,-0.00743548991158605,0.125073350965977
-0.838752210140228,-10.3905162811279,-0.00768513092771173,0.124852698296309
-0.582828640937805,-10.3914184570312,-0.0094223702326417,0.124588951468468
-0.326532483100891,-10.3925123214722,-0.0126130226999521,0.124364551156759
-0.0706798732280731,-10.3935546875,-0.0135499723255634,0.12417858466506
0.184713050723076,-10.3946218490601,-0.0121679166331887,0.124014094471931
0.440009981393814,-10.3954515457153,-0.0101517848670483,0.123767524957657
0.695751368999481,-10.3962345123291,-0.00993686448782682,0.123538393527269
0.951948344707489,-10.3970537185669,-0.0115556409582496,0.123358268290758
1.20852172374725,-10.3981103897095,-0.0146243320778012,0.123161397874355
1.46469867229462,-10.3991117477417,-0.0156803466379642,0.122924238443375
1.7204909324646,-10.3999080657959,-0.0148008577525616,0.122603859752417
1.97632372379303,-10.4007711410522,-0.0138812949880958,0.122302651405334
2.23244976997375,-10.4016561508179,-0.0140562606975436,0.122050382196903
2.4886999130249,-10.4025249481201,-0.0145656568929553,0.121785514056683
2.74532532691956,-10.4036207199097,-0.0165086146444082,0.12161809951067
-2.10844087600708,-10.6372728347778,-0.0247078910470009,0.124412655830383
-1.85455536842346,-10.6379861831665,-0.0181292686611414,0.124263275414705
-1.60003101825714,-10.6387529373169,-0.014293109998107,0.124032944440842
-1.34544062614441,-10.6395435333252,-0.0105479722842574,0.123849008232355
-1.09036266803741,-10.6402196884155,-0.0088402172550559,0.123708337545395
-0.834883034229279,-10.641016960144,-0.00874478649348021,0.123575292527676
-0.579312205314636,-10.6417837142944,-0.00884419679641724,0.123328518122435
-0.323316514492035,-10.6428546905518,-0.0106328474357724,0.122995045036077
-0.0676958411931992,-10.6438446044922,-0.0104882223531604,0.12273720279336
0.187727630138397,-10.6448001861572,-0.00922675989568233,0.122548323124647
0.443267554044724,-10.6456413269043,-0.00828463677316904,0.122364815324545
0.699364066123962,-10.6466569900513,-0.00962928775697947,0.12220136448741
0.955912113189697,-10.6475734710693,-0.012793886475265,0.12201314046979
1.21206855773926,-10.6484966278076,-0.0139575758948922,0.12178510427475
1.46767354011536,-10.649341583252,-0.01242143381387,0.121554210782051
1.72346520423889,-10.6502017974854,-0.0115079274401069,0.121259093284607
1.97955513000488,-10.6512403488159,-0.0117002697661519,0.12092749401927
2.2356960773468,-10.6522150039673,-0.0119056040421128,0.120588310062885
2.49180817604065,-10.6531448364258,-0.0117657082155347,0.120287392288446
2.74829196929932,-10.6542072296143,-0.0130538791418076,0.12001309171319
-2.10426163673401,-10.8876991271973,-0.0273908413946629,0.12298371642828
-1.85051250457764,-10.888279914856,-0.0201533176004887,0.122822929173708
-1.59614527225494,-10.8890447616577,-0.0155545407906175,0.122615978121758
-1.34141421318054,-10.8899393081665,-0.0124116465449333,0.122423097491264
-1.08623039722443,-10.8908014297485,-0.0111380880698562,0.122266665101051
-0.830755591392517,-10.8916187286377,-0.010980443097651,0.122119966894388
-0.575535655021667,-10.8923225402832,-0.00944162905216217,0.121892958879471
-0.320035606622696,-10.8932123184204,-0.00894801039248705,0.121590048074722
-0.0646731927990913,-10.8939790725708,-0.00761506613343954,0.12137745693326
0.190767526626587,-10.894868850708,-0.00640982901677489,0.121232211589813
0.446565806865692,-10.8958806991577,-0.00659844372421503,0.12105043977499
0.702977657318115,-10.896951675415,-0.00933647993952036,0.120847780257463
0.959676802158356,-10.8979482650757,-0.0131444819271564,0.120658900588751
1.21547341346741,-10.8989200592041,-0.0126488376408815,0.120456866919994
1.47099673748016,-10.8998222351074,-0.0107104033231735,0.120235156267881
1.7267210483551,-10.9007749557495,-0.00945723615586758,0.119922164827585
1.98297703266144,-10.9018354415894,-0.0103629846125841,0.119541388005018
2.2389976978302,-10.9028072357178,-0.010000909678638,0.119207885116339
2.49485564231873,-10.9036912918091,-0.00870212074369192,0.118902020156384
2.7510712146759,-10.9046831130981,-0.00877345353364944,0.118584856390953
-2.10071778297424,-11.13805103302,-0.0271380748599768,0.121493119746447
-1.84706830978394,-11.1383934020996,-0.0194249246269464,0.121353950351477
-1.59260976314545,-11.1392107009888,-0.0152108343318105,0.121168483048677
-1.3380264043808,-11.1399269104004,-0.0113697359338403,0.120989248156548
-1.08290362358093,-11.140926361084,-0.00977307930588722,0.120784372091293
-0.827475905418396,-11.1418991088867,-0.00935647543519735,0.120584901422262
-0.572077095508575,-11.1427841186523,-0.00859096739441156,0.120324946939945
-0.316565245389938,-11.1436815261841,-0.00811902899295092,0.120126511901617
-0.0611034333705902,-11.1444578170776,-0.0072063859552145,0.12006139010191
0.194449588656425,-11.1454219818115,-0.00647311983630061,0.119967769831419
0.450189173221588,-11.1464033126831,-0.00636459141969681,0.119770210236311
0.706437945365906,-11.1473836898804,-0.0083388676866889,0.119512990117073
0.962939023971558,-11.1483430862427,-0.0112243657931685,0.11930887773633
1.21901941299438,-11.149468421936,-0.0119662508368492,0.119081947952509
1.47492349147797,-11.1506195068359,-0.0116889635100961,0.118816442787647
1.73086869716644,-11.1516990661621,-0.0113825304433703,0.118488814681768
1.98696291446686,-11.1526966094971,-0.0115315737202764,0.118146330118179
2.24265456199646,-11.1535673141479,-0.00967136956751347,0.117891680449247
2.49868965148926,-11.1545715332031,-0.00912031903862953,0.117628108710051
2.75473284721375,-11.155535697937,-0.00839394982904196,0.117347374558449
-2.09812307357788,-11.3883304595947,-0.0224936343729496,0.11996490880847
-1.84445118904114,-11.3884325027466,-0.0148803992196918,0.119889914989471
-1.58969938755035,-11.3892574310303,-0.0119934836402535,0.11970691755414
-1.33505845069885,-11.3898448944092,-0.00840083509683609,0.119551792740822
-1.07982778549194,-11.39098072052,-0.00726143410429358,0.119289983063936
-0.824227154254913,-11.3921947479248,-0.00758932298049331,0.11901918053627
-0.568337380886078,-11.3933448791504,-0.0090184835717082,0.118800185620785
-0.312309741973877,-11.3944330215454,-0.0108511801809072,0.118728943169117
-0.0563565269112587,-11.395471572876,-0.0121167069301009,0.118709731847048
0.199240908026695,-11.3964672088623,-0.0115392794832587,0.118582174181938
0.454534381628036,-11.397310256958,-0.0093743521720171,0.118363089859486
0.71033775806427,-11.3980951309204,-0.00930894073098898,0.118062160909176
0.96660304069519,-11.3990211486816,-0.0110969124361873,0.117806166410446
1.22291171550751,-11.4002962112427,-0.0128233209252357,0.117543116211891
1.47903728485107,-11.401538848877,-0.013500215485692,0.117240514606237
1.73506569862366,-11.4026479721069,-0.0135280359536409,0.116969060152769
1.9911777973175,-11.4036979675293,-0.013715747743845,0.116728633642197
2.24703216552734,-11.4046411514282,-0.0125388838350773,0.116567559540272
2.5033872127533,-11.4057903289795,-0.0133657334372401,0.116355214267969
2.75956392288208,-11.4068431854248,-0.013184517621994,0.116129282861948
-2.09564065933228,-11.6386308670044,-0.0173270739614964,0.118507049977779
-1.84171795845032,-11.6386785507202,-0.0108547993004322,0.1184969432652
-1.58676838874817,-11.6395025253296,-0.00885529257357121,0.118311312049627
-1.33216285705566,-11.640022277832,-0.00507844937965274,0.118160232901573
-1.07664144039154,-11.64124584198,-0.00523984478786588,0.11788022890687
-0.820556104183197,-11.6426200866699,-0.00774788903072476,0.117614816874266
-0.564261138439178,-11.6439456939697,-0.0109824705868959,0.117484748363495
-0.308048069477081,-11.6451549530029,-0.0136140743270516,0.117404516786337
-0.0518901385366917,-11.6464004516602,-0.0157562457025051,0.117304187268019
0.203845784068108,-11.6474666595459,-0.0157617125660181,0.117093879729509
0.458978623151779,-11.64821434021,-0.0128339389339089,0.116861674934626
0.714550793170929,-11.6489868164062,-0.0116824600845575,0.116557512432337
0.97067779302597,-11.6499242782593,-0.0128069259226322,0.116274483501911
1.22684872150421,-11.6511011123657,-0.0138837425038218,0.116007275879383
1.48274827003479,-11.6522197723389,-0.0135180167853832,0.115721490234137
1.73870742321014,-11.653356552124,-0.0131996218115091,0.115495178848505
1.99508583545685,-11.65452003479,-0.0145395305007696,0.115334633737803
2.25135922431946,-11.6555891036987,-0.015191369690001,0.115192327648401
2.50790810585022,-11.6568231582642,-0.0168386176228523,0.115027740597725
2.76441287994385,-11.6580171585083,-0.0180677864700556,0.11481286585331
-2.09254097938538,-11.8889751434326,-0.0150160938501358,0.117138706147671
-1.83810925483704,-11.8892583847046,-0.0108486404642463,0.117134306579828
-1.58303105831146,-11.8900566101074,-0.0094110295176506,0.116949662566185
-1.3281455039978,-11.8907785415649,-0.00687168072909117,0.116777814924717
-1.07251417636871,-11.892071723938,-0.00749498745426536,0.116482768207788
-0.816451251506805,-11.8934288024902,-0.00986326485872269,0.116261247545481
-0.560160279273987,-11.8946952819824,-0.0130465673282743,0.116158217191696
-0.303750455379486,-11.8959217071533,-0.0165377389639616,0.116058088839054
-0.0475367829203606,-11.8971509933472,-0.0188957080245018,0.115837872028351
0.2082389742136,-11.8982677459717,-0.0190383717417717,0.115544941276312
0.463413089513779,-11.8990440368652,-0.0162554960697889,0.115302126854658
0.719015657901764,-11.8999938964844,-0.0151870073750615,0.115012425929308
0.974957585334778,-11.9008979797363,-0.0154375750571489,0.11473087221384
1.23062562942505,-11.9018182754517,-0.0142293740063906,0.114483095705509
1.48599255084991,-11.9026985168457,-0.0114532792940736,0.114225417375565
1.74174833297729,-11.9038553237915,-0.0101911751553416,0.114060118794441
1.99817335605621,-11.9050331115723,-0.0117120984941721,0.113966055214405
2.25477409362793,-11.9061784744263,-0.0137952519580722,0.113807812333107
2.5114369392395,-11.9073858261108,-0.015923373401165,0.113697182387114
2.76817870140076,-11.9086637496948,-0.0181690081954002,0.113465756177902
-2.08937883377075,-12.1390895843506,-0.0130134969949722,0.115757443010807
-1.83429419994354,-12.1398305892944,-0.0117973769083619,0.11568134650588
-1.57910227775574,-12.1407155990601,-0.0108415856957436,0.115469984710217
-1.32394361495972,-12.1416044235229,-0.00950898323208094,0.115299630910158
-1.06838607788086,-12.1428213119507,-0.00976082868874073,0.115045327693224
-0.812479376792908,-12.1441345214844,-0.0113779474049807,0.114857640117407
-0.55635017156601,-12.1453647613525,-0.0137875340878963,0.114724785089493
-0.299716889858246,-12.1466932296753,-0.018255602568388,0.114559579640627
-0.0435835085809231,-12.1477746963501,-0.020223256200552,0.114317249506712
0.211992338299751,-12.1487798690796,-0.0194302946329117,0.114061463624239
0.467166751623154,-12.1496353149414,-0.0166083350777626,0.113781686872244
0.722853660583496,-12.150707244873,-0.0158777814358473,0.113456089049578
0.978833973407745,-12.1516637802124,-0.0162630565464497,0.113159392029047
1.23420870304108,-12.1524791717529,-0.0137064773589373,0.11295048519969
1.48938524723053,-12.1533136367798,-0.0100454371422529,0.11275315284729
1.74506211280823,-12.1544504165649,-0.00840094592422247,0.112664297223091
2.00134229660034,-12.1555461883545,-0.00924983154982328,0.112630326300859
2.25783514976501,-12.1566314697266,-0.0108283255249262,0.112518280744553
2.51453018188477,-12.1578149795532,-0.0130748981609941,0.112379543483257
2.77131175994873,-12.1590671539307,-0.015473859384656,0.112119104713202
-2.08678030967712,-12.3888483047485,-0.00842959620058537,0.114300131797791
-1.83116006851196,-12.390043258667,-0.00962771382182837,0.114098612219095
-1.57586014270782,-12.3909959793091,-0.00913542881608009,0.113899037241936
-1.32023656368256,-12.3921737670898,-0.00988934934139252,0.113715793937445
-1.06439161300659,-12.3934898376465,-0.0114188082516193,0.113558888435364
-0.808269679546356,-12.394889831543,-0.0139788025990129,0.11343789473176
-0.552131175994873,-12.3962249755859,-0.0163835342973471,0.113282527774572
-0.295709937810898,-12.3974647521973,-0.0198521558195353,0.113066919147968
-0.0399561077356339,-12.3982372283936,-0.0200797952711582,0.112844400107861
0.215498372912407,-12.3992013931274,-0.0187056250870228,0.112626101821661
0.470702707767487,-12.4001493453979,-0.0159799568355083,0.11233538761735
0.726274192333221,-12.4012842178345,-0.0146897882223129,0.111951101571321
0.982240319252014,-12.4023294448853,-0.0149732427671552,0.111680462956429
1.23760139942169,-12.403226852417,-0.0123180104419589,0.111550930887461
1.49277102947235,-12.4040622711182,-0.00859554763883352,0.111428752541542
1.74839067459106,-12.4050951004028,-0.00667248852550983,0.111340560019016
2.00461840629578,-12.4061803817749,-0.00725839426741004,0.111310563981533
2.26117038726807,-12.4073181152344,-0.0090675400570035,0.111176118254662
2.51747798919678,-12.4082984924316,-0.00957290641963482,0.111057318747044
2.77419757843018,-12.4094352722168,-0.0116798533126712,0.110758945345879
-2.08407974243164,-12.6386461257935,-0.00431555975228548,0.112881328910589
-1.8282812833786,-12.6400566101074,-0.00629405444487929,0.112544290721416
-1.57268738746643,-12.6412143707275,-0.00711471447721124,0.112371984869242
-1.31700801849365,-12.6424322128296,-0.00809305813163519,0.112170565873384
-1.06082701683044,-12.6438264846802,-0.011130154132843,0.112071894109249
-0.804211020469666,-12.6454620361328,-0.0159029606729746,0.112000524997711
-0.548084378242493,-12.6468334197998,-0.0182128343731165,0.111835233867168
-0.292246878147125,-12.6479196548462,-0.0189920999109745,0.111610155552626
-0.0368303395807743,-12.6486835479736,-0.0176523886620998,0.1114207431674
0.218781650066376,-12.6497001647949,-0.0169619470834732,0.111212085932493
0.474119395017624,-12.6506948471069,-0.0148082477971911,0.110936675220728
0.729546070098877,-12.6516904830933,-0.0128432437777519,0.110557470470667
0.985308587551117,-12.6527729034424,-0.0121745206415653,0.110304299741983
1.24074733257294,-12.6537418365479,-0.00983620621263981,0.110234886407852
1.49608290195465,-12.6546821594238,-0.0068241311237216,0.110169809311628
1.75171720981598,-12.6556882858276,-0.00493979174643755,0.110088001936674
2.0080451965332,-12.6569137573242,-0.00593356462195516,0.110017817467451
2.26468229293823,-12.6580581665039,-0.00809427443891764,0.109839987009764
2.52079844474792,-12.6590089797974,-0.00771632790565491,0.109690476208925
2.77734613418579,-12.6599798202515,-0.00904209725558758,0.109336167573929
-2.08066487312317,-12.8889446258545,-0.00346807297319174,0.11156740039587
-1.82493090629578,-12.8903293609619,-0.00511991372331977,0.11115188151598
-1.56908893585205,-12.8916339874268,-0.0070412321947515,0.110970482230186
-1.31351041793823,-12.8927507400513,-0.00753033487126231,0.110726658254862
-1.05738735198975,-12.8940935134888,-0.0102738691493869,0.11064499989152
-0.800998091697693,-12.8956708908081,-0.0139800868928432,0.110544037073851
-0.544862568378448,-12.8970384597778,-0.0163017902523279,0.110368974506855
-0.2891586124897,-12.8981332778931,-0.0164412800222635,0.110188171267509
-0.03381622210145,-12.8991069793701,-0.0147182866930962,0.110029481351376
0.221826866269112,-12.9001665115356,-0.0141386296600103,0.109808433800936
0.477230876684189,-12.9011459350586,-0.0122597385197878,0.109519820660353
0.7326580286026,-12.9020538330078,-0.0102767255157232,0.109227892011404
0.988497078418732,-12.9031610488892,-0.00992402713745832,0.109055761247873
1.24430119991302,-12.9043655395508,-0.00918506924062967,0.108982261270285
1.50009441375732,-12.905499458313,-0.00818485673516989,0.108901996165514
1.75599074363708,-12.9066400527954,-0.00743084168061614,0.108821865171194
2.01209378242493,-12.9078454971313,-0.00738019961863756,0.108683485537767
2.26854801177979,-12.9089097976685,-0.00869375839829445,0.108412224799395
2.52497959136963,-12.9101514816284,-0.00966609269380569,0.108214277774096
2.7811598777771,-12.910961151123,-0.00933281797915697,0.107812270522118
-2.07683992385864,-13.1396713256836,-0.00448555266484618,0.110301278531551
-1.8210985660553,-13.1409978866577,-0.00614022416993976,0.109898250550032
-1.56527853012085,-13.1422824859619,-0.00792675651609898,0.109676267951727
-1.30972683429718,-13.1433124542236,-0.00826428644359112,0.109415121376514
-1.05388104915619,-13.1445579528809,-0.00970676820725203,0.109275948256254
-0.797915756702423,-13.1459274291992,-0.0114546380937099,0.10910902172327
-0.541855156421661,-13.1473293304443,-0.0134026566520333,0.108927726745605
-0.285915732383728,-13.1485900878906,-0.0145762143656611,0.10879784822464
-0.0303134098649025,-13.14967918396,-0.0139986630529165,0.108617898076773
0.225204512476921,-13.150764465332,-0.0128160770982504,0.108372803777456
0.480454236268997,-13.1516723632812,-0.0102127445861697,0.108075574040413
0.736017763614655,-13.1526565551758,-0.00881204009056091,0.10792326554656
0.992322325706482,-13.1540470123291,-0.010509449057281,0.107807125896215
1.24884045124054,-13.1555042266846,-0.0129353199154139,0.107698708772659
1.50480616092682,-13.1566076278687,-0.0126734059303999,0.107592720538378
1.76074004173279,-13.1576862335205,-0.012051104567945,0.107441537082195
2.01699829101562,-13.1590890884399,-0.0126378936693072,0.107235960662365
2.2731773853302,-13.1602725982666,-0.0126661285758018,0.106884781271219
2.52940607070923,-13.1615123748779,-0.0126917967572808,0.106621526181698
2.78508591651917,-13.1622133255005,-0.0100998049601912,0.106204908341169
-2.0728325843811,-13.390531539917,-0.00633685430511832,0.108930479735136
-1.81687033176422,-13.391942024231,-0.00896810926496983,0.108616478741169
-1.56124019622803,-13.3931255340576,-0.00984756741672754,0.108358886092901
-1.30569005012512,-13.3941917419434,-0.0101374434307218,0.108134564012289
-1.05007040500641,-13.3953199386597,-0.0105136344209313,0.107938908040524
-0.794536173343658,-13.3965148925781,-0.0102643128484488,0.107748009264469
-0.538639545440674,-13.3978900909424,-0.0114333918318152,0.107580840587616
-0.282759308815002,-13.399115562439,-0.0123107358813286,0.107435062527657
-0.0270812511444092,-13.4002799987793,-0.0120434295386076,0.107206977903843
0.228601485490799,-13.4014654159546,-0.0115727381780744,0.106948055326939
0.48409965634346,-13.4024362564087,-0.0100612258538604,0.106719080358744
0.740039527416229,-13.4036226272583,-0.0103150987997651,0.106643483042717
0.996615588665009,-13.4050855636597,-0.0131973214447498,0.106547567993402
1.25338745117188,-13.4065999984741,-0.0167246274650097,0.106377556920052
1.50944590568542,-13.4076890945435,-0.0168407801538706,0.106194648891687
1.76518082618713,-13.4087467193604,-0.0152849722653627,0.105946999043226
2.02111911773682,-13.410080909729,-0.0144035695120692,0.105711702257395
2.27672719955444,-13.4111957550049,-0.0118471290916204,0.105408597737551
2.53297781944275,-13.412576675415,-0.0119278328493237,0.10509573109448
2.78824663162231,-13.4132556915283,-0.00747535843402147,0.104676196351647
-2.06878590583801,-13.6412391662598,-0.00838421937078238,0.107409551739693
-1.81250333786011,-13.64284324646,-0.0124416640028358,0.107204426079988
-1.55693233013153,-13.644024848938,-0.0130072636529803,0.106979809701443
-1.30133891105652,-13.6451759338379,-0.0134489238262177,0.106793377548456
-1.04587256908417,-13.6462659835815,-0.0130836050957441,0.106609132140875
-0.790502667427063,-13.6473455429077,-0.0120521048083901,0.10644743219018
-0.534753620624542,-13.6486253738403,-0.0125172147527337,0.106307171285152
-0.279325515031815,-13.6496953964233,-0.0113072516396642,0.10615036636591
-0.0237941611558199,-13.650821685791,-0.01034374255687,0.105867695063353
0.232187703251839,-13.6522006988525,-0.01118731405586,0.105568457394838
0.488310784101486,-13.6536331176758,-0.0124401869252324,0.105364881455898
0.744741022586823,-13.6550483703613,-0.0148575333878398,0.105252753943205
1.00114417076111,-13.6562547683716,-0.0169378351420164,0.105156149715185
1.25738191604614,-13.6575021743774,-0.0180382877588272,0.104968771338463
1.51308977603912,-13.6584367752075,-0.0165539029985666,0.104744467884302
1.76861214637756,-13.659441947937,-0.0140162827447057,0.104524735361338
2.02448153495789,-13.6607618331909,-0.0127966953441501,0.104332774877548
2.28004097938538,-13.6619749069214,-0.0099846487864852,0.104048244655132
2.53590869903564,-13.6632385253906,-0.00833701714873314,0.103783765807748
2.7909791469574,-13.6639680862427,-0.00297127361409366,0.103359924629331
-2.06540513038635,-13.8915491104126,-0.0073792589828372,0.105866264551878
-1.80890345573425,-13.893328666687,-0.0124033987522125,0.105733554810286
-1.55328035354614,-13.8946046829224,-0.0131679438054562,0.105546891689301
-1.29751479625702,-13.8959197998047,-0.0143544226884842,0.105392221361399
-1.04208302497864,-13.8970651626587,-0.0137903206050396,0.105237297713757
-0.786638975143433,-13.8981218338013,-0.0130659071728587,0.10512575134635
-0.530748963356018,-13.8993864059448,-0.0141420606523752,0.104994785040617
-0.275434017181396,-13.900408744812,-0.0123830828815699,0.104825954884291
-0.0201785676181316,-13.9014854431152,-0.0101309893652797,0.104546768590808
0.235887855291367,-13.9030246734619,-0.0113126393407583,0.104240966960788
0.492432475090027,-13.9047250747681,-0.0144223906099796,0.103967923671007
0.749159693717957,-13.9062080383301,-0.0181419122964144,0.103781120851636
1.00535595417023,-13.9072923660278,-0.0192580372095108,0.103611977770925
1.26092088222504,-13.9081239700317,-0.0173218231648207,0.103399088606238
1.51630365848541,-13.9089498519897,-0.0143522471189499,0.103162050247192
1.77204179763794,-13.9101314544678,-0.0127403251826763,0.103015018627048
2.02815556526184,-13.911527633667,-0.0125798210501671,0.102927850559354
2.28392100334167,-13.9128074645996,-0.0106513742357492,0.102738924324512
2.53962922096252,-13.9140729904175,-0.00825806614011526,0.102548645809293
2.79459571838379,-13.914867401123,-0.00238995580002666,0.102158579975367
-2.06277894973755,-14.1414651870728,-0.00291140028275549,0.104475684463978
-1.80627679824829,-14.1433029174805,-0.00790916755795479,0.104364521801472
-1.55041563510895,-14.1447401046753,-0.00973452720791101,0.104161245748401
-1.29430615901947,-14.14626121521,-0.0124605419114232,0.104009676724672
-1.0384966135025,-14.1476783752441,-0.013579573482275,0.103850800544024
-0.782534718513489,-14.1489524841309,-0.01517862547189,0.103711511939764
-0.526401519775391,-14.1502637863159,-0.0173260979354382,0.103568760678172
-0.270979285240173,-14.1513109207153,-0.01601542532444,0.103396704420447
-0.0158137530088425,-14.1524095535278,-0.0133107649162412,0.10313581302762
0.239843621850014,-14.1537265777588,-0.0126114711165428,0.102848134934902
0.496255248785019,-14.1553544998169,-0.0150881791487336,0.102528216317296
0.75282496213913,-14.156852722168,-0.0180586669594049,0.102266786620021
1.00896668434143,-14.1580266952515,-0.0188879892230034,0.102043252438307
1.2644624710083,-14.1588249206543,-0.0166109632700682,0.101779760792851
1.51991891860962,-14.1597671508789,-0.0139317093417048,0.10152805224061
1.77606916427612,-14.1611061096191,-0.0141257587820292,0.101390974596143
2.0326042175293,-14.1626138687134,-0.0158087238669395,0.101322028785944
2.28839778900146,-14.1639909744263,-0.0139583125710487,0.101209944114089
2.54410719871521,-14.1651659011841,-0.011538035236299,0.101096849888563
2.79884171485901,-14.1659488677979,-0.00459879217669368,0.100811373442411
-2.05972361564636,-14.3914031982422,-0.000431647262303159,0.103255903348327
-1.80345046520233,-14.3931903839111,-0.00434640608727932,0.103118900209665
-1.54742455482483,-14.3948154449463,-0.00688921427354217,0.102845523506403
-1.29126000404358,-14.3964939117432,-0.00982845108956099,0.102654371410608
-1.03499054908752,-14.3981313705444,-0.0130139235407114,0.102444063872099
-0.778624713420868,-14.3997220993042,-0.0164060182869434,0.102244256064296
-0.522348344326019,-14.4012069702148,-0.0191580969840288,0.102044094353914
-0.266832500696182,-14.4022951126099,-0.0182342324405909,0.10185706242919
-0.0115597145631909,-14.4032802581787,-0.0159906931221485,0.101650362834334
0.24401718378067,-14.4044618606567,-0.0148985721170902,0.101443529129028
0.500003576278687,-14.4058485031128,-0.0154283503070474,0.101167047396302
0.75614869594574,-14.407341003418,-0.0164426304399967,0.100866682827473
1.01223695278168,-14.4086809158325,-0.016986072063446,0.10058599896729
1.26794040203094,-14.4097061157227,-0.0155971283093095,0.100262332707644
1.52372097969055,-14.4108037948608,-0.0143330311402678,0.100005678832531
1.78013491630554,-14.4121570587158,-0.015677047893405,0.0998223554342985
2.03668999671936,-14.4136915206909,-0.0174120627343655,0.0997159592807293
2.29227614402771,-14.4148416519165,-0.014617083594203,0.0996669419109821
2.5480420589447,-14.4160270690918,-0.0124145327135921,0.0994915869086981
2.80247044563293,-14.4166851043701,-0.00408692611381412,0.0993577390909195
-2.0555202960968,-14.6418762207031,-0.0032270448282361,0.10198924690485
-1.79960000514984,-14.6435222625732,-0.00548190856352448,0.101786704733968
-1.54393756389618,-14.6450347900391,-0.00632165651768446,0.101470191031694
-1.28791165351868,-14.6467790603638,-0.00858392100781202,0.101224051788449
-1.0316002368927,-14.6485357284546,-0.0119208935648203,0.100989241153002
-0.775046408176422,-14.6502695083618,-0.0161319151520729,0.100754918530583
-0.51870059967041,-14.6519384384155,-0.0191530678421259,0.100553937256336
-0.263144075870514,-14.6531715393066,-0.0183690916746855,0.100364411249757
-0.00777284428477287,-14.654125213623,-0.0165437385439873,0.100144624710083
0.247949182987213,-14.6552724838257,-0.0160806924104691,0.0999382957816124
0.503706157207489,-14.6565256118774,-0.0155451847240329,0.0997119061648846
0.759603679180145,-14.6579809188843,-0.0154077997431159,0.0994571782648563
1.01570069789886,-14.6593904495239,-0.0159544348716736,0.0991878472268581
1.2715255022049,-14.6605319976807,-0.0150722907856107,0.0989053938537836
1.5275377035141,-14.6617670059204,-0.0148073947057128,0.0987354498356581
1.7839343547821,-14.663158416748,-0.0160363707691431,0.0984776150435209
2.04039311408997,-14.6646633148193,-0.0173082500696182,0.0982154011726379
2.29568219184875,-14.665584564209,-0.0131716569885612,0.0981317721307278
2.55131483078003,-14.6666688919067,-0.0103536015376449,0.098014498129487
2.80575656890869,-14.6672649383545,-0.00206234492361546,0.098009156063199
-2.05106449127197,-14.8928384780884,-0.0071489131078124,0.100552756339312
-1.7954910993576,-14.8942852020264,-0.00777566945180297,0.100276811048388
-1.5399409532547,-14.8957605361938,-0.00806178152561188,0.0999613776803017
-1.2843976020813,-14.8972930908203,-0.00808280147612095,0.099648229777813
-1.02864253520966,-14.8988008499146,-0.0088522108271718,0.0994202680885792
-0.772300720214844,-14.9004211425781,-0.0120737822726369,0.0992542114108801
-0.515672981739044,-14.9022445678711,-0.0163469910621643,0.0991037897765636
-0.259556442499161,-14.9038028717041,-0.0180654618889093,0.0989301335066557
-0.00398126104846597,-14.9049310684204,-0.0171220563352108,0.0986930094659328
0.251603543758392,-14.9061107635498,-0.0159977301955223,0.098441120237112
0.50724595785141,-14.9073238372803,-0.0149130439385772,0.0982442442327738
0.763220906257629,-14.9087944030762,-0.0150932027027011,0.0980558693408966
1.01933169364929,-14.9101552963257,-0.0156742446124554,0.0978670176118612
1.27514374256134,-14.9112977981567,-0.0147017268463969,0.0976500995457172
1.53122067451477,-14.9125833511353,-0.0146924275904894,0.0974298790097237
1.7875634431839,-14.9140157699585,-0.0156431905925274,0.0971218291670084
2.04391002655029,-14.915509223938,-0.0163813307881355,0.0968459043651819
2.29933643341064,-14.9164447784424,-0.0128273805603385,0.0967869777232409
2.55485463142395,-14.917441368103,-0.0094738882035017,0.096735242754221
2.80979800224304,-14.9181957244873,-0.00337282544933259,0.0967793092131615
-2.04738688468933,-15.1437730789185,-0.00746748223900795,0.099046066403389
-1.792027592659,-15.1450624465942,-0.00708283809944987,0.0987460818141699
-1.53668880462646,-15.1464109420776,-0.00637232419103384,0.0984811130911112
-1.28150832653046,-15.147629737854,-0.00471956143155694,0.0981660299003124
-1.02619552612305,-15.1488723754883,-0.00345356203615665,0.0979210995137691
-0.769914865493774,-15.1504278182983,-0.0063784564845264,0.0977341942489147
-0.512714326381683,-15.1523876190186,-0.0132405580952764,0.0975494235754013
-0.255913883447647,-15.1541996002197,-0.0180340074002743,0.0974434055387974
-0.000274482008535415,-15.1555967330933,-0.0173265468329191,0.0972568430006504
0.255064100027084,-15.1568374633789,-0.0150431394577026,0.0970326475799084
0.510662317276001,-15.1580390930176,-0.0137278363108635,0.0968245025724173
0.766884863376617,-15.1595048904419,-0.0149999028071761,0.0966451149433851
1.02299022674561,-15.1607732772827,-0.0155318891629577,0.0964999683201313
1.27866697311401,-15.1618690490723,-0.0139209069311619,0.0962719414383173
1.53470206260681,-15.1631727218628,-0.0136901093646884,0.0959863178431988
1.7910088300705,-15.164665222168,-0.0144431050866842,0.0956680495291948
2.04733085632324,-15.1661939620972,-0.0150381904095411,0.0954624377191067
2.3031792640686,-15.1674194335938,-0.0133176576346159,0.0954328160732985
2.55890917778015,-15.1685924530029,-0.0108596533536911,0.0954247303307056
2.81444573402405,-15.1696491241455,-0.00734089268371463,0.0954196639358997
-2.04409050941467,-15.394344329834,-0.00605007167905569,0.0975856725126505
-1.78879499435425,-15.3956251144409,-0.00534108188003302,0.097346018999815
-1.53341042995453,-15.3969278335571,-0.00481592398136854,0.0970693752169609
-1.2783088684082,-15.3981189727783,-0.00277223787270486,0.0968181453645229
-1.02309906482697,-15.3993368148804,-0.00100534479133785,0.0965498797595501
-0.76701545715332,-15.4008331298828,-0.0030036314856261,0.0962696261703968
-0.509683549404144,-15.4028329849243,-0.0104374941438437,0.0960330814123154
-0.252653062343597,-15.4047040939331,-0.0162495356053114,0.0959341917186975
0.00330683612264693,-15.4063339233398,-0.016953120008111,0.0957855060696602
0.258704870939255,-15.4075880050659,-0.0149067109450698,0.0955999344587326
0.514713823795319,-15.4089841842651,-0.0154063189402223,0.095396826043725
0.771070003509521,-15.4104204177856,-0.0172501765191555,0.0951943136751652
1.02706587314606,-15.4116506576538,-0.0172529295086861,0.0950385052710772
1.28242707252502,-15.4126853942871,-0.01418721023947,0.0947885848581791
1.53817391395569,-15.4139013290405,-0.0126328961923718,0.0944617576897144
1.79458630084991,-15.415454864502,-0.0138248922303319,0.0941431391984224
2.05101346969604,-15.4170999526978,-0.0148486457765102,0.0940110590308905
2.30707406997681,-15.4185762405396,-0.0140239559113979,0.0939515717327595
2.5629096031189,-15.4198207855225,-0.0119973933324218,0.0938975568860769
2.81868410110474,-15.421070098877,-0.00948730949312449,0.0937923975288868
-2.04062056541443,-15.6446571350098,-0.00546211563050747,0.0960779096931219
-1.78525447845459,-15.6460647583008,-0.00503529096022248,0.0959370024502277
-1.52980852127075,-15.647479057312,-0.00475097680464387,0.0956907328218222
-1.27458715438843,-15.6488065719604,-0.00321375392377377,0.095475634559989
-1.01923680305481,-15.6501264572144,-0.00204959651455283,0.0951946284621954
-0.76325124502182,-15.6516056060791,-0.00356396776624024,0.0948838740587234
-0.506226360797882,-15.6535778045654,-0.00956026092171669,0.0946189519017935
-0.249299913644791,-15.6553964614868,-0.0148704247549176,0.0944530088454485
0.00681217107921839,-15.6570491790771,-0.0162355098873377,0.0942949596792459
0.26263239979744,-15.6584405899048,-0.0160661935806274,0.0940882787108421
0.519113540649414,-15.6600284576416,-0.0186572000384331,0.0938687399029732
0.775513231754303,-15.6615505218506,-0.0206510126590729,0.0936562046408653
1.03132903575897,-15.6627740859985,-0.0198004953563213,0.0934989880770445
1.28647243976593,-15.6638584136963,-0.015709200873971,0.093315526843071
1.54188919067383,-15.6650352478027,-0.0126363905146718,0.0930374376475811
1.7980580329895,-15.6664428710938,-0.0127138430252671,0.0927159935235977
2.05454397201538,-15.668004989624,-0.013978292234242,0.0925073213875294
2.31066393852234,-15.6694917678833,-0.0133872255682945,0.0924289040267467
2.5667450428009,-15.6709022521973,-0.0124107580631971,0.0922882948070765
2.82237124443054,-15.6721267700195,-0.00920849572867155,0.0921094994992018
-2.03726410865784,-15.8949909210205,-0.00434626825153828,0.0945031065493822
-1.7817314863205,-15.8965167999268,-0.00464837159961462,0.094422709196806
-1.52621603012085,-15.8980178833008,-0.00464427657425404,0.0941813085228205
-1.27081227302551,-15.8995084762573,-0.00389920896850526,0.0939797386527061
-1.01514542102814,-15.9009971618652,-0.00413986574858427,0.0936723928898573
-0.758938491344452,-15.9025621414185,-0.006624695379287,0.0934026651084423
-0.502197861671448,-15.9044952392578,-0.0112836305052042,0.0932017397135496
-0.245777100324631,-15.9062404632568,-0.0142530407756567,0.092983566224575
0.010169742628932,-15.9077816009521,-0.0148429414257407,0.0927474126219749
0.266272515058517,-15.9091663360596,-0.015929788351059,0.0925444047898054
0.522944390773773,-15.9108638763428,-0.0193442329764366,0.0923279523849487
0.779376089572906,-15.9125299453735,-0.0214357767254114,0.0921066459268332
1.03516030311584,-15.9138822555542,-0.0203960947692394,0.0919769946485758
1.29041314125061,-15.9150743484497,-0.0167550574988127,0.091816084459424
1.54568338394165,-15.9161977767944,-0.0129919881001115,0.0915793627500534
1.80181205272675,-15.9175510406494,-0.0128608979284763,0.0912877656519413
2.05852913856506,-15.919116973877,-0.0151284635066986,0.0910657774657011
2.31471943855286,-15.9205360412598,-0.0148231061175466,0.0909307729452848
2.57097148895264,-15.9220066070557,-0.0145698096603155,0.090811176225543
2.82639169692993,-15.9231176376343,-0.0104223163798451,0.0906416475772858
-2.03428030014038,-16.1453952789307,-0.00149716867599636,0.0929934568703175
-1.77852928638458,-16.1469802856445,-0.00277660903520882,0.0929031763225794
-1.5228488445282,-16.1485805511475,-0.00349545897915959,0.0926700551062822
-1.26719129085541,-16.15016746521,-0.00387968053109944,0.092405516654253
-1.01135635375977,-16.1517562866211,-0.00485075497999787,0.0920955389738083
-0.754903614521027,-16.1534805297852,-0.0084144975990057,0.0918850693851709
-0.497830003499985,-16.1555824279785,-0.0145457200706005,0.0917342603206635
-0.241678476333618,-16.1571979522705,-0.0162569005042315,0.0915207080543041
0.0138337146490812,-16.1585464477539,-0.0148449148982763,0.091296311467886
0.269566506147385,-16.1597709655762,-0.0142298070713878,0.0911324825137854
0.526178598403931,-16.161548614502,-0.0173361953347921,0.0909298080950975
0.782631516456604,-16.1632404327393,-0.0194929018616676,0.0907050706446171
1.03845179080963,-16.1646289825439,-0.0185844097286463,0.0904966294765472
1.29392445087433,-16.1658878326416,-0.0159002617001534,0.0902748517692089
1.54936194419861,-16.167085647583,-0.0128524471074343,0.0900751240551472
1.80566132068634,-16.1685180664062,-0.0134484581649303,0.0898302681744099
2.06270408630371,-16.1702671051025,-0.0171269606798887,0.0896827522665262
2.31915736198425,-16.1717967987061,-0.0179516095668077,0.0896040685474873
2.57576990127563,-16.1733646392822,-0.0192610658705235,0.089500367641449
2.8312840461731,-16.1744689941406,-0.0154909528791904,0.0894060339778662
-2.03121876716614,-16.3958778381348,0.00099911552388221,0.091596394777298
-1.77533054351807,-16.3974952697754,-0.000884074019268155,0.0914634596556425
-1.51956617832184,-16.3992004394531,-0.00195151497609913,0.0912370048463345
-1.26367509365082,-16.4009284973145,-0.00336879258975387,0.0909433923661709
-1.00777459144592,-16.4026050567627,-0.00460138544440269,0.0906394403427839
-0.751339435577393,-16.4044017791748,-0.00804440770298243,0.0904148239642382
-0.494289368391037,-16.4064693450928,-0.0140387173742056,0.0902527291327715
-0.238079339265823,-16.4080390930176,-0.0159892756491899,0.090052155777812
0.0174447204917669,-16.409330368042,-0.0146040618419647,0.0898542422801256
0.272912800312042,-16.4105739593506,-0.0127500696107745,0.0897510275244713
0.529298722743988,-16.4123001098633,-0.0148041686043143,0.0895994957536459
0.785933554172516,-16.4140357971191,-0.0177534017711878,0.0893598645925522
1.04185378551483,-16.4153842926025,-0.0172712318599224,0.0890859421342611
1.29725027084351,-16.4165153503418,-0.0142249166965485,0.0887996014207602
1.55286908149719,-16.4177894592285,-0.0119578531011939,0.088569201529026
1.80938482284546,-16.4194736480713,-0.0134724145755172,0.0883885975927114
2.06667113304138,-16.4214668273926,-0.0181889049708843,0.0883005820214748
2.323410987854,-16.4231643676758,-0.0202458910644054,0.0882557295262814
2.58029532432556,-16.4248275756836,-0.0227226205170155,0.0881953407078981
2.83624744415283,-16.4260444641113,-0.0208556838333607,0.0881608352065086
-2.02740001678467,-16.6466426849365,8.24149719846901e-06,0.0902210865169764
-1.77165067195892,-16.6482162475586,-0.00120018399320543,0.0900585688650608
-1.51590514183044,-16.64990234375,-0.00214810646139085,0.0897993687540293
-1.26004827022552,-16.651704788208,-0.00336658488959074,0.0895404927432537
-1.0041606426239,-16.6534805297852,-0.00449702935293317,0.0893051438033581
-0.747951507568359,-16.655252456665,-0.0068725380115211,0.089145191013813
-0.491272449493408,-16.6571159362793,-0.0111557440832257,0.0889084246009588
-0.234870105981827,-16.6586723327637,-0.0139591880142689,0.0886725466698408
0.0209260955452919,-16.6599922180176,-0.0137837082147598,0.0885242652148008
0.276454597711563,-16.6613578796387,-0.0121621349826455,0.0884821377694607
0.5326988697052,-16.6630191802979,-0.0135470507666469,0.0882990509271622
0.789555728435516,-16.6648387908936,-0.0174646601080894,0.0879835896193981
1.04583013057709,-16.6663093566895,-0.0185409355908632,0.0876793600618839
1.30126190185547,-16.667501449585,-0.0156128099188209,0.0873940624296665
1.55675184726715,-16.6687831878662,-0.0127282356843352,0.0871690660715103
1.81316149234772,-16.6706562042236,-0.0137145994231105,0.08701092004776
2.07029891014099,-16.6726608276367,-0.0177284311503172,0.0869480594992638
2.32721710205078,-16.6744060516357,-0.0205484703183174,0.0868810005486012
2.58395576477051,-16.6760425567627,-0.0223433617502451,0.0867482293397188
2.84036421775818,-16.6773586273193,-0.0224699303507805,0.0866975076496601
-2.02280282974243,-16.8977603912354,-0.0045595676638186,0.0886965226382017
-1.7675473690033,-16.8991146087646,-0.00345971528440714,0.0885326359421015
-1.51203525066376,-16.9007148742676,-0.00329892174340785,0.0883131064474583
-1.25636386871338,-16.9024505615234,-0.00363300531171262,0.0881369914859533
-1.00041139125824,-16.9043006896973,-0.00502101797610521,0.0879934411495924
-0.744244575500488,-16.9060726165771,-0.00716770952567458,0.0878698267042637
-0.487960547208786,-16.9076652526855,-0.00963296182453632,0.0875984262675047
-0.2317825704813,-16.9090900421143,-0.0113934390246868,0.0873757731169462
0.0244095455855131,-16.9105091094971,-0.0129868322983384,0.0872996039688587
0.280165761709213,-16.9119987487793,-0.0123586012050509,0.0872544702142477
0.536101341247559,-16.9136219024658,-0.0123116010800004,0.0869625732302666
0.792773485183716,-16.9155044555664,-0.0153560061007738,0.0865980871021748
1.04931831359863,-16.9171752929688,-0.0176083091646433,0.0862815715372562
1.30524039268494,-16.9186382293701,-0.0168375018984079,0.0860341694205999
1.56097185611725,-16.9201202392578,-0.014987388625741,0.0858575366437435
1.81716132164001,-16.9219779968262,-0.0149473547935486,0.0857485383749008
2.07381677627563,-16.9237594604492,-0.0167848374694586,0.0856026150286198
2.33056640625,-16.925407409668,-0.0188273172825575,0.0853836107999086
2.58719825744629,-16.9270439147949,-0.0201165266335011,0.0851942226290703
2.84369969367981,-16.9283599853516,-0.0206296313554049,0.085048109292984
-2.01800799369812,-17.1490459442139,-0.010030516423285,0.0870757941156626
-1.76343965530396,-17.1500625610352,-0.00573597010225058,0.0869293436408043
-1.50822401046753,-17.1514320373535,-0.0041894163005054,0.086802251636982
-1.25278878211975,-17.1529941558838,-0.00341578107327223,0.0866697542369366
-0.996588170528412,-17.154935836792,-0.0059030344709754,0.0865773763507605
-0.740094304084778,-17.1569309234619,-0.00949460919946432,0.0864769835025072
-0.483993530273438,-17.158483505249,-0.0110863335430622,0.0862342175096273
-0.228069856762886,-17.1598682403564,-0.0116521362215281,0.0860129948705435
0.028150575235486,-17.1613903045654,-0.0133314896374941,0.085941631346941
0.284031510353088,-17.1629123687744,-0.013234281912446,0.0858728624880314
0.539407432079315,-17.1642971038818,-0.0106322392821312,0.0855992436408997
0.795389175415039,-17.1658687591553,-0.0105465110391378,0.0852184314280748
1.05203413963318,-17.1678009033203,-0.0132049061357975,0.0849021356552839
1.30846869945526,-17.1696186065674,-0.0146905099973083,0.0847025532275438
1.56485605239868,-17.171422958374,-0.0157365575432777,0.0845699589699507
1.82122123241425,-17.173246383667,-0.0164551064372063,0.0844570621848106
2.07777881622314,-17.1749019622803,-0.0178293604403734,0.0842359941452742
2.33416771888733,-17.176399230957,-0.0182356089353561,0.0839230697602034
2.59054756164551,-17.1779136657715,-0.0183790773153305,0.0836983975023031
2.84677624702454,-17.1791706085205,-0.0176516771316528,0.0834658853709698
-2.01380658149719,-17.4000778198242,-0.0127721438184381,0.0855245646089315
-1.7597359418869,-17.4008750915527,-0.00615603290498257,0.0854107346385717
-1.50445306301117,-17.4022960662842,-0.00487988814711571,0.0853110998868942
-1.24929463863373,-17.4036102294922,-0.0028186331037432,0.0851918570697308
-0.992793679237366,-17.4056339263916,-0.00664786482229829,0.0851402096450329
-0.736128985881805,-17.4076175689697,-0.010989747941494,0.0850630421191454
-0.480178385972977,-17.4091968536377,-0.0118544930592179,0.0848544128239155
-0.224372759461403,-17.4106636047363,-0.0118383849039674,0.0845960825681686
0.0316523909568787,-17.4123115539551,-0.0125817162916064,0.0844276361167431
0.287387996912003,-17.4137630462646,-0.0117979710921645,0.0843277908861637
0.542635142803192,-17.4150257110596,-0.00859220139682293,0.0841358434408903
0.798291921615601,-17.4165344238281,-0.0070104063488543,0.0838167909532785
1.05484771728516,-17.4185485839844,-0.00923217181116343,0.0835312642157078
1.31145906448364,-17.4205284118652,-0.011476163752377,0.0833635088056326
1.56818008422852,-17.4224414825439,-0.0139886140823364,0.0832269359380007
1.82482743263245,-17.4242134094238,-0.0159515161067247,0.0831242315471172
2.08135843276978,-17.4257678985596,-0.0171841289848089,0.0829097181558609
2.33744382858276,-17.4271430969238,-0.0162116754800081,0.0826451312750578
2.59374737739563,-17.4285640716553,-0.0159947201609612,0.0823710933327675
2.84968614578247,-17.4297733306885,-0.0139508573338389,0.0821393858641386
-2.01044297218323,-17.6507358551025,-0.0116650247946382,0.084153775125742
-1.7564309835434,-17.6515846252441,-0.00473992526531219,0.0840793196111917
-1.5010701417923,-17.6530475616455,-0.00378990732133389,0.0839850530028343
-1.24589240550995,-17.6543159484863,-0.00179074332118034,0.0838716737926006
-0.989354193210602,-17.6562252044678,-0.00577072845771909,0.0837545655667782
-0.73298054933548,-17.6580219268799,-0.00876253750175238,0.0836512502282858
-0.477051943540573,-17.6597328186035,-0.00948564056307077,0.0834740195423365
-0.22114996612072,-17.661506652832,-0.0098525257781148,0.0832148510962725
0.0348348617553711,-17.6632900238037,-0.0103699387982488,0.0829716864973307
0.29053208231926,-17.6647415161133,-0.00938277132809162,0.0827878471463919
0.546102106571198,-17.6660003662109,-0.00761631596833467,0.0825801081955433
0.801956176757812,-17.6675033569336,-0.00689831702038646,0.0823762305080891
1.05830800533295,-17.6694030761719,-0.00817473698407412,0.0821711346507072
1.31474232673645,-17.6713256835938,-0.00959432777017355,0.0820421297103167
1.57139468193054,-17.6732368469238,-0.0117687275633216,0.0818788874894381
1.82805442810059,-17.6749706268311,-0.013763040304184,0.0816875230520964
2.08449482917786,-17.6764755249023,-0.0145642543211579,0.0815124064683914
2.34053683280945,-17.6778411865234,-0.0133722377941012,0.0813358947634697
2.59663486480713,-17.6791515350342,-0.0122196674346924,0.0811434146016836
2.8525242805481,-17.6803894042969,-0.00992867350578308,0.0809717103838921
-2.00736689567566,-17.9012546539307,-0.00923728942871094,0.0828345380723476
-1.75307631492615,-17.9023513793945,-0.00354963471181691,0.0827831514179707
-1.49766635894775,-17.9037914276123,-0.00279733981005847,0.0826634280383587
-1.2422548532486,-17.9052085876465,-0.00183021347038448,0.082554092630744
-0.986051559448242,-17.9068946838379,-0.00425691669806838,0.0824016947299242
-0.729991674423218,-17.9085960388184,-0.00578740797936916,0.0822892282158136
-0.473799228668213,-17.9105377197266,-0.00767006911337376,0.0821540411561728
-0.217426583170891,-17.9125919342041,-0.0101323807612062,0.0819471701979637
0.0385319963097572,-17.9143695831299,-0.0104967188090086,0.0816645175218582
0.294003248214722,-17.9156932830811,-0.00845953542739153,0.0813850332051516
0.549875199794769,-17.9170608520508,-0.00802311021834612,0.0811261273920536
0.80623471736908,-17.9187164306641,-0.0095484796911478,0.0809971708804369
1.06267297267914,-17.9205532073975,-0.0111834239214659,0.0808451883494854
1.31897330284119,-17.9224224090576,-0.011963402852416,0.0807037241756916
1.57520651817322,-17.9241828918457,-0.0122259827330709,0.0805140752345324
1.8315464258194,-17.9258670806885,-0.0127528691664338,0.0802804064005613
2.08771896362305,-17.9273929595947,-0.0123204104602337,0.0801297929137945
2.34377074241638,-17.9287719726562,-0.0111412722617388,0.0799969276413321
2.59978151321411,-17.9301605224609,-0.0095634451135993,0.0798526890575886
2.85583114624023,-17.9315319061279,-0.00794711336493492,0.0797077976167202
-2.00410413742065,-18.1518630981445,-0.00766735104843974,0.0813470920547843
-1.74949681758881,-18.1531715393066,-0.00339590385556221,0.0813042297959328
-1.49405574798584,-18.1545906066895,-0.00275587476789951,0.0812074933201075
-1.23858106136322,-18.1561126708984,-0.00203628186136484,0.0811313660815358
-0.982717156410217,-18.1577014923096,-0.00287694344297051,0.0810492131859064
-0.726680099964142,-18.1594619750977,-0.00426659220829606,0.0809830892831087
-0.470258265733719,-18.1615142822266,-0.0071591273881495,0.0808819681406021
-0.213581323623657,-18.163667678833,-0.0109708989039063,0.0806791568174958
0.0423338077962399,-18.1654472351074,-0.0111016053706408,0.0803905613720417
0.29755711555481,-18.1666965484619,-0.00790826510637999,0.0800780188292265
0.553637742996216,-18.1682052612305,-0.00837472546845675,0.0798073168843985
0.810370683670044,-18.1700439453125,-0.0115416012704372,0.0795999458059669
1.06690299510956,-18.1718502044678,-0.0135678611695766,0.0794293079525232
1.3228794336319,-18.1734981536865,-0.0128680700436234,0.0792720504105091
1.57870483398438,-18.175048828125,-0.0112781785428524,0.0790679259225726
1.8349586725235,-18.176664352417,-0.0113932751119137,0.0788422375917435
2.09109830856323,-18.1783428192139,-0.0107690636068583,0.078666559420526
2.34723854064941,-18.1799602508545,-0.00993397366255522,0.0784978484734893
2.60343265533447,-18.1816120147705,-0.00912071112543344,0.0783929945901036
2.85970115661621,-18.1831760406494,-0.00843041390180588,0.0782255427911878
-2.00079011917114,-18.4024429321289,-0.00633988436311483,0.0796709777787328
-1.74595618247986,-18.4038238525391,-0.00307910004630685,0.079654335975647
-1.49046015739441,-18.4053115844727,-0.00265305931679904,0.0796222435310483
-1.2350457906723,-18.4068279266357,-0.00162269931752235,0.0796274496242404
-0.979290127754211,-18.4084892272949,-0.00192579836584628,0.0796761550009251
-0.723213911056519,-18.4103775024414,-0.00345104420557618,0.0796779943630099
-0.466836541891098,-18.4123210906982,-0.00611863052472472,0.0795449577271938
-0.210104763507843,-18.414436340332,-0.0101535804569721,0.0793218547478318
0.0458343662321568,-18.4161891937256,-0.0103647680953145,0.0790654243901372
0.301058232784271,-18.4175415039062,-0.00713226851075888,0.0787844005972147
0.557107329368591,-18.4191627502441,-0.0074127777479589,0.0785153033211827
0.813590347766876,-18.4209632873535,-0.0094195082783699,0.0782470116391778
1.07017290592194,-18.4228134155273,-0.0116402637213469,0.0780147286131978
1.32612860202789,-18.4243927001953,-0.0108245806768537,0.077801956795156
1.58197271823883,-18.425895690918,-0.00929401721805334,0.0775706758722663
1.83838021755219,-18.4275360107422,-0.0100694932043552,0.077318636700511
2.09459710121155,-18.4293670654297,-0.00974673684686422,0.0770981721580029
2.35088562965393,-18.4312419891357,-0.00952108670026064,0.0769021501764655
2.60722303390503,-18.4330558776855,-0.00929930992424488,0.0767391361296177
2.86368155479431,-18.4347743988037,-0.0094093531370163,0.0765461819246411
-1.99754858016968,-18.6529693603516,-0.00468153692781925,0.0779960490763187
-1.74250257015228,-18.6543483734131,-0.00237248349003494,0.0780236553400755
-1.48695206642151,-18.6559104919434,-0.00215935963205993,0.0780586460605264
-1.23151648044586,-18.6574382781982,-0.00119233212899417,0.0781423924490809
-0.975790202617645,-18.6591472625732,-0.00132297386880964,0.0782512314617634
-0.719884395599365,-18.6610336303711,-0.00203386950306594,0.0782130816951394
-0.463742166757584,-18.6628170013428,-0.00360900443047285,0.0779967606067657
-0.207113310694695,-18.6648445129395,-0.00715345237404108,0.0777585571631789
0.0491248890757561,-18.6667404174805,-0.00868836883455515,0.0775704691186547
0.304652988910675,-18.6683216094971,-0.00678916368633509,0.0774173922836781
0.560491561889648,-18.6699352264404,-0.00608165515586734,0.077148468233645
0.816510617733002,-18.6715812683105,-0.0059686591848731,0.0768671315163374
1.07281577587128,-18.6733303070068,-0.00691786222159863,0.0765684517100453
1.32895398139954,-18.6750011444092,-0.00689413724467158,0.0762852439656854
1.58506989479065,-18.6766681671143,-0.00654834881424904,0.0759863518178463
1.84144806861877,-18.6783638000488,-0.00715865241363645,0.0756963174790144
2.09772062301636,-18.6803092956543,-0.00704806065186858,0.075463755056262
2.35414814949036,-18.6822452545166,-0.00741123408079147,0.0752903874963522
2.61057686805725,-18.6841735839844,-0.00755811901763082,0.0750489598140121
2.86718678474426,-18.6859531402588,-0.00830844696611166,0.0748677346855402
-1.99410605430603,-18.9036884307861,-0.00393825909122825,0.0764898983761668
-1.73888432979584,-18.9050598144531,-0.00241148006170988,0.076545475050807
-1.48338174819946,-18.9066371917725,-0.00194110965821892,0.0765673778951168
-1.22767984867096,-18.9082469940186,-0.00216131960041821,0.0766500784084201
-0.971989989280701,-18.9098930358887,-0.00209460384212434,0.0767005607485771
-0.716293394565582,-18.9116954803467,-0.00181749614421278,0.0765853011980653
-0.460321754217148,-18.913501739502,-0.00257566734217107,0.0763687696307898
-0.20388850569725,-18.9155254364014,-0.00519476970657706,0.0761744622141123
0.0526443421840668,-18.9175682067871,-0.00803057663142681,0.0760718714445829
0.308673650026321,-18.9193935394287,-0.00835814606398344,0.0759880477562547
0.564495503902435,-18.921028137207,-0.00753589952364564,0.075775433331728
0.820263564586639,-18.9225788116455,-0.00625779712572694,0.0755476411432028
1.0762130022049,-18.9241752624512,-0.00557789020240307,0.0752696003764868
1.33220815658569,-18.9257850646973,-0.00488388119265437,0.0749482186511159
1.58831834793091,-18.9274921417236,-0.00447914376854897,0.0745987957343459
1.84453022480011,-18.9292640686035,-0.00430592196062207,0.0742688057944179
2.10075664520264,-18.931245803833,-0.00395625038072467,0.0740349655970931
2.35725975036621,-18.9331302642822,-0.00463669095188379,0.0738257486373186
2.61362338066101,-18.9350452423096,-0.00446693552657962,0.0735671054571867
2.87032437324524,-18.9368343353271,-0.00559586798772216,0.0734135704115033
-1.99019002914429,-19.1546573638916,-0.00536926602944732,0.0750969992950559
-1.73500382900238,-19.1559963226318,-0.00364395300857723,0.0751432674005628
-1.47959983348846,-19.1576023101807,-0.00267867604270577,0.0751445088535547
-1.22380220890045,-19.1592178344727,-0.00330401607789099,0.0751324240118265
-0.968048453330994,-19.1608867645264,-0.00349296606145799,0.0751085309311748
-0.712367177009583,-19.1626644134521,-0.00311147584579885,0.0749656595289707
-0.456531077623367,-19.1644439697266,-0.00321466429159045,0.0747608616948128
-0.200235292315483,-19.1664848327637,-0.00516857020556927,0.0746303899213672
0.056374154984951,-19.1686611175537,-0.00830750819295645,0.0745881218463182
0.31272304058075,-19.1706962585449,-0.0100358827039599,0.0745609793812037
0.568743109703064,-19.1724224090576,-0.0100686131045222,0.0744002619758248
0.82444965839386,-19.1739368438721,-0.0084763690829277,0.0742212813347578
1.08009898662567,-19.1753425598145,-0.00641954829916358,0.073988358490169
1.33594679832458,-19.1768188476562,-0.00503784557804465,0.0737387863919139
1.59187698364258,-19.1784210205078,-0.00379826780408621,0.0734002571552992
1.84795832633972,-19.1802654266357,-0.0029988328460604,0.0730575174093246
2.10415554046631,-19.1822032928467,-0.00249234982766211,0.0727792978286743
2.36056041717529,-19.1840839385986,-0.00270237657241523,0.0725427912548184
2.61688709259033,-19.185941696167,-0.00234482996165752,0.0723077710717916
2.87365341186523,-19.1877937316895,-0.00372897344641387,0.0721840756013989
-1.98612654209137,-19.4054794311523,-0.00749998306855559,0.0736073823645711
-1.73126435279846,-19.4067573547363,-0.00424177572131157,0.0736362999305129
-1.47597014904022,-19.4084415435791,-0.00272552575916052,0.0736625147983432
-1.22029626369476,-19.4101505279541,-0.00273751490749419,0.073628013022244
-0.964259803295135,-19.4120407104492,-0.00417316239327192,0.0735628018155694
-0.708233416080475,-19.4139232635498,-0.00533080752938986,0.0734448041766882
-0.452456265687943,-19.4157161712646,-0.00512427976354957,0.0733407018706203
-0.196509152650833,-19.4176082611084,-0.00546058220788836,0.0732885170727968
0.0598981268703938,-19.4197292327881,-0.00764817744493484,0.0732787624001503
0.316320896148682,-19.4218158721924,-0.0096757560968399,0.0732541549950838
0.572319626808167,-19.4235572814941,-0.00957739353179932,0.0730917248874903
0.827889919281006,-19.4250144958496,-0.00734036415815353,0.0729208299890161
1.08356690406799,-19.4264278411865,-0.00537678180262446,0.0727457189932466
1.33971154689789,-19.4280490875244,-0.00529021630063653,0.07254309207201
1.59593152999878,-19.4296875,-0.00532001396641135,0.0722036762163043
1.8519994020462,-19.4315090179443,-0.00442583998665214,0.0718029197305441
2.10798764228821,-19.433292388916,-0.00296023604460061,0.0714750234037638
2.36410474777222,-19.4350910186768,-0.00185479992069304,0.0712734973058105
2.62046527862549,-19.4369468688965,-0.00161679100710899,0.0710782129317522
2.87736535072327,-19.4389324188232,-0.00355457025580108,0.0709989089518785
-1.98232674598694,-19.6560039520264,-0.00843768194317818,0.072027113288641
-1.72785091400146,-19.6572570800781,-0.00335660367272794,0.0720524014905095
-1.47255420684814,-19.659086227417,-0.00180527206975967,0.0720925629138947
-1.21725463867188,-19.660774230957,-6.09405324212275e-05,0.0720804864540696
-0.961097776889801,-19.6629943847656,-0.00199012085795403,0.0720484871417284
-0.704641461372375,-19.6651554107666,-0.00506553426384926,0.0719501003623009
-0.448534309864044,-19.6670150756836,-0.00633148662745953,0.0719300946220756
-0.192465901374817,-19.668924331665,-0.00718449801206589,0.0719709079712629
0.0638307556509972,-19.6709861755371,-0.00883553083986044,0.071981456130743
0.320107191801071,-19.6729335784912,-0.0101744038984179,0.0718989875167608
0.575872421264648,-19.6745319366455,-0.00899407267570496,0.0717586865648627
0.831170678138733,-19.6759128570557,-0.00549857411533594,0.0716287977993488
1.08692336082458,-19.6774597167969,-0.00383466831408441,0.0715190200135112
1.34348058700562,-19.6792869567871,-0.00556184770539403,0.0713268388062716
1.60020446777344,-19.6811122894287,-0.00781127763912082,0.0709606343880296
1.85609865188599,-19.6828327178955,-0.00610690331086516,0.0704900706186891
2.11189103126526,-19.6844902038574,-0.00373715464957058,0.0701548615470529
2.36806321144104,-19.6862964630127,-0.00284324935637414,0.0699779717251658
2.62455558776855,-19.6881618499756,-0.00315868877805769,0.0698169879615307
2.88182401657104,-19.6903228759766,-0.00668576033785939,0.069780332967639
-1.97869622707367,-19.9066524505615,-0.00857933238148689,0.0705028036609292
-1.7243469953537,-19.9079914093018,-0.00286807049997151,0.0705342907458544
-1.46910190582275,-19.9098587036133,-0.0010417194571346,0.070591427385807
-1.21398282051086,-19.9116077423096,0.00157384015619755,0.0706208869814873
-0.958096921443939,-19.9138069152832,0.000920584832783788,0.070595994591713
-0.701521098613739,-19.9160709381104,-0.00266570667736232,0.0705137308686972
-0.445046484470367,-19.918098449707,-0.00557067198678851,0.0705004446208477
-0.188734591007233,-19.9200458526611,-0.0075013586319983,0.0705560380592942
0.0674539431929588,-19.9219779968262,-0.00863731931895018,0.0705879861488938
0.323545277118683,-19.9237575531006,-0.00911657884716988,0.0704436795786023
0.579362750053406,-19.925329208374,-0.00814504269510508,0.0703219603747129
0.834757685661316,-19.9267749786377,-0.0050499327480793,0.0702501591295004
1.09054172039032,-19.9284820556641,-0.00347990030422807,0.0701881777495146
1.347128033638,-19.9305076599121,-0.00528601510450244,0.0700142765417695
1.60407030582428,-19.932487487793,-0.00847172178328037,0.0696517173200846
1.85988545417786,-19.9341259002686,-0.00638532219454646,0.0691985711455345
2.1157214641571,-19.9357929229736,-0.00417719129472971,0.0688992533832788
2.3724057674408,-19.9377326965332,-0.00552996806800365,0.0687198238447309
2.62934732437134,-19.9397144317627,-0.00780330551788211,0.0685586966574192
2.88712120056152,-19.9420318603516,-0.0135284028947353,0.0685066217556596
-1.97513663768768,-20.1576271057129,-0.0083604846149683,0.0690820319578052
-1.72059738636017,-20.1591491699219,-0.00347735732793808,0.0691423886455595
-1.46544170379639,-20.1609477996826,-0.00120846624486148,0.0692586717195809
-1.21025335788727,-20.1627254486084,0.00112512765917927,0.0693164207041264
-0.954464554786682,-20.1648044586182,0.000942000770010054,0.0692842733114958
-0.698150813579559,-20.1669788360596,-0.00141538877505809,0.0692132893018425
-0.441504180431366,-20.1691608428955,-0.00506214378401637,0.0691817002370954
-0.185022130608559,-20.1711196899414,-0.00773729803040624,0.0692249443382025
0.0709909275174141,-20.1728668212891,-0.00805669650435448,0.0692165670916438
0.326756209135056,-20.1744613647461,-0.00703644892200828,0.0690199723467231
0.582463145256042,-20.1760387420654,-0.00553271267563105,0.0688532209023833
0.838311195373535,-20.1776466369629,-0.00444879196584225,0.0688417730852962
1.09457683563232,-20.1796035766602,-0.00500157848000526,0.0688228635117412
1.35118067264557,-20.1817779541016,-0.00683613680303097,0.0686508528888226
1.60775780677795,-20.1837196350098,-0.00834264606237411,0.0683404346928
1.86361050605774,-20.185417175293,-0.00638582184910774,0.0679656881839037
2.11993288993835,-20.1871776580811,-0.00631914054974914,0.0676996735855937
2.37714862823486,-20.1892757415771,-0.0100001450628042,0.0674847662448883
2.63453507423401,-20.1915245056152,-0.0141931781545281,0.0672245416790247
2.8926248550415,-20.1939315795898,-0.0212735272943974,0.0670791836455464
-1.97177112102509,-20.4085807800293,-0.00724356528371572,0.0676802615635097
-1.71698951721191,-20.410270690918,-0.00343397213146091,0.0678032864816487
-1.46181929111481,-20.4120216369629,-0.0012034602696076,0.0679125366732478
-1.20638763904572,-20.4138374328613,4.65781922684982e-05,0.0680188597179949
-0.950385689735413,-20.4158382415771,-0.0010893230792135,0.0680478755384684
-0.694043278694153,-20.4179935455322,-0.00354188471101224,0.0679534892551601
-0.43749475479126,-20.4201812744141,-0.00670000584796071,0.0679027643054724
-0.181197717785835,-20.4221038818359,-0.0084952050819993,0.0679566678591073
0.0744794383645058,-20.4237880706787,-0.00725210551172495,0.0679252119734883
0.329884260892868,-20.4252738952637,-0.00456869183108211,0.067747968249023
0.585496962070465,-20.4268798828125,-0.00260530854575336,0.0675741326995194
0.84194004535675,-20.4287567138672,-0.00416626175865531,0.0675784954801202
1.09890139102936,-20.4309959411621,-0.00780771998688579,0.0675229425542057
1.35542786121368,-20.4330711364746,-0.009263108484447,0.0673347627744079
1.611363530159,-20.4348468780518,-0.0078555615618825,0.067036809399724
1.86725473403931,-20.4366664886475,-0.0060276361182332,0.0667160409502685
2.12396454811096,-20.438570022583,-0.0076530915684998,0.0664404518902302
2.38143587112427,-20.4408912658691,-0.0124209122732282,0.066108032129705
2.63908958435059,-20.4431934356689,-0.0177664123475552,0.0657307612709701
2.89714670181274,-20.4456119537354,-0.0246578454971313,0.0654391241259873
-1.96855366230011,-20.6593074798584,-0.00546342460438609,0.0662832427769899
-1.7137553691864,-20.6610298156738,-0.00169721513520926,0.0664706421084702
-1.45854294300079,-20.6627616882324,0.00036746243131347,0.0666028056293726
-1.20301342010498,-20.6646060943604,0.00119951879605651,0.066742745693773
-0.946715295314789,-20.6666297912598,-0.00126567110419273,0.0668057999573648
-0.690212786197662,-20.668773651123,-0.00442055985331535,0.0667359298095107
-0.433697789907455,-20.6709785461426,-0.00738720688968897,0.0667155343107879
-0.177503868937492,-20.6729774475098,-0.00866778753697872,0.0667802537791431
0.0781872346997261,-20.6748294830322,-0.0074371499940753,0.0667686727829278
0.333586424589157,-20.6764717102051,-0.00467817904427648,0.0666734734550118
0.589371502399445,-20.6781978607178,-0.00345220067538321,0.0665179053321481
0.846356451511383,-20.6804084777832,-0.00740280840545893,0.0665087453089654
1.1034437417984,-20.6827201843262,-0.011567029170692,0.0663975896313787
1.35961663722992,-20.6846160888672,-0.0114009529352188,0.0661530550569296
1.61520385742188,-20.6862316131592,-0.00840021949261427,0.0658270879648626
1.87096869945526,-20.6879367828369,-0.00598049163818359,0.0655135125853121
2.12760710716248,-20.6898345947266,-0.00725221494212747,0.0651748245581985
2.38495135307312,-20.6921138763428,-0.0114225894212723,0.0647055762819946
2.64249634742737,-20.6944408416748,-0.0162476785480976,0.0642418349161744
2.90032315254211,-20.6968173980713,-0.0220863576978445,0.0637968056835234
-1.96529853343964,-20.909969329834,-0.0038667896296829,0.0649508540518582
-1.71065771579742,-20.9116077423096,0.00065225240541622,0.0651776515878737
-1.45530867576599,-20.9134178161621,0.00212289812043309,0.0653172777965665
-1.20000565052032,-20.9151916503906,0.00402295123785734,0.0654688789509237
-0.943795084953308,-20.9172210693359,0.00199039513245225,0.0655208881944418
-0.687358856201172,-20.9193897247314,-0.000830328790470958,0.0655124704353511
-0.430621057748795,-20.9217548370361,-0.00477571459487081,0.0655377544462681
-0.174095436930656,-20.9239063262939,-0.00752990413457155,0.065576737280935
0.0820363461971283,-20.9260425567627,-0.00825082510709763,0.0655342251993716
0.337922155857086,-20.927942276001,-0.00764711759984493,0.0654708216898143
0.594294667243958,-20.9299793243408,-0.00902062561362982,0.0653722449205816
0.851147890090942,-20.9322624206543,-0.0123210838064551,0.0653437161818147
1.10750794410706,-20.9342498779297,-0.0131808333098888,0.0651955278590322
1.36337149143219,-20.9360752105713,-0.0115871382877231,0.0649369801394641
1.61885559558868,-20.9376182556152,-0.00809486955404282,0.0646997480653226
1.87458288669586,-20.9392566680908,-0.00547915371134877,0.0644185882993042
2.13107299804688,-20.9411487579346,-0.00605353247374296,0.0640530902892351
2.38822340965271,-20.9433193206787,-0.00933433789759874,0.0634694430045784
2.64545011520386,-20.9455013275146,-0.01272202283144,0.0629662149585783
2.90307331085205,-20.9478073120117,-0.0176321752369404,0.0624094163067639
-1.96198630332947,-21.1607284545898,-0.00252634868957102,0.0636899436358362
-1.70744669437408,-21.1622657775879,0.00248278165236115,0.0639382966328412
-1.45192694664001,-21.164234161377,0.00321128591895103,0.0640946810599416
-1.19675064086914,-21.1659755706787,0.00572512717917562,0.0642122607678175
-0.940744519233704,-21.1680297851562,0.00466692540794611,0.0642926231957972
-0.684237241744995,-21.170295715332,0.00155829673167318,0.0643293252214789
-0.427372574806213,-21.1726531982422,-0.00294019700959325,0.0643868744373322
-0.170703887939453,-21.1748523712158,-0.00631397496908903,0.064381224103272
0.085796944797039,-21.1771106719971,-0.00867574103176594,0.0643054670654237
0.342256009578705,-21.1793384552002,-0.0106159839779139,0.0642316429875791
0.598953068256378,-21.1816959381104,-0.0133925816044211,0.0641330471262336
0.855429649353027,-21.1838321685791,-0.0149556305259466,0.0640618461184204
1.11121428012848,-21.1855716705322,-0.0131957605481148,0.0639145155437291
1.36685860157013,-21.1872596740723,-0.0105909379199147,0.0637076068669558
1.62250292301178,-21.1889171600342,-0.00777826923877001,0.0635194634087384
1.87835431098938,-21.1906394958496,-0.00567976851016283,0.0632574674673378
2.13471150398254,-21.1925239562988,-0.00562331918627024,0.0629247366450727
2.39163947105408,-21.1945323944092,-0.00789105612784624,0.0623666294850409
2.64854025840759,-21.1966361999512,-0.00979853793978691,0.061900932341814
2.90600252151489,-21.198860168457,-0.0139707000926137,0.0613042199984193
-1.95878732204437,-21.4115695953369,-0.000653354334644973,0.0624276965390891
-1.7041836977005,-21.4130935668945,0.00408895593136549,0.0627004578709602
-1.448606133461,-21.4151496887207,0.00459019420668483,0.0628692316822708
-1.19327652454376,-21.4169502258301,0.00643483735620975,0.0629908645059913
-0.937170743942261,-21.4191474914551,0.00496509345248342,0.0630734676960856
-0.68040269613266,-21.4216461181641,0.000716028618626297,0.0630945840384811
-0.423351019620895,-21.4240303039551,-0.00460131326690316,0.0631907705683261
-0.166722938418388,-21.4261035919189,-0.00776421232149005,0.0632036859169602
0.089620552957058,-21.428150177002,-0.00939218979328871,0.063158041331917
0.346115261316299,-21.4303588867188,-0.0114610372111201,0.0630649556405842
0.602672815322876,-21.4327068328857,-0.013568414375186,0.0629083323292434
0.858852863311768,-21.4347839355469,-0.0137575231492519,0.0627804147079587
1.1145144701004,-21.4365139007568,-0.0114101637154818,0.0626498055644333
1.37024879455566,-21.4382228851318,-0.00918018445372581,0.0624739248305559
1.62616813182831,-21.4400672912598,-0.00755701819434762,0.0622724671848118
1.88219928741455,-21.4419536590576,-0.00621764361858368,0.0620269533246756
2.13845062255859,-21.4438953399658,-0.00564533798024058,0.0617811982519925
2.39515900611877,-21.4458408355713,-0.00690191145986319,0.0612810412421823
2.65209031105042,-21.4479732513428,-0.00891069043427706,0.0608720448799431
2.90948557853699,-21.4501438140869,-0.0127576747909188,0.0602954663336277
-1.95570492744446,-21.6623401641846,0.00175256642978638,0.0610966616077349
-1.70093488693237,-21.6639747619629,0.00576469348743558,0.0613989252597094
-1.4452223777771,-21.6660423278809,0.00567458942532539,0.0616021257592365
-1.18969428539276,-21.6679515838623,0.00664684269577265,0.0617882532533258
-0.933205783367157,-21.6703834533691,0.00347344996407628,0.0618550395593047
-0.676046967506409,-21.6730461120605,-0.0025168745778501,0.0618564013857394
-0.418822258710861,-21.675479888916,-0.0085816103965044,0.0619347884785384
-0.162412479519844,-21.677339553833,-0.0107249822467566,0.0620155287906528
0.0933108925819397,-21.6789665222168,-0.00952372886240482,0.0620630292687565
0.349413335323334,-21.6810207366943,-0.00978636089712381,0.0620112209580839
0.605861008167267,-21.6833934783936,-0.0113609787076712,0.0618004403077066
0.862030923366547,-21.6855411529541,-0.0114674707874656,0.0616308571770787
1.11788988113403,-21.6874771118164,-0.00996319577097893,0.0614978685043752
1.37380528450012,-21.6893882751465,-0.00849990919232368,0.0613187931012362
1.62998127937317,-21.6914215087891,-0.00798272527754307,0.0610537021420896
1.88604640960693,-21.6933517456055,-0.00675702234730124,0.0607631402090192
2.14238858222961,-21.6953983306885,-0.0065468936227262,0.0605410493444651
2.39929413795471,-21.6974411010742,-0.00864118803292513,0.0601212817709893
2.65606284141541,-21.699499130249,-0.00989356637001038,0.0597257993649691
2.91337561607361,-21.7016544342041,-0.0133378691971302,0.0591862427536398
-1.95266926288605,-21.9129333496094,0.00435558799654245,0.0597227400867268
-1.69758903980255,-21.9148235321045,0.00698634469881654,0.0600547441863455
-1.44160008430481,-21.917064666748,0.00566820101812482,0.0603090422227979
-1.18586802482605,-21.9191589355469,0.0057528717443347,0.060529348324053
-0.929153442382812,-21.9216766357422,0.00158381357323378,0.0606456091627479
-0.672006964683533,-21.9241886138916,-0.00432674773037434,0.0607009237864986
-0.414856493473053,-21.9265327453613,-0.0100221559405327,0.0607699456159025
-0.158421292901039,-21.9284248352051,-0.0122414147481322,0.0608518070075661
0.0972499176859856,-21.930196762085,-0.0107495104894042,0.0609521460719407
0.353318959474564,-21.9323825836182,-0.0108094736933708,0.0609458461403847
0.609694361686707,-21.9347019195557,-0.0120241362601519,0.0607784201856703
0.865722835063934,-21.9367179870605,-0.0114668337628245,0.0606287545524538
1.12165689468384,-21.9386863708496,-0.0102652544155717,0.0604740856215358
1.37778055667877,-21.9407691955566,-0.00969080533832312,0.0602330081164837
1.63408017158508,-21.9429054260254,-0.00968371145427227,0.0598853374831378
1.89005792140961,-21.9448184967041,-0.00802917126566172,0.059548192890361
2.14640998840332,-21.9468479156494,-0.00782808195799589,0.0592548190616071
2.40331268310547,-21.949031829834,-0.00985993072390556,0.0588602032512426
2.66003751754761,-21.9510650634766,-0.0108803799375892,0.0584581361617893
2.91694402694702,-21.953088760376,-0.0124897994101048,0.0579246114939451
-2.20621800422668,-22.1612110137939,0.0114698419347405,0.0581116573885083
-1.94980275630951,-22.1634540557861,0.00773487007245421,0.0584170671063475
-1.69406843185425,-22.1657028198242,0.00739964284002781,0.0587628145585768
-1.43793511390686,-22.168025970459,0.00545638799667358,0.0590558696858352
-1.18192648887634,-22.1703681945801,0.00432614050805569,0.0593599769053981
-0.925399303436279,-22.1728019714355,0.00104880763683468,0.0595623254193924
-0.668724358081818,-22.1750736236572,-0.00268380506895483,0.0596561111742631
-0.411926478147507,-22.1773109436035,-0.00674241688102484,0.0596721691545099
-0.15519791841507,-22.1794719696045,-0.0102488026022911,0.0596535198856145
0.101065315306187,-22.1816387176514,-0.0113894995301962,0.0596948638558388
0.357618242502213,-22.184154510498,-0.0135849211364985,0.0597143882187083
0.614098429679871,-22.1865062713623,-0.0152327790856361,0.0596870875451714
0.869924783706665,-22.1883640289307,-0.0137331234291196,0.0596003704704344
1.12574005126953,-22.1901073455811,-0.0119773950427771,0.0594746500719339
1.38180446624756,-22.1921825408936,-0.0110982861369848,0.0592131596058607
1.63803601264954,-22.1943912506104,-0.0107400016859174,0.0588105022907257
1.89417374134064,-22.196460723877,-0.00975228287279606,0.0584177104756236
2.15056037902832,-22.1985111236572,-0.00966730527579784,0.0580717455595732
2.40718698501587,-22.2005863189697,-0.0104341385886073,0.05763465736527
2.6636860370636,-22.2025585174561,-0.0104162478819489,0.0571651461068541
2.91975378990173,-22.2042140960693,-0.00828505400568247,0.0566089877393097
-2.20278215408325,-22.4119625091553,0.0121934963390231,0.0570140713825822
-1.94684863090515,-22.414098739624,0.0107178837060928,0.05727628339082
-1.69058156013489,-22.4165897369385,0.00796793960034847,0.0575839093653485
-1.43416547775269,-22.4191570281982,0.00477663148194551,0.0578950134804472
-1.17779159545898,-22.4216651916504,0.00201406911946833,0.0582025389012415
-0.921601831912994,-22.4239540100098,0.000315691315336153,0.0584613355822512
-0.665631651878357,-22.4259338378906,-0.000172115076566115,0.0586050372367026
-0.409336060285568,-22.4280033111572,-0.00191475241445005,0.0586205627769232
-0.15245009958744,-22.4304294586182,-0.0060897758230567,0.0585568500682712
0.10475692152977,-22.4331455230713,-0.0114579182118177,0.0585500556044281
0.362074017524719,-22.4358730316162,-0.0170796122401953,0.058616665774025
0.618855714797974,-22.4383411407471,-0.0200448054820299,0.0586350259836763
0.874543130397797,-22.4402179718018,-0.0178680382668972,0.0585942764300853
1.1299569606781,-22.4417915344238,-0.0142687214538455,0.0584380329819396
1.38574171066284,-22.4437255859375,-0.0121006155386567,0.0581842235988006
1.64182758331299,-22.4459018707275,-0.0110520552843809,0.0577934628818184
1.89820730686188,-22.4480972290039,-0.0111061129719019,0.0573484260821715
2.15469861030579,-22.4502716064453,-0.0114407744258642,0.0569522525183856
2.41074299812317,-22.4519557952881,-0.00960058532655239,0.0564479619497433
2.66692781448364,-22.4539623260498,-0.00814076326787472,0.0559651725925505
2.92235231399536,-22.4552707672119,-0.00314305629581213,0.055391296686139
3.17949080467224,-22.4572429656982,-0.00551505340263247,0.0549161956878379
-2.19931077957153,-22.6628246307373,0.0127606736496091,0.0558373017702252
-1.94371271133423,-22.6648788452148,0.0128698237240314,0.0561115420423448
-1.68724513053894,-22.6675491333008,0.00923964288085699,0.0564243799308315
-1.43060541152954,-22.6701545715332,0.00505028059706092,0.0567338720429689
-1.17402756214142,-22.6727695465088,0.0013927489053458,0.0570077691227198
-0.917752802371979,-22.6751346588135,-0.00065294373780489,0.0573098767199554
-0.661804020404816,-22.6771125793457,-0.00100586912594736,0.0574953624745831
-0.40565213561058,-22.6791515350342,-0.00205609598197043,0.0575592591194436
-0.149049788713455,-22.6814727783203,-0.00490877218544483,0.0575612999746227
0.108275629580021,-22.6841621398926,-0.0107884323224425,0.0575661579787266
0.366324633359909,-22.6872081756592,-0.0196798201650381,0.0574752858956344
0.623494505882263,-22.6897735595703,-0.0243606343865395,0.0574044709792361
0.879104018211365,-22.6918678283691,-0.0217638108879328,0.0573404029710218
1.13394498825073,-22.6934146881104,-0.0155299622565508,0.0572269296390004
1.38934338092804,-22.6951599121094,-0.0115975327789783,0.057000023953151
1.64534199237823,-22.6972179412842,-0.0101340329274535,0.0566714846645482
1.90190947055817,-22.6994972229004,-0.010991976596415,0.0562942535034381
2.15841007232666,-22.7017688751221,-0.0113251330330968,0.0558789260685444
2.41419553756714,-22.7033576965332,-0.00829862244427204,0.0553702381439507
2.66996479034424,-22.7051906585693,-0.00496596237644553,0.0549038906756323
2.92543888092041,-22.706470489502,-0.000166295722010545,0.0543635765643558
3.1826057434082,-22.7084808349609,-0.00263238721527159,0.0539722935482132
-2.45094847679138,-22.9122047424316,0.0111920703202486,0.0537136008497328
-2.19573020935059,-22.9139232635498,0.012843506410718,0.0545764837879688
-1.94031631946564,-22.915885925293,0.0138330198824406,0.0549143739044666
-1.68375170230865,-22.9185619354248,0.00978770945221186,0.0552497028838843
-1.42717456817627,-22.9211521148682,0.00592048978433013,0.0555087609682232
-1.17049205303192,-22.9238166809082,0.00181805121246725,0.0557718093041331
-0.913748919963837,-22.926399230957,-0.00232765078544617,0.0560633669374511
-0.657377004623413,-22.9285774230957,-0.00456584990024567,0.0562708972720429
-0.401043117046356,-22.9306602478027,-0.00640404038131237,0.0564161908696406
-0.144741609692574,-22.9329280853271,-0.00784134306013584,0.0564816442201845
0.112243838608265,-22.9354133605957,-0.0121485618874431,0.0564687736914493
0.370274394750595,-22.9385547637939,-0.0209081713110209,0.0562959729140857
0.627623379230499,-22.9412021636963,-0.0263581238687038,0.0561275774234673
0.883175492286682,-22.9432601928711,-0.0234656240791082,0.0560531918454217
1.13758492469788,-22.9446907043457,-0.0152505096048117,0.0559658217389369
1.3928724527359,-22.9463577270508,-0.0107913492247462,0.0557759683306358
1.64906215667725,-22.948392868042,-0.0101590789854527,0.0555363567918903
1.90565729141235,-22.95068359375,-0.0111058121547103,0.0552335503125505
2.16189432144165,-22.9529266357422,-0.0102229509502649,0.0548350221688452
2.41762185096741,-22.9546871185303,-0.00688745127990842,0.0543187126750126
2.67354154586792,-22.9563426971436,-0.00421471055597067,0.0538217412540689
2.92911505699158,-22.9579925537109,0.000213539155083708,0.0532597056007944
3.18606376647949,-22.9600868225098,-0.00123863050248474,0.0527209100546315
3.44289016723633,-22.962230682373,-0.00191578292287886,0.0516853133449331
-2.44720530509949,-23.1633682250977,0.0104861613363028,0.0527086155489087
-2.19177508354187,-23.1653118133545,0.0112109435722232,0.0534138972871006
-1.93632709980011,-23.1673030853271,0.012084661051631,0.0537993351463228
-1.67973852157593,-23.1699733734131,0.00796692445874214,0.0541220076847821
-1.42332422733307,-23.1724681854248,0.0048821191303432,0.0543963462114334
-1.1665745973587,-23.175142288208,0.000508752767927945,0.0547124713193625
-0.909696102142334,-23.1777458190918,-0.0042206053622067,0.0549850268289447
-0.653146982192993,-23.1800289154053,-0.00722319725900888,0.0551159379538149
-0.396682322025299,-23.1821937561035,-0.00961204618215561,0.0552211091853678
-0.140568435192108,-23.1844444274902,-0.0101505201309919,0.0553183819865808
0.116100981831551,-23.1869239807129,-0.0129748219624162,0.0552721632411703
0.373634666204453,-23.1898059844971,-0.0194602478295565,0.0550435377517715
0.630761742591858,-23.192346572876,-0.0238801892846823,0.054917210014537
0.886480867862701,-23.1944370269775,-0.0217125006020069,0.0549002154148184
1.14122653007507,-23.1959896087646,-0.0149766784161329,0.0548420970444568
1.3967570066452,-23.1977157592773,-0.011575099080801,0.0546024857321754
1.65308439731598,-23.1997222900391,-0.0115317078307271,0.054361943854019
1.90960884094238,-23.2019386291504,-0.0121306013315916,0.0541234788252041
2.1657862663269,-23.2042598724365,-0.0109339552000165,0.0537251245696098
2.42157793045044,-23.2062206268311,-0.00782849360257387,0.053217556909658
2.67752003669739,-23.2080726623535,-0.00519925775006413,0.0527303660055622
2.93355512619019,-23.2099952697754,-0.00276783667504787,0.0521379943238571
3.19052600860596,-23.2122917175293,-0.00425688643008471,0.0515582924708724
3.4477972984314,-23.2146987915039,-0.00684501649811864,0.0506916454760358
-2.69745016098022,-23.4129695892334,0.00253829639405012,0.0510340351611376
-2.44267559051514,-23.4149913787842,0.00615599472075701,0.0515487138181925
-2.18712878227234,-23.4171314239502,0.00640475749969482,0.0521859931759536
-1.93139433860779,-23.4192886352539,0.00601128581911325,0.0526020904071629
-1.67551910877228,-23.4215297698975,0.0052035553380847,0.0530396478716284
-1.41904139518738,-23.4240303039551,0.00186744914390147,0.0533791489433497
-1.16229724884033,-23.4266300201416,-0.00244685774669051,0.053752300562337
-0.905714809894562,-23.4291114807129,-0.00578342797234654,0.0539559992030263
-0.649653553962708,-23.4312534332275,-0.00651964591816068,0.0540342358872294
-0.393718540668488,-23.4332733154297,-0.0064605725929141,0.0540859051980078
-0.137701451778412,-23.4354801177979,-0.00653159664943814,0.0541373244486749
0.118943423032761,-23.4380722045898,-0.00920457392930984,0.0540640578838065
0.376157730817795,-23.44091796875,-0.014210557565093,0.0539038610877469
0.632986783981323,-23.4433116912842,-0.0172657500952482,0.053851657314226
0.889002084732056,-23.4453277587891,-0.0164297632873058,0.0538716880837455
1.14466619491577,-23.4472255706787,-0.0137948635965586,0.0538395590847358
1.40073704719543,-23.4491348266602,-0.0127850072458386,0.0536058261059225
1.65702617168427,-23.4511909484863,-0.0125260436907411,0.0533148295944557
1.91352796554565,-23.4533748626709,-0.01298962906003,0.0530222600791603
2.16980981826782,-23.4556903839111,-0.0122267324477434,0.0525940525112674
2.42589044570923,-23.4578495025635,-0.0103593217208982,0.0521210483275354
2.68188667297363,-23.4598846435547,-0.0079122195020318,0.051659909193404
2.93849039077759,-23.46217918396,-0.00794159341603518,0.0510627226904035
3.19526171684265,-23.4645900726318,-0.00848335586488247,0.0505132433027029
3.45221447944641,-23.4668273925781,-0.00962857808917761,0.0497318708803505
3.70799708366394,-23.4683666229248,-0.00542789325118065,0.0488240311387926
-2.69390773773193,-23.6642742156982,0.00274249538779259,0.0499996519647539
-2.4386465549469,-23.6664409637451,0.00414120592176914,0.0504448735155165
-2.18277430534363,-23.6687870025635,0.0029377993196249,0.0509754414670169
-1.92712080478668,-23.6708831787109,0.00295718759298325,0.0514420121908188
-1.67081892490387,-23.6733741760254,0.000240336084971204,0.051879380363971
-1.41433250904083,-23.6758575439453,-0.00309174857102334,0.0522905895486474
-1.15794396400452,-23.6782722473145,-0.00573782902210951,0.052646902622655
-0.902045726776123,-23.6804103851318,-0.00591665785759687,0.0528542406391352
-0.646614670753479,-23.6822853088379,-0.00374788022600114,0.0529873934574425
-0.391053199768066,-23.684196472168,-0.0019570398144424,0.0531171597540379
-0.135150566697121,-23.6863689422607,-0.00148188008461148,0.0531584147829562
0.121465496718884,-23.689001083374,-0.0039942660368979,0.0530585900414735
0.378546863794327,-23.691801071167,-0.00837466772645712,0.0529431586619467
0.635392189025879,-23.6942310333252,-0.0114772403612733,0.0529448082670569
0.891831576824188,-23.6963958740234,-0.0125281848013401,0.0528909938875586
1.14849030971527,-23.6987285614014,-0.0143267763778567,0.0527940173633397
1.40482842922211,-23.7007865905762,-0.0144740398973227,0.0526179797016084
1.66080224514008,-23.7027168273926,-0.0127667840570211,0.0523352620657533
1.91709423065186,-23.7048416137695,-0.0122564323246479,0.0519892806187272
2.17376399040222,-23.7072067260742,-0.0131985368207097,0.0515423552133143
2.43017578125,-23.7095279693604,-0.0127614121884108,0.0511091181542724
2.68629360198975,-23.7117328643799,-0.0108014475554228,0.0506790452636778
2.94280123710632,-23.7140960693359,-0.0103527409955859,0.0501035305205733
3.19958305358887,-23.7164001464844,-0.0109134437516332,0.0495364598464221
3.45609474182129,-23.7183246612549,-0.0100900633260608,0.0487984977662563
3.71179103851318,-23.7196273803711,-0.00549519946798682,0.0479716593399644
-2.943922996521,-23.9146041870117,-0.00612149201333523,0.0481377956457436
-2.69030237197876,-23.9156074523926,0.00265259225852787,0.0489383819513023
-2.43513894081116,-23.9176197052002,0.00452841306105256,0.0494251912459731
-2.17933797836304,-23.9198551177979,0.00367969158105552,0.0498494114726782
-1.92326283454895,-23.9222736358643,0.0018092259997502,0.0502756964415312
-1.66669595241547,-23.9248523712158,-0.0020881425589323,0.0506556099280715
-1.41041338443756,-23.927116394043,-0.00445991707965732,0.0510749090462923
-1.15455389022827,-23.9291973114014,-0.00466021848842502,0.0513861044310033
-0.898943543434143,-23.931266784668,-0.0034864186309278,0.0516671976074576
-0.643278360366821,-23.9334201812744,-0.00233406759798527,0.0519579285755754
-0.387557119131088,-23.9355278015137,-0.00122238195035607,0.0521897384896874
-0.131792843341827,-23.9376392364502,-8.64136309246533e-05,0.0522634768858552
0.124442309141159,-23.940055847168,-0.000848672643769532,0.052186784800142
0.381201088428497,-23.9426708221436,-0.00374927208758891,0.0521066978108138
0.638065695762634,-23.9451351165771,-0.00691048894077539,0.0520395520143211
0.894844055175781,-23.9474868774414,-0.00945512857288122,0.0518657348584384
1.15198922157288,-23.9500617980957,-0.01340351998806,0.051721969852224
1.40836977958679,-23.9522285461426,-0.0136977639049292,0.0515778146218508
1.66446053981781,-23.9543342590332,-0.012466236948967,0.0513030281290412
1.9207204580307,-23.9565238952637,-0.0117701152339578,0.0509286071173847
2.17745566368103,-23.9588718414307,-0.0129736196249723,0.050522752571851
2.43398141860962,-23.9611053466797,-0.0130233857780695,0.0501352134160697
2.69029307365417,-23.9633235931396,-0.0118936123326421,0.0497210149187595
2.94685697555542,-23.9656314849854,-0.0116650816053152,0.0491519120987505
3.20329022407532,-23.9676837921143,-0.0106617286801338,0.0484656544867903
3.45990705490112,-23.9696311950684,-0.0102685457095504,0.0478426206391305
3.7159857749939,-23.9711952209473,-0.00730888592079282,0.047076647169888
3.9729528427124,-23.973388671875,-0.00801123306155205,0.0462785107083619
-2.94151544570923,-24.1648826599121,-0.000750481383875012,0.0471563078463078
-2.68722796440125,-24.1664142608643,0.00498712435364723,0.0478858258575201
-2.43211770057678,-24.1684017181396,0.00714003900066018,0.0484264427796006
-2.17618608474731,-24.1707706451416,0.00572778098285198,0.0488690761849284
-1.92013871669769,-24.1731872558594,0.0040181577205658,0.0492560281418264
-1.66363966464996,-24.175724029541,0.000462302123196423,0.0495608248747885
-1.40742897987366,-24.177942276001,-0.00155101635027677,0.0499241030775011
-1.1515885591507,-24.1800174713135,-0.00163451908156276,0.0502547859214246
-0.895760118961334,-24.1821842193604,-0.00142568699084222,0.0505887875333428
-0.639445066452026,-24.184720993042,-0.00318875955417752,0.0509471953846514
-0.383163005113602,-24.1871376037598,-0.004579849075526,0.0511999758891761
-0.127448543906212,-24.189266204834,-0.00317117874510586,0.0512621463276446
0.128410831093788,-24.1914291381836,-0.0022015196736902,0.051214246544987
0.384711503982544,-24.1937980651855,-0.00300106615759432,0.0511830558534712
0.641379833221436,-24.1962127685547,-0.00524117751047015,0.0510688470676541
0.898305594921112,-24.1987133026123,-0.00840701349079609,0.0508718143682927
1.15572440624237,-24.2015132904053,-0.0135382870212197,0.0507184565067291
1.41212701797485,-24.2038459777832,-0.0138789527118206,0.0505373324267566
1.6681877374649,-24.2060165405273,-0.0124693736433983,0.0502558911684901
1.92428410053253,-24.208137512207,-0.0110087282955647,0.0498716540168971
2.18084907531738,-24.2104091644287,-0.0114224664866924,0.0495173474773765
2.43730449676514,-24.2125663757324,-0.0111322123557329,0.0491654495708644
2.69377779960632,-24.214750289917,-0.0106990877538919,0.0486963028088212
2.95044350624084,-24.2169895172119,-0.0109001817181706,0.0481258714571595
3.20701169967651,-24.2191696166992,-0.010450673289597,0.0475326972082257
3.4637131690979,-24.2212677001953,-0.0103841871023178,0.0468715596944094
3.72026896476746,-24.2232704162598,-0.00946060102432966,0.0461392416618764
3.9774866104126,-24.2257671356201,-0.0112013295292854,0.0452956226654351
-3.1961874961853,-24.4119739532471,0.0119926342740655,0.0454287156462669
-2.93945384025574,-24.4150199890137,0.00622352957725525,0.0461515597999096
-2.68436741828918,-24.4170551300049,0.00830169394612312,0.0468230051919818
-2.42859435081482,-24.4194202423096,0.00743077136576176,0.0473631098866463
-2.17324495315552,-24.4215221405029,0.00873804837465286,0.0478575946763158
-1.91726231575012,-24.4239521026611,0.00736010260879993,0.0482033677399158
-1.66091895103455,-24.4264965057373,0.00455613620579243,0.0485178004018962
-1.40455424785614,-24.4288597106934,0.00187313579954207,0.0489286482334137
-1.14848351478577,-24.4310665130615,0.000769059697631747,0.0493123349733651
-0.892343878746033,-24.4334049224854,-0.00040665635606274,0.0496325604617596
-0.635659754276276,-24.4361667633057,-0.00380857428535819,0.0499190227128565
-0.37900373339653,-24.4387588500977,-0.00685971090570092,0.0501407221890986
-0.123120687901974,-24.4409866333008,-0.00617174850776792,0.0501520419493318
0.132818326354027,-24.4431610107422,-0.00552274705842137,0.0501062935218215
0.389007091522217,-24.4454250335693,-0.00578077184036374,0.0501051573082805
0.645614862442017,-24.4478034973145,-0.00770760141313076,0.0500580626539886
0.902575969696045,-24.4503612518311,-0.0109874913468957,0.0499091437086463
1.15966176986694,-24.4530372619629,-0.0145825343206525,0.049695321591571
1.41567516326904,-24.4553375244141,-0.0131284045055509,0.0493895132094622
1.67155969142914,-24.4573783874512,-0.0109039908275008,0.0491170715540648
1.92759573459625,-24.4594345092773,-0.0091464351862669,0.0488334074616432
2.1841676235199,-24.4617385864258,-0.00955608859658241,0.0485592186450958
2.44079208374023,-24.4640579223633,-0.00997542589902878,0.0482294694520533
2.69750618934631,-24.466423034668,-0.0105679547414184,0.0477469745092094
2.95420527458191,-24.4687042236328,-0.0108777033165097,0.0471790828742087
3.21076655387878,-24.4709167480469,-0.0103591354563832,0.0466211969032884
3.46733570098877,-24.4730834960938,-0.00966163258999586,0.0459599015302956
3.72386813163757,-24.475170135498,-0.0085914134979248,0.045269921887666
3.98097586631775,-24.4775924682617,-0.00981982424855232,0.0444278637878597
4.2376971244812,-24.4800415039062,-0.00911166239529848,0.0436484571546316
-3.19260096549988,-24.662956237793,0.0118709905073047,0.0446026409044862
-2.93649911880493,-24.6657218933105,0.00906985625624657,0.0452688354998827
-2.68105006217957,-24.6680030822754,0.00950962118804455,0.0458759004250169
-2.42546153068542,-24.6703319549561,0.0095312288030982,0.0464155729860067
-2.16987347602844,-24.6725807189941,0.00977470632642508,0.0469035347923636
-1.91401767730713,-24.6749858856201,0.00901773944497108,0.0472434042021632
-1.65791833400726,-24.6774768829346,0.00737234530970454,0.0476236855611205
-1.40154492855072,-24.6799507141113,0.00469149043783545,0.0480695585720241
-1.14511358737946,-24.6823825836182,0.00197738874703646,0.0484838536940515
-0.888707160949707,-24.6848564147949,-0.000379646779038012,0.0487270602025092
-0.632189691066742,-24.6874008178711,-0.00300308945588768,0.0489055761136115
-0.375667005777359,-24.689977645874,-0.00540968403220177,0.049027522560209
-0.11948025226593,-24.6923141479492,-0.00606778217479587,0.0489585367031395
0.13684569299221,-24.6947116851807,-0.00712739443406463,0.0489144832827151
0.393326044082642,-24.6971244812012,-0.00866004545241594,0.0489328079856932
0.650066494941711,-24.6996250152588,-0.0111359870061278,0.0489623127505183
0.906882584095001,-24.7021160125732,-0.0137216104194522,0.0488802576437593
1.16328740119934,-24.7045230865479,-0.0142176887020469,0.0486251879483461
1.418989777565,-24.706636428833,-0.0113425562158227,0.0483067906461656
1.6747989654541,-24.7086353302002,-0.00875015184283257,0.0481192031875253
1.93107604980469,-24.7107944488525,-0.00803649984300137,0.0479149520397186
2.1878809928894,-24.7131481170654,-0.00945490878075361,0.047678588423878
2.44481992721558,-24.7156925201416,-0.0112257339060307,0.0473331506364048
2.70152735710144,-24.7182025909424,-0.0117348190397024,0.0468701119534671
2.95786714553833,-24.720458984375,-0.0104053486138582,0.0463302712887526
3.21416997909546,-24.722620010376,-0.00870460364967585,0.0457976767793298
3.47080874443054,-24.7247180938721,-0.00829267594963312,0.0451385886408389
3.72735834121704,-24.7267837524414,-0.00726891867816448,0.0445093349553645
3.98456478118896,-24.729190826416,-0.0089027788490057,0.0436786976642907
4.24170446395874,-24.731761932373,-0.00999828148633242,0.0429252074100077
-3.44301795959473,-24.9124698638916,0.00501820538192987,0.0427706856280565
-3.18870902061462,-24.9142990112305,0.010351081378758,0.0436445632949471
-2.93300151824951,-24.9168758392334,0.00941769685596228,0.0443619163706899
-2.67731332778931,-24.9193115234375,0.00879246182739735,0.0449404623359442
-2.42175364494324,-24.9216365814209,0.00898698996752501,0.0454779416322708
-2.16603755950928,-24.9239826202393,0.00868256390094757,0.0459376219660044
-1.91033923625946,-24.9263191223145,0.00869002193212509,0.0463319327682257
-1.65450263023376,-24.9286785125732,0.008286377415061,0.046822614967823
-1.39831697940826,-24.9311618804932,0.0065095373429358,0.0473059429787099
-1.14177179336548,-24.933687210083,0.00331193534657359,0.0476653031073511
-0.88507080078125,-24.9362983703613,-0.000353815266862512,0.0478356415405869
-0.628655672073364,-24.9387912750244,-0.00247604912146926,0.0479456470347941
-0.372462242841721,-24.9411907196045,-0.00335574429482222,0.0480146901682019
-0.116251617670059,-24.9435596466064,-0.00408807350322604,0.0479297651909292
0.140269741415977,-24.9460868835449,-0.00599471665918827,0.0478850286453962
0.39719420671463,-24.94873046875,-0.00949428789317608,0.0478800088167191
0.654115319252014,-24.9513721466064,-0.0127395587041974,0.047900278121233
0.910438060760498,-24.9537124633789,-0.0130616687238216,0.0478206598199904
1.16635179519653,-24.9558811187744,-0.01132323872298,0.0476195178925991
1.42198348045349,-24.9578247070312,-0.00811652187258005,0.0474178129807115
1.6781975030899,-24.9600582122803,-0.00729779480025172,0.0472672507166862
1.93507051467896,-24.9625377655029,-0.00920110940933228,0.047031233087182
2.1919732093811,-24.9649677276611,-0.0110122933983803,0.046758521348238
2.44893383979797,-24.9675178527832,-0.0128417639061809,0.0463948836550117
2.70546507835388,-24.9699420928955,-0.0125322267413139,0.0459300861693919
2.96166586875916,-24.9721508026123,-0.0105493729934096,0.0454618013463914
3.21779823303223,-24.9741516113281,-0.00806975364685059,0.0450006765313447
3.4743709564209,-24.9761848449707,-0.00733645912259817,0.0443593198433518
3.7315776348114,-24.978645324707,-0.00915453117340803,0.0436160140670836
3.98860502243042,-24.9810161590576,-0.0099610248580575,0.0428731036372483
4.24594974517822,-24.9837760925293,-0.0119038596749306,0.0420872545801103
4.50307512283325,-24.9864673614502,-0.0126608954742551,0.0412236670963466
-3.43992877006531,-25.1635093688965,0.00719855725765228,0.0419142739847302
-3.18528389930725,-25.1654682159424,0.0110012926161289,0.0427211737260222
-2.92961430549622,-25.1680335998535,0.0102808885276318,0.0434529604390264
-2.67372488975525,-25.1705760955811,0.00876147858798504,0.0440443838015199
-2.41787123680115,-25.1731052398682,0.00764389848336577,0.0445736786350608
-2.16210412979126,-25.1754131317139,0.00713771861046553,0.0450101541355252
-1.90646719932556,-25.1776390075684,0.00745808333158493,0.0454911980777979
-1.65070199966431,-25.1799507141113,0.00741987908259034,0.0460411934182048
-1.39453864097595,-25.1824779510498,0.00579002127051353,0.0464855972677469
-1.1380922794342,-25.1850337982178,0.00309004355221987,0.0467854575254023
-0.881054222583771,-25.1877632141113,-0.00207981979474425,0.0469637531787157
-0.624594449996948,-25.1903343200684,-0.00435860035941005,0.0470595215447247
-0.368918299674988,-25.1925582885742,-0.00284280651248991,0.0470828446559608
-0.113066345453262,-25.1947937011719,-0.00191170419566333,0.0470614861696959
0.14331442117691,-25.1973114013672,-0.00314525188878179,0.0470541333779693
0.400419980287552,-25.200122833252,-0.00742248864844441,0.047016997821629
0.657119452953339,-25.202730178833,-0.00963075459003448,0.0469666556455195
0.913232445716858,-25.2049808502197,-0.00898039620369673,0.0469018421135843
1.16894423961639,-25.2069892883301,-0.00631620734930038,0.0467653451487422
1.42485308647156,-25.2090072631836,-0.00433035753667355,0.0465932744555175
1.68167948722839,-25.2115726470947,-0.00621161470189691,0.0463978038169444
1.93879389762878,-25.2142524719238,-0.00914706103503704,0.0461100349202752
2.19556379318237,-25.2166366577148,-0.0103307943791151,0.0457868380472064
2.45223951339722,-25.2189979553223,-0.010868551209569,0.0454455805011094
2.70884728431702,-25.2213802337646,-0.0108741261065006,0.0450352509506047
2.96554851531982,-25.2237720489502,-0.0110747553408146,0.0446144505403936
3.22201466560364,-25.2258834838867,-0.0100356694310904,0.0441200393252075
3.47853374481201,-25.2280311584473,-0.00901199970394373,0.0435075685381889
3.73564887046814,-25.2305450439453,-0.0103783793747425,0.0427834670990705
3.99265575408936,-25.2329921722412,-0.0110463127493858,0.0420464780181646
4.24978017807007,-25.2356662750244,-0.0119880344718695,0.0412841844372451
4.5065770149231,-25.2381324768066,-0.0112812528386712,0.040461347438395
-3.69136500358582,-25.4127712249756,0.00521200196817517,0.0403915196657181
-3.43668532371521,-25.4146289825439,0.0086596142500639,0.0411083158105612
-3.181973695755,-25.4165496826172,0.0121782263740897,0.0418776171281934
-2.92624402046204,-25.4190139770508,0.0112008787691593,0.0425664316862822
-2.67041516304016,-25.4216156005859,0.0100065004080534,0.0431920010596514
-2.41432809829712,-25.4242858886719,0.00784932728856802,0.0436848308891058
-2.15844416618347,-25.4266910552979,0.00684686657041311,0.0441049626097083
-1.90265369415283,-25.4289951324463,0.00650005135685205,0.0446197055280209
-1.64662671089172,-25.4314804077148,0.00530507788062096,0.0452197641134262
-1.39021265506744,-25.4341735839844,0.00257476279512048,0.0456281658262014
-1.13360869884491,-25.4368419647217,-0.00079705158714205,0.0458983043208718
-0.876443684101105,-25.4397144317627,-0.00649161590263247,0.046077648177743
-0.620297014713287,-25.4420604705811,-0.00730897905305028,0.0461663603782654
-0.3651322722435,-25.4440269470215,-0.00343124382197857,0.0461613330990076
-0.109731160104275,-25.4461059570312,-0.000414640293456614,0.046199310105294
0.146388992667198,-25.4485397338867,-0.000432623899541795,0.046275282278657
0.403203338384628,-25.4512252807617,-0.00336484098806977,0.0462432205677032
0.659624040126801,-25.4537467956543,-0.00428593112155795,0.0461731110699475
0.915808618068695,-25.4560508728027,-0.00392975332215428,0.0461012800224125
1.17177820205688,-25.4581756591797,-0.00239612115547061,0.0459752310998738
1.42815136909485,-25.4604206085205,-0.00245773396454751,0.0457894438877702
1.68523919582367,-25.4631538391113,-0.00546911079436541,0.045533858705312
1.94230949878693,-25.4658679962158,-0.00816727709025145,0.0452301371842623
2.19902944564819,-25.4682941436768,-0.00908845104277134,0.0448846281506121
2.4554271697998,-25.4706516265869,-0.00834494736045599,0.0445341630838811
2.71200156211853,-25.4729537963867,-0.00817981921136379,0.0441547706723213
2.96900296211243,-25.4754638671875,-0.00967831257730722,0.0436934777535498
3.22603797912598,-25.4778423309326,-0.0111148664727807,0.0431345072574914
3.48289775848389,-25.4802360534668,-0.0115415118634701,0.0425380230881274
3.73976302146912,-25.4826641082764,-0.0117672616615891,0.0419566221535206
3.99655318260193,-25.4851188659668,-0.0114355655387044,0.0412618406116962
4.2530255317688,-25.4873027801514,-0.00950797647237778,0.0405492456629872
4.5093240737915,-25.4894180297852,-0.00660890759900212,0.0397528447210789
4.76482343673706,-25.4909400939941,-4.48142527602613e-05,0.0389788597822189
-3.68861961364746,-25.6634616851807,0.00893589481711388,0.0397240817546844
-3.43369078636169,-25.6655387878418,0.0112649751827121,0.0403929790481925
-3.17882323265076,-25.6674995422363,0.0140880644321442,0.0411435859277844
-2.92306780815125,-25.6699810028076,0.0130252381786704,0.0418267324566841
-2.66725015640259,-25.6725273132324,0.0119112860411406,0.0424682116135955
-2.41110849380493,-25.6752128601074,0.00953385327011347,0.0429268712177873
-2.15517210960388,-25.6777229309082,0.00833240523934364,0.0433328468352556
-1.89932060241699,-25.680103302002,0.00774470390751958,0.0438135899603367
-1.64306783676147,-25.682710647583,0.00555114541202784,0.0443678488954902
-1.38621032238007,-25.6857414245605,0.000841702043544501,0.0447276504710317
-1.12913596630096,-25.6887531280518,-0.00462449342012405,0.0449937582015991
-0.872186660766602,-25.6915187835693,-0.00929198879748583,0.0452049570158124
-0.616370677947998,-25.6936531066895,-0.00856884755194187,0.0453041605651379
-0.361404985189438,-25.6955261230469,-0.00374837010167539,0.0453364867717028
-0.106203556060791,-25.6975078582764,0.000209878926398233,0.0454136114567518
0.150024071335793,-25.699987411499,-0.000259443331742659,0.0455146068707108
0.406777143478394,-25.7026920318604,-0.00287367613054812,0.0454999292269349
0.663064122200012,-25.705228805542,-0.00314893643371761,0.0453946245834231
0.919054567813873,-25.707483291626,-0.00188230536878109,0.0452795955352485
1.17521512508392,-25.7096939086914,-0.0011731986887753,0.0451358077116311
1.43186223506927,-25.7120723724365,-0.00242588901892304,0.0449220770969987
1.68881332874298,-25.7146835327148,-0.00479680998250842,0.0446798694320023
1.94567179679871,-25.7172718048096,-0.00651998817920685,0.0443885615095496
2.20272183418274,-25.7200126647949,-0.00885832216590643,0.0440579983405769
2.45941662788391,-25.722599029541,-0.0093864630907774,0.0436965664848685
2.71605658531189,-25.7250804901123,-0.00945738051086664,0.0433137626387179
2.97287797927856,-25.7274894714355,-0.0101241106167436,0.0428260182961822
3.23020505905151,-25.7300357818604,-0.0128073813393712,0.0422549406066537
3.48746800422668,-25.7326183319092,-0.0149690480902791,0.0417308253236115
3.74410009384155,-25.7349529266357,-0.0141256311908364,0.0412269006483257
4.00030422210693,-25.7370300292969,-0.0111969923600554,0.0405586063861847
4.25644207000732,-25.7390785217285,-0.00776819139719009,0.0398538187146187
4.51263523101807,-25.7411327362061,-0.00437807850539684,0.0390885733067989
4.76879453659058,-25.7431621551514,-0.000635296106338501,0.0383970243856311
-3.94151830673218,-25.9116497039795,0.0138521110638976,0.0384581424295902
-3.68621778488159,-25.9139766693115,0.014257375150919,0.0391127578914165
-3.43098020553589,-25.9162693023682,0.0151832504197955,0.0397501299157739
-3.17525291442871,-25.9187755584717,0.0140582481399179,0.0403960747644305
-2.91985082626343,-25.9209594726562,0.0146565288305283,0.0411140769720078
-2.66391634941101,-25.9235553741455,0.0130356969311833,0.0417447872459888
-2.40777897834778,-25.9262599945068,0.010716063901782,0.0422133505344391
-2.15192413330078,-25.9288387298584,0.00993766542524099,0.0426479717716575
-1.89618813991547,-25.9311943054199,0.00991815514862537,0.0431027235463262
-1.63997483253479,-25.9337539672852,0.00793472304940224,0.0435819644480944
-1.38279712200165,-25.9369430541992,0.00179251609370112,0.0438854116946459
-1.12534761428833,-25.9402256011963,-0.00534136965870857,0.0440836772322655
-0.868601143360138,-25.9428977966309,-0.00904543418437243,0.0442611649632454
-0.613039433956146,-25.944974899292,-0.0071227471344173,0.0444220304489136
-0.358047008514404,-25.9468669891357,-0.00238880817778409,0.0445680366829038
-0.102402716875076,-25.9490795135498,-0.000399896438466385,0.0446888478472829
0.154381409287453,-25.9517822265625,-0.0033506047911942,0.0447568129748106
0.411226660013199,-25.9546031951904,-0.00632950430735946,0.0447069359943271
0.667258381843567,-25.957088470459,-0.00540438806638122,0.044565724208951
0.922880053520203,-25.9592304229736,-0.00243320013396442,0.0444235769100487
1.17907202243805,-25.9615268707275,-0.00181952980346978,0.0442656865343451
1.43592607975006,-25.9640197753906,-0.00395804364234209,0.0440569762140512
1.69260013103485,-25.966438293457,-0.00506005994975567,0.0438468060456216
1.94915533065796,-25.9688053131104,-0.00540451752021909,0.043598061427474
2.20661544799805,-25.9717845916748,-0.00952593889087439,0.0432756375521421
2.46400141716003,-25.9747695922852,-0.0130754830315709,0.0428765551187098
2.7209005355835,-25.9774417877197,-0.0142408097162843,0.042479966301471
2.97728133201599,-25.9795627593994,-0.0129245994612575,0.0419853185303509
3.23455262184143,-25.9821605682373,-0.0153115401044488,0.0414946875534952
3.49213361740112,-25.9849529266357,-0.0188240371644497,0.041010501794517
3.74862313270569,-25.9872379302979,-0.0173087045550346,0.0404956061393023
4.00439882278442,-25.9890670776367,-0.0124643249437213,0.0398332672193646
4.26036167144775,-25.9910259246826,-0.00823234859853983,0.0391191057860851
4.5169095993042,-25.9933471679688,-0.00634243572130799,0.0384153947234154
4.7737021446228,-25.99582862854,-0.00529977586120367,0.0378034915775061
5.03117418289185,-25.9986705780029,-0.00699099665507674,0.0373184159398079
-3.93820691108704,-26.1624450683594,0.0148715311661363,0.0378312952816486
-3.68327283859253,-26.1647300720215,0.0170389283448458,0.0384827814996243
-3.42790842056274,-26.1671543121338,0.0174149945378304,0.039102079346776
-3.17208027839661,-26.1697540283203,0.0158598180860281,0.039738898165524
-2.91627240180969,-26.1722469329834,0.0146235236898065,0.0404060771688819
-2.6601939201355,-26.1749706268311,0.0123830484226346,0.0409774044528604
-2.4043071269989,-26.177562713623,0.0112594412639737,0.0414816215634346
-2.14861249923706,-26.1800174713135,0.0112504446879029,0.0419612042605877
-1.89281940460205,-26.1823844909668,0.0110014704987407,0.042390407063067
-1.63655126094818,-26.1850242614746,0.00880754739046097,0.0427634539082646
-1.37962675094604,-26.1881580352783,0.00386764411814511,0.0430134888738394
-1.12235343456268,-26.1913051605225,-0.00243519898504019,0.0431789709255099
-0.865670561790466,-26.1940879821777,-0.00580234406515956,0.0433315662667155
-0.609828352928162,-26.1963481903076,-0.00511929811909795,0.0435680756345391
-0.354198545217514,-26.1984672546387,-0.0032536294311285,0.0437649488449097
-0.0980201363563538,-26.2009582519531,-0.0036419800017029,0.0439048819243908
0.158802196383476,-26.2036762237549,-0.00672211265191436,0.0438711075112224
0.415483027696609,-26.2064571380615,-0.0089113786816597,0.0437686983495951
0.67122745513916,-26.2087650299072,-0.00665548630058765,0.0436385981738567
0.926791369915009,-26.2109260559082,-0.00338044436648488,0.0435558669269085
1.1828008890152,-26.2131900787354,-0.00190435315016657,0.0434556193649769
1.43963062763214,-26.2157402038574,-0.00389021984301507,0.0432980693876743
1.69627344608307,-26.218204498291,-0.00480965804308653,0.0431184452027082
1.95273208618164,-26.2205200195312,-0.00468832720071077,0.0428824750706553
2.210209608078,-26.2234840393066,-0.00885571446269751,0.0425350880250335
2.46803665161133,-26.2265396118164,-0.014340185560286,0.0420493809506297
2.72508955001831,-26.22926902771,-0.0161502417176962,0.0415705488994718
2.98138999938965,-26.2315044403076,-0.0144219836220145,0.0411483068019152
3.23867321014404,-26.2341575622559,-0.0168162304908037,0.0408034631982446
3.4963526725769,-26.2370586395264,-0.0207153223454952,0.0403530430048704
3.75304770469666,-26.2394180297852,-0.0200652275234461,0.0397580759599805
4.00875806808472,-26.2412490844727,-0.0148874996230006,0.0390820056200027
4.26486396789551,-26.2433929443359,-0.0112287160009146,0.0384235884994268
4.52180099487305,-26.2460403442383,-0.0109765604138374,0.0377643005922437
4.77877140045166,-26.2487716674805,-0.010645680129528,0.0372221590951085
5.03559732437134,-26.2513065338135,-0.00948073528707027,0.0366990687325597
5.29210233688354,-26.2533226013184,-0.00674933427944779,0.0360610270872712
-4.18844938278198,-26.4121417999268,0.00749902473762631,0.0364447478204966
-3.93427610397339,-26.4139823913574,0.0130417943000793,0.0372026115655899
-3.67949938774109,-26.4161987304688,0.0159863345324993,0.037849111482501
-3.4239022731781,-26.4186382293701,0.0153087479993701,0.038402589969337
-3.16834139823914,-26.421178817749,0.0150470063090324,0.0390395643189549
-2.9122519493103,-26.4238395690918,0.0125501984730363,0.0395922400057316
-2.65629076957703,-26.4265403747559,0.0108973598107696,0.0401136055588722
-2.40062165260315,-26.4290084838867,0.0108188660815358,0.0406282115727663
-2.14487433433533,-26.4314060211182,0.0105962678790092,0.0411581881344318
-1.88868987560272,-26.4340190887451,0.00859413761645555,0.0416038800030947
-1.63247442245483,-26.4366893768311,0.0066914432682097,0.0419160444289446
-1.37615191936493,-26.4395523071289,0.00455053290352225,0.0421569114550948
-1.11952900886536,-26.4424266815186,0.0012582935160026,0.0423317486420274
-0.863045334815979,-26.445125579834,-0.00117000937461853,0.0424737837165594
-0.606854200363159,-26.4476528167725,-0.00203495053574443,0.0427027866244316
-0.350563675165176,-26.4501628875732,-0.0031283930875361,0.0428548911586404
-0.0940029844641685,-26.4527492523193,-0.00522093800827861,0.0429343432188034
0.162622898817062,-26.4553203582764,-0.00737871415913105,0.0428571440279484
0.418947041034698,-26.4579372406006,-0.00792045053094625,0.0427476596087217
0.674639165401459,-26.4602832794189,-0.00538720656186342,0.04270373377949
0.930391311645508,-26.4625301361084,-0.00292351399548352,0.0426837205886841
1.18618905544281,-26.4647388458252,-0.000456880661658943,0.0426453426480293
1.442986369133,-26.4673290252686,-0.00225798995234072,0.0425802860409021
1.70006394386292,-26.4701519012451,-0.00506709609180689,0.0424582296982408
1.95679581165314,-26.4726524353027,-0.00611970108002424,0.0422095283865929
2.21370363235474,-26.4752140045166,-0.00772937852889299,0.0417430764064193
2.47098898887634,-26.4779796600342,-0.0107824048027396,0.041153384372592
2.72800421714783,-26.4806251525879,-0.0124023035168648,0.04064966365695
2.98455786705017,-26.483081817627,-0.0117521090433002,0.0403126003220677
3.24183082580566,-26.4857807159424,-0.0140649043023586,0.040055088698864
3.49930906295776,-26.4884948730469,-0.017059126868844,0.0396716548129916
3.75640535354614,-26.4909687042236,-0.0181490387767553,0.0390719929710031
4.0128345489502,-26.4932518005371,-0.0160763170570135,0.0383557109162211
4.26949787139893,-26.4959239959717,-0.0147862015292048,0.0377219310030341
4.52636671066284,-26.4986114501953,-0.0141848148778081,0.0371469827368855
4.78362321853638,-26.5014762878418,-0.0150562878698111,0.036611819639802
5.04030561447144,-26.5038394927979,-0.013232721015811,0.036044335924089
5.29720258712769,-26.5060253143311,-0.0121592991054058,0.0353871928527951
-4.44036912918091,-26.6611824035645,0.00813313759863377,0.0348567180335522
-4.18595504760742,-26.6632328033447,0.0123784076422453,0.0357956532388926
-3.93111371994019,-26.6653861999512,0.0148261468857527,0.0365991350263357
-3.67589807510376,-26.6677932739258,0.0157557893544436,0.0372555106878281
-3.42013621330261,-26.6702709197998,0.0143478466197848,0.0377600835636258
-3.16402387619019,-26.6730766296387,0.0115642100572586,0.0383272217586637
-2.90794897079468,-26.6756973266602,0.00917648710310459,0.0388118578121066
-2.65245676040649,-26.6781005859375,0.00973126664757729,0.0393303874880075
-2.39699482917786,-26.6804676055908,0.0106492135673761,0.0398326301947236
-2.14073777198792,-26.6831569671631,0.00812294706702232,0.0403099190443754
-1.88410687446594,-26.6860313415527,0.00411838758736849,0.0407183663919568
-1.62804460525513,-26.6886215209961,0.00296449288725853,0.0410497756674886
-1.37231922149658,-26.6911563873291,0.0035971871111542,0.0413622912019491
-1.1163911819458,-26.693790435791,0.00352929742075503,0.0415807692334056
-0.860181927680969,-26.6964340209961,0.00239299586974084,0.0417334670200944
-0.603829443454742,-26.6990242004395,0.000822520290967077,0.0418873317539692
-0.347266346216202,-26.7016296386719,-0.00148034130688757,0.0419497899711132
-0.090767003595829,-26.7042083740234,-0.00325862201862037,0.0419655675068498
0.165560364723206,-26.7067012786865,-0.0040271389298141,0.0418879445642233
0.42197448015213,-26.7093391418457,-0.00494669424369931,0.0418146634474397
0.678122520446777,-26.7118110656738,-0.00444456376135349,0.0418642405420542
0.934117794036865,-26.7142105102539,-0.00303341285325587,0.0418773889541626
1.18991661071777,-26.7164554595947,-0.000530437740962952,0.0418561557307839
1.44657039642334,-26.7191276550293,-0.00163522374350578,0.0417847419157624
1.70397818088531,-26.7222385406494,-0.00586850894615054,0.041652831248939
1.96105659008026,-26.7249927520752,-0.00841594021767378,0.0413880320265889
2.21749711036682,-26.727331161499,-0.0079064080491662,0.0409138258546591
2.47386860847473,-26.7295799255371,-0.00687781209126115,0.0403566928580403
2.7308087348938,-26.73219871521,-0.00813599769026041,0.0398633098229766
2.98787260055542,-26.7348556518555,-0.0097161578014493,0.0395159712061286
3.24524521827698,-26.7375450134277,-0.0124420030042529,0.0392754403874278
3.5024631023407,-26.7400951385498,-0.0142616285011172,0.0389285488054156
3.75943064689636,-26.7425289154053,-0.0147534031420946,0.0383723434060812
4.01630210876465,-26.7451591491699,-0.014573285356164,0.0376724172383547
4.27363348007202,-26.7481708526611,-0.0161671135574579,0.0370508246123791
4.53060913085938,-26.7509651184082,-0.0159855373203754,0.0365005005151033
4.787513256073,-26.7534999847412,-0.0153006929904222,0.0359469261020422
5.04526090621948,-26.7563552856445,-0.0180706325918436,0.035305823199451
5.30323171615601,-26.7591419219971,-0.0215992797166109,0.0346017051488161
5.56448793411255,-26.763557434082,-0.0391055792570114,0.0338315302506089
-4.43710470199585,-26.9126014709473,0.00935991480946541,0.0342579316347837
-4.18299293518066,-26.914436340332,0.0150486901402473,0.0351266469806433
-3.92816710472107,-26.9165897369385,0.0176046304404736,0.035940395668149
-3.67240142822266,-26.9190654754639,0.0159799754619598,0.0365558601915836
-3.41657614707947,-26.921781539917,0.0143375936895609,0.0371315907686949
-3.16005325317383,-26.9247665405273,0.00968483928591013,0.037630426697433
-2.90401077270508,-26.9273719787598,0.00748993596062064,0.0380743434652686
-2.64883637428284,-26.929500579834,0.0095429215580225,0.0386011190712452
-2.39337968826294,-26.9318943023682,0.0105281760916114,0.0391010120511055
-2.13697934150696,-26.9347629547119,0.00739259365946054,0.0395305221900344
-1.88026392459869,-26.9377365112305,0.00304606556892395,0.0399141991510987
-1.6244010925293,-26.9402618408203,0.00285096699371934,0.0402719751000404
-1.36857032775879,-26.9428958892822,0.00304556172341108,0.0406298907473683
-1.11264789104462,-26.9455089569092,0.00304042501375079,0.040879369713366
-0.85672652721405,-26.9480228424072,0.0032558455131948,0.0410456070676446
-0.600801587104797,-26.9503936767578,0.00366419786587358,0.0411499347537756
-0.344669967889786,-26.9527702331543,0.00334837194532156,0.0411865822970867
-0.0883442461490631,-26.9552955627441,0.00238718814216554,0.0411590728908777
0.168085843324661,-26.9579200744629,0.001189382863231,0.0410548783838749
0.424828588962555,-26.960750579834,-0.00118162564467639,0.0409878604114056
0.681597709655762,-26.9634952545166,-0.00344755314290524,0.0410419777035713
0.93795770406723,-26.9661254882812,-0.00363273941911757,0.0410567848011851
1.19392871856689,-26.9684352874756,-0.00186489580664784,0.0410203337669373
1.4503276348114,-26.9709720611572,-0.00179155729711056,0.0408930452540517
1.70773375034332,-26.9740772247314,-0.00597989140078425,0.0407006358727813
1.96498036384583,-26.9769096374512,-0.00923968572169542,0.0404230859130621
2.22117161750793,-26.9792594909668,-0.00756899593397975,0.0400253534317017
2.47731328010559,-26.9814777374268,-0.00547498278319836,0.039621863514185
2.73427987098694,-26.9841575622559,-0.00681134825572371,0.0392167493700981
2.99175477027893,-26.9869575500488,-0.0101787466555834,0.0387953268364072
3.24920988082886,-26.9896564483643,-0.0132333338260651,0.0384646151214838
3.50627660751343,-26.9922618865967,-0.0143350958824158,0.0381391020491719
3.76290822029114,-26.9946594238281,-0.0133016211912036,0.037625377997756
4.01950025558472,-26.9970664978027,-0.0118732927367091,0.0370023874565959
4.2768669128418,-26.9999313354492,-0.0136071210727096,0.0364140402525663
4.5342583656311,-27.0028018951416,-0.0152219319716096,0.0358298914507031
4.79184341430664,-27.0057353973389,-0.0174573864787817,0.0352402348071337
5.04968404769897,-27.0087146759033,-0.0205837767571211,0.0345176672562957
5.30785989761353,-27.0117111206055,-0.02494484372437,0.0338003300130367
5.56724691390991,-27.0151996612549,-0.0343213491141796,0.0330763645470142
-4.68751049041748,-27.1622428894043,0.00296214036643505,0.0329611506313086
-4.43339157104492,-27.1640472412109,0.00845124013721943,0.0336506441235542
-4.17942571640015,-27.1657657623291,0.0148624982684851,0.0344367772340775
-3.92443108558655,-27.1679096221924,0.0166581999510527,0.0351409316062927
-3.66936731338501,-27.1702098846436,0.0183671917766333,0.0358737763017416
-3.4133722782135,-27.1728534698486,0.0159516390413046,0.036466496065259
-3.15679550170898,-27.1757793426514,0.011073924601078,0.0369223039597273
-2.90065622329712,-27.1785373687744,0.00847917515784502,0.037334868684411
-2.64526534080505,-27.180871963501,0.00957997422665358,0.0378795331344008
-2.38978600502014,-27.1834278106689,0.0105153294280171,0.0384123967960477
-2.13355708122253,-27.186243057251,0.00821199640631676,0.0388290034607053
-1.87705814838409,-27.1890926361084,0.00489467522129416,0.0392086980864406
-1.6211348772049,-27.1916637420654,0.00445890519768,0.0395277459174395
-1.36485135555267,-27.19460105896,0.00262617086991668,0.039867932908237
-1.10857021808624,-27.1974487304688,0.00102942390367389,0.0401243325322866
-0.852766275405884,-27.1998500823975,0.00181570556014776,0.0403279094025493
-0.597532987594604,-27.2018146514893,0.00540194334462285,0.0404205787926912
-0.341844737529755,-27.204044342041,0.00714021595194936,0.0404595602303743
-0.0854338556528091,-27.2067108154297,0.00583444721996784,0.0404116669669747
0.171197086572647,-27.2094783782959,0.00376483355648816,0.0402722824364901
0.428230494260788,-27.2124633789062,0.000116941744636279,0.0402140766382217
0.685203969478607,-27.21533203125,-0.00303080398589373,0.0402391860261559
0.941722333431244,-27.2179985046387,-0.00389523571357131,0.0402215151116252
1.19779360294342,-27.2203788757324,-0.00253573106601834,0.0401471359655261
1.45398199558258,-27.2228012084961,-0.001483618398197,0.0400346722453833
1.71104943752289,-27.2257862091064,-0.0041194986552,0.0398139953613281
1.968101978302,-27.2285137176514,-0.00648239813745022,0.0395043380558491
2.22431683540344,-27.2308311462402,-0.00489034363999963,0.0392018565908074
2.48082041740417,-27.2332324981689,-0.0043691205792129,0.0389411300420761
2.73816990852356,-27.236083984375,-0.0073661282658577,0.0385856917127967
2.99572658538818,-27.2390098571777,-0.0110462792217731,0.0381340458989143
3.25301313400269,-27.2418079376221,-0.0132992900907993,0.0376943266019225
3.5100634098053,-27.2446346282959,-0.0142651861533523,0.0373389786109328
3.76650023460388,-27.246955871582,-0.0123369069769979,0.0368686290457845
4.02262878417969,-27.2489967346191,-0.00885933917015791,0.0363089982420206
4.27975749969482,-27.2515926361084,-0.0095390472561121,0.0357366511598229
4.53747940063477,-27.2545509338379,-0.0125747537240386,0.0351083660498261
4.79555606842041,-27.2577610015869,-0.0169153548777103,0.0344538604840636
5.05374956130981,-27.2609348297119,-0.0215329527854919,0.0337482672184706
5.31144428253174,-27.2637825012207,-0.0237613748759031,0.0330713633447886
5.56944704055786,-27.2665042877197,-0.0271241720765829,0.0324273547157645
5.82601499557495,-27.2685775756836,-0.0240518748760223,0.0318138701841235
-4.68433809280396,-27.4130611419678,0.00450773816555738,0.0325719621032476
-4.42980241775513,-27.4152126312256,0.00809260178357363,0.0331765012815595
-4.1756796836853,-27.4170379638672,0.0138139193877578,0.0338608790189028
-3.92090320587158,-27.4191722869873,0.0166839621961117,0.0345641672611237
-3.66594910621643,-27.4212799072266,0.0189279653131962,0.0352144055068493
-3.41018962860107,-27.4238128662109,0.0176483727991581,0.0357556398957968
-3.15406966209412,-27.4266052246094,0.0149387875571847,0.036199102178216
-2.89775919914246,-27.4295101165771,0.0115889245644212,0.0366192888468504
-2.64168643951416,-27.4322929382324,0.00958115234971046,0.0371655849739909
-2.38591027259827,-27.4349098205566,0.00917622167617083,0.0377247761934996
-2.12988018989563,-27.4377040863037,0.0078388936817646,0.0381416054442525
-1.87361264228821,-27.4405059814453,0.00563200563192368,0.0384845845401287
-1.61750638484955,-27.4432373046875,0.00440274178981781,0.0387418167665601
-1.36094856262207,-27.446325302124,0.00135536177549511,0.0390330450609326
-1.10442233085632,-27.4492740631104,-0.00132200366351753,0.0392800476402044
-0.848806321620941,-27.4515933990479,0.000365266139851883,0.0395124703645706
-0.593826830387115,-27.4534702301025,0.00515099847689271,0.0396202374249697
-0.33834570646286,-27.4556560516357,0.00787415727972984,0.0396524583920836
-0.0817754939198494,-27.4584503173828,0.00588919827714562,0.0395621713250875
0.175151064991951,-27.4613704681396,0.00252254656516016,0.0394508326426148
0.432417362928391,-27.464448928833,-0.00213736202567816,0.0394760696217418
0.689372420310974,-27.467212677002,-0.00517052551731467,0.0394707452505827
0.945659160614014,-27.4696884155273,-0.00496158981695771,0.0393823971971869
1.2014125585556,-27.4720458984375,-0.00212332885712385,0.0392960542812943
1.45719945430756,-27.4743576049805,0.000770783226471394,0.039212909527123
1.71383154392242,-27.4770908355713,0.000106435792986304,0.0390379559248686
1.9706164598465,-27.4796581268311,-0.0010394275886938,0.0387352034449577
2.22718954086304,-27.4821262359619,-0.0010163615224883,0.0384754380211234
2.48414945602417,-27.4848232269287,-0.00247990083880723,0.0382592184469104
2.74171853065491,-27.4878673553467,-0.00640606554225087,0.0379083389416337
2.99902439117432,-27.4908008575439,-0.00892864353954792,0.0374563010409474
3.25613617897034,-27.4936466217041,-0.0103628328070045,0.0369778014719486
3.513347864151,-27.4966449737549,-0.0119968401268125,0.0365669848397374
3.77004957199097,-27.499116897583,-0.0111954873427749,0.0360976597294211
4.02605724334717,-27.5010471343994,-0.00715914461761713,0.0355708077549934
4.28291320800781,-27.5034160614014,-0.00662441179156303,0.0350063564255834
4.54090785980225,-27.5065536499023,-0.0108128860592842,0.0343933599069715
4.79922580718994,-27.5099563598633,-0.0161606092005968,0.0337362224236131
5.05713701248169,-27.5129375457764,-0.0195244085043669,0.0331042120233178
5.31470489501953,-27.515718460083,-0.0211682878434658,0.0324300276115537
5.57219982147217,-27.5182857513428,-0.0222904700785875,0.0318235047161579
5.82956266403198,-27.5210857391357,-0.0225856807082891,0.0312161082401872
6.08780193328857,-27.5244293212891,-0.026423018425703,0.0306305577978492
-4.93908977508545,-27.6597232818604,0.0185809209942818,0.0315936617553234
-4.68194627761841,-27.6635875701904,0.00973114464432001,0.0321264006197453
-4.42665338516235,-27.6661758422852,0.00979742035269737,0.0327187729999423
-4.17182683944702,-27.6684341430664,0.0122691784054041,0.0333188297227025
-3.91718721389771,-27.6705169677734,0.0158232972025871,0.0339637529104948
-3.66235446929932,-27.6726226806641,0.0186829660087824,0.0345669537782669
-3.40697312355042,-27.6750450134277,0.0192127469927073,0.0350753292441368
-3.1510546207428,-27.6777591705322,0.0174764730036259,0.0355101302266121
-2.89451432228088,-27.6808032989502,0.0130984764546156,0.0359592400491238
-2.6379132270813,-27.6838893890381,0.00868899654597044,0.0364965628832579
-2.38188481330872,-27.6865997314453,0.00715795997530222,0.036995105445385
-2.12592601776123,-27.6893653869629,0.00619369791820645,0.037347761914134
-1.86972188949585,-27.6921997070312,0.0043271672911942,0.0376506205648184
-1.61330235004425,-27.6951351165771,0.0017088174354285,0.037936576642096
-1.356684923172,-27.6982326507568,-0.00156882067676634,0.0381973516196012
-1.10043525695801,-27.7009773254395,-0.00294627388939261,0.0383997540920973
-0.84484076499939,-27.7032871246338,-0.00111919967457652,0.0386069091036916
-0.589651167392731,-27.7053470611572,0.00276234676130116,0.0387312052771449
-0.334167420864105,-27.7075386047363,0.00551750743761659,0.03875982016325
-0.0777217373251915,-27.7103691101074,0.00415069423615932,0.0386763568967581
0.179342284798622,-27.713357925415,0.000205037125851959,0.0386455608531833
0.436623215675354,-27.7163391113281,-0.00448989309370518,0.0387438340112567
0.693411767482758,-27.7189331054688,-0.00674176914617419,0.0387636097148061
0.949381768703461,-27.7212257385254,-0.00507270125672221,0.0386639116331935
1.20484209060669,-27.7236709594727,-0.000855884805787355,0.038542659021914
1.46050238609314,-27.7260322570801,0.00265217944979668,0.038431997410953
1.71708142757416,-27.7287750244141,0.00226250686682761,0.0382220754399896
1.97388303279877,-27.7313404083252,0.00107408559415489,0.0379542456939816
2.2308406829834,-27.7340297698975,-0.00057396775810048,0.0376942800357938
2.48794221878052,-27.7368774414062,-0.00262024090625346,0.037442266009748
2.74526047706604,-27.7397766113281,-0.00540062459185719,0.0371278319507837
3.00218963623047,-27.7425880432129,-0.00621741823852062,0.036758828908205
3.2592191696167,-27.7454814910889,-0.00724677508696914,0.0363589692860842
3.51661086082458,-27.7485542297363,-0.00964256096631289,0.0358805144205689
3.77348923683167,-27.7511348724365,-0.00958141312003136,0.035346339456737
4.02980709075928,-27.7532215118408,-0.00686951819807291,0.0348250968381763
4.28648090362549,-27.7554473876953,-0.00550558790564537,0.0343058267608285
4.54444313049316,-27.7585124969482,-0.00952419359236956,0.0337516656145453
4.80270290374756,-27.7618312835693,-0.0145908482372761,0.0331506514921784
5.06041049957275,-27.764684677124,-0.0170375555753708,0.0325673008337617
5.31782722473145,-27.7674388885498,-0.0179882571101189,0.0319393072277308
5.57567691802979,-27.7704086303711,-0.0205884203314781,0.0313157821074128
5.83344984054565,-27.7734909057617,-0.0226100441068411,0.0307459337636828
6.09164667129517,-27.7767925262451,-0.0262283831834793,0.0302205663174391
-4.93591833114624,-27.9110851287842,0.020143723115325,0.031117869541049
-4.67929410934448,-27.9145450592041,0.0137596242129803,0.0316241215914488
-4.42363691329956,-27.9172878265381,0.0121449213474989,0.032222006469965
-4.1685357093811,-27.9196262359619,0.0133588695898652,0.0327907111495733
-3.91354393959045,-27.9219493865967,0.0153121780604124,0.0333924470469356
-3.65853953361511,-27.924280166626,0.0174291227012873,0.0339337009936571
-3.40310835838318,-27.9267807006836,0.0177759025245905,0.0344592463225126
-3.14709615707397,-27.9295806884766,0.0156520325690508,0.0349331106990576
-2.89056992530823,-27.9326763153076,0.0113906441256404,0.0353723149746656
-2.63403987884521,-27.9356822967529,0.00734686385840178,0.035814056172967
-2.37818384170532,-27.9382057189941,0.00664213299751282,0.036210173740983
-2.12240386009216,-27.940767288208,0.00652868859469891,0.0365164782851934
-1.86628866195679,-27.9435520172119,0.00510854506865144,0.0368014937266707
-1.60965263843536,-27.9466209411621,0.00153804989531636,0.0370778245851398
-1.35324108600616,-27.9496307373047,-0.000756814784836024,0.0373052395880222
-1.09722852706909,-27.9522876739502,-0.00101138255558908,0.0374892428517342
-0.841276168823242,-27.9548568725586,-0.000770171114709228,0.0376567719504237
-0.585512816905975,-27.9572811126709,0.000550013035535812,0.0377916665747762
-0.329846948385239,-27.9596977233887,0.00253762095235288,0.0378374867141247
-0.0737267807126045,-27.9624252319336,0.00269622332416475,0.0378110343590379
0.182960912585258,-27.9651565551758,0.000483799114590511,0.0377901121973991
0.439876019954681,-27.967809677124,-0.00254141632467508,0.0378473019227386
0.696595668792725,-27.9703598022461,-0.00445010373368859,0.0378913003951311
0.952590465545654,-27.9727478027344,-0.0028493907302618,0.0378321269527078
1.2081001996994,-27.9752578735352,0.00118418119382113,0.0376865584403276
1.46404242515564,-27.9778518676758,0.00347679760307074,0.0375402523204684
1.72091364860535,-27.9807777404785,0.00182438804768026,0.037336178123951
1.97789442539215,-27.9834804534912,-0.000117285067972261,0.0371026890352368
2.23483800888062,-27.9862480163574,-0.00165242003276944,0.0368510829284787
2.49163413047791,-27.9889984130859,-0.00229804730042815,0.0365863665938377
2.7485032081604,-27.991792678833,-0.0030409162864089,0.0362953096628189
3.00526261329651,-27.994592666626,-0.0030665691010654,0.0360388392582536
3.26231908798218,-27.9973983764648,-0.00419398956000805,0.0356878284364939
3.51984810829163,-28.000431060791,-0.00717434985563159,0.0351848630234599
3.77694153785706,-28.0030975341797,-0.00802707020193338,0.0345919104292989
4.03377437591553,-28.0053787231445,-0.0075412318110466,0.0341033488512039
4.29048013687134,-28.0075855255127,-0.00628436729311943,0.0336805814877152
4.54810380935669,-28.0104236602783,-0.0087940227240324,0.0332453763112426
4.80616188049316,-28.0136909484863,-0.0129389418289065,0.0326987337321043
5.06397581100464,-28.0167388916016,-0.0157966073602438,0.032087117433548
5.32152652740479,-28.0196228027344,-0.01728530600667,0.0314465332776308
5.57937860488892,-28.0226898193359,-0.0198478046804667,0.0308503601700068
5.83730792999268,-28.025707244873,-0.0225253906100988,0.0302761644124985
6.095139503479,-28.0287857055664,-0.0245379451662302,0.029767538420856
6.3519983291626,-28.0313835144043,-0.0221389010548592,0.0291718794032931
-5.18507528305054,-28.161792755127,0.00808624364435673,0.0305229397490621
-4.93217945098877,-28.1628322601318,0.0190381556749344,0.0306284539401531
-4.67641973495483,-28.1657485961914,0.0167511943727732,0.0310719646513462
-4.42102336883545,-28.1682548522949,0.0163839403539896,0.0316537199541926
-4.1654109954834,-28.1709613800049,0.0152487875893712,0.0322172278538346
-3.90997052192688,-28.1734504699707,0.015135177411139,0.0327995102852583
-3.65457987785339,-28.1759967803955,0.0154943242669106,0.0332821849733591
-3.39892721176147,-28.178617477417,0.0148545606061816,0.033788874745369
-3.14289975166321,-28.1813888549805,0.0127029912546277,0.0343044195324183
-2.88672876358032,-28.1843128204346,0.01013458147645,0.0347476564347744
-2.63049936294556,-28.1872329711914,0.00753071112558246,0.0350867006927729
-2.37485313415527,-28.1897201538086,0.0078422399237752,0.0354170072823763
-2.11917781829834,-28.1921482086182,0.00823727808892727,0.0357407331466675
-1.86319768428802,-28.1948356628418,0.0074709146283567,0.0360448500141501
-1.6069324016571,-28.1976737976074,0.00562898069620132,0.0362627618014812
-1.35089528560638,-28.2003746032715,0.00506330002099276,0.0364548480138183
-1.09474802017212,-28.2031860351562,0.0042311018332839,0.0366580346599221
-0.838414311408997,-28.2060623168945,0.00277648260816932,0.0368536133319139
-0.582081198692322,-28.2089138031006,0.00155441963579506,0.0369769372045994
-0.326154947280884,-28.2115211486816,0.0024047615006566,0.0370193561539054
-0.0702564790844917,-28.2140369415283,0.00359419593587518,0.0370072741061449
0.186068713665009,-28.2166004180908,0.00305751850828528,0.0369422752410173
0.442804932594299,-28.21923828125,0.000880437262821943,0.0369281079620123
0.699493885040283,-28.2218322753906,-0.000852312718052417,0.0369342127814889
0.955611109733582,-28.2243480682373,0.00023756266455166,0.0369126554578543
1.21128928661346,-28.2268905639648,0.00354257691651583,0.0367829818278551
1.46757745742798,-28.2296848297119,0.00432554027065635,0.0366453314200044
1.72470271587372,-28.2326488494873,0.00156595872249454,0.0364390732720494
1.98196065425873,-28.2355823516846,-0.00156036054249853,0.0362225556746125
2.23874664306641,-28.2383270263672,-0.00234779273159802,0.035996712744236
2.4950098991394,-28.2408771514893,-0.000584160326980054,0.0357766645029187
2.75153517723083,-28.2436084747314,0.000242545909713954,0.0355487586930394
3.0082893371582,-28.2464847564697,0.000280320266028866,0.0353054022416472
3.26559162139893,-28.2493915557861,-0.00190132670104504,0.0349540486931801
3.52322196960449,-28.252384185791,-0.00530475843697786,0.0344505812972784
3.78053712844849,-28.2550792694092,-0.00710451230406761,0.0338536677882075
4.03776979446411,-28.2576675415039,-0.0083219651132822,0.0334127517417073
4.29447317123413,-28.2599277496338,-0.0070091518573463,0.0330812642350793
4.5515832901001,-28.2625102996826,-0.00723747303709388,0.0327536091208458
4.80939722061157,-28.2656574249268,-0.0102848000824451,0.0322286980226636
5.06734275817871,-28.268798828125,-0.013678346760571,0.0315799470990896
5.32530975341797,-28.2718906402588,-0.0169380772858858,0.0309108328074217
5.58315229415894,-28.2749347686768,-0.0194254573434591,0.0303467493504286
5.84092950820923,-28.2778453826904,-0.0214110836386681,0.0297557944431901
6.09847497940063,-28.2808074951172,-0.0221502240747213,0.029262974858284
6.35564565658569,-28.2836303710938,-0.0210499335080385,0.0287064490839839
-5.18225145339966,-28.4125213623047,0.0111887883394957,0.0297348136082292
-4.92868089675903,-28.4141883850098,0.019028689712286,0.029993100091815
-4.67339038848877,-28.4168834686279,0.0189909264445305,0.0304393209517002
-4.41786098480225,-28.4195117950439,0.018042391166091,0.0310146017000079
-4.16202402114868,-28.4223594665527,0.0158952940255404,0.0315855825319886
-3.9062807559967,-28.4250106811523,0.0144073544070125,0.0321538718417287
-3.65075063705444,-28.4276103973389,0.0141570931300521,0.0326120546087623
-3.39495968818665,-28.4303016662598,0.0129186855629086,0.033117113634944
-3.1388635635376,-28.4330596923828,0.0104873236268759,0.0336176175624132
-2.8828980922699,-28.4357986450195,0.00890516489744186,0.0340392701327801
-2.62721681594849,-28.4384632110596,0.00888227764517069,0.0343365520238876
-2.37165904045105,-28.441068649292,0.00965727306902409,0.0346767324954271
-2.11567449569702,-28.4437503814697,0.00867579784244299,0.035053800791502
-1.85976600646973,-28.4463672637939,0.00827393773943186,0.0353853739798069
-1.6040917634964,-28.4488220214844,0.00916898716241121,0.0355987492948771
-1.34853839874268,-28.4513149261475,0.0108525631949306,0.0358159821480513
-1.09234440326691,-28.4541912078857,0.00983873568475246,0.0360607011243701
-0.835745215415955,-28.4573631286621,0.00722130388021469,0.0362036246806383
-0.579138398170471,-28.4604892730713,0.00480100186541677,0.036235025152564
-0.322952121496201,-28.4632244110107,0.00450361054390669,0.0362356081604958
-0.066884346306324,-28.4656963348389,0.00494645535945892,0.0362563412636518
0.189301803708076,-28.4681625366211,0.00507064582780004,0.0361981522291899
0.446005046367645,-28.4708595275879,0.00308531569316983,0.0361215937882662
0.702830493450165,-28.4736232757568,0.000784542295150459,0.0360475592315197
0.959280014038086,-28.476448059082,0.000434652756666765,0.0360338352620602
1.21521532535553,-28.4790744781494,0.00262097548693419,0.0359289580956101
1.47143173217773,-28.481632232666,0.00374208204448223,0.0357801010832191
1.72826838493347,-28.4843215942383,0.00229478464461863,0.0356002161279321
1.98524010181427,-28.4872016906738,0.000490080390591174,0.0354366879910231
2.24205994606018,-28.4899845123291,-0.00041187644819729,0.0352417100220919
2.49841523170471,-28.4926776885986,0.000990075874142349,0.0350327221676707
2.75494337081909,-28.4954948425293,0.00184862536843866,0.0348106976598501
3.01166772842407,-28.4984149932861,0.00206100358627737,0.03454071842134
3.26909303665161,-28.5013275146484,-0.000635759090073407,0.0341737326234579
3.52672743797302,-28.504264831543,-0.00402785697951913,0.0336653860285878
3.78419828414917,-28.5070781707764,-0.006470434833318,0.0330900205299258
4.04153299331665,-28.5099201202393,-0.00807443168014288,0.0326297432184219
4.29836988449097,-28.512414932251,-0.00728684430941939,0.0323181692510843
4.55525827407837,-28.5148983001709,-0.00650821253657341,0.0320785297080874
4.81289005279541,-28.5179195404053,-0.00872944481670856,0.0316641014069319
5.07079648971558,-28.521032333374,-0.0119193410500884,0.0310523742809892
5.32887887954712,-28.5240993499756,-0.0156555287539959,0.0303391022607684
5.58667659759521,-28.5270538330078,-0.0179192535579205,0.0297737251967192
5.84417819976807,-28.5300121307373,-0.0186568573117256,0.0292463982477784
6.10223340988159,-28.533239364624,-0.0215599574148655,0.0287342201918364
6.36039018630981,-28.536548614502,-0.0246629063040018,0.028207597322762
6.62056589126587,-28.5406188964844,-0.0362271778285503,0.0274786334484816
-5.43558645248413,-28.6599178314209,0.0188194382935762,0.0280789122916758
-5.17988348007202,-28.6630306243896,0.0164376311004162,0.0289652263745666
-4.92546033859253,-28.6652946472168,0.0203079655766487,0.0293791838921607
-4.66988182067871,-28.668155670166,0.0189578551799059,0.0299083441495895
-4.41473865509033,-28.6706142425537,0.0198671836405993,0.0304109444841743
-4.15882015228271,-28.6734561920166,0.0173714458942413,0.0310059636831284
-3.90283060073853,-28.6763324737549,0.0147815924137831,0.0315149007365108
-3.64722013473511,-28.6790065765381,0.0142003074288368,0.0319681568071246
-3.39136600494385,-28.6817684173584,0.0127127068117261,0.0324617177248001
-3.13528728485107,-28.684549331665,0.0104071293026209,0.0329226385802031
-2.87938117980957,-28.68727684021,0.00914402864873409,0.0332807675004005
-2.62392139434814,-28.6898918151855,0.0101914815604687,0.0335914250463247
-2.36812162399292,-28.6927089691162,0.00989809632301331,0.0339788682758808
-2.1116144657135,-28.6959018707275,0.00657981494441628,0.034395344555378
-1.85568785667419,-28.6985454559326,0.00614058785140514,0.0347340516746044
-1.60051429271698,-28.7007122039795,0.0093719819560647,0.0349785778671503
-1.34521400928497,-28.7029113769531,0.0122333718463778,0.0352460816502571
-1.08905947208405,-28.7057075500488,0.0114292064681649,0.0354909729212523
-0.832424581050873,-28.7089004516602,0.00868524424731731,0.035564323887229
-0.575955390930176,-28.7120056152344,0.00693248631432652,0.0355261703953147
-0.31971400976181,-28.7148056030273,0.00642465753480792,0.0354853104799986
-0.0634737759828568,-28.7174320220947,0.00612992374226451,0.0355158029124141
0.192704275250435,-28.7199287414551,0.00633133295923471,0.0354856783524156
0.449421316385269,-28.7226657867432,0.00432392861694098,0.0353697957471013
0.706461310386658,-28.7255973815918,0.00110150268301368,0.0352569594979286
0.963320136070251,-28.7285709381104,-0.00105438660830259,0.035231969319284
1.21953856945038,-28.7312507629395,-0.000104072722024284,0.0351335378363729
1.47549986839294,-28.7337055206299,0.00220489385537803,0.0349922049790621
1.73177576065063,-28.7361469268799,0.00330443331040442,0.0348478760570288
1.98823761940002,-28.7387466430664,0.00380344549193978,0.0347344139590859
2.2451605796814,-28.741720199585,0.00249208672903478,0.0345323570072651
2.5019097328186,-28.7446556091309,0.00218512932769954,0.0342891737818718
2.75869846343994,-28.747522354126,0.00191803032066673,0.0340462978929281
3.01565980911255,-28.7504653930664,0.00111133209429681,0.0338004790246487
3.27292537689209,-28.7532424926758,-0.000847820425406098,0.033452644944191
3.53019857406616,-28.7560157775879,-0.0026105500292033,0.0329564902931452
3.78738355636597,-28.7588691711426,-0.00374200707301497,0.0324041973799467
4.04466772079468,-28.7619190216064,-0.00506494240835309,0.0319569995626807
4.30219554901123,-28.7649536132812,-0.00724053801968694,0.0316478712484241
4.5596022605896,-28.767707824707,-0.00868369918316603,0.0314064482226968
4.81706953048706,-28.770528793335,-0.0101612526923418,0.0310527663677931
5.07459878921509,-28.7733612060547,-0.0116808786988258,0.0304966447874904
5.33236122131348,-28.7763118743896,-0.0139850005507469,0.0297931469976902
5.59017133712769,-28.779390335083,-0.0162534359842539,0.0292345406487584
5.848069190979,-28.7825546264648,-0.0186673793941736,0.0287843700498343
6.10636949539185,-28.7859439849854,-0.0225807577371597,0.0282789003103971
6.36477518081665,-28.7893028259277,-0.0267228558659554,0.027793032117188
6.6228928565979,-28.7924137115479,-0.0294042117893696,0.027185782790184
6.87849760055542,-28.7944030761719,-0.0210762675851583,0.0266741327941418
-5.43238544464111,-28.9112720489502,0.0201356783509254,0.0275972005911171
-5.17720222473145,-28.9139308929443,0.020228311419487,0.0283892722800374
-4.92237997055054,-28.9164009094238,0.022251820191741,0.0288917920552194
-4.6668848991394,-28.9192390441895,0.0213349536061287,0.0293787815608084
-4.41156482696533,-28.9217681884766,0.0214477870613337,0.0298752412199974
-4.15586566925049,-28.9244079589844,0.0200056340545416,0.0303932819515467
-3.89991354942322,-28.9273014068604,0.017630822956562,0.0308947125449777
-3.64404487609863,-28.9302864074707,0.0159018579870462,0.0313543900847435
-3.38804769515991,-28.9332542419434,0.0138029539957643,0.0318547412753105
-3.13196420669556,-28.9360599517822,0.0115152727812529,0.0322674801573157
-2.87609601020813,-28.9387969970703,0.0104697160422802,0.0325829219073057
-2.62034702301025,-28.9416618347168,0.0102304434403777,0.0329312430694699
-2.36393356323242,-28.9447975158691,0.00714818947017193,0.0333659630268812
-2.1071343421936,-28.9480743408203,0.00252290698699653,0.0337718538939953
-1.85131454467773,-28.9505958557129,0.00261555169709027,0.0340685322880745
-1.5965564250946,-28.9527149200439,0.00781824719160795,0.0342725589871407
-1.34131765365601,-28.9548835754395,0.0110042029991746,0.0344928056001663
-1.08524942398071,-28.9576244354248,0.0106355482712388,0.0347157623618841
-0.828881561756134,-28.9606227874756,0.0091426707804203,0.0347702875733376
-0.572637856006622,-28.9636173248291,0.00845390558242798,0.0347625035792589
-0.316328167915344,-28.9665355682373,0.00768266245722771,0.0347710503265262
-0.0600208044052124,-28.9692840576172,0.00713090505450964,0.0348115861415863
0.196194648742676,-28.9718456268311,0.00720618199557066,0.0348065393045545
0.452731221914291,-28.9744873046875,0.00604928703978658,0.0347031354904175
0.709461450576782,-28.9773197174072,0.00426228763535619,0.0346048455685377
0.96633106470108,-28.9803314208984,0.00209457543678582,0.0345475003123283
1.22285735607147,-28.9830665588379,0.00168637163005769,0.0344522735103965
1.47905874252319,-28.9856052398682,0.00295325554907322,0.0343318060040474
1.73510122299194,-28.9881229400635,0.00515445740893483,0.0342222843319178
1.99122500419617,-28.9905071258545,0.00718836532905698,0.0340512618422508
2.24812602996826,-28.9934844970703,0.00600781943649054,0.0338182747364044
2.50542163848877,-28.9966163635254,0.00330146285705268,0.0335645191371441
2.76246881484985,-28.9995822906494,0.00192360882647336,0.0333137949928641
3.01944160461426,-29.0023899078369,0.00108856556471437,0.0331056332215667
3.27643013000488,-29.005033493042,0.000390264205634594,0.0327770607545972
3.53335452079773,-29.0078067779541,0.000218105298699811,0.0323242554441094
3.79021716117859,-29.0105648040771,0.00054163602180779,0.0318066049367189
4.04766893386841,-29.0137901306152,-0.0014739315956831,0.0314002251252532
4.30597448348999,-29.0173358917236,-0.00700496509671211,0.0311035439372063
4.56404685974121,-29.0206146240234,-0.0112897576764226,0.030788823030889
4.82130575180054,-29.0231685638428,-0.0118332747370005,0.0304207131266594
5.0783224105835,-29.0256786346436,-0.0110927317291498,0.0299364365637302
5.33547735214233,-29.0284175872803,-0.0107146678492427,0.029317413456738
5.59360694885254,-29.031774520874,-0.0143189067021012,0.0287935743108392
5.85203886032104,-29.0352058410645,-0.0190021526068449,0.0283836238086224
6.11058521270752,-29.0386409759521,-0.0239463839679956,0.0278855990618467
6.36829710006714,-29.0415649414062,-0.0250732209533453,0.0274368030950427
6.62535381317139,-29.0441646575928,-0.0231634490191936,0.026893544010818
6.88107585906982,-29.0461120605469,-0.0153205711394548,0.0264162607491016
-5.68416357040405,-29.1599941253662,0.020565290004015,0.0263969353400171
-5.42884540557861,-29.1628932952881,0.0198513511568308,0.027143886545673
-5.17395877838135,-29.1653175354004,0.021377781406045,0.0278823315165937
-4.91889715194702,-29.1677684783936,0.0222958978265524,0.0283937249332666
-4.66361474990845,-29.1704483032227,0.0224171038717031,0.0289536872878671
-4.40806436538696,-29.1731395721436,0.0214939434081316,0.0294099855236709
-4.15239763259888,-29.1758041381836,0.0202502217143774,0.0298434654250741
-3.89648509025574,-29.1787109375,0.0181065052747726,0.0303091229870915
-3.64039731025696,-29.1818943023682,0.0154063375666738,0.0307622877880931
-3.38421201705933,-29.1850700378418,0.0124867279082537,0.0312281493097544
-3.12842535972595,-29.187837600708,0.0116365235298872,0.0316067701205611
-2.87275052070618,-29.1905689239502,0.0115386368706822,0.0319357058033347
-2.61650443077087,-29.1936511993408,0.00903492048382759,0.0323239751160145
-2.35953164100647,-29.1969909667969,0.00340581499040127,0.0327611174434423
-2.10304093360901,-29.1999530792236,0.000232085614698008,0.0331237632781267
-1.84784173965454,-29.2022666931152,0.00323296524584293,0.0333302170038223
-1.59304308891296,-29.2043437957764,0.00828171987086535,0.0334336757659912
-1.33734357357025,-29.2068328857422,0.009409892372787,0.0335813835263252
-1.08104777336121,-29.2096996307373,0.00804680399596691,0.0338036976754665
-0.825137555599213,-29.2124042510986,0.00867710821330547,0.0339351445436478
-0.569362103939056,-29.2150802612305,0.010148199275136,0.0340249296277761
-0.313156574964523,-29.2180919647217,0.00990286935120821,0.0340584926307201
-0.0568125806748867,-29.2209815979004,0.00923494715243578,0.0340963071212173
0.199547991156578,-29.223690032959,0.00869857892394066,0.0341122625395656
0.455975651741028,-29.2263336181641,0.00807583797723055,0.0340379988774657
0.712224841117859,-29.2289733886719,0.00849345978349447,0.0339263901114464
0.968580305576324,-29.2316474914551,0.00865562912076712,0.0338485948741436
1.22529244422913,-29.2345504760742,0.00744934612885118,0.0337611427530646
1.48209142684937,-29.2374687194824,0.00608126912266016,0.0336530245840549
1.73839056491852,-29.2402286529541,0.00718397926539183,0.0335479024797678
1.99456131458282,-29.2426452636719,0.00904427468776703,0.0333191677927971
2.25136041641235,-29.2454452514648,0.00833754427731037,0.0330670699477196
2.50876879692078,-29.248556137085,0.00515616638585925,0.032821842469275
2.76593136787415,-29.2515926361084,0.00330446613952518,0.0326003218069673
3.02282500267029,-29.2543392181396,0.00285288342274725,0.0324660548940301
3.27963209152222,-29.2570209503174,0.00300480565056205,0.0321564618498087
3.53668570518494,-29.259916305542,0.00230508157983422,0.0317548559978604
3.79385638237,-29.2628974914551,0.00131971656810492,0.0312765715643764
4.051438331604,-29.2661800384521,-0.00122864823788404,0.0309167839586735
4.30981636047363,-29.2698364257812,-0.00702921114861965,0.0305886156857014
4.56809949874878,-29.2732982635498,-0.0121852401643991,0.0302017359063029
4.82538986206055,-29.2759227752686,-0.0128196300938725,0.029820735566318
5.08193922042847,-29.2781867980957,-0.0100087085738778,0.0294058816507459
5.33897686004639,-29.280834197998,-0.0090889148414135,0.0289047928526998
5.59751462936401,-29.2843036651611,-0.0144339464604855,0.0284024272114038
5.85626173019409,-29.2878379821777,-0.0204456299543381,0.027928814291954
6.11442518234253,-29.2910175323486,-0.0237041991204023,0.027465739287436
6.37153100967407,-29.2936820983887,-0.0221795421093702,0.0269673597067595
6.62883520126343,-29.2965106964111,-0.0212860368192196,0.026493857614696
6.88548803329468,-29.2988548278809,-0.0174022670835257,0.026026263833046
7.14422607421875,-29.3019409179688,-0.0222643036395311,0.0255587389692664
-5.68134784698486,-29.4112739562988,0.0236696731299162,0.0261546964757144
-5.42563962936401,-29.4143714904785,0.0211451333016157,0.0267963004298508
-5.17056703567505,-29.4168930053711,0.0218332149088383,0.0274499305523932
-4.91541051864624,-29.4193878173828,0.0223459079861641,0.0279583507217467
-4.66022968292236,-29.4218845367432,0.0229716300964355,0.0285235061310232
-4.40444755554199,-29.4247131347656,0.0210034195333719,0.0289394920691848
-4.14854764938354,-29.4275684356689,0.0187197346240282,0.0293086250312626
-3.89246511459351,-29.4306297302246,0.0158352721482515,0.0297315781936049
-3.63638877868652,-29.4337921142578,0.0132340006530285,0.0301681309938431
-3.38021469116211,-29.4370346069336,0.0104225296527147,0.0305880680680275
-3.12448263168335,-29.439905166626,0.00988665036857128,0.0309796966612339
-2.86894392967224,-29.442554473877,0.0104628205299377,0.0313446372747421
-2.61245036125183,-29.4457035064697,0.00685317860916257,0.0317110819742084
-2.3556694984436,-29.4488410949707,0.00214108475483954,0.0320860333740711
-2.09978842735291,-29.4514617919922,0.00181375723332167,0.0323221255093813
-1.84476625919342,-29.453727722168,0.00567177031189203,0.0324750635772943
-1.58946824073792,-29.4560565948486,0.00846613384783268,0.0325401658192277
-1.33317744731903,-29.4589042663574,0.00693665631115437,0.032712385058403
-1.07703101634979,-29.4616451263428,0.00629529589787126,0.0329866968095303
-0.821672797203064,-29.464111328125,0.00948883127421141,0.0332130994647741
-0.566352486610413,-29.4665756225586,0.0130700254812837,0.0333102457225323
-0.310272306203842,-29.46950340271,0.0134247820824385,0.0332879275083542
-0.0537204667925835,-29.4725551605225,0.0118555575609207,0.0333212874829769
0.202934429049492,-29.4755191802979,0.0100364573299885,0.033375047147274
0.459361344575882,-29.4782409667969,0.00946331117302179,0.0333428140729666
0.715183198451996,-29.4807071685791,0.0118455719202757,0.0332403918728232
0.971052348613739,-29.483154296875,0.0142253674566746,0.0331881092861295
1.22771847248077,-29.4861030578613,0.013261535204947,0.0331072136759758
1.48491978645325,-29.4893207550049,0.0101338746026158,0.0329757956787944
1.74164640903473,-29.492208480835,0.00935014896094799,0.0328125478699803
1.99821305274963,-29.4948997497559,0.00949251558631659,0.0325937140733004
2.25506520271301,-29.4976825714111,0.00858292728662491,0.032326371408999
2.51237654685974,-29.5007438659668,0.00587035017088056,0.0320600811392069
2.76953220367432,-29.503755569458,0.00408472027629614,0.0318374065682292
3.02656245231628,-29.5066204071045,0.00307347299531102,0.031746075488627
3.28371262550354,-29.5095710754395,0.00176380120683461,0.0315320128574967
3.54097843170166,-29.5126686096191,0.000184406439075246,0.0311790937557817
3.79820871353149,-29.515796661377,-0.00100484513677657,0.0307214381173253
4.05566358566284,-29.5189323425293,-0.00296223117038608,0.0303316349163651
4.31380176544189,-29.5223560333252,-0.007683124858886,0.0299569815397263
4.57191801071167,-29.5257263183594,-0.0120738241821527,0.0295706177130342
4.82929992675781,-29.528564453125,-0.0130462748929858,0.0292164413258433
5.08585834503174,-29.5309066772461,-0.0102265048772097,0.0289082676172256
5.34308385848999,-29.5336360931396,-0.0100811971351504,0.0284629976376891
5.60183525085449,-29.5371971130371,-0.0163125041872263,0.0279954355210066
5.86059427261353,-29.5406379699707,-0.0223419386893511,0.0274766767397523
6.11840295791626,-29.5436630249023,-0.0240265224128962,0.0269888350740075
6.3754677772522,-29.5463981628418,-0.0222747959196568,0.0265660611912608
6.633131980896,-29.5493068695068,-0.0228971131145954,0.0260764714330435
6.89049482345581,-29.5519790649414,-0.0220166798681021,0.025626284070313
7.14887857437134,-29.5550594329834,-0.0252952929586172,0.0251444494351745
-5.9342474937439,-29.6598167419434,0.0295745562762022,0.0254118029406527
-5.67840099334717,-29.6626853942871,0.0261520035564899,0.0258889487013221
-5.42251682281494,-29.6658039093018,0.0228232908993959,0.0264763412997127
-5.16701126098633,-29.6684608459473,0.0214965231716633,0.0269937105476856
-4.91164493560791,-29.6711540222168,0.0210733599960804,0.0275661046616733
-4.65643072128296,-29.6735649108887,0.0215758625417948,0.028017919510603
-4.40068054199219,-29.6763305664062,0.0198000054806471,0.0284376130439341
-4.14463043212891,-29.6793632507324,0.0168682299554348,0.0288305133581161
-3.88863778114319,-29.6824855804443,0.0144633585587144,0.0292008449323475
-3.63288021087646,-29.6855010986328,0.013396087102592,0.0295571256428957
-3.37684631347656,-29.6886901855469,0.0112799862399697,0.029929056763649
-3.12078142166138,-29.6917324066162,0.0092390775680542,0.0303099397569895
-2.86507034301758,-29.6944427490234,0.00905692111700773,0.0306713692843914
-2.60875725746155,-29.6973838806152,0.00631254306063056,0.0310236262157559
-2.35256671905518,-29.7001972198486,0.00436459155753255,0.0313714863732457
-2.09695839881897,-29.7028255462646,0.00534599786624312,0.0315326107665896
-1.84178960323334,-29.7052803039551,0.00857731606811285,0.0316555835306644
-1.58600556850433,-29.7079029083252,0.00918419379740953,0.0317785749211907
-1.32955431938171,-29.7106895446777,0.00694299302995205,0.0320412199944258
-1.0737920999527,-29.7133026123047,0.00810425449162722,0.0322949877008796
-0.818506360054016,-29.7157878875732,0.0116714928299189,0.0324946781620383
-0.563177585601807,-29.7183361053467,0.0152595620602369,0.0325385667383671
-0.307175576686859,-29.7212295532227,0.0160058028995991,0.0324818529188633
-0.0504448600113392,-29.7243766784668,0.0136621333658695,0.0325007941573858
0.206434652209282,-29.7274551391602,0.0108651220798492,0.0325545072555542
0.462810397148132,-29.7301864624023,0.0105650164186954,0.0325424037873745
0.718466460704803,-29.732536315918,0.0137270782142878,0.0324729979038239
0.974532783031464,-29.7351913452148,0.0152708552777767,0.0324594266712666
1.23129272460938,-29.7381744384766,0.0139229260385036,0.0324146626517177
1.48858630657196,-29.7414436340332,0.0104216663166881,0.032296379096806
1.745441198349,-29.7443656921387,0.00910175126045942,0.0321331880986691
2.0020546913147,-29.7471904754639,0.00908871088176966,0.031901846639812
2.25878357887268,-29.7499923706055,0.00877732411026955,0.0315828574821353
2.51605677604675,-29.753002166748,0.00626916810870171,0.0312199424952269
2.77327060699463,-29.7559452056885,0.00425398629158735,0.0310019729658961
3.0307788848877,-29.7590656280518,0.00117235921788961,0.0309548797085881
3.28854966163635,-29.76247215271,-0.00281159556470811,0.0308303432539105
3.54597949981689,-29.7657299041748,-0.00505335349589586,0.0304698003455997
3.8029146194458,-29.7687435150146,-0.00489291781559587,0.0300824334844947
4.06004571914673,-29.7716693878174,-0.00539194699376822,0.0297357682138681
4.31791067123413,-29.7748546600342,-0.00888612680137157,0.0293579241260886
4.57582855224609,-29.7780437469482,-0.0123776169493794,0.0289609804749489
4.83314895629883,-29.7809047698975,-0.0130357854068279,0.0286159422248602
5.09003162384033,-29.7835731506348,-0.0115659032016993,0.0283394614234567
5.34759950637817,-29.786584854126,-0.0128496391698718,0.0279621994122863
5.60631275177002,-29.7901840209961,-0.0188623871654272,0.0274928826838732
5.86460828781128,-29.793363571167,-0.0228501372039318,0.0269803740084171
6.12218427658081,-29.7962741851807,-0.0234915390610695,0.0265058828517795
6.37957191467285,-29.7991104125977,-0.0230946093797684,0.0261244010180235
6.63702297210693,-29.801887512207,-0.0227638948708773,0.0257016271352768
6.89463138580322,-29.8046188354492,-0.0229023508727551,0.0252638487145305
7.15226602554321,-29.8074722290039,-0.0229181349277496,0.0247633457183838
7.40926122665405,-29.8101139068604,-0.0199738554656506,0.0242218105122447
-5.93070697784424,-29.9110507965088,0.0291267931461334,0.0251635311287828
-5.6750020980835,-29.9141025543213,0.0264516361057758,0.0256259426823817
-5.41912412643433,-29.9172210693359,0.023196229711175,0.0261771599762142
-5.1635913848877,-29.9199504852295,0.0217913463711739,0.0266626968514174
-4.90783452987671,-29.9228248596191,0.0195684898644686,0.0271028329152614
-4.65234184265137,-29.9253902435303,0.0188081488013268,0.0275128874927759
-4.39672183990479,-29.9280681610107,0.0176904611289501,0.0279460879974067
-4.141028881073,-29.9309978485107,0.0164887737482786,0.0283551029860973
-3.88543725013733,-29.9340343475342,0.0160163920372725,0.0286804577335715
-3.62982726097107,-29.9370994567871,0.015691177919507,0.0289866952225566
-3.37405586242676,-29.9401702880859,0.0148373208940029,0.0293099517002702
-3.11788773536682,-29.9432735443115,0.0123525932431221,0.0296263862401247
-2.86198806762695,-29.9461059570312,0.0113345170393586,0.0299310442060232
-2.60589671134949,-29.9488868713379,0.00964584480971098,0.0302933705970645
-2.34985375404358,-29.9515705108643,0.00840630009770393,0.0306338183581829
-2.09413957595825,-29.9543075561523,0.00894124899059534,0.0308130430057645
-1.83864343166351,-29.9570636749268,0.0107180625200272,0.0309249507263303
-1.58300840854645,-29.9597358703613,0.0120601058006287,0.0310914516448975
-1.32687854766846,-29.9623985290527,0.0113284140825272,0.0313570946455002
-1.07108521461487,-29.9648780822754,0.0123618105426431,0.0316188987344503
-0.815467417240143,-29.9674625396729,0.0144400335848331,0.0317665180191398
-0.559893548488617,-29.9701805114746,0.0169546250253916,0.0317417597398162
-0.303894877433777,-29.9731159210205,0.0177584234625101,0.0316816810518503
-0.0470717139542103,-29.9763488769531,0.0150379855185747,0.0316556775942445
0.20993560552597,-29.9794864654541,0.0117003032937646,0.0317231863737106
0.466231167316437,-29.9821758270264,0.0118003925308585,0.0317131467163563
0.72208708524704,-29.9846649169922,0.0141054661944509,0.0316982185468078
0.97840827703476,-29.987434387207,0.0145431961864233,0.0316978925839067
1.2353847026825,-29.99045753479,0.0122590661048889,0.0316391009837389
1.49263417720795,-29.9936447143555,0.00899122841656208,0.0315481852740049
1.74930214881897,-29.9965019226074,0.0085516544058919,0.031436488032341
2.00573110580444,-29.9993515014648,0.0094154691323638,0.0312155978754163
2.26237440109253,-30.0022468566895,0.00954036135226488,0.0309141101315618
2.5197160243988,-30.0053195953369,0.00677083898335695,0.0305489404127002
2.77704071998596,-30.0082263946533,0.00429235259070992,0.0303097451105714
3.03492021560669,-30.0114231109619,-0.000401116034481674,0.0301669798791409
3.29310512542725,-30.0151252746582,-0.00615656794980168,0.0299633545801044
3.55059480667114,-30.0184173583984,-0.00861512217670679,0.029623587615788
3.80728554725647,-30.0213413238525,-0.0073303859680891,0.0293376827612519
4.06405973434448,-30.0241661071777,-0.00621201191097498,0.0291380798444152
4.32176542282104,-30.0272579193115,-0.00896852370351553,0.0287812175229192
4.57972574234009,-30.0304393768311,-0.0126085532829165,0.0283543094992638
4.83709907531738,-30.0333309173584,-0.0134568549692631,0.0279965410009027
5.09441709518433,-30.0363178253174,-0.0138253848999739,0.0277076959609985
5.35210275650024,-30.0395832061768,-0.0155530637130141,0.0273590451106429
5.61024522781372,-30.0430030822754,-0.0190383270382881,0.0269095320254564
5.86800003051758,-30.0459957122803,-0.0206399690359831,0.0264983186498284
6.12549114227295,-30.0487098693848,-0.0208966750651598,0.0260995021089911
6.38307523727417,-30.0514640808105,-0.0213326551020145,0.0257548913359642
6.64067983627319,-30.0543804168701,-0.0216162707656622,0.0253210244700313
6.89791965484619,-30.0569934844971,-0.0201284438371658,0.024876513518393
7.15519666671753,-30.0598526000977,-0.0185598526149988,0.0243667643517256
7.41234159469604,-30.0627250671387,-0.0162044279277325,0.0238568745553493
-6.18099451065063,-30.1594944000244,0.0225128289312124,0.0246536681661382
-5.92666864395142,-30.1624488830566,0.0262930728495121,0.024932982691098
-5.67122602462769,-30.1655578613281,0.0249358043074608,0.025355556015711
-5.41571855545044,-30.1685371398926,0.0234888028353453,0.0257904605241492
-5.16004419326782,-30.1714344024658,0.0214677099138498,0.0262905231211334
-4.90416240692139,-30.1743850708008,0.0187042523175478,0.0267013311386108
-4.64845705032349,-30.1771240234375,0.0169958099722862,0.0270731756463647
-4.39287090301514,-30.1799049377441,0.0160974152386189,0.0274735880084336
-4.13766813278198,-30.1826286315918,0.0172462854534388,0.027859820984304
-3.88254928588867,-30.185453414917,0.0190267730504274,0.0281601333990693
-3.62694001197815,-30.1885395050049,0.0187451038509607,0.0284308912232518
-3.37116146087646,-30.1915893554688,0.017889741808176,0.0286870496347547
-3.11511087417603,-30.1946468353271,0.0159884039312601,0.0289459573104978
-2.85937428474426,-30.197473526001,0.0157710984349251,0.0292107751592994
-2.60339617729187,-30.2003555297852,0.0146573940292001,0.0295854164287448
-2.34735631942749,-30.2031154632568,0.0134731940925121,0.0299542574211955
-2.09163236618042,-30.205753326416,0.0139806633815169,0.0301950313150883
-1.83604347705841,-30.20849609375,0.0153561420738697,0.0303404908627272
-1.58049154281616,-30.2111415863037,0.0171128232032061,0.0304857781156898
-1.32438540458679,-30.2138366699219,0.0165251232683659,0.0306881666183472
-1.06821548938751,-30.2165660858154,0.0158768333494663,0.0309034083038568
-0.81213253736496,-30.2193641662598,0.0158674363046885,0.0310252457857132
-0.556386888027191,-30.2221069335938,0.0176317356526852,0.0310542201623321
-0.300346344709396,-30.2250423431396,0.0182826146483421,0.0310286926105618
-0.043418075889349,-30.2283477783203,0.015128499828279,0.0309607926756144
0.213565498590469,-30.2313899993896,0.011928609572351,0.0309224696829915
0.46980345249176,-30.2340717315674,0.0123311681672931,0.0309316823258996
0.725759506225586,-30.2367134094238,0.0142378183081746,0.0309516275301576
0.982266783714294,-30.2395782470703,0.0138801978901029,0.0309552457183599
1.23928225040436,-30.2426109313965,0.0114617021754384,0.0309159336611629
1.49625289440155,-30.2456226348877,0.00947832316160202,0.0308430828154087
1.7528532743454,-30.2485294342041,0.00938965287059546,0.0307297986000776
2.00939559936523,-30.2514400482178,0.00978829897940159,0.0305104060098529
2.26634454727173,-30.2546062469482,0.00860859546810389,0.0302552813664079
2.5237238407135,-30.2578620910645,0.00573325995355844,0.0299709793180227
2.78076529502869,-30.2607154846191,0.00456152111291885,0.0297375749796629
3.03827095031738,-30.2636089324951,0.00154492643196136,0.029495513997972
3.29627537727356,-30.2671031951904,-0.0033930407371372,0.0292094303295016
3.55393552780151,-30.2705497741699,-0.00655820453539491,0.0288956882432103
3.81074142456055,-30.2735385894775,-0.00574219925329089,0.028732854872942
4.06758594512939,-30.2764015197754,-0.00489324145019054,0.028548575937748
4.32502222061157,-30.2793960571289,-0.00643206667155027,0.0282372664660215
4.58291578292847,-30.282693862915,-0.00972745474427938,0.0278225410729647
4.84076881408691,-30.2859363555908,-0.012617208994925,0.0274455836042762
5.09839677810669,-30.2891254425049,-0.0142862880602479,0.0271195797249675
5.35589742660522,-30.2922649383545,-0.0151744205504656,0.0267729759216309
5.61353302001953,-30.2954235076904,-0.016427056863904,0.0264257583767176
5.87124109268188,-30.2984619140625,-0.0177841819822788,0.0260812221094966
6.1288685798645,-30.301197052002,-0.0185994897037745,0.0257249996066093
6.38632011413574,-30.3038520812988,-0.0184338316321373,0.0253435419872403
6.64384365081787,-30.3068046569824,-0.0183250531554222,0.0249058036133647
6.90126895904541,-30.3097476959229,-0.0175705030560493,0.0244270730763674
7.15847063064575,-30.3126068115234,-0.0156396571546793,0.0240015015006065
7.4159140586853,-30.3156986236572,-0.0145119875669479,0.0235503436997533
-6.17743921279907,-30.4115581512451,0.0220305733382702,0.0242339784745127
-5.92278528213501,-30.4142875671387,0.0242471843957901,0.0245918775908649
-5.66739654541016,-30.4173049926758,0.0231881812214851,0.0249960974324495
-5.41200113296509,-30.4201850891113,0.0223139673471451,0.0254110371461138
-5.1564245223999,-30.4230670928955,0.0208073928952217,0.0258816295536235
-4.90074491500854,-30.4259223937988,0.0190429650247097,0.0262640269938856
-4.64513969421387,-30.4286041259766,0.0178506299853325,0.0265984663274139
-4.38949966430664,-30.431489944458,0.0167483426630497,0.02693099854514
-4.13431358337402,-30.4342632293701,0.018025578930974,0.0273252786137164
-3.87915182113647,-30.4371223449707,0.0196491479873657,0.0276305433362722
-3.62340402603149,-30.4402370452881,0.0187573190778494,0.027849686332047
-3.36747670173645,-30.4432964324951,0.0172458048909903,0.0280596180818975
-3.11162352561951,-30.446252822876,0.0163050163537264,0.0283167036250234
-2.85621309280396,-30.4490146636963,0.0176527835428715,0.0285951565019786
-2.6006121635437,-30.4517955780029,0.0183328036218882,0.0289096124470234
-2.3447949886322,-30.4545116424561,0.0182196702808142,0.0292246025055647
-2.08897018432617,-30.4572448730469,0.0182995405048132,0.0294773634523153
-1.8331286907196,-30.4600944519043,0.0185446459800005,0.0297057526186109
-1.57735979557037,-30.462869644165,0.0193439982831478,0.0298654045909643
-1.32119703292847,-30.4655895233154,0.0185337923467159,0.0299887228757143
-1.06475496292114,-30.468433380127,0.0166774597018957,0.0301163857802749
-0.808387160301208,-30.4713973999023,0.0154126062989235,0.030247425660491
-0.552556455135345,-30.4742374420166,0.0168393924832344,0.0303179044276476
-0.29658454656601,-30.4771156311035,0.0178419258445501,0.0303261522203684
-0.0398566052317619,-30.4802513122559,0.0156287234276533,0.0302662532776594
0.216812089085579,-30.4831829071045,0.0138970660045743,0.0302395727485418
0.473087340593338,-30.4860553741455,0.0141889229416847,0.0302639212459326
0.729171216487885,-30.4887599945068,0.0155575191602111,0.0302457446232438
0.985678553581238,-30.4915618896484,0.0152301415801048,0.0302165215834975
1.24244737625122,-30.4944286346436,0.0139497518539429,0.0301915388554335
1.49909567832947,-30.4973449707031,0.0134513983502984,0.0301340389996767
1.75596582889557,-30.5004997253418,0.0122048612684011,0.0300035709515214
2.01300597190857,-30.50364112854,0.0104187047109008,0.0297785941511393
2.27052998542786,-30.5071392059326,0.00672794319689274,0.0296235950663686
2.52781701087952,-30.5105152130127,0.0043275598436594,0.0294510778039694
2.78440475463867,-30.5133094787598,0.00522644584998488,0.0292035480961204
3.04115605354309,-30.5158100128174,0.00557873072102666,0.0289135174825788
3.29854226112366,-30.5188446044922,0.00337941595353186,0.028638650663197
3.55622935295105,-30.5223407745361,0.000126314829685725,0.0283995289355516
3.8136157989502,-30.5255641937256,-0.00158494478091598,0.0282323257997632
4.07093191146851,-30.528621673584,-0.0027744269464165,0.0279849283397198
4.32835865020752,-30.5316257476807,-0.0042343563400209,0.0276813777163625
4.58622360229492,-30.5349884033203,-0.00735928071662784,0.0273085962980986
4.8443660736084,-30.5384654998779,-0.0114601757377386,0.0269473353400826
5.10215044021606,-30.5417060852051,-0.0137746660038829,0.0266014654189348
5.3596134185791,-30.5447692871094,-0.0144665203988552,0.0262551205232739
5.61701917648315,-30.5478229522705,-0.0146852284669876,0.0259445514529943
5.87503910064697,-30.5509910583496,-0.0173555463552475,0.0256046308204532
6.13295412063599,-30.5539684295654,-0.0193579122424126,0.0252409679815173
6.3903956413269,-30.5568084716797,-0.0190838929265738,0.024843618273735
6.64770889282227,-30.5597229003906,-0.0180217735469341,0.0244708275422454
6.9050464630127,-30.56272315979,-0.0168385189026594,0.0240837065503001
7.16241598129272,-30.5657901763916,-0.015569731593132,0.0236926609650254
7.42023658752441,-30.5690994262695,-0.0160086508840322,0.0233093164861202
7.67919063568115,-30.5731582641602,-0.0210274942219257,0.0229543480090797
-6.4282808303833,-30.6614971160889,0.0183242224156857,0.0237087470013648
-6.17394638061523,-30.6635513305664,0.0218311697244644,0.0238581132143736
-5.91911840438843,-30.6662006378174,0.0232442785054445,0.0241911918856204
-5.66385173797607,-30.6690006256104,0.0227941442281008,0.024529930902645
-5.40838623046875,-30.6719493865967,0.0216377563774586,0.024931194842793
-5.15301084518433,-30.6747226715088,0.0211300253868103,0.0253453137120232
-4.89775037765503,-30.677375793457,0.0213853940367699,0.0257161197951064
-4.642258644104,-30.6800994873047,0.0207774192094803,0.0260465941391885
-4.38642120361328,-30.6832160949707,0.0188048481941223,0.0263606593944132
-4.13079738616943,-30.6861686706543,0.0180617906153202,0.0267418506555259
-3.87546539306641,-30.6889972686768,0.0189208723604679,0.0270806727930903
-3.61972069740295,-30.6919384002686,0.0180686619132757,0.0273064775392413
-3.36370587348938,-30.6949615478516,0.0161837339401245,0.0275337435305119
-3.10776543617249,-30.6979885101318,0.0148877250030637,0.0278035872615874
-2.85256791114807,-30.7007904052734,0.017285693436861,0.0280273756943643
-2.59729695320129,-30.7034568786621,0.0195411089807749,0.028262531850487
-2.34177851676941,-30.7060623168945,0.0208514407277107,0.0284551279619336
-2.08584189414978,-30.7089977264404,0.0204711686819792,0.0286873141303658
-1.82959353923798,-30.7120723724365,0.0188866294920444,0.0289487112313509
-1.57354331016541,-30.7149677276611,0.0184350293129683,0.0291490210220218
-1.31751143932343,-30.7176456451416,0.0182709004729986,0.0292490916326642
-1.06142199039459,-30.7203254699707,0.0180683676153421,0.0293381810188293
-0.804932236671448,-30.7233848571777,0.0162907857447863,0.0294660227373242
-0.54868870973587,-30.7264366149902,0.0158812236040831,0.0295632891356945
-0.292579233646393,-30.7293968200684,0.0163048021495342,0.0295886285603046
-0.0361882522702217,-30.732400894165,0.0156664717942476,0.0295937499031425
0.220126420259476,-30.7351760864258,0.0155783202499151,0.0296149495989084
0.476374268531799,-30.7380542755127,0.0160339288413525,0.029649255797267
0.732515811920166,-30.740779876709,0.0171795170754194,0.0296086007729173
0.9888995885849,-30.7434921264648,0.017441226169467,0.0295178648084402
1.2455233335495,-30.7462749481201,0.0168457608669996,0.0294303018599749
1.50217747688293,-30.7492733001709,0.0163659192621708,0.029329240322113
1.7591165304184,-30.7524833679199,0.0148494802415371,0.029191798530519
2.01633810997009,-30.7558250427246,0.012304650619626,0.0289746159687638
2.27406573295593,-30.7595443725586,0.00776067143306136,0.028875419870019
2.5314633846283,-30.7629432678223,0.00490372255444527,0.0287982672452927
2.78803992271423,-30.7658405303955,0.00590615067631006,0.0286386134102941
3.0445511341095,-30.7683773040771,0.00737588759511709,0.0284296665340662
3.30173325538635,-30.7712478637695,0.00610605953261256,0.0281888693571091
3.55930161476135,-30.7745037078857,0.00338864861987531,0.0279770139604807
3.81686878204346,-30.7778072357178,0.000916842313017696,0.0277279345318675
4.07452154159546,-30.7810935974121,-0.00170347816310823,0.0274346563965082
4.3322286605835,-30.7843170166016,-0.0043397918343544,0.0271274847909808
4.5901927947998,-30.7877292633057,-0.00785832200199366,0.0268071964383125
4.84825134277344,-30.7910900115967,-0.0115609150379896,0.0264872992411256
5.10603857040405,-30.7943382263184,-0.0138469627127051,0.0261395769193769
5.36332702636719,-30.7973346710205,-0.0137375313788652,0.0258006136864424
5.62059020996094,-30.8003807067871,-0.0132906185463071,0.0255141304805875
5.8786506652832,-30.8035583496094,-0.0160990972071886,0.0251808110624552
6.13685703277588,-30.8068370819092,-0.0192999914288521,0.024789584800601
6.39450311660767,-30.8098583221436,-0.0198552198708057,0.0244196737185121
6.65193128585815,-30.8128433227539,-0.019241152331233,0.0240905350074172
6.90949964523315,-30.8159923553467,-0.0189997982233763,0.0237741135060787
7.16722726821899,-30.8192558288574,-0.0192135144025087,0.0234425785019994
7.42529773712158,-30.8226642608643,-0.0206729788333178,0.0231118593364954
7.68401765823364,-30.8264751434326,-0.0246588997542858,0.022766353096813
-6.42546939849854,-30.9126567840576,0.0212644208222628,0.0234471838921309
-6.17064476013184,-30.9151573181152,0.0224976949393749,0.0235419808886945
-5.91563177108765,-30.9179210662842,0.023079190403223,0.0238179164007306
-5.66050481796265,-30.9206981658936,0.0233425553888083,0.0241129525238648
-5.40506839752197,-30.9236259460449,0.0223691463470459,0.0244208927033469
-5.14981365203857,-30.9263668060303,0.0224763993173838,0.0247292910353281
-4.89468240737915,-30.9290542602539,0.0233970452100039,0.0250605192850344
-4.63919830322266,-30.9319362640381,0.0228832475841045,0.0254793650237843
-4.38334560394287,-30.9350185394287,0.0208735931664705,0.0258504257071763
-4.12732362747192,-30.9380912780762,0.0182973816990852,0.0261964560486376
-3.87172484397888,-30.9409618377686,0.0179411768913269,0.0265067960135639
-3.61595153808594,-30.9439449310303,0.0170043408870697,0.0267895509023219
-3.35995316505432,-30.9469509124756,0.0152410380542278,0.0270658950321376
-3.10399436950684,-30.9499282836914,0.0138975447043777,0.0272680930793285
-2.84876465797424,-30.9527206420898,0.0161895584315062,0.0274470201693475
-2.59356594085693,-30.9554901123047,0.0188415199518204,0.0276144640520215
-2.33802485466003,-30.9582424163818,0.0201076734811068,0.027805769816041
-2.08202791213989,-30.9611892700195,0.0194923244416714,0.0280401255004108
-1.82573139667511,-30.9642848968506,0.0177306290715933,0.0282575055025518
-1.56972515583038,-30.9671421051025,0.0175240151584148,0.0284223314374685
-1.31406474113464,-30.9697017669678,0.0191123578697443,0.0285075278952718
-1.05833148956299,-30.9722423553467,0.0205814633518457,0.0285928677767515
-0.80179899930954,-30.9753379821777,0.0186475105583668,0.0287314159795642
-0.545163691043854,-30.9785594940186,0.0164903849363327,0.028830804862082
-0.28869292140007,-30.9817295074463,0.0153189171105623,0.0288656009361148
-0.0322576202452183,-30.984790802002,0.0145280724391341,0.0288843186572194
0.224065080285072,-30.9875965118408,0.0144509011879563,0.0289402976632118
0.480236142873764,-30.9904537200928,0.0152990501374006,0.028983130119741
0.736308097839355,-30.9931640625,0.0168031025677919,0.0290043195709586
0.992592394351959,-30.9958744049072,0.0175598878413439,0.0288894232362509
1.24926257133484,-30.99875831604,0.0168069712817669,0.0287134107202291
1.5059586763382,-31.0018291473389,0.0161866396665573,0.0285378443077207
1.7626805305481,-31.0050029754639,0.0156904608011246,0.0283669549971819
2.01970386505127,-31.0081729888916,0.0140589019283652,0.0282239886000752
2.2774224281311,-31.0118217468262,0.00958443526178598,0.0281630391255021
2.5351288318634,-31.015380859375,0.00539697986096144,0.0281156273558736
2.79203319549561,-31.0184993743896,0.00499524315819144,0.0280278772115707
3.04874467849731,-31.0212745666504,0.00564143620431423,0.0278553199023008
3.30588388442993,-31.0241947174072,0.00461334642022848,0.0276047550141811
3.56327962875366,-31.0272636413574,0.0026881112717092,0.0273862322792411
3.82081174850464,-31.030517578125,0.000408632244216278,0.0271185021847486
4.07852029800415,-31.0338439941406,-0.00241419044323266,0.0268182512372732
4.33636331558228,-31.0371952056885,-0.00559321325272322,0.0265325307846069
4.59420871734619,-31.0404396057129,-0.0085629103705287,0.0262956321239471
4.85190439224243,-31.0435390472412,-0.0106531977653503,0.0260087763890624
5.10945701599121,-31.0466804504395,-0.0118789337575436,0.0256439307704568
5.36662864685059,-31.0497436523438,-0.0112114977091551,0.025269971229136
5.62396430969238,-31.0529556274414,-0.0110265510156751,0.0249614333733916
5.88196611404419,-31.0561180114746,-0.0135424230247736,0.0246687671169639
6.14030838012695,-31.0595264434814,-0.0172844473272562,0.0243434924632311
6.39837694168091,-31.0628261566162,-0.019611531868577,0.0240084105171263
6.65622091293335,-31.0660743713379,-0.0207345504313707,0.0236831433139741
6.91415739059448,-31.0694103240967,-0.0220244489610195,0.0234149475581944
7.17203950881958,-31.0727615356445,-0.0228497590869665,0.0231085424311459
7.43008041381836,-31.0760879516602,-0.0241408161818981,0.0228514368645847
7.68828582763672,-31.0796451568604,-0.0258884746581316,0.022533206269145
-6.42261600494385,-31.1640205383301,0.024014487862587,0.0230795778334141
-6.16737747192383,-31.1667995452881,0.0233244262635708,0.0231707612983882
-5.91212844848633,-31.1697177886963,0.0228316951543093,0.0234176611993462
-5.65713739395142,-31.1723899841309,0.0237831920385361,0.0237072657328099
-5.40174674987793,-31.175313949585,0.0230728220194578,0.0239620347274467
-5.14648103713989,-31.1780776977539,0.0231746155768633,0.0242057213326916
-4.89115762710571,-31.1809635162354,0.023245008662343,0.0244969734631013
-4.63577795028687,-31.1839771270752,0.0232920851558447,0.0249556923517957
-4.38023376464844,-31.1868591308594,0.0227687750011683,0.0253408036078326
-4.12414216995239,-31.1899032592773,0.0198990553617477,0.0256418557837605
-3.86814618110657,-31.1929340362549,0.0177218317985535,0.0259278584271669
-3.61210036277771,-31.1960639953613,0.0155599871650338,0.0262364116497338
-3.35620331764221,-31.1990833282471,0.0143231274560094,0.0265132368076593
-3.10052013397217,-31.2019081115723,0.0143035668879747,0.0266823847778141
-2.84538960456848,-31.2046241760254,0.0170946177095175,0.0268159066326916
-2.5899715423584,-31.2075576782227,0.0187810342758894,0.0270380643196404
-2.33410859107971,-31.2104969024658,0.0186079423874617,0.0272992611862719
-2.07815027236938,-31.2134189605713,0.0182172823697329,0.0275371093302965
-1.82200062274933,-31.2163982391357,0.017170513048768,0.0276938946917653
-1.56618094444275,-31.2191562652588,0.0178624726831913,0.0277832769788802
-1.31071662902832,-31.2217559814453,0.0204072184860706,0.0278445933945477
-1.05513322353363,-31.2243022918701,0.0226101577281952,0.0279829264618456
-0.798615992069244,-31.2273902893066,0.0207842160016298,0.0281161023303866
-0.541735947132111,-31.2306728363037,0.017544437199831,0.0281381607055664
-0.284981399774551,-31.2339305877686,0.0151185458526015,0.0281456373631954
-0.028409019112587,-31.2370872497559,0.0137527203187346,0.0281434589996934
0.227947145700455,-31.2399940490723,0.013578437268734,0.0282274577766657
0.484027504920959,-31.2427768707275,0.014875840395689,0.0282694892957807
0.740210771560669,-31.2455463409424,0.0159225631505251,0.0282962126657367
0.996705710887909,-31.2484817504883,0.0157911721616983,0.0282117631286383
1.25368893146515,-31.2517051696777,0.0137031534686685,0.0280631622299552
1.51045680046082,-31.254846572876,0.0128150172531605,0.0279064821079373
1.76698935031891,-31.257942199707,0.013213699683547,0.0277775451540947
2.02374076843262,-31.2610187530518,0.0128450011834502,0.0277024814859033
2.28105306625366,-31.2643051147461,0.0102014243602753,0.0275851851329207
2.53859949111938,-31.2676963806152,0.00675366725772619,0.0274775130674243
2.795814037323,-31.2709617614746,0.00501593202352524,0.0273315589874983
3.05278873443604,-31.273962020874,0.00455237831920385,0.0271921511739492
3.30988192558289,-31.276927947998,0.0037791496142745,0.0269651366397738
3.56711530685425,-31.2799625396729,0.00261682807467878,0.0267180353403091
3.82460570335388,-31.2832565307617,0.000569638446904719,0.026472132652998
4.08224821090698,-31.2866020202637,-0.00191568292211741,0.0262080254033208
4.34015464782715,-31.2899971008301,-0.00533163454383612,0.0259689437225461
4.59787750244141,-31.2931537628174,-0.0077287801541388,0.0257649747654796
4.85522317886353,-31.2961044311523,-0.00825184676796198,0.0254962425678968
5.11255741119385,-31.2991161346436,-0.00849357899278402,0.0251189433038235
5.36984777450562,-31.302267074585,-0.00830144062638283,0.0247187912464142
5.62737703323364,-31.305606842041,-0.00891462434083223,0.0244376976042986
5.88561153411865,-31.3089561462402,-0.0123917507007718,0.024218512699008
6.1443133354187,-31.312536239624,-0.0176448579877615,0.0239150691777468
6.40264272689819,-31.3159561157227,-0.0210525114089251,0.0235506002791226
6.66049098968506,-31.3192348480225,-0.0221454109996557,0.0232312739826739
6.91828346252441,-31.3224430084229,-0.0227796733379364,0.0229734783060849
7.17606353759766,-31.3257160186768,-0.0231275763362646,0.0227166367694736
7.43403244018555,-31.3290843963623,-0.0240594334900379,0.0224720048718154
7.69200801849365,-31.3324813842773,-0.0247924383729696,0.0222375197336078
-6.67627811431885,-31.4120311737061,0.0337649136781693,0.0224851244129241
-6.41993618011475,-31.4154796600342,0.0276075508445501,0.0226695598103106
-6.16418504714966,-31.4185466766357,0.0245151203125715,0.0227651284076273
-5.90893030166626,-31.4214420318604,0.0240361727774143,0.0229897366371006
-5.65377902984619,-31.4242515563965,0.0242788922041655,0.0232391655445099
-5.39863348007202,-31.4270668029785,0.0247749071568251,0.0235042541753501
-5.14329671859741,-31.4298439025879,0.0245816316455603,0.0237719665747136
-4.8875789642334,-31.4328842163086,0.0228294674307108,0.0241001977119595
-4.63213872909546,-31.4359512329102,0.0226407572627068,0.0245261645468418
-4.37695503234863,-31.438648223877,0.0238556358963251,0.0248962458281312
-4.12084150314331,-31.4417572021484,0.0209330841898918,0.025181264441926
-3.86442732810974,-31.4449863433838,0.0168409515172243,0.0253871327731758
-3.60825896263123,-31.4482936859131,0.0141679933294654,0.0256294517312199
-3.35254216194153,-31.4512634277344,0.0138235008344054,0.025876282248646
-3.09714531898499,-31.4539813995361,0.0151841035112739,0.0260667647235096
-2.8420786857605,-31.456600189209,0.0183053780347109,0.0262851547449827
-2.58666086196899,-31.4594669342041,0.0200255177915096,0.0265828613191843
-2.33067607879639,-31.4624633789062,0.0193316861987114,0.026865276042372
-2.07468581199646,-31.4653587341309,0.0188288316130638,0.0270796348340809
-1.81870460510254,-31.4681873321533,0.0185910351574421,0.0271958359517157
-1.56286203861237,-31.4710216522217,0.0192259717732668,0.0272565791383386
-1.30723404884338,-31.4738178253174,0.0210758615285158,0.0273102913051844
-1.05156409740448,-31.4765319824219,0.0229407027363777,0.0274353227578104
-0.795121073722839,-31.4796581268311,0.0215043444186449,0.0274961884133518
-0.538235425949097,-31.4828758239746,0.0182714592665434,0.0274504418484867
-0.281573861837387,-31.4859371185303,0.0162902474403381,0.0274154683575034
-0.0250997301191092,-31.488956451416,0.0153986141085625,0.0274291839450598
0.231439039111137,-31.4920978546143,0.0144555121660233,0.0275508845224977
0.488000631332397,-31.4951362609863,0.0136252781376243,0.0276052597910166
0.744633495807648,-31.4981327056885,0.0126935597509146,0.0275762882083654
1.00134301185608,-31.501256942749,0.0116578238084912,0.0274891834706068
1.2581433057785,-31.5044994354248,0.0104534775018692,0.0274324296042323
1.51457571983337,-31.5075912475586,0.0111287301406264,0.0273339804261923
1.77132022380829,-31.5107746124268,0.0106254639104009,0.0272015603259206
2.02806830406189,-31.513765335083,0.010309130884707,0.0271498095244169
2.28506755828857,-31.5168342590332,0.00909553840756416,0.0270298356190324
2.54213666915894,-31.5198516845703,0.00779128726571798,0.0267983796074986
2.79917120933533,-31.5229816436768,0.00688573066145182,0.0265338104218245
3.05613708496094,-31.5260887145996,0.00651156064122915,0.0263669500127435
3.31319999694824,-31.5292644500732,0.0059381416067481,0.0262956498190761
3.57049489021301,-31.5325241088867,0.0045657460577786,0.0261365715414286
3.8280873298645,-31.5358772277832,0.00210923166014254,0.0259313462302089
4.08574295043945,-31.5391674041748,-0.000403141370043159,0.0256589753553271
4.34358930587769,-31.5425052642822,-0.00352002191357315,0.025450274348259
4.60120868682861,-31.545654296875,-0.0054216249845922,0.0252605229616165
4.85841751098633,-31.5487422943115,-0.00528717692941427,0.0249862698838115
5.11591339111328,-31.5519142150879,-0.0061858375556767,0.0246396157890558
5.37374353408813,-31.5553531646729,-0.00829615909606218,0.0242495024576783
5.63172817230225,-31.5587673187256,-0.0108563471585512,0.0239618406631052
5.89008760452271,-31.5621585845947,-0.0148270335048437,0.0237460318021476
6.14871311187744,-31.5657196044922,-0.0197033043950796,0.023434875998646
6.40702247619629,-31.5691585540771,-0.0229740869253874,0.0230664098635316
6.66462516784668,-31.5723762512207,-0.0229598823934793,0.0227468218654394
6.92204809188843,-31.5754776000977,-0.0219576694071293,0.0224668541923165
7.17965793609619,-31.578649520874,-0.0215381272137165,0.0222364794462919
7.43770122528076,-31.5820598602295,-0.0227480977773666,0.0220042909495533
7.69575548171997,-31.5854148864746,-0.0237844660878181,0.0218132915906608
7.95532608032227,-31.5896415710449,-0.0310254693031311,0.0211357064545155
-6.673020362854,-31.6640071868896,0.0345663167536259,0.0221087713725865
-6.4170184135437,-31.6671600341797,0.0300643108785152,0.0222630673088133
-6.16097450256348,-31.6703243255615,0.0256108026951551,0.0223580137826502
-5.90553188323975,-31.6732559204102,0.024276789277792,0.0225553796626627
-5.65039253234863,-31.6761455535889,0.024631654843688,0.0227407752536237
-5.39555788040161,-31.678825378418,0.0266521666198969,0.0230138523038477
-5.14016199111938,-31.6816730499268,0.0262246187776327,0.0233214707113802
-4.88410902023315,-31.6847515106201,0.0229173433035612,0.0236644517863169
-4.62853670120239,-31.6877040863037,0.0221298113465309,0.0240699190180749
-4.37332248687744,-31.6904392242432,0.0232515707612038,0.0244308216497302
-4.11711406707764,-31.6937427520752,0.0199494436383247,0.0247300644114148
-3.86041259765625,-31.6972198486328,0.0145741626620293,0.0249115742917638
-3.60431146621704,-31.7005500793457,0.0122709181159735,0.0250546745373867
-3.34906816482544,-31.7032566070557,0.0141769861802459,0.0252430040854961
-3.09386467933655,-31.705940246582,0.0164872035384178,0.0254961478058249
-2.83848643302917,-31.7086944580078,0.0182034112513065,0.0257686434779316
-2.58290600776672,-31.7115669250488,0.019206415861845,0.0260544216725975
-2.3270218372345,-31.7144927978516,0.0190201904624701,0.0262623517774045
-2.07118892669678,-31.7172775268555,0.0192826725542545,0.0264681209810078
-1.81544709205627,-31.7199764251709,0.0201866403222084,0.0266112694516778
-1.55957114696503,-31.7228984832764,0.0207168646156788,0.0267057353630662
-1.30369901657104,-31.7258415222168,0.0214928276836872,0.026755204424262
-1.04772019386292,-31.7287902832031,0.0219995696097612,0.0268162623979151
-0.791297018527985,-31.7320327758789,0.0207141675055027,0.0268260361626744
-0.53454726934433,-31.7352466583252,0.018152080476284,0.026754645165056
-0.278214871883392,-31.7380218505859,0.0176928769797087,0.0267158020287752
-0.0219293460249901,-31.7408695220947,0.0176854114979506,0.0267701894044876
0.234708547592163,-31.744068145752,0.0163332279771566,0.0268605737946928
0.491939127445221,-31.7475967407227,0.0125437909737229,0.0268991217017174
0.749075531959534,-31.7508583068848,0.00939259957522154,0.0268283127807081
1.0058274269104,-31.7539558410645,0.00821029767394066,0.0267615709453821
1.26226580142975,-31.7570114135742,0.008676927536726,0.0267517110332847
1.51853239536285,-31.7599849700928,0.0101352361962199,0.0266749751754105
1.77517795562744,-31.7630786895752,0.010112913325429,0.0266050659120083
2.03193306922913,-31.7661094665527,0.00981247052550316,0.0265509597957134
2.28854823112488,-31.7690391540527,0.0103561617434025,0.0264193592593074
2.54528069496155,-31.7719821929932,0.0105957016348839,0.0261630322784185
2.8022027015686,-31.775053024292,0.0102238161489367,0.0258762934245169
3.05914974212646,-31.7781677246094,0.00997133366763592,0.0257161622866988
3.31619954109192,-31.7814102172852,0.00949887279421091,0.0256766169331968
3.57372164726257,-31.7849082946777,0.00717747071757913,0.0255542094819248
3.83142256736755,-31.7882347106934,0.00427225977182388,0.0252911136485636
4.08910036087036,-31.7915000915527,0.00169636763166636,0.0250684260390699
4.3467493057251,-31.7947940826416,-0.000513168459292501,0.0248996145091951
4.60428333282471,-31.79807472229,-0.00198477902449667,0.0247547193430364
4.86172437667847,-31.8013496398926,-0.00281831785105169,0.0244899704121053
5.11972618103027,-31.8048553466797,-0.00586747238412499,0.0241298922337592
5.37813234329224,-31.8085899353027,-0.0104320989921689,0.0237725195474923
5.63636636734009,-31.8120822906494,-0.0140310628339648,0.0234701219014823
5.89465618133545,-31.8155250549316,-0.0176439192146063,0.0232148766517639
6.15292406082153,-31.8189029693604,-0.0209306143224239,0.0229004332795739
6.41102027893066,-31.8222694396973,-0.0232352949678898,0.0225766431540251
6.66862154006958,-31.8255634307861,-0.0231630802154541,0.0222803759388626
6.92609119415283,-31.8287754058838,-0.0223048496991396,0.022031341213733
7.18372631072998,-31.831901550293,-0.0219579748809338,0.0218439716845751
7.44167852401733,-31.8352527618408,-0.0227371286600828,0.0216247998178005
7.69968605041504,-31.8384914398193,-0.0235418546944857,0.0214563449844718
7.95868539810181,-31.8423252105713,-0.028327900916338,0.0209665922448039
-6.66927146911621,-31.9162158966064,0.0330032929778099,0.0217227013781667
-6.41354751586914,-31.9191265106201,0.0298687629401684,0.0218736152164638
-6.15781116485596,-31.9220523834229,0.0269200876355171,0.0219940049573779
-5.90202379226685,-31.9250984191895,0.0239809453487396,0.0221527512185276
-5.64695072174072,-31.9278621673584,0.0246881954371929,0.0222996007651091
-5.3922438621521,-31.9305248260498,0.0273661706596613,0.0225280201993883
-5.13701248168945,-31.933443069458,0.0277802404016256,0.0228195355739444
-4.88099527359009,-31.9365844726562,0.0246942173689604,0.0231655619572848
-4.62540769577026,-31.9394111633301,0.0238611847162247,0.0235848037991673
-4.36995840072632,-31.9421653747559,0.0239093750715256,0.0239328850293532
-4.11352157592773,-31.9454956054688,0.0195684991776943,0.0242236875928938
-3.85666036605835,-31.9491729736328,0.0135087510570884,0.0243884436786175
-3.6007559299469,-31.9525165557861,0.0121848220005631,0.0244632115955028
-3.34567284584045,-31.955286026001,0.0148994037881494,0.0246055274037644
-3.09041929244995,-31.9579658508301,0.017016539350152,0.0248711365275085
-2.83457398414612,-31.960994720459,0.0166167132556438,0.0251469925278798
-2.57889127731323,-31.9639453887939,0.0171979814767838,0.0254121443722397
-2.32312989234924,-31.9667625427246,0.0176204089075327,0.0255772424861789
-2.06752061843872,-31.9694061279297,0.0189583264291286,0.025791103951633
-1.81197249889374,-31.9720783233643,0.0208048652857542,0.0259601965080947
-1.55616915225983,-31.9749984741211,0.0217156950384378,0.026080974843353
-1.30026686191559,-31.9779644012451,0.0223960839211941,0.0261165047995746
-1.04409515857697,-31.9810276031494,0.0220658294856548,0.0261261244304478
-0.787540018558502,-31.9843120574951,0.0202192943543196,0.0261312630027533
-0.530842900276184,-31.9876136779785,0.0179550480097532,0.0261046448722482
-0.274681746959686,-31.9903869628906,0.0183268282562494,0.0261368849314749
-0.0184256471693516,-31.9932136535645,0.0184935964643955,0.0262331464327872
0.238467559218407,-31.9964790344238,0.0160213876515627,0.0262812147848308
0.495960474014282,-32.0001487731934,0.011093613691628,0.0262604579329491
0.753176867961884,-32.0034446716309,0.00762753840535879,0.0261248000897467
1.00977683067322,-32.006462097168,0.00717312935739756,0.026040299795568
1.26600766181946,-32.0094184875488,0.00861566606909037,0.0260338541120291
1.52222943305969,-32.0124282836914,0.0103250415995717,0.0259771244600415
1.77866315841675,-32.0153732299805,0.0112848812714219,0.0259523298591375
2.0352144241333,-32.0182762145996,0.011929240077734,0.0258921976201236
2.29181933403015,-32.0212516784668,0.0125627489760518,0.0257821963168681
2.54868483543396,-32.0243988037109,0.0122679648920894,0.025579989887774
2.80584859848022,-32.0276412963867,0.0108710369095206,0.0253459787927568
3.06295084953308,-32.0308074951172,0.00997048430144787,0.0252035432495177
3.31991720199585,-32.0339393615723,0.00990016013383865,0.0251921964809299
3.57731080055237,-32.0373725891113,0.00818550493568182,0.0250422232784331
3.83501434326172,-32.0407981872559,0.00532059418037534,0.0246858191676438
4.09278774261475,-32.0441818237305,0.00237577315419912,0.0244350116699934
4.35024499893188,-32.0474624633789,0.00105452153366059,0.0243077902123332
4.607741355896,-32.050724029541,-0.000213631588849239,0.024200820364058
4.8655252456665,-32.0541725158691,-0.00249978830106556,0.0239274608902633
5.12391567230225,-32.0579299926758,-0.00719024706631899,0.0235627191141248
5.38254356384277,-32.0618171691895,-0.0126661993563175,0.0232522068545222
5.64078807830811,-32.0653228759766,-0.016259890049696,0.0230394643731415
5.8986611366272,-32.0685729980469,-0.0180234834551811,0.0228066178970039
6.15633201599121,-32.0716896057129,-0.018688203766942,0.0224789474159479
6.41408491134644,-32.0749702453613,-0.0194682292640209,0.0221452591940761
6.67203521728516,-32.0783615112305,-0.0208664145320654,0.0218800432048738
6.9301381111145,-32.0819320678711,-0.022679815068841,0.0216788989491761
7.18798446655273,-32.0851516723633,-0.0231945589184761,0.0215345583856106
7.44602298736572,-32.0885276794434,-0.0242960676550865,0.0213147941976786
7.70350408554077,-32.0915374755859,-0.022809499874711,0.0211554355919361
7.96184015274048,-32.0949440002441,-0.0247455108910799,0.0207407646812499
-6.91851234436035,-32.1668968200684,0.0216298084706068,0.0208530793897808
-6.66480827331543,-32.1688232421875,0.0280126631259918,0.0212829695083201
-6.4095344543457,-32.1713943481445,0.0270743500441313,0.0214646169915795
-6.15416383743286,-32.1741065979004,0.0259194821119308,0.0215763747692108
-5.8984580039978,-32.1769676208496,0.023400355130434,0.0217726263217628
-5.64341878890991,-32.1796112060547,0.0243035480380058,0.0219073588959873
-5.38878965377808,-32.1822891235352,0.0274048317223787,0.0220657866448164
-5.13379573822021,-32.1852416992188,0.0290079470723867,0.0222875918261707
-4.87810516357422,-32.1883811950684,0.0275282971560955,0.0225975089706481
-4.62248468399048,-32.1912574768066,0.026584642007947,0.0229989551007748
-4.36687707901001,-32.1939888000488,0.02591647580266,0.023395677562803
-4.11051988601685,-32.197151184082,0.0219748374074697,0.0236970310797915
-3.85386157035828,-32.2008590698242,0.0169199556112289,0.0238699384499341
-3.59798884391785,-32.2041969299316,0.015784028917551,0.0239287827862427
-3.34242677688599,-32.2072486877441,0.016311414539814,0.0240101410017814
-3.08705925941467,-32.2100257873535,0.0179464034736156,0.0242140603077132
-2.83097815513611,-32.213207244873,0.0165001172572374,0.0244429119629785
-2.57491397857666,-32.2163391113281,0.015362118370831,0.024709680932574
-2.31911897659302,-32.2192344665527,0.0156855192035437,0.0249125479022041
-2.06375074386597,-32.221736907959,0.0181790553033352,0.0251244227401912
-1.80835342407227,-32.2244186401367,0.020775469020009,0.0252810099627823
-1.55257272720337,-32.2273597717285,0.0218385066837072,0.0254211165010929
-1.29670512676239,-32.2303237915039,0.0227235238999128,0.0254775637295097
-1.04029583930969,-32.2335014343262,0.0213508009910583,0.0254790093749762
-0.783504486083984,-32.2368125915527,0.0184619668871164,0.0254926262423396
-0.526885628700256,-32.2400703430176,0.0166003182530403,0.0254967645741999
-0.270956575870514,-32.2428550720215,0.01808768697083,0.0255319196730852
-0.0146695002913475,-32.2457962036133,0.018170477822423,0.0255276979878545
0.242248877882957,-32.2491493225098,0.0156381502747536,0.0255406415089965
0.499376147985458,-32.2525939941406,0.0123981889337301,0.0255125896073878
0.756300389766693,-32.2557144165039,0.0102838380262256,0.0254805674776435
1.01301896572113,-32.2587776184082,0.00933268014341593,0.0253830500878394
1.2693704366684,-32.2618026733398,0.0102740218862891,0.0253445454873145
1.52555334568024,-32.2648429870605,0.0122030135244131,0.0253015505149961
1.78172540664673,-32.2676467895508,0.0143684800714254,0.025308710988611
2.03831028938293,-32.2705497741699,0.0148983635008335,0.0252269385382533
2.29524326324463,-32.2737159729004,0.0141140520572662,0.025120735168457
2.55243730545044,-32.2771110534668,0.0124113094061613,0.0250023854896426
2.80999183654785,-32.2806625366211,0.00934137031435966,0.0248424210585654
3.06728148460388,-32.2838821411133,0.00765418726950884,0.0247006299905479
3.32414078712463,-32.2869300842285,0.00809980556368828,0.0246635400690138
3.58141255378723,-32.2902641296387,0.0069632176309824,0.0244865431450307
3.83893775939941,-32.2937469482422,0.0049446769990027,0.0241186185739934
4.09659814834595,-32.2972297668457,0.00255827629007399,0.0238397135399282
4.35378837585449,-32.3003807067871,0.00244575296528637,0.0237591420300305
4.61124277114868,-32.3035736083984,0.00139630574267358,0.0236594090238214
4.86924600601196,-32.3071327209473,-0.00180626113433391,0.0233697197400033
5.12790060043335,-32.3110122680664,-0.00760331191122532,0.0230297716334462
5.3867301940918,-32.3149604797363,-0.0139139536768198,0.0228181821294129
5.64516401290894,-32.3185768127441,-0.0182820800691843,0.0226932829245925
5.90269041061401,-32.3217124938965,-0.0184933692216873,0.0224514347501099
6.15976476669312,-32.3246459960938,-0.01652891933918,0.022110054269433
6.41719532012939,-32.327709197998,-0.0158886946737766,0.0217742715030909
6.67553853988647,-32.3311424255371,-0.0189594142138958,0.0215792744420469
6.93420362472534,-32.3350028991699,-0.0231389850378036,0.0214144908823073
7.19204616546631,-32.3383712768555,-0.0235735177993774,0.0212200505193323
7.44949340820312,-32.341495513916,-0.0221037324517965,0.0209736658725888
7.70692157745361,-32.3444938659668,-0.0203506126999855,0.020778214558959
7.96478176116943,-32.3476066589355,-0.0202300045639277,0.0204129458870739
-6.91509675979614,-32.4183807373047,0.021520746871829,0.0205260394141078
-6.66071033477783,-32.4209289550781,0.0247181951999664,0.0208569681271911
-6.40574598312378,-32.4234046936035,0.0253210347145796,0.0210400079376996
-6.15043258666992,-32.4261512756348,0.0245005879551172,0.0211849766783416
-5.89505195617676,-32.428840637207,0.0235806461423635,0.0213343743234873
-5.63990783691406,-32.4317092895508,0.0240540951490402,0.021511391736567
-5.38507127761841,-32.434513092041,0.0262242816388607,0.0217364113777876
-5.1300482749939,-32.4374656677246,0.02773841843009,0.021957972086966
-4.87466287612915,-32.4405517578125,0.0277588572353125,0.0221966980025172
-4.61918973922729,-32.4434432983398,0.0275673102587461,0.0225206473842263
-4.36375045776367,-32.4460220336914,0.027727035805583,0.0228669142816216
-4.10784387588501,-32.4488754272461,0.0259275138378143,0.0231819620821625
-3.85154914855957,-32.4523735046387,0.0226071905344725,0.023353228578344
-3.59549236297607,-32.455753326416,0.0206397362053394,0.0234029366401955
-3.33948278427124,-32.459056854248,0.0191222075372934,0.0234273864189163
-3.08382177352905,-32.4620323181152,0.0194405596703291,0.0235379481455311
-2.82768726348877,-32.4652481079102,0.0177896674722433,0.0237243877782021
-2.57139253616333,-32.4685134887695,0.0156294852495193,0.0240506017871667
-2.31560254096985,-32.4715042114258,0.0160328671336174,0.0243875957094133
-2.06044340133667,-32.4739685058594,0.0195419043302536,0.0245868036290631
-1.80508017539978,-32.4766998291016,0.0223457720130682,0.0246878594625741
-1.54903995990753,-32.4797477722168,0.0222569238394499,0.0247605403419584
-1.2927725315094,-32.4829711914062,0.0213628523051739,0.0248322337865829
-1.03603863716125,-32.4863014221191,0.0185531731694937,0.0248636354226619
-0.77914571762085,-32.4895820617676,0.0152413994073868,0.024882645579055
-0.522831320762634,-32.4926795959473,0.0148145658895373,0.0249083894304931
-0.267195343971252,-32.4954223632812,0.0176927857100964,0.0249208437744528
-0.010946755297482,-32.4984893798828,0.0180130377411842,0.0248259636573493
0.245777323842049,-32.5017852783203,0.0164077486842871,0.0247791628353298
0.502585113048553,-32.5050163269043,0.0146442241966724,0.024795500561595
0.759488523006439,-32.5081253051758,0.0126619720831513,0.024860757868737
1.01646685600281,-32.5113182067871,0.0105827366933227,0.0247498541139066
1.2728978395462,-32.5143013000488,0.0111985513940454,0.02468641102314
1.52893757820129,-32.5172805786133,0.0138108180835843,0.0246859351173043
1.78495645523071,-32.520092010498,0.0167104918509722,0.0247098016552627
2.0415415763855,-32.5230979919434,0.0172899048775434,0.0245924037881196
2.29870510101318,-32.5263900756836,0.0155207300558686,0.0244590668007731
2.55606842041016,-32.5299224853516,0.0131152700632811,0.024378883652389
2.81393337249756,-32.5336227416992,0.00871155597269535,0.024227196816355
3.07142162322998,-32.536922454834,0.00618918379768729,0.0240680277347565
3.32853293418884,-32.5401496887207,0.00557721219956875,0.0239814515225589
3.58584094047546,-32.5435256958008,0.00433186301961541,0.0238311574794352
3.84319615364075,-32.5470314025879,0.00312187755480409,0.0235818228684366
4.10051250457764,-32.5504112243652,0.00229698559269309,0.0233294549398124
4.35750198364258,-32.553409576416,0.00310116726905107,0.0232205186039209
4.6150074005127,-32.5566520690918,0.00187393964733928,0.023063241969794
4.87322854995728,-32.5603370666504,-0.0022328021004796,0.0228108274750412
5.13192081451416,-32.5642051696777,-0.00815259013324976,0.0226098224520683
5.39081048965454,-32.5681343078613,-0.0146879088133574,0.0224720523692667
5.64964437484741,-32.5719757080078,-0.0207379329949617,0.0223070755600929
5.90708923339844,-32.5751571655273,-0.0205368511378765,0.0220501539297402
6.16356563568115,-32.5779571533203,-0.0159275569021702,0.0217380297835916
6.42060041427612,-32.5807075500488,-0.0135566825047135,0.0214370822068304
6.67923593521118,-32.5841827392578,-0.0178561080247164,0.0212537168990821
6.93823671340942,-32.5881767272949,-0.0234373044222593,0.0210690731182694
7.19589757919312,-32.5916213989258,-0.0230288226157427,0.0208099840674549
7.45298624038696,-32.5946044921875,-0.0199803560972214,0.0205577400047332
7.71014404296875,-32.5974769592285,-0.0170352179557085,0.0203218520618975
7.9675817489624,-32.6003608703613,-0.0150838494300842,0.0199926914647222
8.22435283660889,-32.6029930114746,-0.0100798336789012,0.0195363876409829
-6.91203880310059,-32.669734954834,0.0231206603348255,0.0201998110860586
-6.65732955932617,-32.6724624633789,0.0248197577893734,0.0204473733901978
-6.40234851837158,-32.6751365661621,0.0254166461527348,0.020605553407222
-6.14740180969238,-32.677734375,0.0263962112367153,0.0207885392010212
-5.89215230941772,-32.6805877685547,0.0261744111776352,0.0209263111464679
-5.63669157028198,-32.6837997436523,0.0252118892967701,0.0211659893393517
-5.3814115524292,-32.6868591308594,0.0253296904265881,0.0214592749252915
-5.12609148025513,-32.6898612976074,0.0254762191325426,0.0217261649668217
-4.87072324752808,-32.6929054260254,0.0256285220384598,0.0219208300113678
-4.61529493331909,-32.6958045959473,0.0257023181766272,0.0221128333359957
-4.36006212234497,-32.6983261108398,0.0268861595541239,0.0223795808851719
-4.10472917556763,-32.7009353637695,0.0278313178569078,0.0226736180484295
-3.848881483078,-32.7041320800781,0.0266340617090464,0.0228074614424258
-3.59281730651855,-32.7074851989746,0.0246663745492697,0.0228210752829909
-3.33673691749573,-32.7108039855957,0.0228543411940336,0.0228329999372363
-3.08103847503662,-32.7137641906738,0.0230316985398531,0.0229731817962602
-2.82487487792969,-32.7170104980469,0.0212865434587002,0.0231695473194122
-2.56828713417053,-32.7204742431641,0.0178155675530434,0.0234971542959101
-2.3122820854187,-32.7236328125,0.0172738432884216,0.0238620952331985
-2.05713534355164,-32.7261962890625,0.0208963099867105,0.0240628093015403
-1.80191957950592,-32.7288703918457,0.0244222600013018,0.0241354943718761
-1.54575169086456,-32.7320594787598,0.023797869682312,0.0241658762097359
-1.28901159763336,-32.7355308532715,0.0207840744405985,0.0242592104477808
-1.03203499317169,-32.7389678955078,0.0169095899909735,0.0242987782694399
-0.775544047355652,-32.7420997619629,0.0154847037047148,0.0242760046385229
-0.519546389579773,-32.745002746582,0.0165376905351877,0.0242743408307433
-0.26382127404213,-32.7478523254395,0.0190599914640188,0.0242763354908675
-0.00759204430505633,-32.7509994506836,0.0195204541087151,0.0242098311427981
0.248985707759857,-32.7542686462402,0.0186235923320055,0.0241729358676821
0.505963742733002,-32.7575912475586,0.0161320399492979,0.0242060925811529
0.763185739517212,-32.7608451843262,0.012754918076098,0.0242852061055601
1.02011442184448,-32.7639846801758,0.010938772931695,0.0241411961615086
1.2763546705246,-32.7668647766113,0.0124518759548664,0.0240341953467578
1.53219306468964,-32.7697105407715,0.0160020142793655,0.0240329436492175
1.78825151920319,-32.7726097106934,0.0187731850892305,0.0240601603873074
2.04486322402954,-32.7757377624512,0.0192865096032619,0.0239700386300683
2.30211496353149,-32.779109954834,0.0171694625169039,0.0238010874018073
2.55946159362793,-32.7826156616211,0.0148757863789797,0.023728339234367
2.81717467308044,-32.7861328125,0.0111714825034142,0.0235669438261539
3.07476997375488,-32.7895088195801,0.00821734126657248,0.0233811107464135
3.33235669136047,-32.7930603027344,0.00555861089378595,0.0232475139200687
3.59002184867859,-32.7966957092285,0.00279614236205816,0.023194745881483
3.84750843048096,-32.800235748291,0.00105277425609529,0.0231121096294373
4.10462999343872,-32.8034057617188,0.0011157188564539,0.0228916082996875
4.36164236068726,-32.8064842224121,0.00187499495223165,0.0226962540764362
4.6192102432251,-32.8099250793457,0.000440350413555279,0.0224898785818368
4.87750244140625,-32.8137016296387,-0.00392092112451792,0.022337706759572
5.13598394393921,-32.8174247741699,-0.00888452399522066,0.0222055639605969
5.39447450637817,-32.8211669921875,-0.0136415800079703,0.02204963658005
5.65324735641479,-32.825023651123,-0.019379636272788,0.0218182022217661
5.9106125831604,-32.8282203674316,-0.0187871679663658,0.0215297788381577
6.16723155975342,-32.8310279846191,-0.0147593785077333,0.0213068274315447
6.42424011230469,-32.8338356018066,-0.0122257759794593,0.0210959839168936
6.68308591842651,-32.8374443054199,-0.0173829030245543,0.0209258140530437
6.94206762313843,-32.8414611816406,-0.0228353682905436,0.020687778480351
7.19967222213745,-32.8449249267578,-0.0221387036144733,0.0204136460088193
7.45678758621216,-32.8479461669922,-0.0191584788262844,0.0201582671143115
7.71403551101685,-32.8509140014648,-0.016545943915844,0.0198531325440854
7.97143173217773,-32.8537559509277,-0.0143782403320074,0.0195252245757729
8.22915077209473,-32.8568344116211,-0.013354049064219,0.0190996883902699
-6.90886068344116,-32.9213218688965,0.024152684956789,0.0198464384302497
-6.65414810180664,-32.9240074157715,0.0258782431483269,0.0200480120256543
-6.39915084838867,-32.9267196655273,0.0264482889324427,0.0202003996819258
-6.14434766769409,-32.9292984008789,0.0281677059829235,0.0203700233250856
-5.88911867141724,-32.9322891235352,0.0281049590557814,0.0205261865630746
-5.63348913192749,-32.9356498718262,0.0263921469449997,0.0208028694614768
-5.3779468536377,-32.9388961791992,0.0253224968910217,0.021123034413904
-5.12229347229004,-32.9420890808105,0.0239453800022602,0.0214028744958341
-4.86675930023193,-32.945182800293,0.0233598221093416,0.0215619201771915
-4.61129474639893,-32.9480781555176,0.023314731195569,0.0216798530891538
-4.35598516464233,-32.950756072998,0.0242061913013458,0.0218837861903012
-4.10057020187378,-32.9535598754883,0.0248391889035702,0.022113636136055
-3.84481072425842,-32.9567031860352,0.0241062995046377,0.022238502278924
-3.58899712562561,-32.9598846435547,0.023353535681963,0.0222609688062221
-3.33324074745178,-32.9629402160645,0.0230867173522711,0.0223250163253397
-3.07758235931396,-32.9658889770508,0.0234974976629019,0.0225081050302833
-2.82154297828674,-32.969123840332,0.0223795156925917,0.022719613276422
-2.56526875495911,-32.9725494384766,0.0204176381230354,0.0229797343490645
-2.30931234359741,-32.9756889343262,0.0201422963291407,0.0232927228789777
-2.05406928062439,-32.9782981872559,0.023359565064311,0.0234992879559286
-1.79869854450226,-32.9810371398926,0.0262124370783567,0.0236147062896634
-1.54258453845978,-32.984203338623,0.0258773881942034,0.0236574485315941
-1.28585016727448,-32.9876518249512,0.0229276660829782,0.0237005168455653
-1.02908253669739,-32.9910545349121,0.0200571026653051,0.023732898524031
-0.772935152053833,-32.9940872192383,0.0202456004917622,0.0236997922183946
-0.516730427742004,-32.9971504211426,0.0203987900167704,0.0236640503862873
-0.260603606700897,-33.0002632141113,0.0211424417793751,0.0236459990264848
-0.00428776303306222,-33.0034255981445,0.0212473887950182,0.0236409687204286
0.252253413200378,-33.006721496582,0.020562132820487,0.0236591789871454
0.509515404701233,-33.0102272033691,0.0168352145701647,0.0236487539950758
0.76688939332962,-33.0135498046875,0.0128160817548633,0.023633650271222
1.02349603176117,-33.0165519714355,0.0124931950122118,0.0234813219867647
1.27952325344086,-33.0193862915039,0.0150097142904997,0.0233961530029774
1.53548443317413,-33.0223007202148,0.0180502459406853,0.0234091172460467
1.79192852973938,-33.0253715515137,0.0191372167319059,0.0234602452255785
2.04864406585693,-33.0285758972168,0.0192362181842327,0.0234304571058601
2.30577850341797,-33.0319862365723,0.0176962111145258,0.0232918262481689
2.56300830841064,-33.0354347229004,0.0159624963998795,0.0232313752640039
2.82044625282288,-33.0387573242188,0.0135108139365911,0.0230329842306674
3.0779230594635,-33.0421409606934,0.0111271366477013,0.0227962583303452
3.33561778068542,-33.0458221435547,0.00804096553474665,0.0226122906897217
3.59364938735962,-33.0495948791504,0.00369961536489427,0.0225985259748995
3.85151219367981,-33.0531883239746,0.000329289119690657,0.0226129526272416
4.10886907577515,-33.0564842224121,-0.000593223434407264,0.0224154279567301
4.36586141586304,-33.0596733093262,0.000317497062496841,0.0222097397781909
4.62323760986328,-33.0630950927734,-0.000224119343329221,0.0220106663182378
4.88151597976685,-33.0668907165527,-0.00447795120999217,0.0219154879450798
5.13979148864746,-33.0705299377441,-0.00849693641066551,0.0218090193811804
5.39785289764404,-33.0741157531738,-0.011342073790729,0.0216489208396524
5.65599155426025,-33.0776824951172,-0.014293129555881,0.0213850543368608
5.91325426101685,-33.0808753967285,-0.0132179716601968,0.0211077374406159
6.17039346694946,-33.083911895752,-0.0114040141925216,0.0209078362677246
6.42789554595947,-33.0870132446289,-0.0109494756907225,0.0206995757762343
6.68675899505615,-33.0908241271973,-0.0161162335425615,0.020468634320423
6.94558048248291,-33.0948143005371,-0.0208340715616941,0.0202310354216024
7.20361995697021,-33.0984764099121,-0.0219576694071293,0.0200104343239218
7.46104383468628,-33.1015930175781,-0.0202572550624609,0.0197914687450975
7.71851968765259,-33.1045913696289,-0.0185784231871367,0.0194884951924905
7.97606229782104,-33.107608795166,-0.0169708654284477,0.0191856804303825
8.23392581939697,-33.1107635498047,-0.0165123492479324,0.0188163879793137
-6.90558767318726,-33.1731033325195,0.0247347913682461,0.0194789376109838
-6.65088558197021,-33.1757545471191,0.0265546571463346,0.0196466483175755
-6.39587020874023,-33.1785850524902,0.0271011851727962,0.019806744530797
-6.14092016220093,-33.1813545227051,0.0281820427626371,0.0200046496465802
-5.88570833206177,-33.1843299865723,0.0282515939325094,0.0202266573905945
-5.63016891479492,-33.1876335144043,0.0270140301436186,0.0204787426628172
-5.37482738494873,-33.1908187866211,0.0269480422139168,0.020739627070725
-5.11930847167969,-33.1939277648926,0.0262478478252888,0.0209712446667254
-4.86367654800415,-33.1970100402832,0.0252385046333075,0.0211178092285991
-4.60798645019531,-33.2000694274902,0.0241811200976372,0.0212018736638129
-4.35244035720825,-33.2030792236328,0.0240361988544464,0.021333415992558
-4.09680414199829,-33.2061424255371,0.0236978232860565,0.0215335921384394
-3.84102034568787,-33.2093238830566,0.0229045916348696,0.0217002020217478
-3.58534693717957,-33.2123069763184,0.0228410586714745,0.0218217517249286
-3.32976174354553,-33.2151145935059,0.023398594930768,0.0219875911716372
-3.07404208183289,-33.2180519104004,0.0235650800168514,0.0221468626987189
-2.81805515289307,-33.2213401794434,0.02274782769382,0.0223101153969765
-2.5622398853302,-33.224609375,0.0229636617004871,0.0224606122355908
-2.30664372444153,-33.2275314331055,0.0243875682353973,0.0226570104714483
-2.05108022689819,-33.2303581237793,0.0261727757751942,0.022825192543678
-1.79528594017029,-33.2333145141602,0.0271190218627453,0.0229232433484867
-1.53925359249115,-33.2363662719727,0.0271935202181339,0.0229725342360325
-1.28283667564392,-33.2396697998047,0.0257410053163767,0.0230061847250909
-1.02620577812195,-33.2431030273438,0.0235471483319998,0.0230821591103449
-0.769937694072723,-33.2463226318359,0.0232388582080603,0.023121469799662
-0.513588845729828,-33.24951171875,0.022782564163208,0.0230977564642671
-0.25740173459053,-33.252613067627,0.0232873316854239,0.0230407132767141
-0.00113863800652325,-33.2557373046875,0.0236703399568796,0.0230305479490198
0.255502104759216,-33.2590866088867,0.0225755609571934,0.0231134193018079
0.512940645217896,-33.262767791748,0.0181038286536932,0.0231497480999678
0.770352602005005,-33.2661247253418,0.0139573998749256,0.023077028687112
1.02670311927795,-33.2691192626953,0.0148424599319696,0.0229265057714656
1.28274059295654,-33.2719955444336,0.0173573829233646,0.0228777269367129
1.53903901576996,-33.2750968933105,0.0189318712800741,0.0228649608325213
1.79601883888245,-33.2784309387207,0.0176693834364414,0.0228664178866893
2.0529637336731,-33.2817611694336,0.0167949125170708,0.0228729164227843
2.30999612808228,-33.2851104736328,0.0157574135810137,0.0227901539765298
2.56706881523132,-33.2884788513184,0.014769266359508,0.0227119107730687
2.82431268692017,-33.2917823791504,0.013233426027,0.02251041890122
3.08165216445923,-33.2951965332031,0.0115139679983258,0.0223030301276594
3.33910894393921,-33.2986907958984,0.00951086170971394,0.0221438102889806
3.59712338447571,-33.3023643493652,0.00527444016188383,0.022100823931396
3.85500955581665,-33.3059387207031,0.00183895218651742,0.0220614701975137
4.11246871948242,-33.3093109130859,0.00051434466149658,0.0219124772120267
4.36962461471558,-33.3126525878906,0.000759014801587909,0.0217255007009953
4.62696838378906,-33.3161010742188,0.000409095053328201,0.0215630107559264
4.88535642623901,-33.3200035095215,-0.00427226303145289,0.0214637621538714
5.14363527297974,-33.3237686157227,-0.00824699550867081,0.0213413563324139
5.40149259567261,-33.3273544311523,-0.0101499119773507,0.0212263269349933
5.6589822769165,-33.3306198120117,-0.0102475713938475,0.0209787942003459
5.91617012023926,-33.3337364196777,-0.00881693884730339,0.0207002819515765
6.17400026321411,-33.3371086120605,-0.00994819868355989,0.0204404392279685
6.43206644058228,-33.3405303955078,-0.0118728317320347,0.0201923344284296
6.69048500061035,-33.3442306518555,-0.0150690646842122,0.0199519045418128
6.94881248474121,-33.3479385375977,-0.0176314674317837,0.0197729003848508
7.20733690261841,-33.3518257141113,-0.0207928828895092,0.0196347354212776
7.4653754234314,-33.3553085327148,-0.021663885563612,0.01946580351796
7.72314310073853,-33.358455657959,-0.0211813785135746,0.019202102907002
7.9808349609375,-33.3615875244141,-0.0201523900032043,0.0189243728527799
8.23868274688721,-33.3647575378418,-0.0195696242153645,0.0185901271179318
-6.90211725234985,-33.4251747131348,0.0243771690875292,0.019099541939795
-6.64734697341919,-33.4278678894043,0.0259250439703465,0.0192346451804042
-6.39256381988525,-33.4305267333984,0.0276274736970663,0.0194191904738545
-6.13758420944214,-33.433292388916,0.0286145061254501,0.0196078224107623
-5.88238716125488,-33.4363136291504,0.0288090892136097,0.019820524379611
-5.62704563140869,-33.4395484924316,0.0285642128437757,0.0200624438002706
-5.37168645858765,-33.4427604675293,0.0284605957567692,0.0203266786411405
-5.11619901657104,-33.4458808898926,0.0279606245458126,0.020547587890178
-4.86042070388794,-33.4490928649902,0.0263123083859682,0.0206339727155864
-4.60461044311523,-33.4522972106934,0.0247465409338474,0.0206592860631645
-4.34885311126709,-33.4554672241211,0.0236620586365461,0.0207755356095731
-4.09300708770752,-33.4587593078613,0.0224040877074003,0.0209858873859048
-3.83710241317749,-33.4620590209961,0.02110555768013,0.0211901194415987
-3.58140254020691,-33.465015411377,0.0209636222571135,0.02136494172737
-3.3259608745575,-33.467601776123,0.0222232006490231,0.0215522991493344
-3.07040643692017,-33.4703636169434,0.0231951791793108,0.0217358521185815
-2.81462979316711,-33.4735412597656,0.0233993045985699,0.0218551908619702
-2.558913230896,-33.4767684936523,0.0241187997162342,0.0219640475697815
-2.30343127250671,-33.4797248840332,0.026125805452466,0.0221062214113772
-2.0480489730835,-33.4824409484863,0.0287869274616241,0.0222373695578426
-1.79241478443146,-33.4852638244629,0.0305027421563864,0.022298023570329
-1.53632462024689,-33.4883995056152,0.0303576663136482,0.0223435211228207
-1.27981603145599,-33.4917945861816,0.0285307075828314,0.0224319242406636
-1.02318549156189,-33.4952735900879,0.0263840518891811,0.0225338576128706
-0.766719460487366,-33.4986343383789,0.0252188835293055,0.0225759178865701
-0.510441780090332,-33.5018424987793,0.0251342840492725,0.0225250661023892
-0.254250675439835,-33.5049362182617,0.0256606731563807,0.0224502297060098
0.00197676499374211,-33.5080757141113,0.0262497458606958,0.022453990926806
0.258723258972168,-33.5115127563477,0.024720860645175,0.0225624530721689
0.516264975070953,-33.5152397155762,0.0198237150907516,0.0226462221180554
0.773750424385071,-33.5187568664551,0.0154035780578852,0.0225609145418275
1.0302746295929,-33.5218048095703,0.0155461868271232,0.022382496856153
1.28619313240051,-33.5246849060059,0.0186461396515369,0.0222825080854818
1.54258739948273,-33.5278739929199,0.0198391824960709,0.0223142961040139
1.79971718788147,-33.5313339233398,0.0179572869092226,0.0223746038973331
2.05695939064026,-33.5348052978516,0.0158017240464687,0.0223724687239155
2.31401348114014,-33.5382232666016,0.0147207928821445,0.0223189668031409
2.57104563713074,-33.5415802001953,0.0139610888436437,0.0222409643465653
2.8280348777771,-33.5447959899902,0.0136038204655051,0.0220783188706264
3.08514022827148,-33.5480537414551,0.012957664206624,0.021818011184223
3.34260535240173,-33.5515670776367,0.0109618101269007,0.0216402567457408
3.60066270828247,-33.5553207397461,0.00658569158986211,0.0216226325137541
3.85878658294678,-33.5590019226074,0.00214693276211619,0.0216179877752438
4.11618900299072,-33.5623931884766,0.00111982552334666,0.0214581055333838
4.37307548522949,-33.565673828125,0.002595225116238,0.0212362975580618
4.63053607940674,-33.5692405700684,0.00178459822200239,0.0211155755678192
4.88895797729492,-33.5731658935547,-0.00300200679339468,0.0210636730771512
5.14745426177979,-33.5770683288574,-0.00787551794201136,0.0209958254708908
5.40532159805298,-33.580623626709,-0.00978126097470522,0.020836329262238
5.66262197494507,-33.583869934082,-0.00900657195597887,0.0205712575698271
5.91984701156616,-33.5870208740234,-0.00769199011847377,0.0202570272958837
6.17740964889526,-33.5902442932129,-0.00762854656204581,0.0199572236160748
6.43557167053223,-33.5937080383301,-0.00992748979479074,0.0196959674358368
6.69417142868042,-33.5975036621094,-0.0138575006276369,0.0194657812826335
6.95283126831055,-33.6015396118164,-0.0177809819579124,0.019325548724737
7.21133327484131,-33.6054801940918,-0.0207931473851204,0.0192658852320164
7.46960973739624,-33.6090927124023,-0.0226326081901789,0.0191724121687002
7.72772121429443,-33.6124572753906,-0.0235605072230101,0.0189827508293092
7.9855694770813,-33.6156234741211,-0.0231530535966158,0.018710984615609
8.24342346191406,-33.6188125610352,-0.0225423965603113,0.0184196430491284
-6.898362159729,-33.677547454834,0.0226622726768255,0.0187008418142796
-6.64345693588257,-33.6803550720215,0.0236219074577093,0.018810598179698
-6.3885612487793,-33.6831359863281,0.0248523056507111,0.019028983078897
-6.13361597061157,-33.6859092712402,0.0260615721344948,0.0192783577367663
-5.87868118286133,-33.6887588500977,0.0275559462606907,0.0195439625531435
-5.62388324737549,-33.691650390625,0.0299359373748302,0.0197906289249659
-5.36913633346558,-33.6944923400879,0.0327737852931023,0.0199839118868113
-5.11402463912964,-33.6974067687988,0.0340880453586578,0.0201169131323695
-4.85827445983887,-33.7006340026855,0.0326112471520901,0.0201379768550396
-4.60225105285645,-33.7040519714355,0.0300905518233776,0.0201194304972887
-4.34618234634399,-33.7075500488281,0.0276046004146338,0.0202218121849
-4.09005546569824,-33.711124420166,0.0250895749777555,0.0204773633740842
-3.83401393890381,-33.7144889831543,0.0231914818286896,0.0207875571213663
-3.57832407951355,-33.7172966003418,0.023121690377593,0.0210683448240161
-3.32289958000183,-33.719669342041,0.0244779828935862,0.0212832326069474
-3.06724810600281,-33.7223205566406,0.0250211041420698,0.0213976399973035
-2.81142950057983,-33.7254486083984,0.0250661075115204,0.021384603343904
-2.55585217475891,-33.7286224365234,0.0264752507209778,0.0213430128060281
-2.30047225952148,-33.731616973877,0.029006939381361,0.0213607624173164
-2.04495739936829,-33.7344932556152,0.0311098974198103,0.0214212820865214
-1.78913617134094,-33.7374382019043,0.0320108607411385,0.0214661220088601
-1.53301596641541,-33.7405662536621,0.0317684188485146,0.0215412408579141
-1.27652287483215,-33.7439880371094,0.0300598870962858,0.021698912139982
-1.01975214481354,-33.747673034668,0.0273334868252277,0.0219017964554951
-0.763015985488892,-33.7513236999512,0.0250004138797522,0.0220275964820758
-0.50658917427063,-33.7546615600586,0.0242914333939552,0.0219918552320451
-0.250478953123093,-33.7576675415039,0.0252264123409986,0.021866513765417
0.00556565262377262,-33.7606391906738,0.0266804676502943,0.0218339893035591
0.262230068445206,-33.7640228271484,0.0255661197006702,0.0219614386442117
0.519779801368713,-33.767822265625,0.0206854436546564,0.0220934164826758
0.777208089828491,-33.7714157104492,0.0165790040045977,0.0220669292612001
1.03368103504181,-33.7745170593262,0.017005130648613,0.0219480209925678
1.28981447219849,-33.7775344848633,0.0191876050084829,0.0218616898273467
1.54665338993073,-33.7809524536133,0.0184370521456003,0.0218306305905571
1.80418431758881,-33.7846298217773,0.0148143945261836,0.0217940657457802
2.06160521507263,-33.7882194519043,0.011918350122869,0.0217318887298461
2.3186719417572,-33.7916526794434,0.0108366888016462,0.0216659407888073
2.57568550109863,-33.7950325012207,0.0102153774350882,0.0216107603046112
2.83260059356689,-33.798282623291,0.0102488240227103,0.0215219232195523
3.08948040008545,-33.8014831542969,0.0106578040868044,0.0213429327995982
3.34652996063232,-33.8047943115234,0.0105449417605996,0.0211844511795789
3.60406517982483,-33.8082695007324,0.00850982032716274,0.0211111613898538
3.86170482635498,-33.811767578125,0.00624476047232747,0.0210406008700375
4.11879777908325,-33.8150939941406,0.00662239454686642,0.0208761931280605
4.37567663192749,-33.8183898925781,0.00816836208105087,0.020705907169031
4.63347768783569,-33.822078704834,0.00589958159253001,0.020632930638385
4.89246559143066,-33.8262748718262,-0.00131770619191229,0.0205847908946453
5.15150499343872,-33.8305053710938,-0.00850264821201563,0.0204940581552364
5.40962600708008,-33.8342475891113,-0.0114540122449398,0.0203252671890368
5.66696834564209,-33.8375358581543,-0.0108102029189467,0.0200470768431842
5.92436742782593,-33.8407783508301,-0.0101972110569477,0.0196990917756921
6.18220233917236,-33.8441581726074,-0.0112538989633322,0.019354637239303
6.44029235839844,-33.8476028442383,-0.0131872445344925,0.0190694968478056
6.69826030731201,-33.85107421875,-0.0143562685698271,0.0188675175159005
6.95635318756104,-33.8548126220703,-0.0158029422163963,0.018815234201611
7.2148904800415,-33.8587989807129,-0.0189209580421448,0.0188928705611033
7.47356748580933,-33.8626899719238,-0.0224186666309834,0.0189268734829966
7.73209238052368,-33.8663482666016,-0.0250503420829773,0.018837150069885
7.990149974823,-33.8696899414062,-0.0254740975797176,0.0186470361659303
8.24803924560547,-33.8729209899902,-0.0249631516635418,0.0184469735831954
