-8.54741668701172,31.6720066070557,-0.0175697095692158,0.0438791364431381
-8.29476356506348,31.6751270294189,-0.016271211206913,0.0439398437738419
-8.04148101806641,31.6781520843506,-0.0178026780486107,0.0439827293157578
-7.78803157806396,31.6810436248779,-0.0199163872748613,0.0439493209123611
-7.53492593765259,31.6837635040283,-0.0201439820230007,0.043848842382431
-7.28227806091309,31.6863479614258,-0.0179515015333891,0.0437323153018951
-7.02966260910034,31.688943862915,-0.0153942154720426,0.0436933934688568
-6.77647590637207,31.6916027069092,-0.0153582207858562,0.0437169522047043
-6.52287626266479,31.6943302154541,-0.0170729458332062,0.0437318831682205
-6.26907348632812,31.6971740722656,-0.0195277761667967,0.0436736047267914
-6.01503038406372,31.7001495361328,-0.022889781743288,0.0435445308685303
-5.76118803024292,31.7031631469727,-0.0250676888972521,0.0434396415948868
-5.50806617736816,31.706090927124,-0.0236025750637054,0.0434473752975464
-5.25546312332153,31.7089519500732,-0.0194745883345604,0.0435271561145782
-5.0024881362915,31.7118549346924,-0.0168952699750662,0.0436083227396011
-4.74863624572754,31.7148571014404,-0.0182310957461596,0.0437079817056656
-4.49454784393311,31.7178649902344,-0.0204491876065731,0.0437836945056915
-4.24100875854492,31.7208290100098,-0.0198634061962366,0.0437238365411758
-3.98803305625916,31.7238750457764,-0.016428017988801,0.0435575842857361
-3.73519611358643,31.7270526885986,-0.0121376626193523,0.0434670597314835
-3.48218655586243,31.7303104400635,-0.00844727735966444,0.0434905588626862
-3.2288670539856,31.7334861755371,-0.00599102582782507,0.0434813052415848
-2.9750657081604,31.7364921569824,-0.00555943325161934,0.0433826595544815
-2.72062468528748,31.7394104003906,-0.00786569621413946,0.0433217734098434
-2.46556758880615,31.7423572540283,-0.0127850389108062,0.0433516949415207
-2.2100145816803,31.7453479766846,-0.0197448246181011,0.0433554202318192
-1.95449495315552,31.7483978271484,-0.0263022370636463,0.0432505160570145
-1.69954979419708,31.7515392303467,-0.0299764666706324,0.0431369096040726
-1.44548285007477,31.7548160552979,-0.0293953567743301,0.0431013107299805
-1.19210481643677,31.757999420166,-0.0254516266286373,0.0430816113948822
-0.938697755336761,31.7609710693359,-0.0214374680072069,0.0430647730827332
-0.684730410575867,31.7639656066895,-0.0197669137269258,0.043127253651619
-0.430211693048477,31.767110824585,-0.0203835982829332,0.0432673543691635
-0.175561100244522,31.7702922821045,-0.0213744267821312,0.0433349907398224
0.0790472701191902,31.7734260559082,-0.0219503603875637,0.0432627350091934
0.333505988121033,31.7766265869141,-0.0216282811015844,0.0431634485721588
0.587602078914642,31.779878616333,-0.0194548591971397,0.0431315451860428
0.841454327106476,31.7831783294678,-0.0159748941659927,0.043163537979126
1.09545969963074,31.7865753173828,-0.0129744969308376,0.0431937873363495
1.3500143289566,31.7899627685547,-0.0122226998209953,0.0431707054376602
1.60515296459198,31.7931346893311,-0.0138624366372824,0.0431327968835831
1.86065113544464,31.7961444854736,-0.0168787594884634,0.0431288331747055
2.11615610122681,31.799201965332,-0.0196923073381186,0.0431484431028366
2.37101006507874,31.8023319244385,-0.0193850826472044,0.0431346744298935
2.62510967254639,31.8056125640869,-0.0155183756724,0.0430824160575867
2.87920832633972,31.8091716766357,-0.0114414021372795,0.0430037975311279
3.13407206535339,31.8127117156982,-0.0105353910475969,0.0429115295410156
3.38925528526306,31.8159770965576,-0.0108195981010795,0.0428524613380432
3.64421081542969,31.8191165924072,-0.0098854061216116,0.0428807586431503
3.89940309524536,31.8224563598633,-0.00977000501006842,0.0429974347352982
4.15522289276123,31.8260631561279,-0.0121780736371875,0.0431325882673264
4.41097354888916,31.8297309875488,-0.0140552371740341,0.0432572513818741
4.66618490219116,31.8333568572998,-0.0133558670058846,0.0433472394943237
4.92109107971191,31.8367538452148,-0.0111138978973031,0.043435126543045
5.17603445053101,31.8400573730469,-0.00882090628147125,0.0434728115797043
6.96238327026367,31.8647613525391,0.00562298996374011,0.0436362624168396
7.21777486801147,31.8681392669678,0.007681870367378,0.0436064749956131
-8.54505443572998,31.422966003418,-0.0120620988309383,0.0437847226858139
-8.29247856140137,31.4260082244873,-0.0103831766173244,0.043858677148819
-8.03935623168945,31.4289226531982,-0.0111384205520153,0.0438942015171051
-7.78610134124756,31.4317150115967,-0.0123080825433135,0.0438466966152191
-7.53304386138916,31.4343757629395,-0.0123036280274391,0.0437323004007339
-7.28002834320068,31.4370059967041,-0.0118757542222738,0.0436109304428101
-7.02658414840698,31.4397525787354,-0.0132835851982236,0.0435939133167267
-6.77259635925293,31.4425354003906,-0.0170658957213163,0.0436540544033051
-6.51871204376221,31.4452381134033,-0.0201177336275578,0.0436872094869614
-6.26514673233032,31.4479141235352,-0.0214152187108994,0.0436334013938904
-6.01152038574219,31.4507160186768,-0.0227756127715111,0.0435203909873962
-5.75793790817261,31.453634262085,-0.0236994419246912,0.0434280782938004
-5.50482892990112,31.4565544128418,-0.0221587177366018,0.0434004217386246
-5.25209856033325,31.4594783782959,-0.0186131577938795,0.043395459651947
-4.99908208847046,31.4624938964844,-0.0162118822336197,0.0433866232633591
-4.74536418914795,31.4656028747559,-0.0168952941894531,0.0434281378984451
-4.49140548706055,31.468656539917,-0.0184865165501833,0.0434909909963608
-4.23772096633911,31.4715747833252,-0.0185664463788271,0.0434709340333939
-3.98423981666565,31.474458694458,-0.017476124688983,0.0433764308691025
-3.73077321052551,31.4774188995361,-0.0161008853465319,0.0433393716812134
-3.47753024101257,31.4805335998535,-0.0134679600596428,0.0433652102947235
-3.22460985183716,31.4836864471436,-0.00912852492183447,0.0433186888694763
-2.97137117385864,31.4867172241211,-0.00606135698035359,0.0431997030973434
-2.71701622009277,31.4896221160889,-0.00794756412506104,0.0431508868932724
-2.46167230606079,31.4925651550293,-0.0141683090478182,0.0432014614343643
-2.20605850219727,31.4955997467041,-0.0213843323290348,0.043220579624176
-1.95091736316681,31.4986743927002,-0.0261777080595493,0.043148547410965
-1.69650721549988,31.5017642974854,-0.0273781213909388,0.0430996716022491
-1.44273734092712,31.5049362182617,-0.025423051789403,0.0431091338396072
-1.18927705287933,31.5080871582031,-0.0218420680612326,0.0430724173784256
-0.935569763183594,31.5111598968506,-0.0191817786544561,0.0429929047822952
-0.681329488754272,31.5142955780029,-0.0187346637248993,0.0429967790842056
-0.426706373691559,31.5174655914307,-0.0198061242699623,0.0431097894906998
-0.172111958265305,31.5205192565918,-0.0205234866589308,0.0431813448667526
0.0822790265083313,31.5234775543213,-0.0200988966971636,0.0431412309408188
0.336461633443832,31.5265865325928,-0.0185150671750307,0.0430890023708344
0.590528547763824,31.5298538208008,-0.0161960180848837,0.0430824309587479
0.84480482339859,31.5331935882568,-0.0146058788523078,0.0431008487939835
1.09937822818756,31.5365829467773,-0.0141333714127541,0.0431040674448013
1.35409557819366,31.5399303436279,-0.0140869757160544,0.0430650562047958
1.60881471633911,31.5430717468262,-0.0138301961123943,0.0430251508951187
1.86362397670746,31.5460624694824,-0.0137566300109029,0.0430340766906738
2.11863541603088,31.5491104125977,-0.0143622495234013,0.0430774092674255
2.37336325645447,31.5522403717041,-0.0134855564683676,0.0430824160575867
2.62759232521057,31.5555191040039,-0.0101849362254143,0.0430326461791992
2.88193917274475,31.559024810791,-0.00719591369852424,0.0429503321647644
3.13707756996155,31.5624675750732,-0.00748956110328436,0.0428784340620041
3.39242935180664,31.5656547546387,-0.00850291457027197,0.0428909808397293
3.64734745025635,31.5687713623047,-0.00738828862085938,0.0430247038602829
3.90238952636719,31.5720958709717,-0.00660107797011733,0.0432001948356628
4.15826606750488,31.5756359100342,-0.00924546644091606,0.0432885140180588
4.41442680358887,31.579195022583,-0.0129010528326035,0.0432872176170349
4.67010259628296,31.5827236175537,-0.0142068797722459,0.0432619601488113
4.92512893676758,31.5861186981201,-0.0124680893495679,0.0432575047016144
5.17983198165894,31.5894069671631,-0.00911173224449158,0.0432683527469635
6.96651029586792,31.6138515472412,0.00404790323227644,0.0434656590223312
7.22221565246582,31.6171836853027,0.004786292091012,0.0434409826993942
-8.54151344299316,31.1737384796143,-0.0123007912188768,0.0436943471431732
-8.28898811340332,31.1767272949219,-0.0103588560596108,0.0437797009944916
-8.03560829162598,31.1795215606689,-0.0123383589088917,0.0438113957643509
-7.78243446350098,31.1824131011963,-0.0130969164893031,0.0437758713960648
-7.52915573120117,31.1850509643555,-0.0141368610784411,0.0436982810497284
-7.27605438232422,31.1877136230469,-0.0140985520556569,0.043624684214592
-7.02244567871094,31.1905059814453,-0.0162706729024649,0.0435868203639984
-6.76861429214478,31.1932945251465,-0.0192782245576382,0.043606236577034
-6.51492404937744,31.19606590271,-0.0213762708008289,0.0436417460441589
-6.26157999038696,31.1987495422363,-0.0215974450111389,0.0436023622751236
-6.00832271575928,31.2015590667725,-0.0211834199726582,0.0435063242912292
-5.75490713119507,31.2043724060059,-0.0212986040860415,0.0434094220399857
-5.50188970565796,31.2072944641113,-0.0193098671734333,0.0433617681264877
-5.24892425537109,31.2101497650146,-0.0168613605201244,0.0433384925127029
-4.99573278427124,31.2131290435791,-0.0152665842324495,0.0432702153921127
-4.74200105667114,31.2162456512451,-0.0159978121519089,0.0432519167661667
-4.4879994392395,31.2192230224609,-0.0177719444036484,0.0432893633842468
-4.23419570922852,31.222131729126,-0.018390167504549,0.0432833880186081
-3.98045420646667,31.2250118255615,-0.0184956286102533,0.0432084798812866
-3.72683453559875,31.2279186248779,-0.0178107935935259,0.0431940704584122
-3.47343254089355,31.2309303283691,-0.0158939938992262,0.0432230681180954
-3.22025227546692,31.2340259552002,-0.0127346096560359,0.0431643277406693
-2.96678280830383,31.2370262145996,-0.0107071315869689,0.0430820882320404
-2.71259117126465,31.2399253845215,-0.011808062903583,0.0430049151182175
-2.4578754901886,31.2428741455078,-0.0150999454781413,0.0430396199226379
-2.20280456542969,31.2459411621094,-0.0197930056601763,0.0430525839328766
-1.94811975955963,31.2489833831787,-0.0224707331508398,0.0430074632167816
-1.69396352767944,31.2520294189453,-0.0224938243627548,0.0430089980363846
-1.4401775598526,31.2552013397217,-0.0206009559333324,0.0430344939231873
-1.18646395206451,31.2583122253418,-0.018165547400713,0.0430301427841187
-0.93262791633606,31.2613792419434,-0.0160776898264885,0.0429571568965912
-0.678264677524567,31.2645492553711,-0.0161745678633451,0.0429500043392181
-0.42363315820694,31.2676982879639,-0.0172679889947176,0.043007105588913
-0.169202104210854,31.27073097229,-0.017229376360774,0.0430533587932587
0.0852347388863564,31.2736988067627,-0.0169971622526646,0.0430272668600082
0.339566946029663,31.2767601013184,-0.0160732492804527,0.0429973006248474
0.593891978263855,31.2800025939941,-0.0148993926122785,0.0430003851652145
0.848341047763824,31.2832183837891,-0.014067642390728,0.0430056601762772
1.10289895534515,31.2865047454834,-0.0135063380002975,0.0430042296648026
1.35768389701843,31.2898044586182,-0.0137429041787982,0.0429740101099014
1.61222422122955,31.2929172515869,-0.0126675236970186,0.0429431051015854
1.86688828468323,31.2959804534912,-0.0119277853518724,0.0429652631282806
2.12169861793518,31.2990818023682,-0.0116219772025943,0.0429928153753281
2.37631702423096,31.3022480010986,-0.0102451359853148,0.0430130213499069
2.63062834739685,31.3054504394531,-0.00729364017024636,0.0429699420928955
2.88511729240417,31.3088874816895,-0.00491850124672055,0.0429204851388931
3.14043426513672,31.3122711181641,-0.00598446233198047,0.0428841114044189
3.39551663398743,31.3155269622803,-0.00579532003030181,0.0429075360298157
3.65052485466003,31.3186511993408,-0.0050618820823729,0.0430185794830322
3.9054069519043,31.3219871520996,-0.00355686317197978,0.0431344360113144
4.16116142272949,31.3254299163818,-0.00565365981310606,0.0431972146034241
4.41716241836548,31.3288497924805,-0.00859964359551668,0.0431848168373108
4.67263603210449,31.33225440979,-0.00901814177632332,0.0431526750326157
4.92789459228516,31.3355846405029,-0.00827840995043516,0.0431274175643921
5.18293428421021,31.3389053344727,-0.00637137610465288,0.0431233197450638
5.43776512145996,31.3422336578369,-0.00335064739920199,0.0431695431470871
5.69268560409546,31.3455829620361,-0.000507803692016751,0.0432029068470001
5.94762563705444,31.3490180969238,0.00246149348095059,0.0432699024677277
6.20288562774658,31.3525276184082,0.00425919611006975,0.0433130860328674
6.45861721038818,31.3560962677002,0.00424440624192357,0.0432943254709244
6.7146897315979,31.3595714569092,0.00298568583093584,0.0433065593242645
6.97082138061523,31.3628845214844,0.00170000724028796,0.0433132946491241
7.22689723968506,31.3661403656006,0.000876496196724474,0.0433090031147003
-8.53736305236816,30.9244346618652,-0.0155137712135911,0.043627455830574
-8.28481960296631,30.927375793457,-0.0136358821764588,0.0437284260988235
-8.03177165985107,30.930233001709,-0.0139858238399029,0.0437355488538742
-7.77891206741333,30.9330444335938,-0.0132018318399787,0.0437226593494415
-7.52583026885986,30.9357032775879,-0.0132725862786174,0.043653592467308
-7.27259254455566,30.9384117126465,-0.0138717638328671,0.0436200499534607
-7.01843214035034,30.9411869049072,-0.01867082901299,0.0435912013053894
-6.76393461227417,30.9440269470215,-0.024838550016284,0.0435888916254044
-6.51053762435913,30.9468994140625,-0.0255041550844908,0.0435792505741119
-6.25788974761963,30.9495506286621,-0.0223787985742092,0.0434784889221191
-6.00528383255005,30.9524116516113,-0.0188468974083662,0.0434564650058746
-5.75205326080322,30.9552040100098,-0.0180704295635223,0.0434035807847977
-5.49894189834595,30.9580211639404,-0.0165093559771776,0.0433663576841354
-5.24565744400024,30.960880279541,-0.015554515644908,0.0432392358779907
-4.99229860305786,30.9638957977295,-0.0147299924865365,0.0431108772754669
-4.7387056350708,30.9669609069824,-0.0147879887372255,0.0430723279714584
-4.48485708236694,30.9698791503906,-0.0158255007117987,0.0431103408336639
-4.23105716705322,30.9727363586426,-0.016410605981946,0.0431141555309296
-3.97694659233093,30.9756565093994,-0.0182212311774492,0.0430708527565002
-3.72251677513123,30.9784526824951,-0.0212929304689169,0.043052464723587
-3.46870088577271,30.9814071655273,-0.0212735086679459,0.043066993355751
-3.21586179733276,30.9844951629639,-0.0164966937154531,0.0429702699184418
-2.96301651000977,30.9874973297119,-0.0115476259961724,0.0428881645202637
-2.70901823043823,30.9903354644775,-0.0117312716320157,0.0428155213594437
-2.45385122299194,30.9932155609131,-0.017084302380681,0.0428804755210876
-2.19890809059143,30.9963359832764,-0.0211611147969961,0.0428649634122849
-1.94502317905426,30.9994373321533,-0.0201395284384489,0.0428458154201508
-1.69131207466125,31.0023860931396,-0.0181047655642033,0.0429233461618423
-1.43774282932281,31.0054607391357,-0.0152081120759249,0.0430289804935455
-1.1838002204895,31.0085411071777,-0.0138076851144433,0.0430283546447754
-0.929421722888947,31.0116195678711,-0.0141781764104962,0.0429296493530273
-0.675057828426361,31.0148963928223,-0.0142593216150999,0.0428597033023834
-0.420576751232147,31.0181503295898,-0.0146514205262065,0.0429202914237976
-0.166046991944313,31.0210418701172,-0.0150439804419875,0.0429679900407791
0.088447317481041,31.0238456726074,-0.0150548052042723,0.042937308549881
0.342712104320526,31.0268363952637,-0.013809273019433,0.042929619550705
0.59694242477417,31.0301265716553,-0.0121920499950647,0.0429277867078781
0.851731598377228,31.0333728790283,-0.0128710074350238,0.0429031550884247
1.1067019701004,31.0366535186768,-0.0141389863565564,0.0428692400455475
1.36152672767639,31.0398540496826,-0.0145314875990152,0.0428463667631149
1.61575055122375,31.0429630279541,-0.0120199834927917,0.0428341329097748
1.8699141740799,31.0459690093994,-0.00903161615133286,0.042877271771431
2.12462568283081,31.0490322113037,-0.00827102269977331,0.0429506599903107
2.3792941570282,31.0521774291992,-0.0071015115827322,0.0429772287607193
2.63369250297546,31.0554122924805,-0.00452129961922765,0.0429025441408157
2.88814091682434,31.058837890625,-0.00195133301895112,0.0428487360477448
3.14341259002686,31.0621776580811,-0.00280352565459907,0.0428290665149689
3.39870762825012,31.0653781890869,-0.00353512959554791,0.0428649634122849
3.65382671356201,31.0685367584229,-0.00327315018512309,0.0430525541305542
3.90851807594299,31.0718936920166,-0.000915980199351907,0.0432180762290955
4.16382074356079,31.0753040313721,-0.00102180009707808,0.0432167500257492
4.41970825195312,31.0786037445068,-0.00346145080402493,0.0430701822042465
4.67553424835205,31.081937789917,-0.00540492869913578,0.0429786890745163
4.93098783493042,31.0852298736572,-0.00550179881975055,0.0429730862379074
5.18603467941284,31.0885219573975,-0.0036119082942605,0.0429971665143967
5.44093656539917,31.091869354248,-0.000885057845152915,0.0430451780557632
5.69604825973511,31.0951957702637,0.00114646309521049,0.0431090891361237
5.95130491256714,31.0985412597656,0.00276366341859102,0.043157547712326
6.20685005187988,31.101921081543,0.00335027556866407,0.0431696027517319
6.4626636505127,31.1053619384766,0.0030029765330255,0.0431319177150726
6.71901559829712,31.1087455749512,0.000567465031053871,0.0431370288133621
6.97504425048828,31.1120643615723,-0.000255859864410013,0.0431394726037979
7.23128652572632,31.1152439117432,-0.0017684530466795,0.0431891083717346
-8.5328197479248,30.6751861572266,-0.020649703219533,0.0435864478349686
-8.28013324737549,30.6780891418457,-0.0194343440234661,0.0437017232179642
-8.02717113494873,30.6809253692627,-0.0193352121859789,0.0436798483133316
-7.77445363998413,30.6838569641113,-0.017836844548583,0.0436891317367554
-7.52158117294312,30.6866359710693,-0.0168685913085938,0.04363714158535
-7.26827239990234,30.689266204834,-0.0177809689193964,0.0436466932296753
-7.01387929916382,30.6919612884521,-0.0236661732196808,0.0436263978481293
-6.75929594039917,30.6947078704834,-0.0302143152803183,0.043568029999733
-6.50632333755493,30.6976795196533,-0.0288208108395338,0.0434811115264893
-6.25436067581177,30.700439453125,-0.0224041156470776,0.0433400124311447
-6.00242137908936,30.7033443450928,-0.015681579709053,0.0433421432971954
-5.74944400787354,30.706127166748,-0.0136891035363078,0.0433418899774551
-5.49615669250488,30.7088394165039,-0.012951435521245,0.043321818113327
-5.24245357513428,30.7116775512695,-0.0139574808999896,0.0431839227676392
-4.98890686035156,30.7145767211914,-0.0140016842633486,0.0430368185043335
-4.73526954650879,30.7175102233887,-0.0142490928992629,0.0429821461439133
-4.48137760162354,30.7203578948975,-0.0154694253578782,0.0430344641208649
-4.22761106491089,30.7232322692871,-0.0158762782812119,0.0430740863084793
-3.97346425056458,30.7262210845947,-0.0178346037864685,0.0430291891098022
-3.71875262260437,30.7291145324707,-0.0221984721720219,0.0429235845804214
-3.46456122398376,30.732307434082,-0.023899732157588,0.0428792685270309
-3.21169495582581,30.7352447509766,-0.0192225892096758,0.0428304374217987
-2.95910215377808,30.7381191253662,-0.0130771370604634,0.0427843928337097
-2.70500516891479,30.7408256530762,-0.0136916041374207,0.042717456817627
-2.44994688034058,30.7436618804932,-0.0185160413384438,0.0427262783050537
-2.19551610946655,30.7467555999756,-0.0202099923044443,0.0426934957504272
-1.94214332103729,30.7499179840088,-0.0168141573667526,0.0426806807518005
-1.68884599208832,30.7529430389404,-0.0128663675859571,0.0428009331226349
-1.43514335155487,30.7558689117432,-0.0105693014338613,0.0429553985595703
-1.18073081970215,30.758846282959,-0.0113019766286016,0.04298335313797
-0.926051557064056,30.7619094848633,-0.0130256991833448,0.0428836047649384
-0.671753108501434,30.7652111053467,-0.0127889616414905,0.0427888035774231
-0.417535752058029,30.768461227417,-0.0119652580469847,0.0428441613912582
-0.163081288337708,30.7712898254395,-0.0120000541210175,0.042898416519165
0.0916259959340096,30.7740612030029,-0.0129570532590151,0.0428657233715057
0.346094280481339,30.7770290374756,-0.0126111982390285,0.0428839027881622
0.600449442863464,30.7803249359131,-0.0115359351038933,0.0428429692983627
0.855207562446594,30.7835674285889,-0.0120547190308571,0.0427834242582321
1.11020576953888,30.7866840362549,-0.0134279662743211,0.0427127480506897
1.36519622802734,30.7898540496826,-0.0145409256219864,0.0426865071058273
1.61953508853912,30.7929916381836,-0.0125211337581277,0.0426841229200363
1.87356162071228,30.7960777282715,-0.00889852922409773,0.0427726805210114
2.12796449661255,30.7990379333496,-0.00674425018951297,0.0428906828165054
2.38267469406128,30.8022174835205,-0.00574201205745339,0.0429185032844543
2.6371009349823,30.8054428100586,-0.00326562090776861,0.0427949726581573
2.8913881778717,30.8088092803955,3.39613761752844e-05,0.0427257418632507
3.14633321762085,30.8120975494385,0.00063909578602761,0.0427359044551849
3.40184497833252,30.8153018951416,-0.0010324704926461,0.0428168028593063
3.65711259841919,30.8185997009277,-0.00140436319634318,0.0429964512586594
3.91182374954224,30.821964263916,0.000882745487615466,0.0431500375270844
4.16695642471313,30.8252334594727,0.00153544219210744,0.0431256741285324
4.42250156402588,30.8283729553223,0.000605730398092419,0.0429673939943314
4.67819404602051,30.8316307067871,-0.000743711832910776,0.0429157465696335
4.93375587463379,30.8349609375,-0.00130047125276178,0.0429370850324631
5.18904209136963,30.8382816314697,-0.000439017981989309,0.0429756194353104
5.44431495666504,30.8416423797607,0.000697497394867241,0.0430261343717575
5.69983863830566,30.8449993133545,0.000962907797656953,0.0430191308259964
5.95551681518555,30.8482570648193,0.000781898619607091,0.0429890602827072
6.21129035949707,30.8515815734863,0.000408370571676642,0.0429394096136093
6.46678447723389,30.855001449585,0.0014575804816559,0.0428773760795593
6.72239828109741,30.8583679199219,0.00220905127935112,0.0429688841104507
6.97872018814087,30.8615207672119,0.000146452657645568,0.0429885536432266
7.23493242263794,30.8646144866943,-0.00122215237934142,0.0431259721517563
-8.52801036834717,30.4260425567627,-0.02709642611444,0.0435728281736374
-8.27501487731934,30.4289360046387,-0.0273406561464071,0.0436981171369553
-8.02257823944092,30.4317665100098,-0.0246644970029593,0.043665885925293
-7.76981687545776,30.4347324371338,-0.0233466774225235,0.0436272770166397
-7.51716804504395,30.437572479248,-0.0212682820856571,0.0435535162687302
-7.26414585113525,30.4402275085449,-0.0207719299942255,0.0435418635606766
-7.01018047332764,30.4428844451904,-0.0245804078876972,0.0435446351766586
-6.75581407546997,30.4454784393311,-0.0300658512860537,0.0435221791267395
-6.5028657913208,30.4484710693359,-0.0285380221903324,0.0434126406908035
-6.25089168548584,30.4513320922852,-0.0221530832350254,0.0432646423578262
-5.99909496307373,30.4542694091797,-0.0147297540679574,0.0432441830635071
-5.74628639221191,30.4569931030273,-0.0119193671271205,0.0432544052600861
-5.4928822517395,30.4596481323242,-0.0117162568494678,0.0432428270578384
-5.23904180526733,30.4624309539795,-0.0133522376418114,0.0431230217218399
-4.98536825180054,30.4652900695801,-0.013971452601254,0.0430186092853546
-4.73162841796875,30.4681701660156,-0.0146788135170937,0.0429602712392807
-4.47773265838623,30.4709854125977,-0.0158948618918657,0.0429995357990265
-4.2241096496582,30.4738826751709,-0.0156055735424161,0.0430480688810349
-3.97014164924622,30.4769096374512,-0.016706882044673,0.0430137068033218
-3.71558952331543,30.4798183441162,-0.0203068666160107,0.0428678691387177
-3.46144485473633,30.4829158782959,-0.0217725913971663,0.0427824258804321
-3.20825409889221,30.4858245849609,-0.018583569675684,0.0427599847316742
-2.95532917976379,30.4886722564697,-0.0139558436349034,0.0427496433258057
-2.70139646530151,30.491361618042,-0.0137854926288128,0.0427162498235703
-2.44701361656189,30.4942245483398,-0.0154704814776778,0.0427039414644241
-2.19266986846924,30.4972343444824,-0.0167472399771214,0.0426616221666336
-1.93892562389374,30.5003604888916,-0.0150427222251892,0.0426398813724518
-1.68531227111816,30.5033893585205,-0.0125247510150075,0.0427058041095734
-1.43129110336304,30.5062866210938,-0.0116631500422955,0.0428084284067154
-1.17669820785522,30.5092754364014,-0.0131935123354197,0.042848527431488
-0.922096848487854,30.5123844146729,-0.0145351346582174,0.0427885353565216
-0.668016791343689,30.5155735015869,-0.0132801830768585,0.0427060425281525
-0.41391521692276,30.5186614990234,-0.0119079891592264,0.0427738875150681
-0.159523323178291,30.5215301513672,-0.0116363866254687,0.0428229868412018
0.0949774608016014,30.5243530273438,-0.0116378283128142,0.0427922010421753
0.349360466003418,30.5273056030273,-0.0108874086290598,0.0427779108285904
0.603731095790863,30.5304927825928,-0.00986321270465851,0.042725533246994
0.85837584733963,30.5336952209473,-0.00985369272530079,0.0427059084177017
1.11335492134094,30.5367889404297,-0.0111231515184045,0.0426331162452698
1.36867392063141,30.5399875640869,-0.0136872138828039,0.0425570011138916
1.62321484088898,30.5431289672852,-0.012548454105854,0.0425267964601517
1.87709188461304,30.5462951660156,-0.00823798775672913,0.0425869673490524
2.13114166259766,30.5492362976074,-0.00449298787862062,0.0427216291427612
2.38594508171082,30.5523567199707,-0.00388718489557505,0.0428159087896347
2.64051365852356,30.5555381774902,-0.00202378397807479,0.0427154898643494
2.89476990699768,30.5588207244873,0.00143214769195765,0.042648047208786
3.1496274471283,30.562047958374,0.0024424297735095,0.0426689386367798
3.40539073944092,30.565336227417,-0.000317832891596481,0.0427658557891846
3.66084480285645,30.5686168670654,-0.00148870178963989,0.0429431647062302
3.91561436653137,30.5719089508057,0.000563296547625214,0.0430818498134613
4.17074966430664,30.5750350952148,0.0012265028199181,0.0430459380149841
4.42607736587524,30.5781307220459,0.00126610591541976,0.0429544448852539
4.68163442611694,30.5813312530518,0.000525455398019403,0.0429192632436752
4.93706178665161,30.5847053527832,0.00057382887462154,0.0429668128490448
5.19256925582886,30.5880699157715,0.000491758401039988,0.0429929792881012
5.44820165634155,30.5914363861084,8.81180967553519e-05,0.0429745465517044
5.70399522781372,30.594762802124,-0.000789754441939294,0.0429036915302277
5.95983982086182,30.5979557037354,-0.00166769861243665,0.0428489744663239
6.21535301208496,30.6012535095215,-0.000895021541509777,0.0427973717451096
6.47045564651489,30.6046543121338,0.00185869610868394,0.0427969396114349
6.72563409805298,30.6079502105713,0.00449491804465652,0.0429329425096512
6.98146772384644,30.611234664917,0.00453621195629239,0.0429295003414154
7.2375636100769,30.6142807006836,0.00367604871280491,0.0431169718503952
-8.5236291885376,30.1771335601807,-0.0314698442816734,0.0435710549354553
-8.27030086517334,30.1800498962402,-0.0333036407828331,0.0436823219060898
-8.01774120330811,30.1828689575195,-0.031186256557703,0.0436436235904694
-7.76541805267334,30.1856536865234,-0.0277180746197701,0.043523758649826
-7.51303195953369,30.1884155273438,-0.0243446081876755,0.0433984100818634
-7.26045227050781,30.1910533905029,-0.021695252507925,0.043339729309082
-7.00700807571411,30.1937713623047,-0.0229806341230869,0.0433524399995804
-6.75300550460815,30.1963768005371,-0.0267095919698477,0.0434096455574036
-6.49984264373779,30.1993160247803,-0.0261883400380611,0.0433829873800278
-6.24745464324951,30.2022361755371,-0.0217593684792519,0.0432876348495483
-5.99522638320923,30.2051582336426,-0.0163665618747473,0.0432376116514206
-5.74258470535278,30.2079029083252,-0.0127366138622165,0.043218806385994
-5.48931312561035,30.2104911804199,-0.0118822166696191,0.043175220489502
-5.23553848266602,30.2131423950195,-0.0131856668740511,0.043050542473793
-4.98160219192505,30.2159271240234,-0.0150224100798368,0.042975440621376
-4.72767496109009,30.218921661377,-0.0165858305990696,0.0429078340530396
-4.47394847869873,30.2218647003174,-0.016979543492198,0.0428783148527145
-4.22046184539795,30.2247562408447,-0.0160262901335955,0.0428957641124725
-3.96659421920776,30.2276649475098,-0.016635337844491,0.0429161489009857
-3.71225786209106,30.2303867340088,-0.0192062929272652,0.0428497195243835
-3.4581310749054,30.2332954406738,-0.0205688253045082,0.0427377820014954
-3.20483160018921,30.2362060546875,-0.0178647637367249,0.0426857322454453
-2.95178461074829,30.2391242980957,-0.0137797687202692,0.0426952689886093
-2.69833326339722,30.2420101165771,-0.0113605540245771,0.0426873117685318
-2.44410419464111,30.2448596954346,-0.0123184202238917,0.0426881462335587
-2.18957853317261,30.2477264404297,-0.0144159849733114,0.0426427572965622
-1.93537855148315,30.2507305145264,-0.0147867659106851,0.0426289737224579
-1.68134140968323,30.2537059783936,-0.0141893746331334,0.0426303893327713
-1.42701923847198,30.2566318511963,-0.014677464030683,0.0426270514726639
-1.17226707935333,30.2596683502197,-0.0169048700481653,0.0426296889781952
-0.917932569980621,30.2628211975098,-0.0169994663447142,0.0426124036312103
-0.664168953895569,30.2659397125244,-0.0142778363078833,0.0426029860973358
-0.410248994827271,30.2689933776855,-0.0120562622323632,0.0426798313856125
-0.156066924333572,30.271993637085,-0.0108105204999447,0.0426992326974869
0.098115473985672,30.2748928070068,-0.00935144349932671,0.0426525473594666
0.35238578915596,30.2777500152588,-0.00807471014559269,0.0426160395145416
0.606880128383636,30.2807598114014,-0.00759041728451848,0.0425755679607391
0.861497819423676,30.2838916778564,-0.00744138285517693,0.0426203161478043
1.11651575565338,30.2869453430176,-0.00886728055775166,0.0426058769226074
1.37191843986511,30.2900772094727,-0.0117870904505253,0.0425475686788559
1.62644040584564,30.29319190979,-0.0105454605072737,0.0424567461013794
1.88018774986267,30.296365737915,-0.0056380657479167,0.0424179881811142
2.13418960571289,30.2994022369385,-0.00166339532006532,0.0424905866384506
2.38888144493103,30.3025341033936,-0.000544575683306903,0.0425950437784195
2.64370441436768,30.3056678771973,0.000208314362680539,0.0426517128944397
2.89847540855408,30.3088474273682,0.00140662014018744,0.0426458716392517
3.15392088890076,30.3120784759521,-0.000153204819071107,0.0426759123802185
3.40970802307129,30.3153343200684,-0.00299081136472523,0.0427629947662354
3.66484665870667,30.3185520172119,-0.00275004329159856,0.0429197698831558
3.91958379745483,30.3217449188232,-0.000531583267729729,0.0430040508508682
4.17486429214478,30.3248100280762,-0.000479120179079473,0.042924240231514
4.43021440505981,30.3279705047607,-0.000513954437337816,0.0428449809551239
4.68574666976929,30.3312129974365,-0.00111968594137579,0.0428081601858139
4.94093704223633,30.3346080780029,-1.89715356100351e-05,0.04287289083004
5.19618797302246,30.337947845459,0.00103437248617411,0.042890876531601
5.45191335678101,30.3412685394287,0.000249546981649473,0.042869508266449
5.70793390274048,30.3445701599121,-0.00159203889779747,0.0428235679864883
5.96369409561157,30.3477973937988,-0.00208249129354954,0.0427872240543365
6.21886777877808,30.3510627746582,0.000172212545294315,0.0427586734294891
6.47355937957764,30.3543319702148,0.00470998464152217,0.0428076833486557
6.72852754592896,30.3577671051025,0.00826065056025982,0.0428498983383179
6.9835991859436,30.3610458374023,0.0115763172507286,0.0430086106061935
7.23959922790527,30.3641147613525,0.0111297927796841,0.0432058423757553
-8.51926517486572,29.9284553527832,-0.0357793755829334,0.0435595959424973
-8.26662635803223,29.931339263916,-0.0342382602393627,0.0435692071914673
-8.0142993927002,29.9339351654053,-0.0309746377170086,0.0435466915369034
-7.76206350326538,29.9366130828857,-0.0270649790763855,0.0434392243623734
-7.50951051712036,29.9391670227051,-0.0244758259505033,0.0433015674352646
-7.25687026977539,29.9417839050293,-0.0220950748771429,0.0431826412677765
-7.00374412536621,29.9445877075195,-0.0218320228159428,0.0431652367115021
-6.75022172927856,29.9473285675049,-0.0232428908348083,0.0432780981063843
-6.49683523178101,29.9501247406006,-0.0237751975655556,0.0433574467897415
-6.24397945404053,29.9530239105225,-0.0215579979121685,0.0432960093021393
-5.99136638641357,29.9559764862061,-0.0179712418466806,0.0431907773017883
-5.73863697052002,29.958833694458,-0.0147313652560115,0.0431287735700607
-5.48540878295898,29.9614524841309,-0.0136451674625278,0.0430759340524673
-5.23169946670532,29.9639701843262,-0.0146128395572305,0.0430137366056442
-4.97779178619385,29.9667453765869,-0.0162891522049904,0.0429309904575348
-4.72387075424194,29.9697723388672,-0.0177969634532928,0.0428530871868134
-4.4702262878418,29.9727115631104,-0.0177781339734793,0.0427767187356949
-4.21681594848633,29.9755802154541,-0.0164435524493456,0.0427595227956772
-3.96313571929932,29.9783229827881,-0.01615384593606,0.0427866131067276
-3.70901465415955,29.9809741973877,-0.0176988858729601,0.042750358581543
-3.45466279983521,29.983715057373,-0.0200885627418756,0.042646586894989
-3.20116591453552,29.9866561889648,-0.0182772185653448,0.0425731539726257
-2.94818258285522,29.9897308349609,-0.0138727445155382,0.0425806790590286
-2.6950798034668,29.9926471710205,-0.00981865450739861,0.0425636917352676
-2.44081234931946,29.9954681396484,-0.0109324920922518,0.0425387769937515
-2.18624258041382,29.9982490539551,-0.0132127963006496,0.0425153970718384
-1.93197774887085,30.0011863708496,-0.0138602470979095,0.0425532162189484
-1.67777705192566,30.0041427612305,-0.0139906881377101,0.0425395518541336
-1.42326474189758,30.0071411132812,-0.015324829146266,0.0424481928348541
-1.16854465007782,30.0101509094238,-0.0173806007951498,0.0424296408891678
-0.914368748664856,30.01318359375,-0.0167284961789846,0.0424859821796417
-0.66057687997818,30.0161895751953,-0.014112307690084,0.0425471216440201
-0.406693071126938,30.0192852020264,-0.011703466065228,0.0425847470760345
-0.15255406498909,30.0224075317383,-0.010239246301353,0.0425503700971603
0.101619265973568,30.0253982543945,-0.00871628802269697,0.0425132215023041
0.355936706066132,30.0282440185547,-0.00762955751270056,0.0424670875072479
0.610446810722351,30.0311393737793,-0.00719384755939245,0.0424594283103943
0.864831805229187,30.0341968536377,-0.00597777310758829,0.0425359755754471
1.11964344978333,30.0372142791748,-0.0064584375359118,0.0425815135240555
1.37462544441223,30.0402374267578,-0.00747922249138355,0.0425925552845001
1.62905788421631,30.0433521270752,-0.00582328671589494,0.0424969494342804
1.88291311264038,30.0464916229248,-0.00138333439826965,0.0423672646284103
2.13718891143799,30.0496520996094,0.00138967577368021,0.042339101433754
2.39196062088013,30.052734375,0.00216935621574521,0.0424235165119171
2.64675569534302,30.05588722229,0.0030637679155916,0.0425680130720139
2.90209746360779,30.0590419769287,0.00175809755455703,0.042630672454834
3.15823554992676,30.0622081756592,-0.0028341596480459,0.0426659435033798
3.41426420211792,30.0653553009033,-0.00670770974829793,0.0427093952894211
3.66932773590088,30.0685005187988,-0.00610783416777849,0.0428254157304764
3.92386031150818,30.0716609954834,-0.00296372966840863,0.0428395122289658
4.17885303497314,30.0748138427734,-0.00162574579007924,0.0427394211292267
4.43428707122803,30.0780353546143,-0.00200072606094182,0.0426625460386276
4.68975782394409,30.0813980102539,-0.00231414474546909,0.042648583650589
4.94483518600464,30.0847434997559,-0.000697650073561817,0.0426694005727768
5.19965600967407,30.0879707336426,0.00224399357102811,0.042686253786087
5.45511770248413,30.091178894043,0.00261746090836823,0.0427244752645493
5.71115446090698,30.0943775177002,0.000722736469469965,0.0427191555500031
5.9670352935791,30.0975131988525,-0.000272399949608371,0.0427113324403763
6.22198724746704,30.1006565093994,0.00295322388410568,0.0427552908658981
6.47653293609619,30.1040153503418,0.00813223235309124,0.0428361445665359
6.73128175735474,30.1074085235596,0.0126370275393128,0.0429043918848038
6.98594903945923,30.1107444763184,0.01769426651299,0.0431102812290192
7.24143743515015,30.1138019561768,0.0194407999515533,0.0434323251247406
-8.2645092010498,29.6825904846191,-0.0276373662054539,0.0433604270219803
-8.01210308074951,29.6850337982178,-0.0247531589120626,0.0434510111808777
-7.75965976715088,29.6876583099365,-0.0218342207372189,0.0433571338653564
-7.50661516189575,29.6902389526367,-0.0216020606458187,0.0432883352041245
-7.25352382659912,29.6928443908691,-0.0213728845119476,0.0431064963340759
-7.00046491622925,29.6955451965332,-0.0207655038684607,0.0430081486701965
-6.74731111526489,29.6982688903809,-0.0203943941742182,0.0430775284767151
-6.49398231506348,29.7009983062744,-0.0206352286040783,0.043177917599678
-6.24063920974731,29.7039356231689,-0.0207210816442966,0.043108195066452
-5.98764705657959,29.7069435119629,-0.0189160015434027,0.0429928749799728
-5.73475503921509,29.7098197937012,-0.0164228677749634,0.0429488569498062
-5.48149156570435,29.7124042510986,-0.0154759557917714,0.0429243743419647
-5.22787189483643,29.7148571014404,-0.0159917995333672,0.042942225933075
-4.9740629196167,29.7175388336182,-0.0171762518584728,0.042875736951828
-4.72019958496094,29.7204971313477,-0.0183890406042337,0.0427909642457962
-4.46663761138916,29.7234439849854,-0.0179578978568316,0.0426825433969498
-4.21337556838989,29.7262992858887,-0.0159040819853544,0.0426355302333832
-3.95991921424866,29.7289962768555,-0.0145462797954679,0.0426269769668579
-3.70603680610657,29.7317295074463,-0.0149580622091889,0.0425979644060135
-3.45167016983032,29.7345333099365,-0.0173982381820679,0.0425297766923904
-3.19779467582703,29.7374229431152,-0.0173268988728523,0.0424584448337555
-2.94456028938293,29.7404327392578,-0.0140634560957551,0.0424535274505615
-2.69137907028198,29.7433662414551,-0.0103462804108858,0.0423844158649445
-2.4371063709259,29.74609375,-0.011459844186902,0.0423121154308319
-2.18268013000488,29.7488975524902,-0.0130536975339055,0.0423224717378616
-1.92858397960663,29.751838684082,-0.0129023930057883,0.0423960238695145
-1.67462003231049,29.7548198699951,-0.0119251077994704,0.0424146205186844
-1.4202675819397,29.7577781677246,-0.0125077879056334,0.0423317849636078
-1.16583061218262,29.7606525421143,-0.0132536552846432,0.0423234552145004
-0.911595940589905,29.7636013031006,-0.0128534371033311,0.0424008816480637
-0.657531499862671,29.7665748596191,-0.0114606460556388,0.0424689054489136
-0.403443455696106,29.7696590423584,-0.00995947234332561,0.0424816161394119
-0.149070113897324,29.7727832794189,-0.00953580159693956,0.042424276471138
0.105451248586178,29.775806427002,-0.00956251751631498,0.042394608259201
0.359874218702316,29.7786846160889,-0.00892569031566381,0.0423738956451416
0.614048361778259,29.7815570831299,-0.00695178518071771,0.0423618257045746
0.868112623691559,29.7845439910889,-0.00427191657945514,0.042411282658577
1.12267780303955,29.7875423431396,-0.00362784648314118,0.0424231290817261
1.37716853618622,29.79052734375,-0.0024337840732187,0.0424917787313461
1.63150012493134,29.7936191558838,-0.000314209988573566,0.0424665361642838
1.88573276996613,29.7967185974121,0.00245674070902169,0.0423683822154999
2.14037299156189,29.7998886108398,0.00362493516877294,0.0422788709402084
2.39529490470886,29.8029327392578,0.00375754502601922,0.0422848612070084
2.65018320083618,29.8060970306396,0.00425864616408944,0.0424286276102066
2.90566039085388,29.8092193603516,0.00237539713270962,0.0425356477499008
3.16178822517395,29.8123359680176,-0.00214916979894042,0.0425944924354553
3.41795253753662,29.8154468536377,-0.00659812614321709,0.0425957292318344
3.67340207099915,29.818510055542,-0.00767106702551246,0.042630061507225
3.92814612388611,29.8216133117676,-0.00542859965935349,0.0426013618707657
4.18282794952393,29.8248863220215,-0.00270406971685588,0.0425433218479156
4.43805742263794,29.8282241821289,-0.00215988862328231,0.042497530579567
4.69344472885132,29.8315658569336,-0.00208863546140492,0.0424831509590149
4.94837236404419,29.8347225189209,0.00019941819482483,0.0425100177526474
5.20293140411377,29.8378791809082,0.00429766625165939,0.0425418019294739
5.45796823501587,29.8410911560059,0.00652725575491786,0.0426706969738007
5.71389007568359,29.8441600799561,0.00514438049867749,0.0426881015300751
5.9699912071228,29.8472290039062,0.00321127334609628,0.0426394194364548
6.22543048858643,29.8502902984619,0.00435270695015788,0.0426347255706787
6.48019313812256,29.8537693023682,0.00861701555550098,0.0426678955554962
6.73476839065552,29.8571357727051,0.0138858910650015,0.0427587330341339
6.98932361602783,29.8605670928955,0.0194391533732414,0.0429760217666626
-8.26254081726074,29.433744430542,-0.0203352887183428,0.0431498438119888
-8.01000022888184,29.4361629486084,-0.0180911384522915,0.0433755964040756
-7.75691175460815,29.4387245178223,-0.0182777438312769,0.0432960093021393
-7.50384950637817,29.441370010376,-0.0181170683354139,0.0432836413383484
-7.2507266998291,29.4440670013428,-0.0180221069604158,0.0431177020072937
-6.99774217605591,29.4467353820801,-0.0170440562069416,0.042987197637558
-6.74446105957031,29.4493827819824,-0.0172655526548624,0.0429860055446625
-6.49082565307617,29.4520320892334,-0.0189541559666395,0.0429986119270325
-6.23724222183228,29.454906463623,-0.0201650243252516,0.0428946763277054
-5.98418712615967,29.457820892334,-0.0186374820768833,0.0427891761064529
-5.73112726211548,29.4606399536133,-0.0169177316129208,0.0427742004394531
-5.47760391235352,29.4632148742676,-0.0171736367046833,0.0428011566400528
-5.22391986846924,29.4657497406006,-0.0179669801145792,0.0428203344345093
-4.97024488449097,29.4683933258057,-0.0184926055371761,0.0427754670381546
-4.71645021438599,29.4712238311768,-0.0193544384092093,0.042722150683403
-4.46286249160767,29.4741363525391,-0.0190207250416279,0.0426203012466431
-4.20981407165527,29.4770603179932,-0.0159402713179588,0.0425538420677185
-3.95676779747009,29.4798126220703,-0.0126400757580996,0.0424927175045013
-3.70313429832458,29.4826316833496,-0.0118710547685623,0.0424688160419464
-3.44880843162537,29.4855136871338,-0.0141030522063375,0.0424388200044632
-3.1945652961731,29.4883613586426,-0.0157200805842876,0.0423892587423325
-2.9409031867981,29.4912376403809,-0.0144180618226528,0.0423990339040756
-2.68740606307983,29.4941444396973,-0.0121359769254923,0.0423367768526077
-2.43327474594116,29.4968128204346,-0.0125690838322043,0.0422516167163849
-2.1788923740387,29.4996700286865,-0.0139337042346597,0.0422199815511703
-1.92477202415466,29.5025959014893,-0.0138668166473508,0.0422618836164474
-1.67115271091461,29.5055866241455,-0.0112830474972725,0.0422888845205307
-1.41723334789276,29.5084686279297,-0.00986135099083185,0.0422606915235519
-1.16311979293823,29.5112972259521,-0.00911174528300762,0.0422791987657547
-0.908760190010071,29.5141410827637,-0.00926512386649847,0.0423202067613602
-0.65446263551712,29.5170288085938,-0.00891484785825014,0.0423466712236404
-0.400178223848343,29.5200843811035,-0.00828545354306698,0.0423754751682281
-0.145501106977463,29.5231990814209,-0.0092158867046237,0.0423609465360641
0.109279364347458,29.5262451171875,-0.0103893233463168,0.0423500090837479
0.363712251186371,29.5291061401367,-0.00977090373635292,0.0423125624656677
0.617739498615265,29.5319309234619,-0.00711001548916101,0.042269766330719
0.871604561805725,29.5348739624023,-0.00351129611954093,0.0422552824020386
1.12595295906067,29.5379047393799,-0.00187328201718628,0.0422254949808121
1.38021516799927,29.5409507751465,0.000363629631465301,0.0422762632369995
1.63475406169891,29.5439834594727,0.00157607486471534,0.042310819029808
1.88926482200623,29.5470314025879,0.00312879029661417,0.0423052906990051
2.14406228065491,29.5501537322998,0.00362079497426748,0.0422618538141251
2.39905118942261,29.5531845092773,0.0034806604962796,0.0422462373971939
2.65395379066467,29.5563163757324,0.00394147960469127,0.04234679043293
2.90908813476562,29.5593852996826,0.0035973007325083,0.0424554049968719
3.16492462158203,29.5624465942383,0.000377732707420364,0.0425063967704773
3.42104172706604,29.5655269622803,-0.00384468119591475,0.0424898564815521
3.67668652534485,29.5685272216797,-0.00575726106762886,0.0424557030200958
3.93185520172119,29.5715770721436,-0.00535678630694747,0.0424263626337051
4.18667459487915,29.5748920440674,-0.00321062956936657,0.0424628853797913
4.4416561126709,29.5782585144043,-0.00156284123659134,0.0424802154302597
4.69662094116211,29.5814666748047,0.000370068766642362,0.0424395948648453
4.95124340057373,29.5845165252686,0.00400361139327288,0.0424360483884811
5.20580959320068,29.587646484375,0.00808433722704649,0.0424966216087341
5.46088361740112,29.5908946990967,0.0101677151396871,0.0426395386457443
5.7167797088623,29.5939521789551,0.00890902895480394,0.0426080375909805
5.97307014465332,29.5970325469971,0.00617375457659364,0.042558878660202
6.22864389419556,29.6001663208008,0.00675283139571548,0.0425362288951874
6.48374176025391,29.6034317016602,0.00959161296486855,0.0424901396036148
6.73831033706665,29.606990814209,0.0149103226140141,0.0425188988447189
6.99332189559937,29.6105098724365,0.0185289923101664,0.0427134484052658
-8.2599983215332,29.1848278045654,-0.0158242080360651,0.0429745316505432
-8.00720310211182,29.1872730255127,-0.0147987147793174,0.0433176606893539
-7.75405740737915,29.1899185180664,-0.0152483778074384,0.0433571040630341
-7.50056791305542,29.1925487518311,-0.0171261467039585,0.043213278055191
-7.24749898910522,29.195255279541,-0.0167529787868261,0.0430883020162582
-6.99450874328613,29.1978740692139,-0.0157811027020216,0.0429661870002747
-6.74095916748047,29.2005271911621,-0.0172646883875132,0.042882040143013
-6.48698377609253,29.2031517028809,-0.0205538868904114,0.0428076386451721
-6.2332649230957,29.2059345245361,-0.0223821252584457,0.0427283346652985
-5.98048067092896,29.2087421417236,-0.0195385161787271,0.0426509529352188
-5.72746849060059,29.2114906311035,-0.0175672713667154,0.0426743030548096
-5.47378587722778,29.2141284942627,-0.0185515694320202,0.0427066385746002
-5.22002220153809,29.2167434692383,-0.0196938756853342,0.0426740497350693
-4.9664249420166,29.2194194793701,-0.0198244750499725,0.0426203459501266
-4.71258974075317,29.2221851348877,-0.0208487026393414,0.0425725132226944
-4.45912837982178,29.2250556945801,-0.019893167540431,0.042494460940361
-4.20633316040039,29.2279491424561,-0.0156007139012218,0.0424447655677795
-3.95350933074951,29.2307224273682,-0.0112392222508788,0.0424015820026398
-3.69998025894165,29.2335605621338,-0.00996109191328287,0.0423931628465652
-3.44566321372986,29.2364253997803,-0.0121312197297812,0.0423794835805893
-3.19107604026794,29.2392177581787,-0.0153249390423298,0.0423375964164734
-2.93722724914551,29.2420635223389,-0.014862478710711,0.0423704981803894
-2.68373918533325,29.2449970245361,-0.0125129306688905,0.0423222482204437
-2.4297456741333,29.2476959228516,-0.0122841550037265,0.0422857254743576
-2.17528247833252,29.2505035400391,-0.0139957433566451,0.0422483384609222
-1.9209908246994,29.2533054351807,-0.0146918008103967,0.0422296077013016
-1.66751933097839,29.256275177002,-0.0114035475999117,0.0422509014606476
-1.41371071338654,29.2591228485107,-0.00945006683468819,0.0422563999891281
-1.15954685211182,29.2619895935059,-0.00890579354017973,0.042254626750946
-0.905019462108612,29.2647724151611,-0.00979890581220388,0.0421820282936096
-0.650734543800354,29.2676334381104,-0.00936493836343288,0.0421430468559265
-0.396606296300888,29.270637512207,-0.00800135731697083,0.0421930700540543
-0.142208203673363,29.273738861084,-0.00764434924349189,0.0422389507293701
0.112519636750221,29.2767143249512,-0.00855844281613827,0.0422836393117905
0.367101460695267,29.2795066833496,-0.00859060604125261,0.0422329902648926
0.621407091617584,29.2823276519775,-0.00715977977961302,0.0421655923128128
0.875228345394135,29.2853240966797,-0.00333958747796714,0.0421024560928345
1.12942433357239,29.2884006500244,-0.000993831548839808,0.042079821228981
1.38370227813721,29.2914981842041,0.00119522167369723,0.0421174764633179
1.63833808898926,29.2944450378418,0.00199813093058765,0.0421392917633057
1.89296305179596,29.2974834442139,0.00306571344844997,0.0422116816043854
2.14775705337524,29.30055809021,0.00359652983024716,0.0422239601612091
2.40268039703369,29.3035564422607,0.00377192650921643,0.0422389358282089
2.65751981735229,29.3066158294678,0.00453612767159939,0.0422663986682892
2.91256284713745,29.3096179962158,0.00461745960637927,0.0423318147659302
3.16820502281189,29.3125953674316,0.00227660313248634,0.0423449575901031
3.42421865463257,29.3155956268311,-0.00147120992187411,0.0423114746809006
3.67960429191589,29.3185272216797,-0.00222713523544371,0.0423058718442917
3.934734582901,29.3215484619141,-0.00164182030130178,0.042338103055954
4.18970632553101,29.3248138427734,-0.000145680533023551,0.0424809902906418
4.44461679458618,29.328104019165,0.00182773091364652,0.0424530059099197
4.69943237304688,29.3313312530518,0.00442856969311833,0.0423714071512222
4.9539647102356,29.3343753814697,0.00846715550869703,0.0423396676778793
5.20882940292358,29.3374462127686,0.0112648736685514,0.0424429923295975
5.46443843841553,29.3406372070312,0.0110491784289479,0.0425341129302979
5.72047138214111,29.3437442779541,0.00922023225575686,0.0425174236297607
5.97654819488525,29.3468189239502,0.00742624001577497,0.0425116568803787
6.23160839080811,29.349983215332,0.0102349892258644,0.0425186604261398
6.48661708831787,29.3532962799072,0.0134739456698298,0.0425087511539459
6.74104166030884,29.3568286895752,0.0194215476512909,0.0424505770206451
6.99736642837524,29.3604393005371,0.0174329169094563,0.0424944758415222
-8.25607776641846,28.9357242584229,-0.018005084246397,0.0428896546363831
-8.003342628479,28.9383411407471,-0.0166610684245825,0.043262779712677
-7.75002670288086,28.9410800933838,-0.0179038885980844,0.0432365387678146
-7.49683380126953,28.9437046051025,-0.0183253083378077,0.0431025177240372
-7.24368667602539,28.9464130401611,-0.0183016397058964,0.0429917722940445
-6.99047374725342,28.9489822387695,-0.0183688811957836,0.0428746342658997
-6.73669147491455,28.9515228271484,-0.0209381226450205,0.0427714884281158
-6.48261594772339,28.9540710449219,-0.0246719066053629,0.0427109152078629
-6.22914791107178,28.9568786621094,-0.0252740252763033,0.0426640510559082
-5.97659683227539,28.9597949981689,-0.0212904326617718,0.0425979197025299
-5.72374677658081,28.9624996185303,-0.0185222662985325,0.042593240737915
-5.47018766403198,28.9650955200195,-0.0188964866101742,0.0426067113876343
-5.21631813049316,28.9677734375,-0.0205131135880947,0.0425207614898682
-4.96269464492798,28.9704914093018,-0.0207394566386938,0.042429506778717
-4.70883846282959,28.9732284545898,-0.0218360256403685,0.0423583537340164
-4.45558547973633,28.9760398864746,-0.0198759865015745,0.0423251241445541
-4.202880859375,28.9789161682129,-0.0151358172297478,0.0423116683959961
-3.95004320144653,28.9817333221436,-0.0108133675530553,0.0423081815242767
-3.69640183448792,28.9845752716064,-0.010033356025815,0.0423055291175842
-3.44218969345093,28.9873313903809,-0.0116913393139839,0.0422881543636322
-3.18783903121948,28.9900722503662,-0.0137622756883502,0.0422477275133133
-2.93406701087952,28.9929809570312,-0.0129217905923724,0.0422896593809128
-2.68071365356445,28.9958477020264,-0.00992851238697767,0.0422801077365875
-2.42662024497986,28.9985237121582,-0.0101398499682546,0.0422927290201187
-2.1721339225769,29.0012359619141,-0.0119382068514824,0.0422370582818985
-1.91757810115814,29.0039691925049,-0.0138257266953588,0.0421935766935349
-1.6638765335083,29.0068836212158,-0.0115689113736153,0.0421692878007889
-1.40990936756134,29.0097999572754,-0.01031494140625,0.0421730726957321
-1.15561997890472,29.0127182006836,-0.0103157572448254,0.0421442985534668
-0.901133239269257,29.0155086517334,-0.010995214805007,0.0420385748147964
-0.646864414215088,29.018310546875,-0.0104603562504053,0.0419800877571106
-0.392873346805573,29.02126121521,-0.00844681542366743,0.0420311242341995
-0.138895750045776,29.0242767333984,-0.00616006273776293,0.042108952999115
0.115556098520756,29.0272026062012,-0.00580512918531895,0.0421721935272217
0.370263278484344,29.0300006866455,-0.00638262229040265,0.0421586930751801
0.62496417760849,29.0328330993652,-0.00670925341546535,0.0421164184808731
0.87915176153183,29.0358695983887,-0.00450971070677042,0.0420424938201904
1.13318109512329,29.0389785766602,-0.00139019463676959,0.0420294106006622
1.38745999336243,29.0420246124268,0.000820413639303297,0.0420243740081787
1.64193081855774,29.0449161529541,0.00238499115221202,0.0420294404029846
1.89657688140869,29.0479068756104,0.00338254403322935,0.0421134829521179
2.15127277374268,29.0509452819824,0.00437404727563262,0.0421862006187439
2.4060206413269,29.0539321899414,0.00535007426515222,0.0422241687774658
2.66092920303345,29.0569896697998,0.0058299065567553,0.042183518409729
2.91626167297363,29.0600070953369,0.00465441076084971,0.0421561300754547
3.17183566093445,29.062967300415,0.00263812416233122,0.0421190112829208
3.42723727226257,29.0659713745117,0.00160729954950511,0.0421359539031982
3.68237090110779,29.0689086914062,0.00197541597299278,0.0422248691320419
3.93745183944702,29.0718631744385,0.00279155327007174,0.0423140525817871
4.19253873825073,29.0748500823975,0.0037980426568538,0.042401909828186
4.44739103317261,29.0779571533203,0.00604127300903201,0.0423593521118164
4.70232343673706,29.0811214447021,0.00814815051853657,0.0422726720571518
4.95719337463379,29.0842475891113,0.0107337348163128,0.0422646850347519
5.21251201629639,29.0873680114746,0.0115816555917263,0.042372927069664
5.46841478347778,29.0904598236084,0.0101160798221827,0.0424588173627853
5.72465562820435,29.0935745239258,0.00741167273372412,0.042514830827713
5.98038196563721,29.0967082977295,0.00715722469612956,0.0425651222467422
6.23478889465332,29.0999145507812,0.0128002855926752,0.042596235871315
6.48959159851074,29.1031818389893,0.0169397816061974,0.0426357984542847
6.743408203125,29.1066455841064,0.0255088247358799,0.0425329953432083
-7.99932861328125,28.689582824707,-0.0192794371396303,0.0431435853242874
-7.74573802947998,28.6923294067383,-0.021816611289978,0.0430424958467484
-7.49287986755371,28.6949882507324,-0.0205931924283504,0.0429320335388184
-7.23982524871826,28.6975765228271,-0.0200972743332386,0.042853370308876
-6.98642921447754,28.7000503540039,-0.0210160426795483,0.042747899889946
-6.73258972167969,28.7024688720703,-0.0238282699137926,0.0427074730396271
-6.47877311706543,28.7049598693848,-0.0262959320098162,0.0427357405424118
-6.22568225860596,28.7078056335449,-0.0250726137310266,0.0426942110061646
-5.97298288345337,28.7107639312744,-0.0217699948698282,0.0425992608070374
-5.7201681137085,28.7135410308838,-0.0188074912875891,0.0425219833850861
-5.46690511703491,28.7161273956299,-0.0177540276199579,0.0425024926662445
-5.21297359466553,28.7187633514404,-0.0196403749287128,0.0424491912126541
-4.9589467048645,28.7215366363525,-0.0217437464743853,0.0423583537340164
-4.70512056350708,28.7242584228516,-0.0226725693792105,0.042252704501152
-4.45211124420166,28.7270812988281,-0.0195411145687103,0.0421833544969559
-4.19932651519775,28.729907989502,-0.0151507621631026,0.0421866625547409
-3.94627976417542,28.7327117919922,-0.0117800459265709,0.0422030240297318
-3.69256019592285,28.7354793548584,-0.0113387405872345,0.0421734601259232
-3.43869924545288,28.7382049560547,-0.0113335950300097,0.0421519130468369
-3.18481421470642,28.7409992218018,-0.0112181669101119,0.0421523749828339
-2.93122887611389,28.7438201904297,-0.00949284993112087,0.042203888297081
-2.67783761024475,28.7465801239014,-0.00665629515424371,0.0422081351280212
-2.42374920845032,28.7492961883545,-0.00682616885751486,0.0422013252973557
-2.16944098472595,28.7520923614502,-0.00778402108699083,0.0421415567398071
-1.91505765914917,28.7548542022705,-0.00886246468871832,0.0420892983675003
-1.66080951690674,28.7576866149902,-0.00909519847482443,0.0420158356428146
-1.40625,28.760555267334,-0.0105300471186638,0.0419903844594955
-1.15191996097565,28.7634105682373,-0.0106904841959476,0.0419784039258957
-0.89771032333374,28.7663154602051,-0.010080854408443,0.0419241338968277
-0.643519997596741,28.7691688537598,-0.00916511565446854,0.0418788343667984
-0.389395475387573,28.7720184326172,-0.00773406820371747,0.0418972074985504
-0.135425195097923,28.7747955322266,-0.00539025710895658,0.0419601500034332
0.119016274809837,28.7775936126709,-0.00496433535590768,0.0420328378677368
0.373669356107712,28.7804431915283,-0.00527384225279093,0.0420422852039337
0.628359973430634,28.7833671569824,-0.00553099019452929,0.042025238275528
0.882685959339142,28.7864208221436,-0.00392957963049412,0.0419884771108627
1.13680505752563,28.7895545959473,-0.00118809333071113,0.041980654001236
1.39118266105652,28.7925586700439,0.000605997571256012,0.0419687926769257
1.64557707309723,28.7954330444336,0.00253756041638553,0.0419295281171799
1.90013790130615,28.7983360290527,0.00393910286948085,0.041999876499176
2.15467596054077,28.8013362884521,0.00565548241138458,0.0420980602502823
2.40953612327576,28.8043365478516,0.00615594210103154,0.0421468764543533
2.66478133201599,28.8073959350586,0.0051695117726922,0.0420719832181931
2.92027878761292,28.8105125427246,0.00329136266373098,0.041968509554863
3.17563223838806,28.8134784698486,0.00227418984286487,0.0419368892908096
3.43059372901917,28.8165168762207,0.00320489052683115,0.0419960021972656
3.68566226959229,28.8194065093994,0.00387966074049473,0.042142316699028
3.94073820114136,28.8222103118896,0.00473869312554598,0.0422144085168839
4.19569778442383,28.8250255584717,0.0063217943534255,0.0422302037477493
4.45045042037964,28.8279838562012,0.00902062281966209,0.0422494411468506
4.7055230140686,28.831127166748,0.0105310706421733,0.0422325730323792
4.9608097076416,28.8342170715332,0.0113256396725774,0.0422970801591873
5.21641397476196,28.8373432159424,0.0109565770253539,0.0423691868782043
5.47244310379028,28.8404159545898,0.00896781496703625,0.0423915237188339
5.72870111465454,28.843448638916,0.00621594302356243,0.0424501448869705
5.98405599594116,28.8465518951416,0.00758757907897234,0.0425112396478653
6.23851251602173,28.8498992919922,0.0130378771573305,0.0425537377595901
6.49319553375244,28.8531436920166,0.0177127979695797,0.0426596999168396
6.74675130844116,28.8565425872803,0.0274195224046707,0.0425543189048767
-7.99530839920044,28.4409523010254,-0.0219392441213131,0.0429479628801346
-7.74195003509521,28.4436588287354,-0.023324390873313,0.0429215729236603
-7.48960113525391,28.4463081359863,-0.0196240432560444,0.0427973717451096
-7.23671007156372,28.4488639831543,-0.0183176659047604,0.042747899889946
-6.98356294631958,28.4512977600098,-0.0180234704166651,0.0426624715328217
-6.72972059249878,28.4537372589111,-0.0208288878202438,0.0426583737134933
-6.47604370117188,28.4562320709229,-0.0226121749728918,0.0427119880914688
-6.22280502319336,28.4590435028076,-0.0220749508589506,0.0426903814077377
-5.96971464157104,28.4618892669678,-0.0206122621893883,0.0425626188516617
-5.71681213378906,28.4646587371826,-0.0180441085249186,0.0424485951662064
-5.46380710601807,28.4672317504883,-0.015745896846056,0.0424177795648575
-5.20979690551758,28.4698162078857,-0.0179828014224768,0.0423948913812637
-4.95543003082275,28.4725551605225,-0.0216661412268877,0.0423343181610107
-4.70178842544556,28.4753150939941,-0.0217011868953705,0.0422039330005646
-4.44889974594116,28.4781684875488,-0.0179815702140331,0.0420968383550644
-4.19586896896362,28.4809436798096,-0.0147199677303433,0.0420763343572617
-3.94238424301147,28.4836750030518,-0.0133693898096681,0.0420884341001511
-3.68873333930969,28.4863586425781,-0.0125780897215009,0.0420712679624557
-3.4351921081543,28.4890842437744,-0.0110573610290885,0.0420607179403305
-3.18167090415955,28.4918441772461,-0.00922755617648363,0.0420891791582108
-2.92799830436707,28.4945888519287,-0.00788482557982206,0.042094960808754
-2.67420816421509,28.4973373413086,-0.00686898548156023,0.0420658439397812
-2.42026448249817,28.5000648498535,-0.00634411908686161,0.042039081454277
-2.16627860069275,28.5029125213623,-0.00579420430585742,0.0420013666152954
-1.91230797767639,28.505729675293,-0.00495441537350416,0.0419275760650635
-1.65776348114014,28.5086078643799,-0.00652694143354893,0.0418500006198883
-1.40271198749542,28.5113735198975,-0.0101914824917912,0.0417986512184143
-1.14850556850433,28.5141868591309,-0.00976151973009109,0.0418417304754257
-0.894714713096619,28.5170555114746,-0.0072201699949801,0.0418667495250702
-0.640855371952057,28.5200958251953,-0.00477953581139445,0.0418417453765869
-0.386422991752625,28.5228958129883,-0.0047280085273087,0.0418327897787094
-0.131941869854927,28.5254211425781,-0.0046767950989306,0.0418524146080017
0.122665792703629,28.5280437469482,-0.00497698271647096,0.0418823957443237
0.377256274223328,28.5310020446777,-0.00497821159660816,0.041880190372467
0.631743311882019,28.5340023040771,-0.00429375329986215,0.0418477803468704
0.886002540588379,28.5370407104492,-0.00236958358436823,0.0418189615011215
1.14027345180511,28.5400505065918,-0.00028601213125512,0.0418273955583572
1.3947479724884,28.5430374145508,0.00109901768155396,0.0418421775102615
1.64914894104004,28.545934677124,0.0030257145408541,0.0418121516704559
1.90359008312225,28.5488052368164,0.00498498044908047,0.0418817102909088
2.15814352035522,28.5517349243164,0.00665609398856759,0.0419961959123611
2.41321969032288,28.5546112060547,0.00622176378965378,0.0420714765787125
2.6688506603241,28.5576877593994,0.00355332274921238,0.0420051366090775
2.92423677444458,28.5608558654785,0.00219516246579587,0.0418907850980759
3.17931699752808,28.5639038085938,0.00240915594622493,0.0418839454650879
3.43413758277893,28.5668697357178,0.00398417748510838,0.0419423878192902
3.68943810462952,28.5697422027588,0.00366442883387208,0.0420418977737427
3.94455027580261,28.5725402832031,0.00438984157517552,0.0420595705509186
4.19925117492676,28.5753726959229,0.00712891994044185,0.0420243889093399
4.45381689071655,28.5782375335693,0.0106652220711112,0.0420542061328888
4.70886945724487,28.5811996459961,0.0122856963425875,0.0421664118766785
4.96424961090088,28.5842533111572,0.0126927644014359,0.0423022359609604
5.21997117996216,28.5874156951904,0.0118366116657853,0.0423615872859955
5.47606086730957,28.5905017852783,0.00960610713809729,0.0423080623149872
5.73221349716187,28.5934600830078,0.00733202090486884,0.0422833412885666
5.98757076263428,28.596622467041,0.00871384050697088,0.0423204600811005
6.24306201934814,28.5997905731201,0.00973277166485786,0.0424071699380875
6.49711847305298,28.6032028198242,0.0171283092349768,0.0425100177526474
6.75059604644775,28.6065559387207,0.0271941591054201,0.0424654334783554
-7.7388334274292,28.1949768066406,-0.0216048955917358,0.0429023057222366
-7.48691940307617,28.1976470947266,-0.0157884135842323,0.0427307486534119
-7.23380613327026,28.2001438140869,-0.0155356917530298,0.042657658457756
-6.98104047775269,28.202657699585,-0.0133919166401029,0.0425592958927155
-6.72742509841919,28.2051582336426,-0.0150971654802561,0.0425698906183243
-6.47358417510986,28.2076835632324,-0.0176500137895346,0.0426055043935776
-6.21987390518188,28.2103157043457,-0.0193447526544333,0.0425678789615631
-5.96622323989868,28.212926864624,-0.0205253213644028,0.0424475371837616
-5.71319723129272,28.2156600952148,-0.0185151379555464,0.0423466116189957
-5.460289478302,28.2183418273926,-0.0157304704189301,0.0423364192247391
-5.20669460296631,28.2209033966064,-0.0159795247018337,0.0423271059989929
-4.95247077941895,28.2235488891602,-0.0189677830785513,0.0423159748315811
-4.69915866851807,28.2263164520264,-0.0174332652240992,0.0422326028347015
-4.44627571105957,28.2291622161865,-0.013669328764081,0.0421403497457504
-4.19268178939819,28.231954574585,-0.0130284251645207,0.0420487821102142
-3.93861532211304,28.2345733642578,-0.0143719594925642,0.0419689565896988
-3.68507504463196,28.2372303009033,-0.0130361141636968,0.0419307798147202
-3.4315779209137,28.239953994751,-0.0112833753228188,0.0419177114963531
-3.17804360389709,28.2426795959473,-0.00948666501790285,0.0419550389051437
-2.9240870475769,28.2454147338867,-0.0094326538965106,0.04194675385952
-2.66998505592346,28.2482357025146,-0.00982829090207815,0.041883796453476
-2.41616678237915,28.2510681152344,-0.00869213603436947,0.0418522208929062
-2.16275668144226,28.2538642883301,-0.00545985950157046,0.0418364554643631
-1.90905237197876,28.2566356658936,-0.00337105989456177,0.0417635440826416
-1.65437293052673,28.2594718933105,-0.00553914112970233,0.0416913777589798
-1.39925682544708,28.2622203826904,-0.00947398040443659,0.0416630804538727
-1.14497721195221,28.2649898529053,-0.00935372430831194,0.0417509227991104
-0.891323983669281,28.2677936553955,-0.00615924643352628,0.0418007075786591
-0.637403070926666,28.270751953125,-0.00397448800504208,0.0417447239160538
-0.382758647203445,28.2734870910645,-0.00485955830663443,0.04169861972332
-0.127966269850731,28.2760276794434,-0.00619032653048635,0.0417050868272781
0.126646339893341,28.2786903381348,-0.00648318324238062,0.0417571365833282
0.381180137395859,28.2816848754883,-0.00619935570284724,0.0417471826076508
0.635403692722321,28.2846813201904,-0.00430100271478295,0.0417103618383408
0.889468014240265,28.2876396179199,-0.00147529190871865,0.0416689962148666
1.14379966259003,28.290506362915,0.000360786041710526,0.0416551381349564
1.39831399917603,28.2934474945068,0.00159224576782435,0.0416878312826157
1.65277826786041,28.296350479126,0.00326132774353027,0.0417088270187378
1.90721273422241,28.2992706298828,0.00527569744735956,0.0418122410774231
2.16189885139465,28.3021602630615,0.0063832588493824,0.0419426262378693
2.41707801818848,28.3049697875977,0.00551800150424242,0.0420003682374954
2.67258930206299,28.307991027832,0.00340563547797501,0.0419270843267441
2.9279248714447,28.311092376709,0.00229720724746585,0.041831836104393
3.18297052383423,28.3141021728516,0.00268941395916045,0.0418669581413269
3.43801641464233,28.3170413970947,0.00329746399074793,0.0419310629367828
3.69332671165466,28.3199653625488,0.00296073849312961,0.0419595241546631
3.94833993911743,28.3229427337646,0.00414631608873606,0.041970506310463
4.20315885543823,28.3258571624756,0.0063944417051971,0.0419593751430511
4.45774364471436,28.3287029266357,0.0098741352558136,0.0419866442680359
4.71266269683838,28.331470489502,0.0121019994840026,0.0420843064785004
4.96774005889893,28.3344707489014,0.0138498321175575,0.0421910136938095
5.22343921661377,28.3375587463379,0.0131115177646279,0.0422586351633072
5.47958660125732,28.3405799865723,0.0106540052220225,0.0422399193048477
5.73564291000366,28.3434600830078,0.00881701707839966,0.0422000586986542
5.99088716506958,28.3465976715088,0.0107080647721887,0.0421929359436035
6.24640512466431,28.3498268127441,0.0116289192810655,0.0421847254037857
6.50075483322144,28.3533020019531,0.0177848059684038,0.0422646999359131
6.75425815582275,28.3568286895752,0.0277611389756203,0.0421872586011887
-7.73576593399048,27.9462203979492,-0.0196602419018745,0.042854368686676
-7.48385095596313,27.9488620758057,-0.0138274542987347,0.0426740199327469
-7.23152589797974,27.9514026641846,-0.0097660580649972,0.0425659269094467
-6.97790479660034,27.9538307189941,-0.0117100272327662,0.0424842834472656
-6.72483396530151,27.9563312530518,-0.0107898926362395,0.0424458682537079
-6.47090816497803,27.9588603973389,-0.0137294800952077,0.042477160692215
-6.21662282943726,27.9614753723145,-0.0181464441120625,0.0424597412347794
-5.9624171257019,27.9640636444092,-0.0219402853399515,0.0423476248979568
-5.70925426483154,27.966796875,-0.0205509699881077,0.0422540456056595
-5.45651721954346,27.9694862365723,-0.0169280860573053,0.0422265380620956
-5.20355558395386,27.972074508667,-0.0141587425023317,0.0422257781028748
-4.95004415512085,27.9746074676514,-0.0137675683945417,0.0422385334968567
-4.6969165802002,27.9773025512695,-0.0113503132015467,0.0422391295433044
-4.44374465942383,27.9801445007324,-0.00892843119800091,0.042187824845314
-4.18967533111572,27.9828948974609,-0.0104943253099918,0.0420137941837311
-3.93525338172913,27.9855289459229,-0.0134778972715139,0.041814386844635
-3.68156027793884,27.9882488250732,-0.0128302145749331,0.0417710691690445
-3.42810797691345,27.9909439086914,-0.0108409076929092,0.041796088218689
-3.17443299293518,27.993579864502,-0.00967254303395748,0.041858121752739
-2.92027378082275,27.9962158203125,-0.0105291921645403,0.0418051928281784
-2.66591143608093,27.9990177154541,-0.0120989605784416,0.0417172759771347
-2.41206765174866,28.0019359588623,-0.0110484156757593,0.0416812002658844
-2.15875768661499,28.0047454833984,-0.00732380989938974,0.0416804701089859
-1.90523386001587,28.0074157714844,-0.00437477976083755,0.0416470170021057
-1.65072095394135,28.010232925415,-0.00575024029240012,0.0416148155927658
-1.39569425582886,28.0130500793457,-0.00924905855208635,0.0416263192892075
-1.14124417304993,28.0158615112305,-0.00987990945577621,0.0416859835386276
-0.887436628341675,28.0186214447021,-0.00736051704734564,0.0416778922080994
-0.633294999599457,28.0212326049805,-0.0061491122469306,0.0415730774402618
-0.378799051046371,28.0239505767822,-0.00632930546998978,0.04152911901474
-0.124071732163429,28.0266189575195,-0.00733554922044277,0.0415854007005692
0.130465894937515,28.0294933319092,-0.00726046226918697,0.0416971445083618
0.384835451841354,28.032470703125,-0.00620786147192121,0.0416771173477173
0.638762652873993,28.0354423522949,-0.00294947414658964,0.0416268557310104
0.89260470867157,28.0383625030518,0.000897483201697469,0.0415587872266769
1.14696288108826,28.0411586761475,0.00263648643158376,0.0415446758270264
1.40156209468842,28.0439605712891,0.00351042463444173,0.0415669977664948
1.65619277954102,28.0467472076416,0.00445945700630546,0.0416223704814911
1.91084921360016,28.0496501922607,0.00550965452566743,0.0417353957891464
2.16568803787231,28.0525131225586,0.00596376648172736,0.0418421477079391
2.42069149017334,28.0553722381592,0.00590573251247406,0.0418813675642014
2.67577695846558,28.0583019256592,0.00570247415453196,0.0418289005756378
2.93116116523743,28.06130027771,0.00439971219748259,0.0417718887329102
3.18637490272522,28.0642337799072,0.00407321518287063,0.0418174713850021
3.44160223007202,28.0671691894531,0.00390616129152477,0.0418680161237717
3.69673800468445,28.0701675415039,0.00436021387577057,0.0419051647186279
3.95190858840942,28.0732593536377,0.00487711885944009,0.0419483482837677
4.20705556869507,28.0762042999268,0.00571439880877733,0.0419829189777374
4.4618067741394,28.0790748596191,0.00849359668791294,0.0420072674751282
4.71663856506348,28.0817699432373,0.0111303264275193,0.0420158803462982
4.97159194946289,28.0846309661865,0.0134440110996366,0.0420294106006622
5.22729825973511,28.0875988006592,0.0126997381448746,0.0420920997858047
5.48330068588257,28.0905475616455,0.0108951786532998,0.0421488732099533
5.739098072052,28.0935153961182,0.01020138990134,0.0421731770038605
5.9941291809082,28.0967102050781,0.0130313578993082,0.0421614497900009
6.24961519241333,28.0998210906982,0.0141100268810987,0.0421515107154846
6.50410461425781,28.1032562255859,0.0196834169328213,0.042201966047287
-7.7324595451355,27.6974658966064,-0.0188779458403587,0.0427805930376053
-7.48008251190186,27.6999607086182,-0.0152460895478725,0.0426600724458694
-7.22794723510742,27.7023754119873,-0.0102445306256413,0.042549803853035
-6.97428035736084,27.7048568725586,-0.0123796686530113,0.0424923300743103
-6.72118330001831,27.7072257995605,-0.0115592991933227,0.0423354357481003
-6.46700716018677,27.709716796875,-0.0156656447798014,0.0423060953617096
-6.21297407150269,27.7123928070068,-0.018847893923521,0.0423286855220795
-5.95914316177368,27.7152194976807,-0.0208354406058788,0.0423040390014648
-5.70550966262817,27.7179985046387,-0.0216512139886618,0.0422396212816238
-5.45258951187134,27.7206268310547,-0.0188670102506876,0.0421528816223145
-5.19989728927612,27.7232494354248,-0.0147946514189243,0.0420943349599838
-4.94715452194214,27.725700378418,-0.0107533102855086,0.0420678406953812
-4.69422054290771,27.7283630371094,-0.00740557862445712,0.0421227365732193
-4.4409441947937,27.7311363220215,-0.00545580964535475,0.0421418249607086
-4.18687677383423,27.7338848114014,-0.00699362671002746,0.041932538151741
-3.9324107170105,27.7366104125977,-0.010163452476263,0.04167540371418
-3.67835116386414,27.7392673492432,-0.0112027516588569,0.0416113585233688
-3.42476296424866,27.7419013977051,-0.00982258375734091,0.0416964143514633
-3.17089581489563,27.7445240020752,-0.00951991882175207,0.041800782084465
-2.91675710678101,27.7471618652344,-0.010254436172545,0.0417614728212357
-2.66217827796936,27.7498989105225,-0.012797606177628,0.041668638586998
-2.4080216884613,27.7527732849121,-0.0131607679650187,0.0416165292263031
-2.15443706512451,27.7556171417236,-0.0106687154620886,0.0415795147418976
-1.90076124668121,27.7582511901855,-0.00838385615497828,0.0415622442960739
-1.64623212814331,27.7609958648682,-0.00979785993695259,0.0415686517953873
-1.39139020442963,27.7637329101562,-0.0124155953526497,0.0415778458118439
-1.1371603012085,27.7666187286377,-0.0120072420686483,0.0415562838315964
-0.883411109447479,27.769458770752,-0.00919056124985218,0.041475310921669
-0.629241049289703,27.7720069885254,-0.0080772303044796,0.0413905829191208
-0.375018298625946,27.7745914459229,-0.00698675680905581,0.0413874834775925
-0.120687276124954,27.7772483825684,-0.0061704246327281,0.0414764583110809
0.133554980158806,27.7802715301514,-0.00473650591447949,0.0415965467691422
0.387744575738907,27.7832870483398,-0.00285086571238935,0.0416045486927032
0.641720116138458,27.7862281799316,0.000209930571145378,0.0415762811899185
0.895679771900177,27.7891483306885,0.00354968197643757,0.0415553152561188
1.15004646778107,27.7918720245361,0.0052719390951097,0.0415679216384888
1.40465152263641,27.7946300506592,0.00614112056791782,0.0415351092815399
1.65945243835449,27.7973518371582,0.00635241437703371,0.041526585817337
1.91444456577301,27.8001556396484,0.00593025656417012,0.0416080057621002
2.16931128501892,27.802978515625,0.00628677243366838,0.0416619032621384
2.42411756515503,27.8058319091797,0.00712788617238402,0.041706845164299
2.67902159690857,27.808650970459,0.00775280641391873,0.0416903793811798
2.9343056678772,27.8115577697754,0.00691463658586144,0.0416749119758606
3.18943619728088,27.8145198822021,0.00697510177269578,0.0417200028896332
3.44464516639709,27.8174781799316,0.00690893270075321,0.0417690128087997
3.70007920265198,27.8204326629639,0.00607347069308162,0.0418231934309006
3.955646276474,27.8234100341797,0.00487571535632014,0.0418753027915955
4.21126651763916,27.8263835906982,0.00366858579218388,0.0419284403324127
4.46615171432495,27.8292655944824,0.00589220970869064,0.041947528719902
4.72099876403809,27.8320426940918,0.00849242880940437,0.0419457107782364
4.97603797912598,27.8349342346191,0.0104645993560553,0.0419235676527023
5.23153781890869,27.8378562927246,0.0106466365978122,0.0419508516788483
5.48712253570557,27.8407230377197,0.0106784291565418,0.0420665740966797
5.74237775802612,27.8437519073486,0.012351555749774,0.0421161502599716
5.99722766876221,27.8469085693359,0.0159842818975449,0.0421532690525055
6.25254249572754,27.850004196167,0.0178177617490292,0.042173758149147
6.50696420669556,27.8533611297607,0.0236968714743853,0.0422107577323914
-7.4756293296814,27.4509334564209,-0.0199709106236696,0.0427519828081131
-7.22388935089111,27.4533576965332,-0.0130322678014636,0.0425649136304855
-6.97061920166016,27.4557228088379,-0.0132351722568274,0.0423312336206436
-6.71685743331909,27.4584102630615,-0.015563540160656,0.0422304570674896
-6.46296167373657,27.4609680175781,-0.0182970762252808,0.0421157330274582
-6.20971012115479,27.4636974334717,-0.0177264120429754,0.0421362519264221
-5.95633554458618,27.4664916992188,-0.0175212267786264,0.0421935766935349
-5.70250129699707,27.4692535400391,-0.0192687381058931,0.042212501168251
-5.44915676116943,27.4719009399414,-0.0184712577611208,0.0421090424060822
-5.19614219665527,27.4745044708252,-0.0158944167196751,0.0420181751251221
-4.94338893890381,27.4769096374512,-0.0118740079924464,0.0419540256261826
-4.69067192077637,27.4795036315918,-0.00747577240690589,0.0420098155736923
-4.43762159347534,27.4821949005127,-0.00443786522373557,0.042022243142128
-4.18388700485229,27.4849548339844,-0.00439117942005396,0.0418324768543243
-3.92954730987549,27.4877433776855,-0.00694981683045626,0.0416300147771835
-3.67533206939697,27.4903736114502,-0.00869379378855228,0.0415678918361664
-3.42127871513367,27.4929256439209,-0.0094543918967247,0.0416474342346191
-3.16712617874146,27.4955196380615,-0.010449237190187,0.0417477488517761
-2.91309213638306,27.4981803894043,-0.0106699159368873,0.0417120605707169
-2.65877819061279,27.5009212493896,-0.0119605511426926,0.04159876704216
-2.40455508232117,27.5037612915039,-0.0126043269410729,0.0415195524692535
-2.15078067779541,27.5065937042236,-0.0109589444473386,0.0414854288101196
-1.89687263965607,27.5092334747314,-0.00971219688653946,0.0414572209119797
-1.64186441898346,27.5118541717529,-0.0132914679124951,0.0414566099643707
-1.38690114021301,27.5145416259766,-0.016428479924798,0.0414479076862335
-1.13300359249115,27.5174999237061,-0.0144677488133311,0.0413634181022644
-0.87968385219574,27.5202713012695,-0.00966213643550873,0.0412792414426804
-0.625616908073425,27.522891998291,-0.00805143360048532,0.0412361919879913
-0.371615201234818,27.5255260467529,-0.00593065889552236,0.0412686765193939
-0.117807433009148,27.5282421112061,-0.00272047729231417,0.0413822829723358
0.135989010334015,27.531156539917,0.000747682875953615,0.0414769798517227
0.390224546194077,27.5341243743896,0.00244235573336482,0.0414861738681793
0.64457780122757,27.5370121002197,0.00382066494785249,0.0414909422397614
0.898830711841583,27.5398979187012,0.00586379785090685,0.0415054708719254
1.1532986164093,27.5425777435303,0.00715525401756167,0.0415494590997696
1.40793287754059,27.5452632904053,0.00791742000728846,0.0415191054344177
1.6627482175827,27.5480003356934,0.00808788742870092,0.0414544194936752
1.91787815093994,27.5507678985596,0.00707594817504287,0.0414849519729614
2.17274308204651,27.5536022186279,0.00746444007381797,0.0415023267269135
2.42757344245911,27.5563850402832,0.00822412315756083,0.0415404289960861
2.68242454528809,27.559139251709,0.00910735595971346,0.0415471345186234
2.93753790855408,27.5620136260986,0.00904684606939554,0.041589766740799
3.19274282455444,27.5649700164795,0.00880152452737093,0.0416313111782074
3.44809913635254,27.5678329467773,0.00810970924794674,0.0416674911975861
3.70382928848267,27.5706634521484,0.00599790643900633,0.0417139679193497
3.95963621139526,27.5735092163086,0.0037767116446048,0.0417337715625763
4.21542596817017,27.5763874053955,0.00185626547317952,0.041747659444809
4.47027730941772,27.5793209075928,0.00425819959491491,0.0417618304491043
4.72504854202271,27.582311630249,0.0072152060456574,0.0417909175157547
4.98014307022095,27.5853309631348,0.0089746518060565,0.0417968034744263
5.23538589477539,27.5882301330566,0.0102996397763491,0.0418048352003098
5.49050617218018,27.5910587310791,0.0123683735728264,0.0419121235609055
5.74547624588013,27.5940723419189,0.015294867567718,0.0419875681400299
6.00067186355591,27.5971069335938,0.0174550078809261,0.0420896410942078
6.25534963607788,27.6003437042236,0.0220518931746483,0.0421198606491089
6.50960159301758,27.6037101745605,0.0286742337048054,0.042182445526123
-7.47130870819092,27.201997756958,-0.0240651536732912,0.0428310632705688
-7.22009229660034,27.204776763916,-0.014578141272068,0.0425475239753723
-6.96641254425049,27.2072315216064,-0.0167136993259192,0.0422852486371994
-6.71305656433105,27.2099800109863,-0.0170687641948462,0.042148545384407
-6.45944690704346,27.2125453948975,-0.0184059329330921,0.0419830083847046
-6.20642995834351,27.2152557373047,-0.0166905149817467,0.0419487208127975
-5.95321702957153,27.2179851531982,-0.015690989792347,0.0420178025960922
-5.69917297363281,27.2206439971924,-0.0184123795479536,0.0420652329921722
-5.44580554962158,27.2232551574707,-0.0176957547664642,0.0419922471046448
-5.19253778457642,27.2258720397949,-0.0162871517241001,0.0419335961341858
-4.93940210342407,27.2283229827881,-0.0140411667525768,0.0418778508901596
-4.68667030334473,27.230884552002,-0.00968012120574713,0.041925236582756
-4.43380975723267,27.2334365844727,-0.0057186670601368,0.0419259518384933
-4.18042993545532,27.2360515594482,-0.0039817332290113,0.0418059825897217
-3.92613220214844,27.2387866973877,-0.00631670700386167,0.0416759997606277
-3.6718168258667,27.2413921356201,-0.00850129313766956,0.0416354835033417
-3.41754770278931,27.2439498901367,-0.0102381007745862,0.0416586995124817
-3.16350650787354,27.2466354370117,-0.0106863109394908,0.0417056977748871
-2.90968370437622,27.2493495941162,-0.00989987328648567,0.0416508913040161
-2.65567374229431,27.2520618438721,-0.00975897256284952,0.0415276437997818
-2.40160512924194,27.2548389434814,-0.00966714508831501,0.0414266735315323
-2.14768314361572,27.2575931549072,-0.00867880415171385,0.0413726419210434
-1.89354956150055,27.2602348327637,-0.00844461098313332,0.0413540005683899
-1.6383250951767,27.2627849578857,-0.0129885822534561,0.0413324236869812
-1.38349211215973,27.2654094696045,-0.0155023466795683,0.0413187742233276
-1.12957239151001,27.2682361602783,-0.0136167025193572,0.0412300229072571
-0.876046299934387,27.2710742950439,-0.00972465705126524,0.0411699414253235
-0.62175989151001,27.2737922668457,-0.00908334273844957,0.0411451160907745
-0.367865920066833,27.2764320373535,-0.00644398387521505,0.0411925166845322
-0.114431001245975,27.2791481018066,-0.00151718279812485,0.0413249582052231
0.138895556330681,27.2819385528564,0.00409903284162283,0.0413674563169479
0.39306116104126,27.284725189209,0.00613015983253717,0.0413613021373749
0.64771556854248,27.2875595092773,0.00617403769865632,0.0413572043180466
0.90226936340332,27.290412902832,0.00688932277262211,0.0413947552442551
1.15698421001434,27.2931938171387,0.00709965452551842,0.0414363741874695
1.41150176525116,27.2958583831787,0.00841140188276768,0.0414183586835861
1.6661137342453,27.2986068725586,0.00951557699590921,0.0413640886545181
1.92117702960968,27.301399230957,0.00882487837225199,0.041393056511879
2.1763322353363,27.3042392730713,0.00794716738164425,0.0414092093706131
2.43146586418152,27.3069591522217,0.00738775497302413,0.0414437353610992
2.68632221221924,27.3096790313721,0.00827720202505589,0.0414562672376633
2.94120526313782,27.3125267028809,0.00926236435770988,0.0415008217096329
3.1965491771698,27.3153495788574,0.0084308423101902,0.0415473580360413
3.45202541351318,27.3180980682373,0.00723948981612921,0.0415948182344437
3.70767283439636,27.3208694458008,0.00551984226331115,0.0416520982980728
3.96319818496704,27.3236465454102,0.00455960538238287,0.0416134893894196
4.21881294250488,27.3264579772949,0.00343019189313054,0.0415802747011185
4.47364473342896,27.3294677734375,0.0059388130903244,0.041612446308136
4.72842407226562,27.3326282501221,0.00888164434581995,0.0416479259729385
4.98366594314575,27.3356742858887,0.0100218057632446,0.0416806787252426
5.2388596534729,27.3385467529297,0.0115846637636423,0.0416828691959381
5.49377584457397,27.3413619995117,0.0145601751282811,0.0417645871639252
5.74867963790894,27.3442821502686,0.0177946798503399,0.041853591799736
6.00368356704712,27.3473777770996,0.0207999553531408,0.0419041663408279
6.25841283798218,27.3505744934082,0.0251932758837938,0.0419780015945435
6.51254844665527,27.3541984558105,0.0323340818285942,0.0420535802841187
-7.21677875518799,26.9566745758057,-0.0138126732781529,0.0425271987915039
-6.96268844604492,26.9591484069824,-0.0178895555436611,0.0423296838998795
-6.70941591262817,26.9616928100586,-0.0178146474063396,0.0422066301107407
-6.45627164840698,26.9641876220703,-0.0169032830744982,0.0420948266983032
-6.20304822921753,26.9667778015137,-0.0161474719643593,0.0419741868972778
-5.9494514465332,26.969331741333,-0.0169441737234592,0.041936069726944
-5.69556331634521,26.971996307373,-0.0188942458480597,0.0419140309095383
-5.44238424301147,26.9746417999268,-0.0172593984752893,0.0418508946895599
-5.18902587890625,26.9771633148193,-0.0162516832351685,0.0418191850185394
-4.93550539016724,26.9796314239502,-0.0157898478209972,0.0418105274438858
-4.68263149261475,26.9821949005127,-0.0120639875531197,0.04184690117836
-4.4298038482666,26.9847068786621,-0.00791591592133045,0.0418201386928558
-4.17667865753174,26.9872398376465,-0.00495516927912831,0.0417204648256302
-3.92241597175598,26.9898815155029,-0.00709528895094991,0.0416404753923416
-3.66811776161194,26.9924659729004,-0.00916937924921513,0.0416051894426346
-3.41400170326233,26.9951095581055,-0.0101635670289397,0.0415780395269394
-3.16006588935852,26.9978332519531,-0.0100956037640572,0.0415835231542587
-2.90620756149292,27.0004863739014,-0.00944655761122704,0.0415089875459671
-2.65229225158691,27.0031585693359,-0.0088399276137352,0.0413947999477386
-2.39862847328186,27.0058403015137,-0.00685467990115285,0.0413171947002411
-2.144855260849,27.0085277557373,-0.00515932217240334,0.0412600040435791
-1.89053690433502,27.011157989502,-0.00575210712850094,0.0412409752607346
-1.63559114933014,27.0137405395508,-0.00899644009768963,0.0412183403968811
-1.38092052936554,27.016321182251,-0.0107468562200665,0.0412260591983795
-1.1267386674881,27.0190830230713,-0.0100387912243605,0.0411651879549026
-0.872661173343658,27.021800994873,-0.00863711722195148,0.0411156862974167
-0.617974817752838,27.0244922637939,-0.00978755857795477,0.0410984009504318
-0.36401030421257,27.0272827148438,-0.00743859726935625,0.0411639362573624
-0.110545985400677,27.0299396514893,-0.00261443224735558,0.0412709563970566
0.142796576023102,27.0326175689697,0.0029601261485368,0.0412640422582626
0.396733164787292,27.0352535247803,0.0060545401647687,0.0412302762269974
0.651237845420837,27.038028717041,0.00680040987208486,0.041253462433815
0.905919373035431,27.0409297943115,0.00696857925504446,0.0412999540567398
1.16072475910187,27.0438232421875,0.00680101476609707,0.04133141040802
1.41527760028839,27.0465793609619,0.00798334740102291,0.0413069427013397
1.66988933086395,27.0492877960205,0.00911713112145662,0.041248232126236
1.92480885982513,27.0519886016846,0.00909507088363171,0.0412992089986801
2.17999887466431,27.0548343658447,0.00808990094810724,0.0413226932287216
2.43536376953125,27.0576324462891,0.00653255684301257,0.0413421839475632
2.69037842750549,27.0603828430176,0.00674904650077224,0.0413611829280853
2.94533061981201,27.0631217956543,0.00746016995981336,0.0414152592420578
3.20056390762329,27.0657615661621,0.00714833848178387,0.0414660722017288
3.45578718185425,27.068416595459,0.00709896301850677,0.0415190011262894
3.71112966537476,27.0711917877197,0.00674507906660438,0.0415451228618622
3.96631097793579,27.0740642547607,0.00731575349345803,0.0414910912513733
4.22162818908691,27.0768985748291,0.00750882690772414,0.0414702743291855
4.47660303115845,27.079776763916,0.00941147655248642,0.0415501445531845
4.73145914077759,27.082893371582,0.0120400916785002,0.0416098237037659
4.98684644699097,27.085916519165,0.0125668849796057,0.0416587144136429
5.24219655990601,27.0886707305908,0.0134725533425808,0.041669100522995
5.49716138839722,27.0914516448975,0.0162584781646729,0.0417062491178513
5.75223445892334,27.0943660736084,0.0187840331345797,0.0417076796293259
6.00680637359619,27.0973739624023,0.0236756559461355,0.0417656302452087
6.26161193847656,27.1003475189209,0.0277615170925856,0.0418759286403656
-7.21298599243164,26.7085056304932,-0.0153570733964443,0.042556419968605
-6.95893239974976,26.7109375,-0.019227646291256,0.0424029231071472
-6.70599842071533,26.7133693695068,-0.0175006464123726,0.0422512590885162
-6.45309257507324,26.7158031463623,-0.0154239917173982,0.0421028584241867
-6.19997310638428,26.7183036804199,-0.0141503252089024,0.0419796705245972
-5.9462776184082,26.7208347320557,-0.0153929889202118,0.0418768972158432
-5.69246006011963,26.7234916687012,-0.0169846601784229,0.0417810380458832
-5.43925380706787,26.7260761260986,-0.0154523868113756,0.0417110621929169
-5.18577814102173,26.7285041809082,-0.0149748390540481,0.0416677892208099
-4.93223237991333,26.7309417724609,-0.0146050984039903,0.0416712909936905
-4.67919158935547,26.7335205078125,-0.0116393249481916,0.0416932106018066
-4.42610025405884,26.736026763916,-0.00870121642947197,0.0416639447212219
-4.17292261123657,26.7385997772217,-0.00595375802367926,0.0415879786014557
-3.91866135597229,26.7412376403809,-0.00805746670812368,0.0415438711643219
-3.66451692581177,26.7438259124756,-0.00938302464783192,0.0415242314338684
-3.41065263748169,26.7463970184326,-0.00917802751064301,0.0415099561214447
-3.15678739547729,26.7489490509033,-0.00875549297779799,0.0414822697639465
-2.90274739265442,26.7515544891357,-0.00892161391675472,0.0413686186075211
-2.64850401878357,26.7541790008545,-0.00980303343385458,0.0412398278713226
-2.3948380947113,26.7567882537842,-0.0077970689162612,0.0411649793386459
-2.14127206802368,26.7593955993652,-0.00511710066348314,0.0411145985126495
-1.88710629940033,26.7620372772217,-0.00498022604733706,0.0411078184843063
-1.63262498378754,26.7646389007568,-0.00606884714215994,0.0411283373832703
-1.37833189964294,26.7672367095947,-0.00607017846778035,0.0411609709262848
-1.12410056591034,26.7699851989746,-0.00556875579059124,0.0411115437746048
-0.869558691978455,26.7726440429688,-0.0062623112462461,0.0410560518503189
-0.614866614341736,26.7753028869629,-0.00741487462073565,0.0410536527633667
-0.360763609409332,26.7779998779297,-0.00566999800503254,0.0411196053028107
-0.106685981154442,26.7807121276855,-0.00359709374606609,0.0411790907382965
0.147262051701546,26.7833251953125,-0.000726627593394369,0.0411354750394821
0.40136992931366,26.7859897613525,0.0016316189430654,0.0410552620887756
0.655430912971497,26.7886753082275,0.00441106595098972,0.0410691499710083
0.909691393375397,26.7915954589844,0.00650253426283598,0.0411684513092041
1.1644059419632,26.7945423126221,0.00677096098661423,0.0412154495716095
1.41914558410645,26.7973117828369,0.0071463119238615,0.0412059873342514
1.67395341396332,26.7999610900879,0.00743500562384725,0.0411524176597595
1.92874193191528,26.8026599884033,0.0080279940739274,0.0411846786737442
2.18379259109497,26.8054733276367,0.00767229124903679,0.0411856174468994
2.43911933898926,26.8083076477051,0.00631209975108504,0.0412220358848572
2.69434714317322,26.8111038208008,0.00561386439949274,0.0412540584802628
2.94959163665771,26.8137664794922,0.00506421504542232,0.0413028299808502
3.20462441444397,26.8162651062012,0.00566860288381577,0.0413734167814255
3.45945191383362,26.8188705444336,0.00739122275263071,0.0414416342973709
3.71436929702759,26.8216590881348,0.00893002841621637,0.041480228304863
3.9694299697876,26.8246688842773,0.0100515875965357,0.0414642095565796
4.22455930709839,26.8275966644287,0.0110853491351008,0.0414710938930511
4.47954368591309,26.8304214477539,0.0129666505381465,0.0415665805339813
4.73457765579224,26.8332824707031,0.0148417949676514,0.041677862405777
4.9900074005127,26.836109161377,0.0152053823694587,0.0417323708534241
5.24538135528564,26.8388710021973,0.0160292182117701,0.0417299568653107
5.50070190429688,26.8416843414307,0.0172960963100195,0.0416926890611649
5.75574684143066,26.8444538116455,0.0199670735746622,0.0416961759328842
6.01027774810791,26.84743309021,0.0250596348196268,0.0416906923055649
6.26483154296875,26.850118637085,0.0302512813359499,0.041838750243187
-7.2084813117981,26.4601726531982,-0.0203286223113537,0.0425361394882202
-6.95496845245361,26.4624366760254,-0.0215676538646221,0.0423428565263748
-6.70254945755005,26.4647598266602,-0.0173478815704584,0.0421851873397827
-6.44973516464233,26.4671592712402,-0.014806023798883,0.0420201867818832
-6.19678544998169,26.4696922302246,-0.0126950973644853,0.0419109016656876
-5.94333124160767,26.4722576141357,-0.01276577077806,0.0418004393577576
-5.68957281112671,26.4748859405518,-0.0140561191365123,0.0417105108499527
-5.43605899810791,26.4774723052979,-0.0139553165063262,0.0416268557310104
-5.18263101577759,26.4799480438232,-0.0132278650999069,0.0415584594011307
-4.92937088012695,26.4824180603027,-0.0114893419668078,0.0415463596582413
-4.67620182037354,26.4849014282227,-0.00910470634698868,0.0415543466806412
-4.42271041870117,26.4874324798584,-0.00801753997802734,0.041525200009346
-4.1691312789917,26.4899845123291,-0.00712335575371981,0.0414510518312454
-3.91500520706177,26.4926433563232,-0.00856269616633654,0.0414175689220428
-3.66115164756775,26.4951725006104,-0.00850326381623745,0.0414139479398727
-3.4073121547699,26.4975509643555,-0.00815557222813368,0.0414230823516846
-3.15331554412842,26.499963760376,-0.00831439346075058,0.041387677192688
-2.89889311790466,26.5025253295898,-0.0102230664342642,0.0412455201148987
-2.64440488815308,26.5051784515381,-0.0122056100517511,0.041068896651268
-2.39067482948303,26.5078163146973,-0.0104609793052077,0.0409791767597198
-2.13726019859314,26.5104904174805,-0.0070499056018889,0.0409996062517166
-1.88348484039307,26.5131187438965,-0.0050870468840003,0.0410433411598206
-1.62924039363861,26.515739440918,-0.00506024062633514,0.0410675406455994
-1.37524545192719,26.5183658599854,-0.00367138627916574,0.0410790592432022
-1.12123715877533,26.5210418701172,-0.00212772749364376,0.0410120636224747
-0.866771936416626,26.5236835479736,-0.00245037814602256,0.0409418195486069
-0.612163424491882,26.5262680053711,-0.00320147280581295,0.0409422069787979
-0.357674151659012,26.528902053833,-0.00318807526491582,0.0410302430391312
-0.103072144091129,26.5315284729004,-0.0034644475672394,0.0410637557506561
0.151487693190575,26.5341053009033,-0.00332853966392577,0.0409808456897736
0.405762642621994,26.5368251800537,-0.00168939563445747,0.0408758819103241
0.659630179405212,26.5395584106445,0.00199558702297509,0.0408834517002106
0.913605570793152,26.5424022674561,0.00540052400901914,0.0409742295742035
1.16823577880859,26.5451984405518,0.00607822090387344,0.041056901216507
1.42335557937622,26.5479145050049,0.00478392327204347,0.041100487112999
1.67852544784546,26.5505676269531,0.00349091738462448,0.0410572290420532
1.93330550193787,26.5533084869385,0.00415791803970933,0.0410580337047577
2.18806076049805,26.5561618804932,0.0051507605239749,0.0410609245300293
2.4429771900177,26.5590515136719,0.00564232794567943,0.0410917848348618
2.69807052612305,26.5618133544922,0.0055687497369945,0.0411081463098526
2.95353364944458,26.5644359588623,0.0040819738060236,0.0411423444747925
3.20873403549194,26.5669021606445,0.0039779101498425,0.0412492007017136
3.46336126327515,26.5695190429688,0.00661216117441654,0.0413718968629837
3.71789360046387,26.5723972320557,0.0098691126331687,0.0414383411407471
3.9728262424469,26.5753746032715,0.0115769691765308,0.0414316803216934
4.22795534133911,26.5782890319824,0.0126360701397061,0.0414696782827377
4.48303890228271,26.5810489654541,0.0141101712360978,0.0415476560592651
4.73801708221436,26.5837631225586,0.0162515640258789,0.0416681617498398
4.99314451217651,26.5865612030029,0.0179555341601372,0.0417215377092361
5.24839067459106,26.5893440246582,0.0193523876368999,0.0416879802942276
5.50409555435181,26.5919914245605,0.0189766194671392,0.0417495518922806
5.75930976867676,26.5948257446289,0.0209379326552153,0.0416696667671204
6.01413154602051,26.5978469848633,0.0248003527522087,0.0415877103805542
-6.95150232315063,26.2136993408203,-0.0215316582471132,0.0420988798141479
-6.69908571243286,26.2159595489502,-0.0172718670219183,0.0419729202985764
-6.44653987884521,26.2184982299805,-0.0134202120825648,0.0418894290924072
-6.19344615936279,26.2210559844971,-0.0119698913767934,0.0418068766593933
-5.94045495986938,26.223653793335,-0.0098154665902257,0.0417456924915314
-5.68678665161133,26.226224899292,-0.0106543889269233,0.0416873544454575
-5.43301725387573,26.2287521362305,-0.0117417834699154,0.0416217297315598
-5.17962694168091,26.2313175201416,-0.0108125545084476,0.0415259897708893
-4.92661571502686,26.2338600158691,-0.0078769288957119,0.0414759367704391
-4.67346525192261,26.2362957000732,-0.0053833513520658,0.041447713971138
-4.41969633102417,26.2387657165527,-0.00557712139561772,0.0414106100797653
-4.16579532623291,26.241247177124,-0.00616409024223685,0.0413391441106796
-3.9118025302887,26.2438182830811,-0.00695467507466674,0.0412970185279846
-3.65802311897278,26.2463359832764,-0.00652331206947565,0.0412860512733459
-3.40406608581543,26.2487030029297,-0.00669680023565888,0.0413177907466888
-3.14986610412598,26.2509479522705,-0.00777328619733453,0.0412787348031998
-2.89536833763123,26.2535037994385,-0.0100024584680796,0.0411224067211151
-2.64087009429932,26.2562484741211,-0.0120018012821674,0.040951669216156
-2.38696527481079,26.2589836120605,-0.0110337035730481,0.0408850759267807
-2.13347411155701,26.2617511749268,-0.00794481486082077,0.0409407317638397
-1.87991392612457,26.2643356323242,-0.00496271997690201,0.0409371554851532
-1.62582683563232,26.2669143676758,-0.00418602116405964,0.0409184098243713
-1.37203621864319,26.2695369720459,-0.00183502805884928,0.0409306287765503
-1.11824417114258,26.2721862792969,0.000721241522114724,0.0408844351768494
-0.863869309425354,26.2747669219971,0.000833856523968279,0.0408149063587189
-0.608948707580566,26.2773208618164,-0.00131290452554822,0.0408060550689697
-0.354082345962524,26.2798862457275,-0.00298405112698674,0.0408796966075897
-0.0993504226207733,26.2824535369873,-0.00381921930238605,0.040886789560318
0.155125230550766,26.2850494384766,-0.00327320978976786,0.0408098697662354
0.40933883190155,26.2877731323242,-0.0013285493478179,0.040745735168457
0.663187325000763,26.290548324585,0.00247001810930669,0.0407713204622269
0.917081952095032,26.2933197021484,0.0062658004462719,0.040841355919838
1.1716787815094,26.2959690093994,0.00712044490501285,0.0409276932477951
1.42697322368622,26.2985324859619,0.00507283909246325,0.0409543067216873
1.68221747875214,26.301290512085,0.00347587582655251,0.0408750772476196
1.93722534179688,26.3041534423828,0.00315671740099788,0.040858656167984
2.19208717346191,26.3069820404053,0.00370595837011933,0.0408798605203629
2.44663047790527,26.3097763061523,0.00588498963043094,0.0409548431634903
2.70121288299561,26.3124809265137,0.00810015574097633,0.0409601181745529
2.95646333694458,26.3151149749756,0.00757554639130831,0.0409950166940689
3.21192073822021,26.3176937103271,0.00635896483436227,0.0411113649606705
3.46692252159119,26.3202857971191,0.00736913690343499,0.041254997253418
3.72149181365967,26.3230571746826,0.0104911020025611,0.0413439869880676
3.97639846801758,26.3259048461914,0.0123398480936885,0.0413735657930374
4.23143768310547,26.3287143707275,0.0138191366568208,0.0414294004440308
4.48633337020874,26.331470489502,0.0161359682679176,0.0414731651544571
4.74114036560059,26.334171295166,0.0190476905554533,0.0415474623441696
4.99633646011353,26.3369636535645,0.0204721298068762,0.0415871888399124
5.25166273117065,26.339750289917,0.021543612703681,0.0416650176048279
5.50728321075439,26.342565536499,0.021556070074439,0.0416483134031296
5.76248216629028,26.3454093933105,0.0236041340976954,0.0415644347667694
6.01779890060425,26.3484172821045,0.0253528021275997,0.0414585024118423
-6.94861125946045,25.9650630950928,-0.0187491253018379,0.0418724715709686
-6.69529390335083,25.9671611785889,-0.0187716651707888,0.041820153594017
-6.44279050827026,25.9698333740234,-0.0146866654977202,0.0418177098035812
-6.18969774246216,25.9723682403564,-0.0131998062133789,0.0417524576187134
-5.93710231781006,25.9749603271484,-0.00913229957222939,0.0417201519012451
-5.68352746963501,25.9774436950684,-0.00950124580413103,0.041653111577034
-5.42966651916504,25.9798793792725,-0.01099550165236,0.0415592342615128
-5.17635774612427,25.9824409484863,-0.00965320970863104,0.0414473563432693
-4.92324781417847,25.9850749969482,-0.00715453270822763,0.0414240956306458
-4.66997718811035,25.9876365661621,-0.00519821466878057,0.041411429643631
-4.41626739501953,25.9901695251465,-0.00508685596287251,0.0413348525762558
-4.16256237030029,25.9925289154053,-0.00472765509039164,0.0412061661481857
-3.90866661071777,25.9949493408203,-0.00503862462937832,0.0411337614059448
-3.65479731559753,25.9974384307861,-0.00500063551589847,0.0411103516817093
-3.40066647529602,25.9998779296875,-0.00595566304400563,0.0411281734704971
-3.14638662338257,26.0022315979004,-0.00737440027296543,0.0411029011011124
-2.89208173751831,26.0047760009766,-0.00868163723498583,0.041001632809639
-2.63783550262451,26.0074977874756,-0.00948964152485132,0.0409134924411774
-2.38379955291748,26.0102844238281,-0.00910219922661781,0.0408889353275299
-2.12988829612732,26.0130004882812,-0.00792050641030073,0.0408888757228851
-1.8761214017868,26.0155239105225,-0.00585765764117241,0.0408381670713425
-1.6220760345459,26.0180282592773,-0.00485748844221234,0.0407788455486298
-1.36848151683807,26.0206413269043,-0.00157832680270076,0.0407877415418625
-1.11490178108215,26.0232677459717,0.00197582063265145,0.0407682508230209
-0.860638916492462,26.0258045196533,0.00262572825886309,0.0407282114028931
-0.605313122272491,26.0283527374268,-0.00133635639213026,0.0407031327486038
-0.35008504986763,26.0309066772461,-0.00461834575980902,0.0407031923532486
-0.0955934971570969,26.0335559844971,-0.00433300854638219,0.0406511723995209
0.158362120389938,26.0361557006836,-0.00140767742414027,0.0406121760606766
0.412247717380524,26.0387516021729,0.00204147188924253,0.0406358391046524
0.66633677482605,26.0414218902588,0.0047810017131269,0.0406983643770218
0.920454204082489,26.044095993042,0.0076017021201551,0.0407628864049911
1.17508459091187,26.0467128753662,0.00833263993263245,0.0408110916614532
1.43000936508179,26.0493640899658,0.00796384178102016,0.0407830774784088
1.68514704704285,26.0521831512451,0.00686507765203714,0.0406490713357925
1.94031369686127,26.0549697875977,0.00586109329015017,0.0406264364719391
2.19539284706116,26.057710647583,0.00546870054677129,0.0407160222530365
2.45004773139954,26.0603008270264,0.00717866886407137,0.0408431142568588
2.70429062843323,26.0630912780762,0.0109223909676075,0.0408802479505539
2.95929408073425,26.0657806396484,0.0115109188482165,0.0409304350614548
3.21470332145691,26.0683898925781,0.0105263506993651,0.0410317033529282
3.47016739845276,26.0709495544434,0.0095242578536272,0.0411351025104523
3.72529435157776,26.0735950469971,0.0102214766666293,0.0411937385797501
3.98027896881104,26.0762996673584,0.0117580769583583,0.0412381291389465
4.23486566543579,26.0790920257568,0.0152453519403934,0.041315570473671
4.48940515518188,26.081844329834,0.0191400889307261,0.0413383841514587
4.7442307472229,26.0845069885254,0.0219938773661852,0.0413651913404465
4.99985885620117,26.0873374938965,0.0215624552220106,0.0413830876350403
5.25509738922119,26.0901222229004,0.0230389796197414,0.0414373278617859
5.51088571548462,26.0930595397949,0.0223458707332611,0.0414295345544815
5.76538419723511,26.0959987640381,0.0274453591555357,0.0413516312837601
-6.69069957733154,25.718297958374,-0.0241146460175514,0.0418012738227844
-6.43856430053711,25.7212333679199,-0.0182357374578714,0.0418420135974884
-6.18647527694702,25.7239398956299,-0.0119329951703548,0.0417934209108353
-5.93329668045044,25.726469039917,-0.0106092747300863,0.0416733473539352
-5.67996883392334,25.7287998199463,-0.00977405160665512,0.0415611416101456
-5.42626094818115,25.7310771942139,-0.0105136567726731,0.0414403676986694
-5.17276334762573,25.7335758209229,-0.0100345285609365,0.0413447171449661
-4.9192419052124,25.7362251281738,-0.0094432020559907,0.041348859667778
-4.66563415527344,25.7388553619385,-0.00903767440468073,0.0413212478160858
-4.41210556030273,25.7414798736572,-0.0080384872853756,0.0411902666091919
-4.15888929367065,25.7439441680908,-0.0053552002646029,0.0410262197256088
-3.90534424781799,25.7463397979736,-0.00399719690904021,0.0409553050994873
-3.65133881568909,25.7487773895264,-0.00456546153873205,0.0409572571516037
-3.39688229560852,25.7512130737305,-0.0070060221478343,0.0409324765205383
-3.14240765571594,25.7536163330078,-0.00929667893797159,0.0408730804920197
-2.88831806182861,25.7560691833496,-0.00957175903022289,0.0408374965190887
-2.63442444801331,25.7586421966553,-0.00871861539781094,0.0408274084329605
-2.38046717643738,25.7613525390625,-0.00793913006782532,0.0408296138048172
-2.1262035369873,25.7640266418457,-0.00835118722170591,0.0407884269952774
-1.87220585346222,25.7665767669678,-0.00731755699962378,0.0406737476587296
-1.61810338497162,25.7690334320068,-0.00654577556997538,0.0405942797660828
-1.36449408531189,25.7715873718262,-0.00330083770677447,0.0406145304441452
-1.11102020740509,25.7742137908936,0.000769937119912356,0.040662556886673
-0.856951534748077,25.7767486572266,0.00233701406978071,0.0406856387853622
-0.601565718650818,25.779296875,-0.00186730327550322,0.0406871438026428
-0.346119940280914,25.7819061279297,-0.00610560271888971,0.0406010746955872
-0.0918399691581726,25.784553527832,-0.00482982536777854,0.0404830276966095
0.161991089582443,25.7872161865234,-0.00131151173263788,0.0404623448848724
0.415773957967758,25.78977394104,0.00263037998229265,0.040531188249588
0.670036911964417,25.7922859191895,0.00461697904393077,0.04060298204422
0.924273490905762,25.7948665618896,0.0069331806153059,0.0406634658575058
1.17887079715729,25.7974624633789,0.00784345529973507,0.0406893342733383
1.43340802192688,25.8001670837402,0.00923735927790403,0.0406440943479538
1.68824315071106,25.8029766082764,0.00951535534113646,0.040521502494812
1.9433798789978,25.8056488037109,0.00866853445768356,0.0404830127954483
2.19839811325073,25.8082618713379,0.00857098679989576,0.0406269878149033
2.45330762863159,25.8108539581299,0.00917526800185442,0.0407584011554718
2.7077100276947,25.8136596679688,0.0122376894578338,0.040795236825943
2.96259546279907,25.8164100646973,0.01337222289294,0.0408485978841782
3.21789932250977,25.8190422058105,0.0128782736137509,0.0409123450517654
3.47362589836121,25.8214645385742,0.0107445688918233,0.0409609973430634
3.72914385795593,25.8239612579346,0.00975385680794716,0.0409976840019226
3.98415732383728,25.8266906738281,0.0111916540190578,0.0410555750131607
4.23843431472778,25.8294658660889,0.0160611364990473,0.0411260426044464
4.49271535873413,25.8322505950928,0.0211128499358892,0.0411667376756668
4.74769830703735,25.8349075317383,0.023302162066102,0.0412397682666779
5.00281286239624,25.8375854492188,0.0251300167292356,0.0412637591362
5.25894355773926,25.8403644561768,0.0227578449994326,0.0412680953741074
5.51510524749756,25.8433570861816,0.0204753298312426,0.0412382334470749
-6.68625736236572,25.4696159362793,-0.0287407003343105,0.0418100357055664
-6.43417453765869,25.4727478027344,-0.0225716456770897,0.0418368428945541
-6.1822304725647,25.4754238128662,-0.0155404256656766,0.0417366027832031
-5.92914915084839,25.477855682373,-0.0137163931503892,0.0415776818990707
-5.67623662948608,25.4802398681641,-0.0108764981850982,0.0414166301488876
-5.42274236679077,25.4824810028076,-0.0105719836428761,0.0412618815898895
-5.16905546188354,25.48486328125,-0.010955442674458,0.0411990433931351
-4.9153037071228,25.4874057769775,-0.0114185381680727,0.0412213951349258
-4.66159200668335,25.4900360107422,-0.0114665552973747,0.0411558449268341
-4.40819072723389,25.4926319122314,-0.00983381643891335,0.0409853160381317
-4.15485954284668,25.4950923919678,-0.0076572890393436,0.0408326685428619
-3.90131616592407,25.4975318908691,-0.00625449698418379,0.0408096164464951
-3.64731669425964,25.5000286102295,-0.00676000397652388,0.0408466905355453
-3.39307713508606,25.5025615692139,-0.00815743766725063,0.0407761782407761
-3.13872981071472,25.5049839019775,-0.00982434581965208,0.0407058149576187
-2.88470530509949,25.5073337554932,-0.00976621080189943,0.0406949520111084
-2.63091206550598,25.5097980499268,-0.00841742102056742,0.0407312661409378
-2.37691974639893,25.5123996734619,-0.00777033716440201,0.0407248437404633
-2.1225483417511,25.5149879455566,-0.00864751543849707,0.0406638234853745
-1.86846053600311,25.5174884796143,-0.00799589417874813,0.040529802441597
-1.61426305770874,25.5200214385986,-0.00762811955064535,0.0404764711856842
-1.360520362854,25.5225944519043,-0.0049605704843998,0.0404865741729736
-1.10701990127563,25.5251960754395,-0.000977463671006262,0.0405698269605637
-0.853047609329224,25.5277214050293,0.0010624669957906,0.0406119823455811
-0.597803592681885,25.530252456665,-0.00246431073173881,0.0405902117490768
-0.342335224151611,25.5328464508057,-0.00677360733971,0.0405069142580032
-0.0878432989120483,25.5355091094971,-0.00642568012699485,0.0403793454170227
0.166345924139023,25.5381870269775,-0.00449170125648379,0.0403366535902023
0.420294225215912,25.5406246185303,-0.00125830864999443,0.0403914153575897
0.674426019191742,25.5429973602295,0.00135698355734348,0.0404664725065231
0.92843097448349,25.5455341339111,0.00474985176697373,0.0405405610799789
1.1828019618988,25.5482368469238,0.00670764595270157,0.0405661463737488
1.43709182739258,25.5510177612305,0.00923872366547585,0.0405836999416351
1.69167864322662,25.5537128448486,0.0106543889269233,0.040546640753746
1.94666290283203,25.5562038421631,0.0105150612071157,0.0405758768320084
2.20154166221619,25.5587062835693,0.011064144782722,0.0406422913074493
2.45662331581116,25.5613307952881,0.0109285125508904,0.0406960994005203
2.71169114112854,25.5640602111816,0.0110724531114101,0.0407201200723648
2.9669713973999,25.566801071167,0.0104953590780497,0.0407266914844513
3.22230768203735,25.5694103240967,0.00989270862191916,0.0407150536775589
3.47734045982361,25.571949005127,0.0108449868857861,0.0407502353191376
3.73252367973328,25.574499130249,0.0113515965640545,0.0408100336790085
3.9876401424408,25.5771903991699,0.0123643111437559,0.0408636331558228
4.24201393127441,25.5799579620361,0.0168373305350542,0.0409479886293411
4.49645185470581,25.5827560424805,0.021228913217783,0.0410413891077042
4.75166702270508,25.585376739502,0.0224357899278402,0.0411377102136612
5.00661563873291,25.5880069732666,0.0250145513564348,0.04118812084198
5.26318311691284,25.5906772613525,0.0207767859101295,0.041194424033165
5.51913499832153,25.5936813354492,0.0194339230656624,0.0411383211612701
-6.429603099823,25.2243995666504,-0.0277821812778711,0.0417470782995224
-6.17786169052124,25.2268772125244,-0.0197441000491381,0.0416169017553329
-5.9254412651062,25.2292098999023,-0.0147424722090364,0.0414399355649948
-5.67241382598877,25.2315254211426,-0.0124115319922566,0.0413057506084442
-5.41909074783325,25.2338638305664,-0.0112659856677055,0.0411783456802368
-5.16538763046265,25.2362518310547,-0.011693898588419,0.0411214232444763
-4.91174030303955,25.2387428283691,-0.0116334753111005,0.041127622127533
-4.65836238861084,25.2413024902344,-0.0100816395133734,0.0410393625497818
-4.40514898300171,25.2438163757324,-0.00754075264558196,0.0408750176429749
-4.15155982971191,25.2462310791016,-0.00654268497601151,0.0407780706882477
-3.89774489402771,25.2486915588379,-0.00638140272349119,0.0407648533582687
-3.64372515678406,25.2512741088867,-0.00695198960602283,0.0407561212778091
-3.38969397544861,25.2538795471191,-0.00734905526041985,0.0406580120325089
-3.1356143951416,25.2563285827637,-0.00774530321359634,0.0405940264463425
-2.88152551651001,25.258617401123,-0.00795769318938255,0.0405962914228439
-2.62766480445862,25.2610130310059,-0.00689412700012326,0.0406243056058884
-2.37366318702698,25.2634983062744,-0.00626098643988371,0.0406212508678436
-2.11928677558899,25.2659397125244,-0.00713317142799497,0.0405778139829636
-1.86504948139191,25.2684631347656,-0.00714074447751045,0.040467843413353
-1.61070096492767,25.2710494995117,-0.00743649806827307,0.0404174625873566
-1.35690689086914,25.2736530303955,-0.00497364718466997,0.0404161512851715
-1.10336542129517,25.2761878967285,-0.00114686856977642,0.0404788702726364
-0.849399507045746,25.2786865234375,0.000953187118284404,0.040475532412529
-0.594360947608948,25.2812404632568,-0.0016092857113108,0.0404430627822876
-0.339011490345001,25.2838268280029,-0.00535045564174652,0.0404062569141388
-0.0840620473027229,25.2864513397217,-0.00704530905932188,0.0403434187173843
0.170554161071777,25.2890796661377,-0.00700786244124174,0.0403193235397339
0.424420535564423,25.2915267944336,-0.00336970016360283,0.0403319001197815
0.678199887275696,25.2938175201416,0.000865976966451854,0.0403606742620468
0.932050049304962,25.2962799072266,0.00498519791290164,0.0404302924871445
1.18632340431213,25.2990322113037,0.00740944594144821,0.0404694825410843
1.44049775600433,25.3018093109131,0.0104856602847576,0.0405263900756836
1.69512915611267,25.3045196533203,0.0117295971140265,0.0405512303113937
1.95024180412292,25.3069686889648,0.0110466685146093,0.0406442880630493
2.20515966415405,25.3093910217285,0.0114505542442203,0.0406389087438583
2.46029710769653,25.3119640350342,0.0110970912501216,0.0406290739774704
2.71595788002014,25.3145351409912,0.008647789247334,0.0406046807765961
2.97167229652405,25.3172435760498,0.00618731090798974,0.0405296683311462
3.22635078430176,25.3199882507324,0.00852136593312025,0.0404568761587143
3.48053359985352,25.3226795196533,0.013243199326098,0.0404974371194839
3.73535442352295,25.3252735137939,0.0153639931231737,0.0406164973974228
3.99073696136475,25.3278198242188,0.0152325918897986,0.0407051295042038
4.24540615081787,25.3304615020752,0.0184374190866947,0.040806382894516
4.50005197525024,25.3332195281982,0.0219487436115742,0.0409568846225739
4.75478553771973,25.3359069824219,0.0252781677991152,0.0410417318344116
5.01038312911987,25.338529586792,0.0250589102506638,0.0411327928304672
5.26788520812988,25.3410797119141,0.0167973879724741,0.0411113947629929
-6.425461769104,24.9757537841797,-0.0309435762465,0.0416368693113327
-6.17377185821533,24.978048324585,-0.0226253382861614,0.0415360480546951
-5.92153358459473,24.9803428649902,-0.016718715429306,0.0413751602172852
-5.66855764389038,24.9827136993408,-0.0141127938404679,0.0412719547748566
-5.41555500030518,24.9851818084717,-0.0114159137010574,0.0411843359470367
-5.16198110580444,24.9877033233643,-0.0112040638923645,0.04112608730793
-4.90850400924683,24.9902248382568,-0.010313181206584,0.0411017090082169
-4.65538311004639,24.9927062988281,-0.00752524612471461,0.0410449802875519
-4.40231704711914,24.9951801300049,-0.0042662788182497,0.0409677028656006
-4.14862442016602,24.9975395202637,-0.00373086426407099,0.040894627571106
-3.89466333389282,24.9999599456787,-0.00422587664797902,0.0407872349023819
-3.64059042930603,25.0025520324707,-0.00501770805567503,0.0406737625598907
-3.38646793365479,25.0051002502441,-0.00581178441643715,0.0405795276165009
-3.13247847557068,25.0075588226318,-0.00576188508421183,0.0405326038599014
-2.87850284576416,25.009895324707,-0.00542442500591278,0.0405357927083969
-2.62473797798157,25.0123157501221,-0.00389134231954813,0.0405400842428207
-2.3707103729248,25.0146999359131,-0.00335382274352014,0.0405433773994446
-2.11612296104431,25.0170917510986,-0.00517133018001914,0.0405233204364777
-1.86174309253693,25.0196552276611,-0.0058070826344192,0.0404216200113297
-1.6073032617569,25.0222492218018,-0.00649299984797835,0.0403470546007156
-1.35359072685242,25.0248489379883,-0.00362897966988385,0.0403191149234772
-1.10005223751068,25.0273303985596,0.000240245281020179,0.0403328835964203
-0.846192121505737,25.0298271179199,0.0028500163462013,0.0403155982494354
-0.591297328472137,25.0323867797852,0.000967683095950633,0.0402951687574387
-0.336091786623001,25.0348834991455,-0.0020945577416569,0.0402805358171463
-0.080966904759407,25.0374374389648,-0.00455899629741907,0.0403053313493729
0.173767745494843,25.0399799346924,-0.00503035262227058,0.0402919501066208
0.427787721157074,25.0424137115479,-0.00205780169926584,0.0402731746435165
0.681738615036011,25.0447292327881,0.00143414561171085,0.0402690023183823
0.935735166072845,25.0471687316895,0.00492568081244826,0.0403156727552414
1.18990361690521,25.0498600006104,0.00785065442323685,0.0403927713632584
1.4439150094986,25.0527076721191,0.0116838505491614,0.0404555350542068
1.69860756397247,25.0554180145264,0.0126829398795962,0.0404976904392242
1.95395863056183,25.0578002929688,0.010967000387609,0.0405958145856857
2.20899033546448,25.0602245330811,0.0108952466398478,0.040563091635704
2.46414685249329,25.0628299713135,0.0104882419109344,0.0404929965734482
2.71965432167053,25.065357208252,0.00874859746545553,0.040395587682724
2.97523069381714,25.0680179595947,0.00692728534340858,0.0403254330158234
3.22975897789001,25.0707206726074,0.00995141454041004,0.0403220057487488
3.48365902900696,25.0734214782715,0.0159429963678122,0.0403621047735214
3.73828172683716,25.0760383605957,0.0189576670527458,0.0405042916536331
3.99364757537842,25.078483581543,0.0189219359308481,0.0406185984611511
4.2485089302063,25.0810203552246,0.0213094726204872,0.0407394170761108
4.50322484970093,25.0836696624756,0.024537768214941,0.0409114062786102
4.75796604156494,25.08642578125,0.0278584156185389,0.0410138666629791
5.01339292526245,25.0890941619873,0.028403228148818,0.0411203801631927
5.27212762832642,25.0917205810547,0.0148151684552431,0.0409606546163559
-6.16971874237061,24.7290229797363,-0.0253345649689436,0.0415105372667313
-5.91790580749512,24.7314624786377,-0.0173734966665506,0.0413533449172974
-5.66546869277954,24.7340488433838,-0.0121817169710994,0.0412486493587494
-5.4121298789978,24.7366313934326,-0.0110501013696194,0.0411684215068817
-5.15866565704346,24.7392482757568,-0.0102901803329587,0.041075810790062
-4.90503978729248,24.7417736053467,-0.0100703621283174,0.0409918278455734
-4.65166854858398,24.7441921234131,-0.00842721108347178,0.0409567654132843
-4.39843416213989,24.7466259002686,-0.00592697924003005,0.0409450531005859
-4.14488697052002,24.7489395141602,-0.00467456551268697,0.0408847630023956
-3.89115810394287,24.7512836456299,-0.00405260222032666,0.0407514870166779
-3.63724899291992,24.7537498474121,-0.004048858769238,0.0406360626220703
-3.38308644294739,24.7562255859375,-0.00499979127198458,0.0405521839857101
-3.1291937828064,24.7587471008301,-0.00447155954316258,0.0405105203390121
-2.87541389465332,24.7611675262451,-0.00319960271008313,0.040465846657753
-2.62170433998108,24.7635555267334,-0.00138487480580807,0.0404136925935745
-2.36758041381836,24.7658748626709,-0.00126396061386913,0.0404370874166489
-2.11288142204285,24.7683067321777,-0.00356844090856612,0.040449395775795
-1.85843753814697,24.7708854675293,-0.00447055790573359,0.0403957962989807
-1.6040678024292,24.7734184265137,-0.00480674440041184,0.0402949154376984
-1.35035490989685,24.776050567627,-0.00191687373444438,0.0402010977268219
-1.09672105312347,24.7785778045654,0.00154442724306136,0.0401754528284073
-0.842812776565552,24.7810649871826,0.00396313285455108,0.0401844382286072
-0.587946355342865,24.7835597991943,0.00223928410559893,0.0401721298694611
-0.332855582237244,24.7859497070312,-0.000273503188509494,0.0401830524206161
-0.0777749568223953,24.7884330749512,-0.00250980840064585,0.0402264595031738
0.176813468337059,24.790901184082,-0.00229353946633637,0.0402446240186691
0.430950701236725,24.7934284210205,0.000175194611074403,0.0402470976114273
0.685038030147552,24.7958126068115,0.00307903485372663,0.0402382612228394
0.939135909080505,24.7983455657959,0.0061423946171999,0.0402534008026123
1.19339716434479,24.8009967803955,0.00867998320609331,0.040290355682373
1.44760954380035,24.8037147521973,0.0116447685286403,0.040322408080101
1.7026914358139,24.8061752319336,0.010939160361886,0.0403541177511215
1.95793962478638,24.8085498809814,0.00971558224409819,0.0404390692710876
2.2130184173584,24.8109798431396,0.00946756079792976,0.0404342859983444
2.46819567680359,24.813570022583,0.00900144968181849,0.0403367131948471
2.72356057167053,24.81614112854,0.00792457442730665,0.0402303636074066
2.97858500480652,24.8187808990479,0.00857368670403957,0.0402030050754547
3.23305535316467,24.821418762207,0.011879819445312,0.0402707159519196
3.48729968070984,24.8240089416504,0.0163842979818583,0.0403681695461273
3.74203014373779,24.826566696167,0.0189542472362518,0.0404844284057617
3.99679279327393,24.8291721343994,0.0215896759182215,0.0405751466751099
4.25148105621338,24.831787109375,0.0247552860528231,0.0406899601221085
4.50633716583252,24.8343925476074,0.027394650503993,0.0408581048250198
4.76064682006836,24.8369674682617,0.0326187759637833,0.0410351008176804
5.01535320281982,24.8395595550537,0.0363159105181694,0.0412280112504959
-6.16541385650635,24.4800624847412,-0.0292490925639868,0.0414748638868332
-5.91466331481934,24.4828796386719,-0.0162053778767586,0.0412987321615219
-5.66237640380859,24.4856624603271,-0.0102724293246865,0.0412295311689377
-5.40909099578857,24.4883575439453,-0.0088631147518754,0.0411402434110641
-5.15538263320923,24.4909000396729,-0.0092290760949254,0.0410279184579849
-4.90146446228027,24.4933128356934,-0.0103544453158975,0.0409170091152191
-4.64759063720703,24.4956588745117,-0.0110423499718308,0.0408196747303009
-4.39380502700806,24.4980316162109,-0.0110888509079814,0.0407870709896088
-4.1400032043457,24.5002670288086,-0.0109852598980069,0.0407486408948898
-3.88661074638367,24.5025062561035,-0.00874725077301264,0.0406334698200226
-3.63340210914612,24.5048809051514,-0.00543741462752223,0.0405582338571548
-3.37969613075256,24.5073432922363,-0.00423187483102083,0.0404868870973587
-3.12595224380493,24.5099411010742,-0.00298348651267588,0.0404633432626724
-2.87218713760376,24.51243019104,-0.0016152854077518,0.0403914451599121
-2.61833667755127,24.5147609710693,-0.000423161312937737,0.0403195768594742
-2.36422538757324,24.5170516967773,-0.000214501458685845,0.0403060764074326
-2.10957622528076,24.5194988250732,-0.00226057227700949,0.0403147488832474
-1.85507905483246,24.5220794677734,-0.00337831303477287,0.0402993559837341
-1.60089576244354,24.5246543884277,-0.00283081294037402,0.0402432084083557
-1.34713280200958,24.5273284912109,-0.000143146011396311,0.040185734629631
-1.09315776824951,24.5298652648926,0.00178900163155049,0.0401184856891632
-0.839018583297729,24.5323123931885,0.00318735768087208,0.0401186943054199
-0.584459960460663,24.5346775054932,0.0028961964417249,0.0400961935520172
-0.329679518938065,24.5370235443115,0.00182116765063256,0.0400948226451874
-0.0745406895875931,24.5394268035889,-0.000651010836008936,0.040116012096405
0.180187731981277,24.541877746582,-0.00103944388683885,0.0401335209608078
0.434440732002258,24.5443897247314,0.000936152588110417,0.0401666611433029
0.688262343406677,24.546947479248,0.00506323529407382,0.0401653945446014
0.942393243312836,24.5495834350586,0.00800460297614336,0.040133610367775
1.19693470001221,24.5522365570068,0.00931405648589134,0.0401389896869659
1.45154666900635,24.5547943115234,0.0105227306485176,0.0401793718338013
1.70674550533295,24.557107925415,0.0093302596360445,0.0402430295944214
1.96172440052032,24.559383392334,0.00934010930359364,0.0403044670820236
2.21695327758789,24.5617275238037,0.0084576103836298,0.0403083115816116
2.47222661972046,24.5642509460449,0.00759823387488723,0.0402319729328156
2.72717928886414,24.5668125152588,0.00837954878807068,0.0401648133993149
2.98181986808777,24.5694541931152,0.0107516841962934,0.0402049422264099
3.23632955551147,24.5719909667969,0.0139110926538706,0.0403231084346771
3.4909520149231,24.5745429992676,0.0167787428945303,0.0403979271650314
3.74601769447327,24.5770320892334,0.01790601760149,0.0404092371463776
4.00071907043457,24.5797061920166,0.0208419393748045,0.040455549955368
4.25531816482544,24.5823917388916,0.0244291238486767,0.0405780375003815
4.50957679748535,24.5852127075195,0.0297021828591824,0.0407657623291016
4.7634973526001,24.5877208709717,0.0366450920701027,0.0409531444311142
5.01815605163574,24.5901641845703,0.0405717752873898,0.0411748737096786
-5.91234254837036,24.2348041534424,-0.0106661049649119,0.0411929041147232
-5.65950965881348,24.2375202178955,-0.0073019927367568,0.0411564111709595
-5.40588855743408,24.2400970458984,-0.00745521858334541,0.0410508364439011
-5.15194082260132,24.2423992156982,-0.0089205214753747,0.0409325361251831
-4.89795827865601,24.2447357177734,-0.0103200394660234,0.0408363938331604
-4.64369916915894,24.2470111846924,-0.0127845332026482,0.0406993925571442
-4.38921689987183,24.2492580413818,-0.0160628147423267,0.0406008213758469
-4.13512849807739,24.2514820098877,-0.0172589682042599,0.0405388325452805
-3.8821074962616,24.253776550293,-0.0132400374859571,0.0404838621616364
-3.62927937507629,24.2562503814697,-0.00811653677374125,0.0404601544141769
-3.37609004974365,24.2588443756104,-0.00447242334485054,0.0404028743505478
-3.12259149551392,24.2614154815674,-0.00205364008434117,0.040358230471611
-2.86882424354553,24.2637042999268,-0.000663070706650615,0.0402649343013763
-2.61480450630188,24.265941619873,-0.000222180999116972,0.0401690751314163
-2.3607029914856,24.2682247161865,6.26578694209456e-05,0.0401090383529663
-2.10628581047058,24.2706661224365,-0.000884617620613426,0.0401046276092529
-1.85184943675995,24.2732353210449,-0.00169460754841566,0.0401422828435898
-1.59784865379333,24.2758693695068,-0.000283197325188667,0.0401742309331894
-1.34397113323212,24.2785320281982,0.00190739380195737,0.0401812195777893
-1.0895984172821,24.2809238433838,0.00205333135090768,0.0401187837123871
-0.834880769252777,24.2832260131836,0.000849949545226991,0.0400733798742294
-0.580615222454071,24.2855644226074,0.00192709895782173,0.0400658547878265
-0.326400190591812,24.2880687713623,0.00344838015735149,0.0400815159082413
-0.0714270994067192,24.2906455993652,0.0017531180055812,0.0400552004575729
0.183550670742989,24.2930850982666,0.000265264941845089,0.0400245934724808
0.437880665063858,24.2954883575439,0.00192332162987441,0.0400252491235733
0.691788554191589,24.2979736328125,0.00569231016561389,0.0400046706199646
0.946059226989746,24.3006019592285,0.00803611986339092,0.0399707108736038
1.20070374011993,24.3032093048096,0.00891548022627831,0.0399705916643143
1.45530760288239,24.3056545257568,0.0101935639977455,0.0400200039148331
1.71005392074585,24.3080081939697,0.0110508166253567,0.0400926023721695
1.96489369869232,24.3103046417236,0.0117072043940425,0.0401450395584106
2.22041010856628,24.3126258850098,0.00957406125962734,0.0401361733675003
2.47625589370728,24.3150100708008,0.00620582327246666,0.0401037633419037
2.73152709007263,24.3174304962158,0.00561169348657131,0.0401043891906738
2.98578763008118,24.3200092315674,0.00969952251762152,0.0402167141437531
3.2399697303772,24.3226585388184,0.0143336849287152,0.0403181910514832
3.4944543838501,24.3252773284912,0.0178355406969786,0.0403261780738831
3.74954009056091,24.3277587890625,0.0189042445272207,0.0402624160051346
4.00461578369141,24.3304138183594,0.0202278550714254,0.0402546525001526
4.25940990447998,24.3330020904541,0.0229921210557222,0.0403840839862823
4.51371765136719,24.3360366821289,0.0280829891562462,0.0406008362770081
4.7666449546814,24.3386936187744,0.0393825359642506,0.0407877862453461
-5.90979814529419,23.9867305755615,-0.00619590887799859,0.0411112606525421
-5.65620613098145,23.989200592041,-0.00640552118420601,0.041043221950531
-5.40236520767212,23.9916496276855,-0.00756849767640233,0.0409266650676727
-5.148362159729,23.9938774108887,-0.00926355086266994,0.0408046990633011
-4.89444494247437,23.9961242675781,-0.0103193363174796,0.0407306849956512
-4.64017724990845,23.9983749389648,-0.0127953924238682,0.0406108647584915
-4.3856029510498,24.0006103515625,-0.016471553593874,0.0404766350984573
-4.13147640228271,24.0028762817383,-0.0178135056048632,0.0403861701488495
-3.87850952148438,24.0052528381348,-0.0135094299912453,0.0403672009706497
-3.62574982643127,24.0078067779541,-0.00803611427545547,0.0403667986392975
-3.37251496315002,24.0104751586914,-0.00457174889743328,0.0403189808130264
-3.11886763572693,24.0128765106201,-0.00280967750586569,0.0402335524559021
-2.86497712135315,24.015007019043,-0.00195594527758658,0.0400710254907608
-2.61092901229858,24.0172252655029,-0.00161034369375557,0.0399431437253952
-2.35690641403198,24.019458770752,-0.000926248321775347,0.0398554056882858
-2.10291075706482,24.0218448638916,0.000100723460491281,0.0398629754781723
-1.84885740280151,24.0243988037109,0.00107930065132678,0.0399155020713806
-1.59467780590057,24.0270729064941,0.00169697951059788,0.0399959981441498
-1.34057891368866,24.0296649932861,0.00290338206104934,0.0400633960962296
-1.08607172966003,24.0319671630859,0.00246630515903234,0.0400172919034958
-0.831128478050232,24.0341320037842,0.000268307107035071,0.0399603098630905
-0.576915502548218,24.0364742279053,0.00161769113037735,0.0399608314037323
-0.322823345661163,24.0391235351562,0.00372724724002182,0.0400096923112869
-0.0682694166898727,24.0419178009033,0.00395805668085814,0.0399940758943558
0.186748474836349,24.0444850921631,0.00231504533439875,0.0399273484945297
0.441342890262604,24.0468120574951,0.00280966120772064,0.0398860275745392
0.695759177207947,24.0489902496338,0.00432448135688901,0.0398217141628265
0.950425565242767,24.0513076782227,0.00492930272594094,0.0397835820913315
1.20493650436401,24.0537929534912,0.006445636972785,0.0398186594247818
1.45894753932953,24.0564041137695,0.0104082589969039,0.0398645251989365
1.71307170391083,24.0589466094971,0.0140700545161963,0.039882704615593
1.96778786182404,24.0613594055176,0.0153009779751301,0.0398899912834167
2.2235164642334,24.0636901855469,0.0122484210878611,0.0398668497800827
2.47960591316223,24.0659484863281,0.00782761815935373,0.0398845225572586
2.73512887954712,24.0683403015137,0.00614712294191122,0.0399458110332489
2.98957180976868,24.0707950592041,0.00946013629436493,0.0400840193033218
3.24372816085815,24.0733871459961,0.0142387356609106,0.0401597172021866
3.49789881706238,24.076114654541,0.0191517323255539,0.040157288312912
3.75277709960938,24.0786838531494,0.0211571510881186,0.0400883108377457
4.00790643692017,24.0811061859131,0.0222734976559877,0.0400913059711456
4.26352691650391,24.0836639404297,0.0214530266821384,0.0401399284601212
4.51864385604858,24.0867195129395,0.0230426620692015,0.0403998196125031
-5.65213298797607,23.7406349182129,-0.00916216615587473,0.0408452749252319
-5.39859485626221,23.7431316375732,-0.00885334610939026,0.0407422780990601
-5.14486122131348,23.7454032897949,-0.00924248062074184,0.0406700074672699
-4.89100551605225,23.7476406097412,-0.00997845642268658,0.040584534406662
-4.63700342178345,23.7498359680176,-0.0111723402515054,0.0405005216598511
-4.38300609588623,23.752067565918,-0.0121158631518483,0.040378138422966
-4.12931632995605,23.7543430328369,-0.0113895880058408,0.0402892231941223
-3.87610054016113,23.756721496582,-0.00822976231575012,0.0402793288230896
-3.62282228469849,23.7592468261719,-0.00515179662033916,0.0402774810791016
-3.36919283866882,23.7617931365967,-0.00349491485394537,0.0402250438928604
-3.11546659469604,23.7641220092773,-0.00206912867724895,0.0400735288858414
-2.86153030395508,23.7662792205811,-0.00139620213303715,0.0399060100317001
-2.6074481010437,23.7685642242432,-0.00117740104906261,0.0398171991109848
-2.35338258743286,23.7708072662354,-0.000659641867969185,0.0397764593362808
-2.09968638420105,23.7731781005859,0.0017760134069249,0.0397815406322479
-1.84602117538452,23.7756233215332,0.00456732045859098,0.0397437363862991
-1.59162712097168,23.7781066894531,0.00422851881012321,0.0397547334432602
-1.33694219589233,23.7806491851807,0.00278323469683528,0.0398282110691071
-1.08248019218445,23.7829475402832,0.00258502899669111,0.0398300290107727
-0.82789671421051,23.7851333618164,0.00205665291287005,0.0398045927286148
-0.57357919216156,23.7875385284424,0.00295885046944022,0.0398178994655609
-0.319331616163254,23.7901611328125,0.00439308676868677,0.0398837476968765
-0.0650634244084358,23.7930507659912,0.00594648625701666,0.0399083495140076
0.189661383628845,23.7956981658936,0.00565407704561949,0.0398598313331604
0.444496810436249,23.7980422973633,0.00508741941303015,0.039789542555809
0.699230194091797,23.8001670837402,0.00520397536456585,0.0396930724382401
0.953968346118927,23.8022861480713,0.00551867578178644,0.039633497595787
1.20836448669434,23.8046264648438,0.00758134946227074,0.0396754592657089
1.4623156785965,23.8072471618652,0.0118402019143105,0.0397047251462936
1.7162971496582,23.8099842071533,0.0161651223897934,0.0397074967622757
1.97128367424011,23.8124179840088,0.0162193477153778,0.039696216583252
2.22712349891663,23.8145847320557,0.0127039980143309,0.0396905988454819
2.48306155204773,23.8167400360107,0.00898555852472782,0.0397496074438095
2.73842906951904,23.8191318511963,0.00802122429013252,0.0398125797510147
2.99306344985962,23.8215847015381,0.0105164898559451,0.0399122089147568
3.24726486206055,23.8241748809814,0.0151253882795572,0.0399728417396545
3.50119733810425,23.8269386291504,0.0211133640259504,0.0399815291166306
3.75577545166016,23.8295516967773,0.0244621224701405,0.0399609953165054
4.01076030731201,23.8320732116699,0.0262339673936367,0.0399085581302643
4.26708507537842,23.834545135498,0.0223568920046091,0.0399254560470581
4.52316236495972,23.8374843597412,0.0197893977165222,0.0402458161115646
-5.64808225631714,23.4921970367432,-0.0118167269974947,0.040597528219223
-5.39527940750122,23.4947910308838,-0.0079940902069211,0.0405592620372772
-5.14159822463989,23.4970283508301,-0.00810344982892275,0.0405060648918152
-4.88796472549438,23.4992008209229,-0.00776215689256787,0.0404479056596756
-4.6340765953064,23.501392364502,-0.00839463155716658,0.0403870791196823
-4.38054370880127,23.50364112854,-0.00713149877265096,0.0403188467025757
-4.12729263305664,23.5058784484863,-0.0043317899107933,0.0402511060237885
-3.87372040748596,23.5082359313965,-0.0028191979508847,0.0402259528636932
-3.61980962753296,23.5106105804443,-0.00266565196216106,0.0402065813541412
-3.3660306930542,23.5130233764648,-0.00167573860380799,0.0401234328746796
-3.11238646507263,23.5153827667236,0.000159354283823632,0.0399476587772369
-2.85860228538513,23.5176773071289,0.00156314251944423,0.0398068577051163
-2.60465335845947,23.5200233459473,0.00242316024377942,0.0397706180810928
-2.35052442550659,23.5222511291504,0.00267273257486522,0.0397936701774597
-2.09661221504211,23.5245113372803,0.00414227275177836,0.0397712886333466
-1.84285724163055,23.5268516540527,0.0065492382273078,0.0396758764982224
-1.58851373195648,23.5292091369629,0.0064720157533884,0.0395772159099579
-1.33354818820953,23.5316009521484,0.00377295515500009,0.0395704656839371
-1.07932126522064,23.5339775085449,0.00467690825462341,0.0396118611097336
-0.825280785560608,23.5364570617676,0.00664648087695241,0.0396469235420227
-0.570826649665833,23.5388832092285,0.00695039285346866,0.0396916568279266
-0.316214889287949,23.5413513183594,0.00675873784348369,0.0397699624300003
-0.0617911890149117,23.5439796447754,0.00763817364349961,0.0398073941469193
0.192788362503052,23.546594619751,0.00803070981055498,0.0397632867097855
0.44746857881546,23.5490455627441,0.00818976946175098,0.0396351665258408
0.702004849910736,23.551248550415,0.0092178164049983,0.0395215898752213
0.956597805023193,23.5533618927002,0.010208192281425,0.0394657850265503
1.21108973026276,23.5556449890137,0.0118644526228309,0.0394912660121918
1.46543979644775,23.5581512451172,0.0143648572266102,0.0395442694425583
1.71983110904694,23.5608520507812,0.0168882980942726,0.0395778268575668
1.97515606880188,23.5633220672607,0.0154658956453204,0.0395915508270264
2.23113298416138,23.5654048919678,0.0113750817254186,0.0396187603473663
2.48683190345764,23.5674839019775,0.00875242333859205,0.0396754592657089
2.74180483818054,23.5698127746582,0.00956630054861307,0.0397360175848007
2.99612212181091,23.5723915100098,0.0134888514876366,0.039786696434021
3.25025105476379,23.5749950408936,0.0184408631175756,0.0398030430078506
3.50408720970154,23.5776100158691,0.0248787812888622,0.0398552417755127
3.75844764709473,23.5802764892578,0.0292058140039444,0.039830282330513
4.01282024383545,23.5828742980957,0.0336802154779434,0.0398161560297012
4.2693452835083,23.5854663848877,0.0289423987269402,0.0396866798400879
-5.39280319213867,23.2465362548828,-0.00316964345984161,0.0404343754053116
-5.13863182067871,23.2486629486084,-0.00557082379236817,0.0403743833303452
-4.88456678390503,23.2507247924805,-0.00723401224240661,0.0403490513563156
-4.63098526000977,23.252872467041,-0.00639214832335711,0.0402909219264984
-4.37756776809692,23.2551441192627,-0.00456190807744861,0.0402463972568512
-4.12439298629761,23.2574100494385,-0.0013769343495369,0.0401984304189682
-3.87058925628662,23.2597389221191,-0.000918066711165011,0.0401245653629303
-3.61640763282776,23.2619934082031,-0.00199637818150222,0.0400600433349609
-3.36249589920044,23.2643241882324,-0.00159229221753776,0.0399299114942551
-3.10885906219482,23.2667388916016,0.000308885180857033,0.0397705584764481
-2.85532188415527,23.2691249847412,0.00288834399543703,0.0396853387355804
-2.60178232192993,23.2714500427246,0.00566915003582835,0.0397214591503143
-2.34777522087097,23.273624420166,0.00650817900896072,0.0397837162017822
-2.09334564208984,23.275857925415,0.00562198460102081,0.0397573709487915
-1.83906328678131,23.2782039642334,0.00563722662627697,0.0396241247653961
-1.58463084697723,23.2805271148682,0.00518750073388219,0.0394736975431442
-1.33015954494476,23.2828330993652,0.00478387949988246,0.0393834412097931
-1.07625436782837,23.2852077484131,0.00718678208068013,0.0394361019134521
-0.822329640388489,23.2877407073975,0.00971031282097101,0.0395509302616119
-0.567985057830811,23.2901954650879,0.0105378916487098,0.0396512746810913
-0.313302159309387,23.2924900054932,0.0100506581366062,0.0396880060434341
-0.0586411543190479,23.2947978973389,0.00988512299954891,0.0396780073642731
0.195954978466034,23.2972640991211,0.0102320834994316,0.039608046412468
0.450617045164108,23.2997913360596,0.0104998983442783,0.0394915044307709
0.704967319965363,23.3022117614746,0.0123900882899761,0.039352223277092
0.959452867507935,23.3044567108154,0.0138867124915123,0.0392602831125259
1.21423184871674,23.3066177368164,0.0142832659184933,0.0392694026231766
1.46900069713593,23.3089714050293,0.0149404583498836,0.0393562167882919
1.72361433506012,23.3115272521973,0.0165046043694019,0.0394482314586639
1.97883462905884,23.3140411376953,0.0155802760273218,0.0394881963729858
2.2346830368042,23.3161849975586,0.0120918359607458,0.0395018309354782
2.49015712738037,23.3183937072754,0.0104943569749594,0.0395875126123428
2.74487113952637,23.3207340240479,0.0124824829399586,0.0396551638841629
2.99895787239075,23.3232707977295,0.0174481850117445,0.0397094786167145
3.25301623344421,23.3257923126221,0.0227362252771854,0.0396765917539597
3.50696921348572,23.3283424377441,0.0286828279495239,0.0396817624568939
3.76101613044739,23.3308906555176,0.0344105437397957,0.0397232323884964
4.01478481292725,23.3333778381348,0.0415501892566681,0.0398267656564713
-5.39044046401978,22.9980297088623,0.00218830467201769,0.0402890592813492
-5.13550901412964,23.0001659393311,-0.00377884740009904,0.0402572900056839
-4.8812518119812,23.0021724700928,-0.00631759408861399,0.0402451753616333
-4.62787103652954,23.0044097900391,-0.0045025572180748,0.040208101272583
-4.37444972991943,23.0066318511963,-0.00265921582467854,0.0401660203933716
-4.12121772766113,23.0089321136475,0.000286369875539094,0.0401140749454498
-3.86730313301086,23.0112743377686,0.000255708815529943,0.0400234460830688
-3.61307215690613,23.0135517120361,-0.00102241663262248,0.0398862212896347
-3.35892248153687,23.0158081054688,-0.00169285084120929,0.0396985858678818
-3.10493135452271,23.0181274414062,-0.00140065758023411,0.0395704358816147
-2.85115242004395,23.0204639434814,9.58573436946608e-05,0.0395238697528839
-2.59767413139343,23.0227432250977,0.0031998606864363,0.0395878702402115
-2.34405946731567,23.0249328613281,0.00588640291243792,0.0396494120359421
-2.08965563774109,23.0272426605225,0.00515141943469644,0.0396796613931656
-1.83499562740326,23.0296363830566,0.00346646830439568,0.039573147892952
-1.58068227767944,23.0319480895996,0.00360003532841802,0.0394170731306076
-1.32672536373138,23.0341911315918,0.00558567745611072,0.0392811000347137
-1.07277524471283,23.0364551544189,0.00781546905636787,0.0393279641866684
-0.818635642528534,23.0388889312744,0.00939339026808739,0.0394920408725739
-0.564331114292145,23.0413589477539,0.0104363206773996,0.039595365524292
-0.310008227825165,23.0437297821045,0.0116136558353901,0.0395804941654205
-0.0555482693016529,23.0459308624268,0.0123885292559862,0.0394934117794037
0.199108719825745,23.0482311248779,0.0124899558722973,0.039401113986969
0.454076766967773,23.050630569458,0.0114082880318165,0.0393198877573013
0.708659589290619,23.0530891418457,0.0122827282175422,0.0392295122146606
0.963162541389465,23.0554370880127,0.0137327956035733,0.0391560792922974
1.2178145647049,23.0576915740967,0.0147300651296973,0.0391456633806229
1.47258865833282,23.0600414276123,0.0153952045366168,0.0392209738492966
1.72724485397339,23.0623893737793,0.0168027356266975,0.0393032282590866
1.98201966285706,23.0648517608643,0.0178936254233122,0.0393177717924118
2.23748278617859,23.0671615600586,0.0161423627287149,0.0393553674221039
2.49292922019958,23.0694046020508,0.0146902063861489,0.039465606212616
2.74771022796631,23.0717506408691,0.0164057724177837,0.0395603030920029
3.00166034698486,23.0742874145508,0.0219979640096426,0.0396058410406113
3.25585436820984,23.0767230987549,0.0267108976840973,0.0395503342151642
3.50967240333557,23.0792083740234,0.0332753472030163,0.0395438224077225
3.76398944854736,23.0816383361816,0.0378412641584873,0.0395749658346176
4.01750612258911,23.0840110778809,0.046111274510622,0.03984035551548
-5.13188600540161,22.7516975402832,-0.00435192510485649,0.0401963889598846
-4.87780141830444,22.7536487579346,-0.0060410900041461,0.0401535183191299
-4.62458944320679,22.7558307647705,-0.00340061937458813,0.0401064604520798
-4.37139511108398,22.7581748962402,-0.000463665666757151,0.0400329679250717
-4.1181492805481,22.7604579925537,0.00244614970870316,0.0399928838014603
-3.86433076858521,22.7627811431885,0.00289322668686509,0.0398891270160675
-3.61018395423889,22.765022277832,0.00203469698317349,0.0396838933229446
-3.35592293739319,22.7672748565674,0.000873058044817299,0.0395036041736603
-3.10151624679565,22.7695693969727,-0.000734447385184467,0.0394136309623718
-2.84702730178833,22.7718200683594,-0.0024924729950726,0.0393847227096558
-2.59304094314575,22.7739791870117,-0.00169669557362795,0.0394209176301956
-2.33954572677612,22.7761669158936,0.00158469309099019,0.039460226893425
-2.08575820922852,22.7786102294922,0.00372699345462024,0.0394798517227173
-1.83132195472717,22.7810592651367,0.00310419802553952,0.0393949002027512
-1.57696855068207,22.7833061218262,0.00308886636048555,0.0392863750457764
-1.323002576828,22.7854747772217,0.00506810285151005,0.0391885638237
-1.06905019283295,22.7877006530762,0.00732258567586541,0.0391835123300552
-0.814891338348389,22.7901077270508,0.00884700845927,0.0392760634422302
-0.560786843299866,22.7925701141357,0.0108328284695745,0.0393404811620712
-0.30672612786293,22.7950458526611,0.0132300509139895,0.0393418073654175
-0.0522866770625114,22.7972583770752,0.0141272684559226,0.0392594635486603
0.20251826941967,22.7994117736816,0.0135915437713265,0.0391775667667389
0.457602292299271,22.801643371582,0.0120197087526321,0.0391692668199539
0.712254703044891,22.8040466308594,0.0126132005825639,0.0391331911087036
0.966689825057983,22.8064022064209,0.0143998702988029,0.0391037166118622
1.22101414203644,22.808801651001,0.0168938748538494,0.03909070789814
1.47569799423218,22.8112964630127,0.0179891679435968,0.0391358286142349
1.73044240474701,22.8136882781982,0.0190294627100229,0.039154127240181
1.98513555526733,22.8158626556396,0.0205149464309216,0.0391250997781754
2.24025177955627,22.8180541992188,0.0203332342207432,0.0391568392515182
2.4954879283905,22.8203964233398,0.0198361407965422,0.0392802804708481
2.75047039985657,22.822774887085,0.020680658519268,0.0394272208213806
3.0046706199646,22.8252201080322,0.0251928810030222,0.0394476056098938
3.25893688201904,22.8276271820068,0.029613709077239,0.0394868701696396
3.51284050941467,22.8300724029541,0.0358274951577187,0.0394051074981689
3.76754355430603,22.832462310791,0.0387262366712093,0.039344385266304
-5.12880563735962,22.5033130645752,-0.00236779032275081,0.0401105731725693
-4.8748025894165,22.5052757263184,-0.00364385009743273,0.0400259792804718
-4.6217942237854,22.5074920654297,-1.80612405529246e-05,0.0399642288684845
-4.36848640441895,22.5098056793213,0.00241148378700018,0.0398972481489182
-4.11508131027222,22.5120639801025,0.00460375053808093,0.0398387163877487
-3.86117649078369,22.5143127441406,0.00467751966789365,0.0397132039070129
-3.60687160491943,22.5164566040039,0.00311348517425358,0.0395081788301468
-3.35253477096558,22.518590927124,0.00163183792028576,0.0393716245889664
-3.09801268577576,22.5207824707031,-0.000478811474749818,0.039302721619606
-2.84321022033691,22.5230007171631,-0.00365391396917403,0.0392819195985794
-2.58881092071533,22.5252113342285,-0.00473075453191996,0.0392701476812363
-2.33550262451172,22.5275096893311,-0.000549120246432722,0.0392909646034241
-2.08217549324036,22.5299911499023,0.00374827021732926,0.0392604917287827
-1.82810056209564,22.5323238372803,0.00481969490647316,0.0391720831394196
-1.57363522052765,22.5344791412354,0.0043222364038229,0.0390921980142593
-1.31947469711304,22.5366287231445,0.00544325448572636,0.0390632599592209
-1.06525683403015,22.5389442443848,0.00651791179552674,0.0390090048313141
-0.810975849628448,22.5413913726807,0.00752057321369648,0.03896264731884
-0.556921243667603,22.5438213348389,0.00976946577429771,0.0389973074197769
-0.303019970655441,22.5462532043457,0.0129254525527358,0.0390469133853912
-0.0489063672721386,22.5484943389893,0.0153306713327765,0.0390473157167435
0.205711826682091,22.5506343841553,0.0156691372394562,0.0390035510063171
0.460712373256683,22.5527515411377,0.0145037183538079,0.0390014946460724
0.715283095836639,22.5550212860107,0.0154941529035568,0.0390472412109375
0.969593405723572,22.5573825836182,0.017867574468255,0.0390375852584839
1.22367346286774,22.5599212646484,0.0214800965040922,0.0390245765447617
1.47834467887878,22.5625133514404,0.0226535797119141,0.0390405803918839
1.73352682590485,22.564826965332,0.021765299141407,0.0390656292438507
1.98872697353363,22.5669116973877,0.0210220161825418,0.0390502512454987
2.24385976791382,22.5689678192139,0.02079938352108,0.0390582680702209
2.49891209602356,22.5712738037109,0.0211495999246836,0.0391298681497574
2.75394082069397,22.5736312866211,0.0218197982758284,0.0392251014709473
3.00840616226196,22.5759773254395,0.0251926612108946,0.0392960906028748
3.26265001296997,22.5784130096436,0.0297434274107218,0.0393504053354263
3.51639199256897,22.5808048248291,0.0367003306746483,0.0393279939889908
3.77109217643738,22.5833034515381,0.0396391004323959,0.0392533838748932
-4.87194871902466,22.2570323944092,-0.000571377109736204,0.0398943275213242
-4.61881971359253,22.2592067718506,0.00251620751805604,0.0398391336202621
-4.36552333831787,22.2614326477051,0.00502836937084794,0.0398205816745758
-4.1116681098938,22.2636470794678,0.00514390738680959,0.039714127779007
-3.85774993896484,22.2658405303955,0.00518862484022975,0.0395705699920654
-3.60333847999573,22.2679233551025,0.00316145760007203,0.0393968522548676
-3.34878873825073,22.2699432373047,0.00072463828837499,0.0393012315034866
-3.09410285949707,22.272045135498,-0.00210922467522323,0.0392614603042603
-2.83932137489319,22.2742309570312,-0.00515041360631585,0.0391799211502075
-2.58525991439819,22.2765502929688,-0.00463025690987706,0.0391004234552383
-2.33183908462524,22.2788925170898,-0.000934835057705641,0.0390580296516418
-2.07858681678772,22.2813377380371,0.00374231371097267,0.0390204638242722
-1.82490289211273,22.2835636138916,0.00664344849064946,0.0389502942562103
-1.57054483890533,22.2856674194336,0.00666831852868199,0.0389198511838913
-1.31626737117767,22.2878513336182,0.0072828852571547,0.0389364361763
-1.06163454055786,22.2902355194092,0.0064931707456708,0.0388749241828918
-0.80716598033905,22.2926731109619,0.00667547760531306,0.0387683510780334
-0.552997350692749,22.2949714660645,0.00844314228743315,0.0387431532144547
-0.299034118652344,22.2972793579102,0.0113557456061244,0.0388477146625519
-0.0450456440448761,22.2995433807373,0.0143634881824255,0.0389112085103989
0.209390416741371,22.3017158508301,0.0155593687668443,0.0388999879360199
0.464211076498032,22.3038902282715,0.0152374086901546,0.0388650298118591
0.718637645244598,22.3060932159424,0.0169085022062063,0.0388903617858887
0.972688019275665,22.3084373474121,0.0204791780561209,0.038897916674614
1.22672474384308,22.3109397888184,0.024313198402524,0.0388744920492172
1.48145830631256,22.3134803771973,0.0252357944846153,0.0389229655265808
1.73673737049103,22.3157825469971,0.0239432416856289,0.038989320397377
1.99199557304382,22.3178596496582,0.0229700431227684,0.0390212833881378
2.24716973304749,22.3199558258057,0.0225922614336014,0.039017528295517
2.50227022171021,22.3221988677979,0.0227581672370434,0.0390365272760391
2.75733041763306,22.3244590759277,0.0233198627829552,0.0390713065862656
3.01242065429688,22.3267555236816,0.0239624753594398,0.039130836725235
3.26677465438843,22.3290901184082,0.0280644968152046,0.0391816943883896
3.52036046981812,22.33131980896,0.0357451848685741,0.0392226427793503
-4.86920642852783,22.0087490081787,0.00302504701539874,0.039795994758606
-4.61515331268311,22.0107555389404,0.00179831322748214,0.0397475957870483
-4.36136436462402,22.0128746032715,0.00203782087191939,0.0397354811429977
-4.10752010345459,22.0150871276855,0.00224316562525928,0.0396235436201096
-3.85395908355713,22.0173225402832,0.00399643508717418,0.0394638478755951
-3.59985160827637,22.0193729400635,0.00342169986106455,0.0392939299345016
-3.34503531455994,22.021354675293,-0.000218998771742918,0.0392218232154846
-3.09017586708069,22.0233402252197,-0.00382125750184059,0.0391815006732941
-2.83547854423523,22.0255699157715,-0.00643589906394482,0.0391055941581726
-2.58156418800354,22.0279560089111,-0.00519996182993054,0.0389949232339859
-2.32800507545471,22.0303630828857,-0.00210850453004241,0.0389181673526764
-2.0747435092926,22.0326652526855,0.00256446329876781,0.0388658046722412
-1.82141423225403,22.0348377227783,0.00713070575147867,0.0388152003288269
-1.56725120544434,22.036994934082,0.00808138772845268,0.0388153344392776
-1.31269121170044,22.0392169952393,0.00743441237136722,0.0388387739658356
-1.0580826997757,22.0414543151855,0.00679064681753516,0.0387928783893585
-0.80388206243515,22.04368019104,0.00822895392775536,0.0387316644191742
-0.549836993217468,22.0459041595459,0.0105893341824412,0.038716197013855
-0.295462608337402,22.0481281280518,0.0116679891943932,0.0387935489416122
-0.0411903858184814,22.0505332946777,0.0134228765964508,0.0388430058956146
0.213243409991264,22.0527725219727,0.014663620851934,0.0388330221176147
0.467938899993896,22.0550689697266,0.0149395251646638,0.0388035178184509
0.722233593463898,22.0573596954346,0.017236489802599,0.0387744754552841
0.97624796628952,22.0596752166748,0.0210014712065458,0.0387360900640488
1.23053872585297,22.061990737915,0.0237325020134449,0.0386859178543091
1.48533153533936,22.0643672943115,0.0244268178939819,0.0387482792139053
1.74034667015076,22.0666980743408,0.0243457518517971,0.0388483852148056
1.99538362026215,22.0688762664795,0.0243879538029432,0.0389137864112854
2.25039720535278,22.070972442627,0.0247538611292839,0.0389367491006851
2.50541591644287,22.0731449127197,0.0253116302192211,0.0389593839645386
2.76060271263123,22.0753192901611,0.0253413617610931,0.0389984995126724
3.0157790184021,22.0775871276855,0.0256334897130728,0.0390142500400543
3.27061438560486,22.0798835754395,0.0276431683450937,0.0390613228082657
3.52453327178955,22.0818214416504,0.033896841108799,0.0390735566616058
-4.61028242111206,21.7620410919189,-0.00458024302497506,0.0396878272294998
-4.35641860961914,21.7641010284424,-0.00464116502553225,0.0396633595228195
-4.10355854034424,21.7664127349854,0.000216556247323751,0.0394912660121918
-3.84993171691895,21.7686939239502,0.00169813178945333,0.0393183529376984
-3.59652709960938,21.7708015441895,0.00443805102258921,0.0391595959663391
-3.34188032150269,21.7728672027588,0.00161577551625669,0.0391118824481964
-3.08708477020264,21.7749843597412,-0.0016611359314993,0.039100244641304
-2.83233499526978,21.777135848999,-0.00448752287775278,0.039022833108902
-2.57814455032349,21.7794551849365,-0.0044968044385314,0.038911372423172
-2.32427358627319,21.7817459106445,-0.00280866050161421,0.0388181954622269
-2.07062768936157,21.7839012145996,0.000132161352667026,0.038761243224144
-1.81748807430267,21.7860908508301,0.00560859218239784,0.0387274473905563
-1.56367874145508,21.7882652282715,0.00821676570922136,0.0387140363454819
-1.30927515029907,21.7905120849609,0.00831877440214157,0.0387220829725266
-1.05497610569,21.7926616668701,0.00912007410079241,0.0387152880430222
-0.800927042961121,21.7948341369629,0.011278273537755,0.0387020409107208
-0.546974897384644,21.7970581054688,0.0140883680433035,0.038672611117363
-0.292295813560486,21.7992839813232,0.0138121172785759,0.0387350171804428
-0.0377397798001766,21.801628112793,0.0143129657953978,0.038732647895813
0.216673254966736,21.8039150238037,0.015678720548749,0.0386909693479538
0.471325486898422,21.8062515258789,0.0161804854869843,0.038670152425766
0.725770711898804,21.8086280822754,0.0178305581212044,0.0386649966239929
0.980292797088623,21.8109111785889,0.0193494856357574,0.0386700183153152
1.23495578765869,21.8130569458008,0.0204528551548719,0.0386359393596649
1.48985111713409,21.8153858184814,0.0207292083650827,0.0386417806148529
1.74463975429535,21.8177013397217,0.0216994192451239,0.0386767685413361
1.99933004379272,21.8198719024658,0.0233237314969301,0.0387088507413864
2.2539689540863,21.8219451904297,0.0253893956542015,0.038757711648941
2.50857186317444,21.8240852355957,0.0278223995119333,0.0388288944959641
2.76370763778687,21.8263111114502,0.0281050577759743,0.038901150226593
3.01866459846497,21.8285503387451,0.0293926745653152,0.0389553010463715
3.27393054962158,21.8308773040771,0.0295303985476494,0.0390190184116364
-4.60521697998047,21.5133228302002,-0.0118735022842884,0.0396290272474289
-4.35158205032349,21.5153141021729,-0.0108117805793881,0.039552316069603
-4.09958648681641,21.5177211761475,-0.00186429172754288,0.0393142104148865
-3.846275806427,21.5200634002686,0.00113384681753814,0.0391691476106644
-3.59316563606262,21.5223331451416,0.00527779525145888,0.0390347540378571
-3.33858013153076,21.5244026184082,0.00277269631624222,0.0390398949384689
-3.08388805389404,21.5265865325928,7.46936393625219e-06,0.039010301232338
-2.82949662208557,21.5287036895752,-0.00112895003985614,0.0389093011617661
-2.57524514198303,21.530912399292,-0.00139150279574096,0.0387751460075378
-2.32109928131104,21.5331020355225,-0.000941414851695299,0.0386962443590164
-2.0671124458313,21.5351390838623,0.000463543721707538,0.0386440306901932
-1.81380653381348,21.5373210906982,0.00521003687754273,0.0386328548192978
-1.56024742126465,21.5394802093506,0.00899944081902504,0.0386184304952621
-1.30623531341553,21.5416831970215,0.0109244976192713,0.0386122316122055
-1.05205762386322,21.5438747406006,0.0123081589117646,0.0386029630899429
-0.797857701778412,21.5460414886475,0.0138067668303847,0.0385767370462418
-0.54355400800705,21.5482292175293,0.0150490943342447,0.03856560587883
-0.28876855969429,21.550464630127,0.0143222911283374,0.0386116653680801
-0.0341536216437817,21.5527744293213,0.0145900258794427,0.038606658577919
0.220314964652061,21.5550651550293,0.0157381948083639,0.0385482609272003
0.475032448768616,21.5574169158936,0.0159794352948666,0.0384746938943863
0.729779839515686,21.559757232666,0.0163051784038544,0.0385019779205322
0.98452365398407,21.5619049072266,0.0168680623173714,0.0385665148496628
1.23919749259949,21.5639343261719,0.0179629400372505,0.0385770797729492
1.49401450157166,21.5661849975586,0.0186289083212614,0.0385403335094452
1.74878668785095,21.5684661865234,0.0197106078267097,0.0384912341833115
2.00348663330078,21.5706005096436,0.0213300827890635,0.0385426878929138
2.25783634185791,21.5726833343506,0.0247173234820366,0.0386430323123932
2.51201629638672,21.5749206542969,0.0290597174316645,0.0387195646762848
2.76650857925415,21.5771656036377,0.0322183854877949,0.0388182103633881
3.02141380310059,21.5795555114746,0.033757034689188,0.0388667732477188
3.27717709541321,21.5818386077881,0.0317278243601322,0.0389429181814194
-4.34741926193237,21.266622543335,-0.0138251390308142,0.0393690764904022
-4.09622097015381,21.2691669464111,-0.00110791204497218,0.039120689034462
-3.84369945526123,21.2716197967529,0.00560434767976403,0.0389981716871262
-3.58968234062195,21.2739086151123,0.0055480720475316,0.0389870852231979
-3.33509874343872,21.2759304046631,0.0030869385227561,0.0389648526906967
-3.08047223091125,21.2780246734619,0.000659960496705025,0.0389484316110611
-2.82640719413757,21.2800979614258,0.0010688048787415,0.0387759804725647
-2.57240748405457,21.2823066711426,0.00199972139671445,0.0386108458042145
-2.31802558898926,21.2845039367676,0.00138839648570865,0.0385520905256271
-2.06377172470093,21.2865543365479,0.0015943442704156,0.0385279208421707
-1.81032800674438,21.2887306213379,0.00574039993807673,0.038507342338562
-1.556924700737,21.290828704834,0.0102777658030391,0.0384458005428314
-1.30308365821838,21.2929744720459,0.01301743183285,0.0384053587913513
-1.04871046543121,21.2951736450195,0.0135386548936367,0.038391962647438
-0.793872117996216,21.29736328125,0.012162365950644,0.038380891084671
-0.539158463478088,21.2995586395264,0.0115794986486435,0.0383839458227158
-0.284777998924255,21.3017501831055,0.0127311479300261,0.0384002029895782
-0.0303986724466085,21.3039722442627,0.0141035420820117,0.0383993685245514
0.224247634410858,21.3061771392822,0.0144856059923768,0.0383471101522446
0.479192137718201,21.3083248138428,0.0137433307245374,0.0382640510797501
0.733987927436829,21.3105907440186,0.0138910403475165,0.0383402109146118
0.98847770690918,21.3127632141113,0.0156324058771133,0.0384169071912766
1.2428435087204,21.314826965332,0.0181428603827953,0.038439080119133
1.49750626087189,21.3170433044434,0.0195323396474123,0.0383833944797516
1.75231409072876,21.3192386627197,0.0204880908131599,0.0383216440677643
2.00709891319275,21.3213634490967,0.0217617936432362,0.0383789390325546
2.26136064529419,21.3235206604004,0.025570971891284,0.0384784489870071
2.51544880867004,21.3257503509521,0.0303514450788498,0.0385454446077347
2.76971745491028,21.3280544281006,0.0345307365059853,0.0386729389429092
3.02419257164001,21.3305740356445,0.0379941388964653,0.0387340486049652
3.28058886528015,21.332799911499,0.0332006216049194,0.0388441979885101
-4.34402799606323,21.0182209014893,-0.0132284853607416,0.0391552597284317
-4.09295511245728,21.0207042694092,0.000110096145363059,0.039018303155899
-3.84023427963257,21.0231246948242,0.00592333404347301,0.0389957875013351
-3.58596038818359,21.0253562927246,0.00470509845763445,0.0389996021986008
-3.33160519599915,21.0273818969727,0.00334237283095717,0.0389395356178284
-3.07728457450867,21.029390335083,0.00237098475918174,0.0388588607311249
-2.82333278656006,21.0314617156982,0.00333514413796365,0.0386349409818649
-2.56919980049133,21.0336360931396,0.00368080311454833,0.0384629964828491
-2.31468367576599,21.0358390808105,0.00248183286748827,0.0384038388729095
-2.06063556671143,21.037992477417,0.00366535759530962,0.0384082198143005
-1.80719304084778,21.0401649475098,0.00784663576632738,0.0383814424276352
-1.55363082885742,21.04225730896,0.0116867609322071,0.038280725479126
-1.29950833320618,21.0443897247314,0.0131712453439832,0.038186252117157
-1.04498708248138,21.0465679168701,0.0130517836660147,0.038144588470459
-0.790058434009552,21.0486869812012,0.0113009819760919,0.0381537973880768
-0.535308420658112,21.0507831573486,0.0105907320976257,0.0381563454866409
-0.281116306781769,21.0529708862305,0.0126327145844698,0.0381623357534409
-0.0265917908400297,21.0551910400391,0.0133827077224851,0.03818678855896
0.228406935930252,21.0572891235352,0.0122107826173306,0.0381720364093781
0.483291745185852,21.0593338012695,0.0117780156433582,0.0381201803684235
0.737868130207062,21.0615062713623,0.012952072545886,0.0381493270397186
0.992195904254913,21.0636425018311,0.015456885099411,0.0381835699081421
1.24658358097076,21.0658092498779,0.0179022904485464,0.0382121056318283
1.50102436542511,21.0680370330811,0.020317567512393,0.0382087379693985
1.75564134120941,21.0701789855957,0.0221578534692526,0.0382008701562881
2.01034021377563,21.0722980499268,0.0238448046147823,0.0382358729839325
2.26468849182129,21.0744876861572,0.0272990446537733,0.0383066236972809
2.51882100105286,21.0767879486084,0.0319114699959755,0.0383610129356384
2.77315878868103,21.0789775848389,0.035815853625536,0.0384747087955475
3.02705049514771,21.0816059112549,0.041884358972311,0.0385434776544571
-4.08928823471069,20.7720890045166,-0.000550288648810238,0.0390758216381073
-3.83649134635925,20.7745246887207,0.00494546256959438,0.0390534102916718
-3.58237862586975,20.7767581939697,0.00451536616310477,0.0390066355466843
-3.32798314094543,20.7788162231445,0.00300025730393827,0.0388508588075638
-3.07397699356079,20.7808856964111,0.00352259259670973,0.0387148410081863
-2.8199462890625,20.7829608917236,0.00415320601314306,0.0385141372680664
-2.56562733650208,20.7850399017334,0.00367409223690629,0.0383799076080322
-2.31118202209473,20.7871627807617,0.00283833453431726,0.0383058041334152
-2.05715465545654,20.7893676757812,0.00415047397837043,0.038318008184433
-1.80369544029236,20.7915706634521,0.00828839559108019,0.0382868647575378
-1.54996824264526,20.7937164306641,0.011405760422349,0.0381534099578857
-1.29588258266449,20.795862197876,0.0130938943475485,0.0380159467458725
-1.04148411750793,20.7979774475098,0.0135703580453992,0.0379470884799957
-0.786832392215729,20.8000106811523,0.0131149906665087,0.0379594564437866
-0.532262980937958,20.8020305633545,0.0132575668394566,0.0379676967859268
-0.277862668037415,20.804162979126,0.0143854869529605,0.0379696041345596
-0.0229689907282591,20.8063888549805,0.0134959686547518,0.0379832983016968
0.232298269867897,20.8084125518799,0.0111469896510243,0.0380102396011353
0.487039297819138,20.8103828430176,0.0114000011235476,0.0380000323057175
0.741445064544678,20.8124084472656,0.0133786648511887,0.0379766821861267
0.995894491672516,20.8145370483398,0.0153708895668387,0.0379671454429626
1.25055742263794,20.8167400360107,0.0166172944009304,0.0380048453807831
1.50499045848846,20.8190174102783,0.0191032588481903,0.0380668640136719
1.75941264629364,20.8211879730225,0.0218483991920948,0.0380808115005493
2.0139012336731,20.8233184814453,0.0245050992816687,0.0380917191505432
2.26841163635254,20.8254795074463,0.0272716153413057,0.0381337553262711
2.52284979820251,20.827600479126,0.0305661614984274,0.0381724983453751
2.77704048156738,20.829891204834,0.0351567156612873,0.0382556468248367
3.03071284294128,20.8325443267822,0.0422277338802814,0.0383303910493851
-4.08474397659302,20.5233325958252,-0.00531366188079119,0.039122000336647
-3.83270072937012,20.5259609222412,0.00374231766909361,0.0389978140592575
-3.57871222496033,20.528226852417,0.00392791116610169,0.038863405585289
-3.32446217536926,20.530330657959,0.0031247369479388,0.0386881828308105
-3.07035756111145,20.5324459075928,0.00322447693906724,0.038534939289093
-2.81614208221436,20.5344791412354,0.00303611741401255,0.0383670181035995
-2.56196141242981,20.5365123748779,0.00323464861139655,0.0382665991783142
-2.30772566795349,20.5385341644287,0.00340195372700691,0.0382005125284195
-2.05364775657654,20.5406742095947,0.00451616337522864,0.0382178723812103
-1.80015480518341,20.5429229736328,0.00853328965604305,0.0381879210472107
-1.54656076431274,20.5452175140381,0.0122921532019973,0.0380309820175171
-1.2926744222641,20.5473957061768,0.0149241555482149,0.0378923863172531
-1.03824138641357,20.5493564605713,0.0152766006067395,0.0378303676843643
-0.783487498760223,20.5512752532959,0.0143893249332905,0.0378308892250061
-0.528920948505402,20.5532779693604,0.0145771317183971,0.037809818983078
-0.274471670389175,20.5554122924805,0.0155152007937431,0.0377969294786453
-0.0196638908237219,20.5576057434082,0.0150472624227405,0.037793830037117
0.23568719625473,20.5596790313721,0.0123505359515548,0.037818506360054
0.490611404180527,20.5616779327393,0.0118097504600883,0.0378223359584808
0.745312035083771,20.5635871887207,0.0124980378895998,0.0378014892339706
0.999987959861755,20.5655136108398,0.0135135911405087,0.0377871096134186
1.25463628768921,20.5675716400146,0.0148657038807869,0.0378324538469315
1.50888168811798,20.5698642730713,0.0182279795408249,0.0378790199756622
1.76309525966644,20.5721244812012,0.0219378042966127,0.0378811806440353
2.01734447479248,20.5743274688721,0.0256928540766239,0.037880465388298
2.27192497253418,20.5764846801758,0.0281797349452972,0.0379370748996735
2.5265781879425,20.5785980224609,0.0305528528988361,0.0379917770624161
2.78132724761963,20.580696105957,0.0327097065746784,0.0380904227495193
3.03549814224243,20.5832653045654,0.0376194566488266,0.0381637811660767
-3.82953572273254,20.2776565551758,0.0054553747177124,0.0387897044420242
-3.5752866268158,20.2797813415527,0.00445995107293129,0.0386242568492889
-3.32080054283142,20.2818355560303,0.0025942693464458,0.0385044068098068
-3.06668925285339,20.2838230133057,0.00270148389972746,0.0383690148591995
-2.81242847442627,20.2858600616455,0.00233929394744337,0.0382488071918488
-2.55833101272583,20.2878932952881,0.00295913987793028,0.0381793677806854
-2.30412554740906,20.2898635864258,0.00330265332013369,0.0380916893482208
-2.04991459846497,20.2919464111328,0.00384062249213457,0.0380672812461853
-1.79645466804504,20.2942867279053,0.00804450176656246,0.0379997044801712
-1.5431352853775,20.2966480255127,0.0130973504856229,0.0378986150026321
-1.28944337368011,20.2987213134766,0.0166528951376677,0.0378127247095108
-1.03483402729034,20.3005123138428,0.0162351690232754,0.0377741903066635
-0.779907166957855,20.3023567199707,0.0145949367433786,0.0377282053232193
-0.525492906570435,20.3044548034668,0.0155078088864684,0.0376685559749603
-0.271251529455185,20.3066444396973,0.0174206029623747,0.0376391559839249
-0.0166977029293776,20.3087558746338,0.0181338749825954,0.0376250743865967
0.238658055663109,20.310791015625,0.0154451951384544,0.0376407504081726
0.493986964225769,20.3128414154053,0.0131084695458412,0.0376293957233429
0.749094247817993,20.3148307800293,0.0119988508522511,0.0376053899526596
1.00377357006073,20.31667137146,0.013036104850471,0.0376025885343552
1.2581799030304,20.3185844421387,0.0155101111158729,0.0375993102788925
1.51220166683197,20.3208065032959,0.0199063643813133,0.0376005172729492
1.76627433300018,20.3231067657471,0.0242745708674192,0.0375777631998062
2.02037405967712,20.3254070281982,0.0287228133529425,0.037626713514328
2.27490329742432,20.3275470733643,0.0314651057124138,0.0376754105091095
2.52948951721191,20.3296852111816,0.0341617241501808,0.0377852618694305
2.78473448753357,20.3315773010254,0.0341550260782242,0.0379404872655869
-3.82607102394104,20.0292320251465,0.00576786464080215,0.0385710448026657
-3.57197046279907,20.0312080383301,0.00550252618268132,0.0384201854467392
-3.31740021705627,20.0332088470459,0.00327901169657707,0.0383206307888031
-3.06314635276794,20.0351905822754,0.00275927945040166,0.0382310301065445
-2.8088686466217,20.0372085571289,0.00235489895567298,0.0381249040365219
-2.55458498001099,20.0392055511475,0.00214886642061174,0.0380539000034332
-2.30016922950745,20.0411682128906,0.00156035495456308,0.0379584133625031
-2.04608082771301,20.0432224273682,0.00270289671607316,0.0379112958908081
-1.79271006584167,20.0454978942871,0.00735421013087034,0.0378239750862122
-1.53952991962433,20.0478248596191,0.0130821252241731,0.0377403944730759
-1.28566443920135,20.0498390197754,0.0158805344253778,0.0376686155796051
-1.03076446056366,20.0515460968018,0.0141753889620304,0.0376004129648209
-0.77588027715683,20.0533790588379,0.0127691328525543,0.0375850349664688
-0.521713495254517,20.0555458068848,0.014844368211925,0.0375537723302841
-0.267841786146164,20.0577487945557,0.0184691790491343,0.037532702088356
-0.0133263412863016,20.0597019195557,0.0193916577845812,0.037517711520195
0.242046728730202,20.0617141723633,0.0166576560586691,0.0375092327594757
0.497452020645142,20.0638980865479,0.0140069248154759,0.0374631732702255
0.75256884098053,20.0660438537598,0.0128848385065794,0.0374058037996292
1.00729167461395,20.067892074585,0.0137600125744939,0.0373808592557907
1.26164567470551,20.0697956085205,0.0165013149380684,0.0373421013355255
1.51544606685638,20.071949005127,0.0219207350164652,0.037317231297493
1.76922512054443,20.0742626190186,0.0276282504200935,0.0373339504003525
2.02338290214539,20.0764694213867,0.031847670674324,0.0374186187982559
2.27759742736816,20.0786323547363,0.0360155403614044,0.0374450534582138
2.53224921226501,20.0807647705078,0.0384466610848904,0.0375812947750092
2.78736662864685,20.0825939178467,0.0390307195484638,0.037727564573288
-3.56883764266968,19.7825908660889,0.00739700719714165,0.0382580012083054
-3.31413269042969,19.7845764160156,0.00458050705492496,0.0381561368703842
-3.05974555015564,19.7865295410156,0.00347513239830732,0.0380436033010483
-2.80537343025208,19.7884922027588,0.00266886572353542,0.037936806678772
-2.55092787742615,19.7904281616211,0.00175189948640764,0.0378598123788834
-2.29640817642212,19.792423248291,0.000719371309969574,0.0377614498138428
-2.04258322715759,19.7945232391357,0.00311004254035652,0.0377183705568314
-1.78916454315186,19.796745300293,0.00757699878886342,0.0376266688108444
-1.5357905626297,19.7989540100098,0.0124539006501436,0.0375401079654694
-1.28156495094299,19.8009643554688,0.0136429676786065,0.0374736785888672
-1.02643024921417,19.8027477264404,0.010905827395618,0.0374169498682022
-0.771499991416931,19.8045673370361,0.00933226570487022,0.0374397188425064
-0.517226874828339,19.8065319061279,0.0109701324254274,0.0374685525894165
-0.263566315174103,19.8086395263672,0.0155971888452768,0.0374546498060226
-0.00905913766473532,19.8105354309082,0.0165993086993694,0.0374267846345901
0.246194735169411,19.8125553131104,0.0144443614408374,0.0373946130275726
0.501232862472534,19.8148231506348,0.0134860100224614,0.037316158413887
0.755865812301636,19.8170890808105,0.014573598280549,0.0372077524662018
1.01036882400513,19.8189659118652,0.016466211527586,0.0371465981006622
1.26499152183533,19.8209743499756,0.0180320981889963,0.0371378511190414
1.5190304517746,19.8231468200684,0.0224159862846136,0.0371685177087784
1.77264022827148,19.8253955841064,0.0289134103804827,0.0372253507375717
2.02692770957947,19.8273983001709,0.0325906276702881,0.0373282730579376
2.28075242042542,19.829704284668,0.0385209359228611,0.0373439937829971
2.53565549850464,19.83176612854,0.03986856341362,0.037510484457016
-3.56541228294373,19.5341949462891,0.00792447384446859,0.0380619764328003
-3.31064748764038,19.536018371582,0.00486650597304106,0.0379659086465836
-3.05619835853577,19.5378246307373,0.0035118805244565,0.037854477763176
-2.80174779891968,19.5397987365723,0.00237793545238674,0.0377639830112457
-2.54730367660522,19.5417232513428,0.00150378537364304,0.0376840978860855
-2.29285478591919,19.5437297821045,0.000834762584418058,0.0376114100217819
-2.03910279273987,19.5458469390869,0.00359551189467311,0.0375409871339798
-1.78551375865936,19.5480213165283,0.00731639238074422,0.0374534279108047
-1.53186428546906,19.5501270294189,0.0109682334586978,0.0373382419347763
-1.27754485607147,19.5521831512451,0.0117665752768517,0.0372630655765533
-1.02247321605682,19.5540008544922,0.0093562351539731,0.0372501313686371
-0.767439961433411,19.5557689666748,0.00735350418835878,0.0372823774814606
-0.512741565704346,19.5575180053711,0.00710267294198275,0.0373210310935974
-0.258689731359482,19.5594615936279,0.0100022377446294,0.0373028069734573
-0.00435978313907981,19.5614471435547,0.0118515836074948,0.0372546464204788
0.250686258077621,19.5635681152344,0.0106781721115112,0.0372102558612823
0.505353271961212,19.5659370422363,0.0114332921802998,0.0371348857879639
0.759320497512817,19.5680923461914,0.015555583871901,0.0370556712150574
1.01343786716461,19.5700531005859,0.0192100200802088,0.0370339006185532
1.26823806762695,19.5720539093018,0.0200103726238012,0.0370575487613678
1.5226229429245,19.5742301940918,0.0228791404515505,0.0370751172304153
1.77632164955139,19.5764865875244,0.0290136262774467,0.0371000617742538
2.03005743026733,19.5787029266357,0.0351763963699341,0.0371303856372833
2.28435635566711,19.5807361602783,0.0390348099172115,0.0372553467750549
2.53950953483582,19.582670211792,0.0393094643950462,0.0375050902366638
-3.30695033073425,19.2873229980469,0.00416911579668522,0.0378351807594299
-3.05251216888428,19.2891063690186,0.00290210824459791,0.0377227514982224
-2.79809165000916,19.2911376953125,0.00194396579172462,0.037626639008522
-2.54406309127808,19.2931938171387,0.00302441883832216,0.0375672727823257
-2.28977465629578,19.2951889038086,0.00312720309011638,0.037499725818634
-2.03576993942261,19.2972354888916,0.00475874915719032,0.037416860461235
-1.78176665306091,19.2992687225342,0.00661312928423285,0.0372978895902634
-1.52781081199646,19.3012981414795,0.00890033319592476,0.0371450781822205
-1.27366936206818,19.3033390045166,0.0105525953695178,0.0370736867189407
-1.01910328865051,19.3051261901855,0.0104876151308417,0.0370837897062302
-0.763974547386169,19.3068313598633,0.00808483827859163,0.037112757563591
-0.508949220180511,19.3085803985596,0.00638305768370628,0.0371135622262955
-0.254675567150116,19.3105659484863,0.00831310171633959,0.0370872914791107
-0.000504614901728928,19.3127002716064,0.0109180826693773,0.0370530337095261
0.254233330488205,19.3148517608643,0.0111726112663746,0.0370123237371445
0.508910715579987,19.3171329498291,0.0119166290387511,0.0369958430528641
0.763075292110443,19.3191051483154,0.0151890311390162,0.0369723439216614
1.0173100233078,19.3210124969482,0.0183543097227812,0.0369962006807327
1.2719315290451,19.3230400085449,0.0199911836534739,0.0369957089424133
1.52629959583282,19.3252124786377,0.0229701530188322,0.0369511097669601
1.7802197933197,19.3274078369141,0.0281524267047644,0.036935493350029
2.03413462638855,19.3295917510986,0.0335553511977196,0.0369589924812317
2.28840017318726,19.3316650390625,0.0375992730259895,0.0370526164770126
2.54372978210449,19.3336200714111,0.0371291227638721,0.0374284982681274
-3.30388236045837,19.0388069152832,0.00639150757342577,0.0377933233976364
-3.04870963096619,19.0406551361084,0.00174776127096266,0.03756383061409
-2.7945921421051,19.0428028106689,0.00222892453894019,0.0374630987644196
-2.54056596755981,19.0447406768799,0.0033572637476027,0.0373902171850204
-2.28669214248657,19.0467109680176,0.00540793081745505,0.0373328030109406
-2.03246378898621,19.0485572814941,0.0060451989993453,0.0372583270072937
-1.77804470062256,19.0504837036133,0.00602622330188751,0.0371547788381577
-1.52393579483032,19.052453994751,0.00765058724209666,0.0370003134012222
-1.26989018917084,19.0544719696045,0.00977965630590916,0.0369032919406891
-1.01567041873932,19.0562877655029,0.0113312108442187,0.0368875414133072
-0.760943472385406,19.0580654144287,0.0107910251244903,0.0369092524051666
-0.506069004535675,19.0599250793457,0.00980263669043779,0.0369106233119965
-0.251616597175598,19.0619812011719,0.0109495539218187,0.0369090735912323
0.00278050848282874,19.0641250610352,0.0125611759722233,0.0368980169296265
0.257443487644196,19.0661201477051,0.0131892561912537,0.0368614941835403
0.512458682060242,19.0681037902832,0.0124480416998267,0.0368538498878479
0.76715612411499,19.0700531005859,0.0133594386279583,0.0368650406599045
1.02161979675293,19.0719509124756,0.0155363138765097,0.0369032770395279
1.27590370178223,19.0739250183105,0.0187271051108837,0.0368788540363312
1.53011572360992,19.0759201049805,0.0224444959312677,0.0368249118328094
1.78441095352173,19.0780372619629,0.0259915851056576,0.0368147790431976
2.03850936889648,19.080192565918,0.030617743730545,0.0367826223373413
2.29270052909851,19.0823917388916,0.0350294634699821,0.0368111431598663
-3.04448413848877,18.7922325134277,-0.00136959715746343,0.0372702479362488
-2.79071950912476,18.7944011688232,0.000786808610428125,0.0371939986944199
-2.53671526908875,18.7961750030518,0.00205866293981671,0.0371413975954056
-2.28295350074768,18.798059463501,0.00466586090624332,0.0371235758066177
-2.02875852584839,18.7997760772705,0.00549738435074687,0.0371022820472717
-1.77426862716675,18.8016147613525,0.00519227655604482,0.0370390266180038
-1.52010881900787,18.8035678863525,0.00662129418924451,0.0369196087121964
-1.2662125825882,18.8055992126465,0.00947142858058214,0.0368219166994095
-1.01222598552704,18.8075351715088,0.0121214641258121,0.0367722362279892
-0.757796585559845,18.8094387054443,0.0129672316834331,0.0367652922868729
-0.503202319145203,18.8114032745361,0.0132812792435288,0.0367553681135178
-0.248688623309135,18.8133869171143,0.0141803901642561,0.0367286801338196
0.00603126781061292,18.8153476715088,0.0143642416223884,0.0367206186056137
0.260907590389252,18.8172245025635,0.0140632800757885,0.0366957634687424
0.51612788438797,18.8191261291504,0.012433503754437,0.0366917550563812
0.771046102046967,18.8210430145264,0.0123884119093418,0.036709263920784
1.02570819854736,18.8229541778564,0.0137119982391596,0.0367441326379776
1.27989709377289,18.8248310089111,0.0173693411052227,0.0367236733436584
1.5341534614563,18.8266525268555,0.0209302511066198,0.0367269366979599
1.78859210014343,18.8286285400391,0.0238788761198521,0.0367105454206467
2.04313087463379,18.8306751251221,0.0265864841639996,0.0366924852132797
2.29723691940308,18.8330135345459,0.0314171835780144,0.0367085188627243
-3.04069018363953,18.5437126159668,-0.00248482706956565,0.0369847863912582
-2.78711247444153,18.5458087921143,0.000576497055590153,0.0369233787059784
-2.53317475318909,18.547607421875,0.00219270796515048,0.0368944704532623
-2.27924728393555,18.5493335723877,0.00407538143917918,0.0369218736886978
-2.02501463890076,18.5509815216064,0.00477176019921899,0.0369517654180527
-1.77040386199951,18.5528011322021,0.00394993834197521,0.0369441658258438
-1.51633405685425,18.554780960083,0.0058296681381762,0.0368607044219971
-1.26257765293121,18.5568408966064,0.00935622863471508,0.0367540866136551
-1.00880062580109,18.5588550567627,0.0129967564716935,0.0366717576980591
-0.754392623901367,18.5608158111572,0.0139734838157892,0.0366422086954117
-0.499823033809662,18.5627899169922,0.0144333699718118,0.0366055965423584
-0.245318084955215,18.5646743774414,0.015407606959343,0.0365371406078339
0.00952521804720163,18.5664329528809,0.0150705706328154,0.0365182161331177
0.264566034078598,18.5683498382568,0.0140605848282576,0.0365012288093567
0.519702434539795,18.5702934265137,0.0128437019884586,0.0365125089883804
0.774391531944275,18.5722179412842,0.0138635560870171,0.0365472286939621
1.0290287733078,18.5740242004395,0.0153335612267256,0.0365713089704514
1.28343415260315,18.5758171081543,0.0180554538965225,0.0365629345178604
1.53800904750824,18.5776309967041,0.0202270001173019,0.0365906953811646
1.79264974594116,18.5794086456299,0.022315489128232,0.0366134792566299
2.047682762146,18.581298828125,0.0228652860969305,0.036611333489418
2.3024001121521,18.5834217071533,0.0250267703086138,0.0366849899291992
-3.03764367103577,18.295093536377,-0.000131787484860979,0.0367512851953506
-2.78437829017639,18.297119140625,0.00440789153799415,0.0366921424865723
-2.53026127815247,18.2988319396973,0.00522578367963433,0.0366900116205215
-2.27606773376465,18.3005561828613,0.00591247389093041,0.036698117852211
-2.02155137062073,18.3021945953369,0.00533660035580397,0.0367539972066879
-1.76684308052063,18.3040218353271,0.00410245219245553,0.0368038862943649
-1.51266360282898,18.3060131072998,0.00551548646762967,0.0367636829614639
-1.25881230831146,18.3080215454102,0.00864618550986052,0.0366564393043518
-1.00496971607208,18.3100566864014,0.0120254401117563,0.036548912525177
-0.750355899333954,18.3120098114014,0.0121030742302537,0.0365012139081955
-0.495688676834106,18.3139495849609,0.0121600637212396,0.0364468097686768
-0.241332426667213,18.3158054351807,0.0138499205932021,0.0363569706678391
0.0131725380197167,18.31764793396,0.015081143938005,0.0363006144762039
0.267952769994736,18.3196258544922,0.0152823450043797,0.0362907499074936
0.522968769073486,18.3216037750244,0.014640623703599,0.0363053232431412
0.777582347393036,18.3234558105469,0.0160335972905159,0.0363627076148987
1.03221356868744,18.3250751495361,0.0175660904496908,0.0364237427711487
1.28679382801056,18.3267784118652,0.0195378512144089,0.0364298224449158
1.5413978099823,18.3286800384521,0.0216098614037037,0.0364276766777039
1.79618465900421,18.330509185791,0.0230783503502607,0.0364595800638199
2.05136704444885,18.3324508666992,0.0229953490197659,0.0364404618740082
-3.03569674491882,18.0465450286865,0.00731925293803215,0.0365733057260513
-2.78201413154602,18.0484752655029,0.00995131768286228,0.0364988148212433
-2.52727842330933,18.0501327514648,0.00793681293725967,0.0364660620689392
-2.27283072471619,18.051887512207,0.00748252123594284,0.036462277173996
-2.01816558837891,18.0535869598389,0.00625398335978389,0.0364857316017151
-1.76354420185089,18.0554504394531,0.00545292254537344,0.0365668386220932
-1.5091609954834,18.0572948455811,0.00596969667822123,0.0365709811449051
-1.25497162342072,18.0592060089111,0.00759206851944327,0.0364841967821121
-1.00068354606628,18.0611991882324,0.00897797662764788,0.0363898128271103
-0.74620920419693,18.0632133483887,0.00973235815763474,0.0363512337207794
-0.491665750741959,18.0651607513428,0.0103925988078117,0.0362979620695114
-0.237483665347099,18.0669746398926,0.0129126468673348,0.0361923277378082
0.0168289095163345,18.068790435791,0.0150530682876706,0.0361096411943436
0.271326452493668,18.0708198547363,0.0165657047182322,0.036092072725296
0.526160001754761,18.0727710723877,0.0167799759656191,0.0360939204692841
0.780821263790131,18.0745525360107,0.0179914254695177,0.0361313223838806
1.03545212745667,18.0761451721191,0.0195580627769232,0.0361901968717575
1.29012382030487,18.0778636932373,0.0211520474404097,0.0362299531698227
1.54492723941803,18.0798397064209,0.0223634634166956,0.0362449735403061
1.7999153137207,18.0816593170166,0.0229687429964542,0.0362863540649414
2.05522727966309,18.0836849212646,0.0223426800221205,0.0362757295370102
-2.77837181091309,17.7998237609863,0.00957736652344465,0.0364084839820862
-2.52333164215088,17.801477432251,0.00619391351938248,0.0363257825374603
-2.26884460449219,17.8032264709473,0.00559857627376914,0.0363161563873291
-2.01446080207825,17.8049755096436,0.00570447184145451,0.0362687855958939
-1.76009273529053,17.8068389892578,0.00610357662662864,0.0362969487905502
-1.50559771060944,17.808614730835,0.00614480068907142,0.0362984240055084
-1.25078690052032,17.8103771209717,0.00496534444391727,0.0362443029880524
-0.996342957019806,17.8123168945312,0.00568360928446054,0.0361711978912354
-0.742076456546783,17.8143424987793,0.00742680300027132,0.0361280292272568
-0.487822353839874,17.8162670135498,0.00944335293024778,0.036097913980484
-0.233752965927124,17.8180084228516,0.0125143500044942,0.0360308140516281
0.0206771474331617,17.8197593688965,0.01416149828583,0.0359549522399902
0.275115817785263,17.821756362915,0.0159785337746143,0.0359227508306503
0.529658138751984,17.8237590789795,0.017541266977787,0.0358963757753372
0.784146666526794,17.8255863189697,0.0195629615336657,0.0358975827693939
1.03874611854553,17.8272361755371,0.0213022865355015,0.0359368622303009
1.29363214969635,17.8289909362793,0.021967776119709,0.0360077768564224
1.54883253574371,17.8309154510498,0.0214406847953796,0.036064937710762
1.80373930931091,17.8327941894531,0.0224447809159756,0.0360968708992004
2.05928897857666,17.8348236083984,0.020797360688448,0.0361136049032211
-2.77411365509033,17.5511112213135,0.0063529028557241,0.0364031493663788
-2.51900506019592,17.5527610778809,0.00269733695313334,0.0362713932991028
-2.26472496986389,17.5544967651367,0.00309987785294652,0.0361971855163574
-2.01042151451111,17.5562515258789,0.00361772556789219,0.036112368106842
-1.75614273548126,17.5580615997314,0.0044690971262753,0.0360647588968277
-1.50158286094666,17.5598125457764,0.0042534270323813,0.0360409617424011
-1.24676835536957,17.5615863800049,0.00309787574224174,0.036024734377861
-0.992574036121368,17.5636005401611,0.00499382568523288,0.0359536856412888
-0.738460600376129,17.5655574798584,0.0074731819331646,0.0358933955430984
-0.484311789274216,17.5673999786377,0.0100063178688288,0.0358840674161911
-0.230261772871017,17.5690860748291,0.0132016139104962,0.0358899235725403
0.0241668354719877,17.5707607269287,0.0148922884836793,0.0358749330043793
0.278662711381912,17.5727138519287,0.0164868142455816,0.0358004570007324
0.53315144777298,17.5746898651123,0.0183267015963793,0.0357503145933151
0.787592172622681,17.5765953063965,0.0205962490290403,0.0357144623994827
1.04215455055237,17.5783920288086,0.0225327331572771,0.0357450544834137
1.29701805114746,17.5801753997803,0.023332079872489,0.0357995331287384
1.55228507518768,17.5819778442383,0.0225426815450191,0.0358550250530243
1.80737388134003,17.5838737487793,0.0227681305259466,0.0358705073595047
2.06309270858765,17.5858573913574,0.0204043798148632,0.0359005779027939
-2.77031111717224,17.3024673461914,0.00523555651307106,0.0363412946462631
-2.51517653465271,17.304105758667,0.00150037417188287,0.0361738651990891
-2.26097321510315,17.3058338165283,0.0022958645131439,0.0360787212848663
-2.00657749176025,17.3074340820312,0.00243109138682485,0.0359353274106979
-1.75222635269165,17.3091220855713,0.00299218855798244,0.0358608812093735
-1.49783861637115,17.3109169006348,0.00360476551577449,0.0358324646949768
-1.24327480792999,17.3128223419189,0.00363008305430412,0.0358286648988724
-0.989133238792419,17.3148708343506,0.00580125022679567,0.035766065120697
-0.734937071800232,17.3167190551758,0.00794162880629301,0.0357076674699783
-0.480624049901962,17.3184146881104,0.00976753700524569,0.0357008576393127
-0.226464182138443,17.3201141357422,0.0125017035752535,0.0357559472322464
0.027956772595644,17.321949005127,0.0142613556236029,0.0357975661754608
0.282414317131042,17.3238658905029,0.0160673968493938,0.035730391740799
0.537006914615631,17.3257427215576,0.0174787752330303,0.0356540232896805
0.791509032249451,17.3276176452637,0.0195109490305185,0.0355664044618607
1.04603445529938,17.3294143676758,0.0216517075896263,0.0355633050203323
1.30069923400879,17.3311939239502,0.0233787447214127,0.0355803221464157
1.55576241016388,17.3329887390137,0.0235367901623249,0.0355952233076096
1.81080186367035,17.3348236083984,0.0240177195519209,0.0356264710426331
2.06647157669067,17.3367595672607,0.0219065453857183,0.0356446206569672
-2.76685070991516,17.0538997650146,0.0056997430510819,0.0361922830343246
-2.51179218292236,17.0555763244629,0.00235154945403337,0.0360043942928314
-2.25762248039246,17.057279586792,0.00333816232159734,0.0358874499797821
-2.00314593315125,17.05881690979,0.00313792168162763,0.0357440263032913
-1.74870979785919,17.0603485107422,0.00334760011173785,0.0356978625059128
-1.49436986446381,17.0620517730713,0.004217020701617,0.0356897115707397
-1.23995900154114,17.0639820098877,0.00497674103826284,0.0356772094964981
-0.985602259635925,17.0659828186035,0.00620116991922259,0.0356214195489883
-0.731179535388947,17.0677394866943,0.00734837865456939,0.0355695188045502
-0.476694017648697,17.0693759918213,0.00842998176813126,0.0355769991874695
-0.222460642457008,17.0712070465088,0.010867340490222,0.0356160700321198
0.0320028178393841,17.0731639862061,0.0124718174338341,0.0356140732765198
0.286467105150223,17.0750503540039,0.0142882624641061,0.0355528891086578
0.541003286838531,17.0768356323242,0.0159960296005011,0.0354680567979813
0.795527815818787,17.0786018371582,0.0179691985249519,0.0353793948888779
1.04997062683105,17.0804252624512,0.0205191858112812,0.0353642702102661
1.30448842048645,17.082181930542,0.0229441486299038,0.0353834182024002
1.5593638420105,17.0839500427246,0.0239786636084318,0.0353852510452271
1.81414604187012,17.085807800293,0.0256412029266357,0.0353869050741196
2.06960415840149,17.0876998901367,0.0245053712278605,0.0353773534297943
-2.76322603225708,16.8052711486816,0.00540470657870173,0.036082848906517
-2.50838160514832,16.8070468902588,0.00308080716058612,0.0358857363462448
-2.25411820411682,16.8086681365967,0.0036725455429405,0.0357419103384018
-1.99976992607117,16.810302734375,0.00409694341942668,0.0356060266494751
-1.7454172372818,16.8117561340332,0.0047269007191062,0.0355549305677414
-1.49108028411865,16.8133068084717,0.0056477109901607,0.0355342030525208
-1.23675346374512,16.815149307251,0.00682740425691009,0.0355197787284851
-0.982144296169281,16.8170471191406,0.00693584093824029,0.0354795902967453
-0.727572858333588,16.8188457489014,0.00744033046066761,0.0354459136724472
-0.472911030054092,16.8204402923584,0.00775873847305775,0.0354353934526443
-0.218403100967407,16.8221893310547,0.00899138767272234,0.0354456007480621
0.0362153798341751,16.8240928649902,0.00993635132908821,0.035409227013588
0.290699303150177,16.8259925842285,0.0117056639865041,0.0353252738714218
0.545027673244476,16.8277606964111,0.014391865581274,0.0352344810962677
0.799497127532959,16.8295249938965,0.0166526399552822,0.0351676195859909
1.05394399166107,16.831428527832,0.0192220397293568,0.0351593494415283
1.3083062171936,16.8332557678223,0.0223801843822002,0.0351662188768387
1.56287574768066,16.8350315093994,0.0248190816491842,0.0351502597332001
1.81747388839722,16.8368759155273,0.027337646111846,0.0351380109786987
2.07259583473206,16.8387451171875,0.0277315974235535,0.0350912064313889
-2.75955724716187,16.5564975738525,0.00490814307704568,0.0359972566366196
-2.50494432449341,16.5583515167236,0.00369030353613198,0.0358037203550339
-2.25068020820618,16.5599880218506,0.00431429734453559,0.0356526374816895
-1.99650657176971,16.5617332458496,0.00557490345090628,0.0355103760957718
-1.7422844171524,16.5632705688477,0.00683635892346501,0.035397008061409
-1.48781430721283,16.5647354125977,0.00718206865713,0.0353653132915497
-1.23333346843719,16.5664443969727,0.00769530842080712,0.0353504866361618
-0.978767335414886,16.5683040618896,0.00803594477474689,0.0353409796953201
-0.724116683006287,16.5701217651367,0.00821395311504602,0.03530552983284
-0.469188213348389,16.5716094970703,0.0073589039966464,0.0352479964494705
-0.214393690228462,16.5731639862061,0.00733469054102898,0.0352077335119247
0.0401982180774212,16.5749130249023,0.00844372715801001,0.0351638793945312
0.294644415378571,16.5767669677734,0.0104242311790586,0.0351179987192154
0.549112915992737,16.5785961151123,0.012517080642283,0.0350268930196762
0.80377322435379,16.5804214477539,0.0139585733413696,0.034965917468071
1.05823242664337,16.5823040008545,0.016514852643013,0.0349539369344711
1.31229674816132,16.5841445922852,0.0210488252341747,0.0349530577659607
1.56642723083496,16.5859889984131,0.0254873614758253,0.0349128097295761
1.82075583934784,16.5877895355225,0.0292432606220245,0.0348803400993347
2.07550835609436,16.589672088623,0.0313129909336567,0.0348017066717148
-2.75635504722595,16.3077602386475,0.00657009379938245,0.0357728749513626
-2.50180697441101,16.3095817565918,0.00568594597280025,0.0355969965457916
-2.2475380897522,16.3112640380859,0.00632167514413595,0.0354471057653427
-1.99325907230377,16.3129901885986,0.00713027408346534,0.0353288054466248
-1.73909139633179,16.3146686553955,0.00867259129881859,0.0352324545383453
-1.4844970703125,16.3161697387695,0.0084816999733448,0.0351995974779129
-1.22984731197357,16.3177661895752,0.00825987476855516,0.0352036505937576
-0.975329220294952,16.3195648193359,0.00885699037462473,0.0352310240268707
-0.720727443695068,16.3213348388672,0.00929395202547312,0.0351768732070923
-0.465743750333786,16.3227996826172,0.00822355039417744,0.035029724240303
-0.210668325424194,16.3242702484131,0.0069632469676435,0.0349302142858505
0.0439310520887375,16.3259983062744,0.00807667709887028,0.0348930358886719
0.298332273960114,16.3278770446777,0.0102971559390426,0.0349064022302628
0.553154647350311,16.3295783996582,0.010835669003427,0.0348532646894455
0.808070302009583,16.3312911987305,0.0111720412969589,0.0348026603460312
1.06234979629517,16.3330135345459,0.01458072476089,0.0347491800785065
1.3160400390625,16.3348751068115,0.0208300594240427,0.0347279757261276
1.56983149051666,16.3367519378662,0.0268192607909441,0.0346809029579163
1.82396233081818,16.3385429382324,0.0314913392066956,0.0346634387969971
2.07851719856262,16.3404579162598,0.0344714932143688,0.0345934331417084
-2.75376129150391,16.05930519104,0.0110418759286404,0.0353767275810242
-2.49914884567261,16.0609931945801,0.00989196635782719,0.035234346985817
-2.2447304725647,16.0626106262207,0.0098680779337883,0.0351396799087524
-1.99002230167389,16.0641841888428,0.00873623508960009,0.0350595712661743
-1.7355078458786,16.0658111572266,0.00872215908020735,0.0350189805030823
-1.48075079917908,16.0674247741699,0.00782069098204374,0.0350195020437241
-1.22603368759155,16.0690517425537,0.00732861505821347,0.0350204855203629
-0.971455454826355,16.0707740783691,0.00769244367256761,0.0350377261638641
-0.716702222824097,16.0724086761475,0.00748269492760301,0.0349583327770233
-0.461803674697876,16.073902130127,0.00683940714225173,0.0347682982683182
-0.206587105989456,16.0754528045654,0.0049772597849369,0.0346571058034897
0.0479073785245419,16.0772686004639,0.00660400511696935,0.0346411466598511
0.301883965730667,16.0792331695557,0.0107793444767594,0.0346906185150146
0.556294620037079,16.0809631347656,0.0132079478353262,0.0346577167510986
0.811132609844208,16.082592010498,0.0139274839311838,0.0345869809389114
1.06551241874695,16.0841674804688,0.0169206243008375,0.0345072150230408
1.31923234462738,16.0859203338623,0.0230716560035944,0.0344981104135513
1.57318770885468,16.0877246856689,0.0283622574061155,0.0345229357481003
1.82713937759399,16.0894584655762,0.0338678508996964,0.0345037281513214
2.08175802230835,16.0913581848145,0.0365962348878384,0.0344723463058472
-2.75106716156006,15.8110322952271,0.0150432139635086,0.0349930822849274
-2.49647426605225,15.8125896453857,0.0140164811164141,0.0348972827196121
-2.2419445514679,15.8141555786133,0.0135089354589581,0.0348577499389648
-1.9870810508728,15.8155422210693,0.0116976089775562,0.0348109304904938
-1.73219215869904,15.8170213699341,0.00999973341822624,0.0348103046417236
-1.47712206840515,15.8186435699463,0.00769852381199598,0.0348143130540848
-1.22209250926971,15.8202800750732,0.00581561168655753,0.0347825586795807
-0.967324674129486,15.8218822479248,0.0053581683896482,0.0347650200128555
-0.71240496635437,15.823429107666,0.00443492736667395,0.0346649438142776
-0.457284331321716,15.8249740600586,0.00282502151094377,0.0345248281955719
-0.202182963490486,15.8266744613647,0.00152671337127686,0.0344613194465637
0.0519645735621452,15.8285303115845,0.00476623699069023,0.0344539433717728
0.30533492565155,15.8304824829102,0.0117194941267371,0.0344675034284592
0.5594761967659,15.8321886062622,0.0153972925618291,0.0344223827123642
0.814135015010834,15.833794593811,0.0169555675238371,0.034365326166153
1.0686811208725,15.8353443145752,0.0192339941859245,0.0343047529459
1.32260990142822,15.8370676040649,0.0244819261133671,0.0342962145805359
1.57671558856964,15.8388195037842,0.0291362181305885,0.0343447774648666
1.83058178424835,15.8406066894531,0.0350564382970333,0.0343568325042725
2.08535480499268,15.8424196243286,0.0371335484087467,0.034350797533989
-2.74761033058167,15.562554359436,0.0155195975676179,0.0347841829061508
-2.4932324886322,15.5640897750854,0.0155228180810809,0.0347351133823395
-2.23854064941406,15.5655298233032,0.0143053038045764,0.03470079600811
-1.98395442962646,15.5669326782227,0.0138056734576821,0.0346599966287613
-1.72905170917511,15.568395614624,0.0120774079114199,0.0346673280000687
-1.4737811088562,15.5699586868286,0.00889269355684519,0.0346801578998566
-1.21842467784882,15.5714588165283,0.00555404042825103,0.0346289277076721
-0.963388741016388,15.5729427337646,0.00391445076093078,0.0345360338687897
-0.708415031433105,15.5744743347168,0.00278623052872717,0.0344017744064331
-0.4532650411129,15.5760793685913,0.00108206260483712,0.0343004167079926
-0.198296591639519,15.5777978897095,0.000426599872298539,0.0342730432748795
0.0557837225496769,15.5795660018921,0.00401182612404227,0.0342428684234619
0.309183865785599,15.5814924240112,0.0108697712421417,0.0342402309179306
0.563308715820312,15.5832014083862,0.0146603854373097,0.0341864377260208
0.817858994007111,15.5848608016968,0.016743628308177,0.0341458022594452
1.07248520851135,15.5864973068237,0.0186973009258509,0.034115806221962
1.32652735710144,15.5881567001343,0.0234774053096771,0.0341179072856903
1.58071160316467,15.5898180007935,0.0278213284909725,0.0341396778821945
1.83460831642151,15.591552734375,0.0336459279060364,0.0341639816761017
2.08944177627563,15.5932550430298,0.035496823489666,0.0341554433107376
-2.74366402626038,15.3137559890747,0.0137375462800264,0.0346775949001312
-2.48953175544739,15.3153505325317,0.0149142760783434,0.0346545279026031
-2.23491978645325,15.3167495727539,0.0141066778451204,0.0345759838819504
-1.98051702976227,15.3182125091553,0.0144865745678544,0.0345452278852463
-1.72591698169708,15.3197088241577,0.0141832605004311,0.0345411449670792
-1.47065818309784,15.3211164474487,0.0110899554565549,0.0345345139503479
-1.21527540683746,15.3225297927856,0.0076657785102725,0.0344846397638321
-0.960034847259521,15.3240184783936,0.00512573728337884,0.0343634486198425
-0.704897880554199,15.3255729675293,0.0032887039706111,0.0342011302709579
-0.449694216251373,15.3271503448486,0.00137774017639458,0.034102275967598
-0.194730266928673,15.3287963867188,0.000781307986471802,0.0340611040592194
0.0593242645263672,15.3305397033691,0.00452027749270201,0.0340325087308884
0.313142031431198,15.3324089050293,0.00953020434826612,0.0340298861265182
0.567657351493835,15.3340425491333,0.0116030490025878,0.033975675702095
0.822374641895294,15.3356199264526,0.0129808988422155,0.033936008810997
1.0767662525177,15.3372220993042,0.0160331390798092,0.0338915586471558
1.33070743083954,15.3389101028442,0.0213066358119249,0.0338963121175766
1.58488595485687,15.3405380249023,0.0257186070084572,0.0339097231626511
1.83910083770752,15.3421382904053,0.0301685389131308,0.0339237600564957
2.0939404964447,15.3437347412109,0.0320385545492172,0.0339067578315735
-2.73981308937073,15.0648412704468,0.0123994499444962,0.0345288068056107
-2.48584818840027,15.0664901733398,0.0143892411142588,0.0344956815242767
-2.23133707046509,15.0679311752319,0.0140838902443647,0.034388393163681
-1.9768203496933,15.0694589614868,0.013975434936583,0.0343220233917236
-1.72207176685333,15.0708560943604,0.0130318887531757,0.0342762917280197
-1.46705198287964,15.072135925293,0.0110768247395754,0.0342472642660141
-1.21206653118134,15.0735425949097,0.00950686354190111,0.0342302322387695
-0.956899583339691,15.0751171112061,0.00733431428670883,0.0341454297304153
-0.701501607894897,15.0766448974609,0.00434278976172209,0.0340372323989868
-0.446348398923874,15.0781488418579,0.00269828154705465,0.033965677022934
-0.191322088241577,15.0796937942505,0.00185637397225946,0.0339070707559586
0.0631458386778831,15.0813646316528,0.00376208126544952,0.033847913146019
0.317508280277252,15.0831212997437,0.00635459925979376,0.0338085889816284
0.572161078453064,15.0847444534302,0.00785199459642172,0.033761203289032
0.826832473278046,15.0863304138184,0.00948075950145721,0.0337019562721252
1.08099281787872,15.0879688262939,0.0136141180992126,0.033661887049675
1.33496057987213,15.0896396636963,0.018810635432601,0.0336766093969345
1.58897888660431,15.0912618637085,0.0239807479083538,0.033689022064209
1.84325230121613,15.0928249359131,0.0282109621912241,0.0336727052927017
2.09814262390137,15.094313621521,0.0298987105488777,0.0336552262306213
-2.7361478805542,14.8159914016724,0.011919504031539,0.034281387925148
-2.48230481147766,14.8176403045654,0.0145111093297601,0.0342227667570114
-2.22770309448242,14.8190851211548,0.0138252936303616,0.0341314226388931
-1.97294867038727,14.8205862045288,0.0126628801226616,0.0340254008769989
-1.7177187204361,14.8218746185303,0.00955335889011621,0.0339567512273788
-1.46269917488098,14.8232383728027,0.00764200976118445,0.0339453667402267
-1.20819401741028,14.8247833251953,0.00830877758562565,0.0339654982089996
-0.953531384468079,14.8263053894043,0.00847813952714205,0.0339324921369553
-0.698062539100647,14.8276901245117,0.00520301796495914,0.0339000225067139
-0.44261160492897,14.8290719985962,0.00224510510452092,0.0338632464408875
-0.187189698219299,14.8305130004883,-0.000348881381796673,0.0338029414415359
0.0676923617720604,14.8321113586426,-0.000272922858130187,0.0336955934762955
0.322053074836731,14.8337659835815,0.00237571052275598,0.0336201637983322
0.576265811920166,14.8354797363281,0.00589902140200138,0.0335813760757446
0.830619752407074,14.8371562957764,0.00899363309144974,0.0335218608379364
1.08442413806915,14.8389682769775,0.0147572420537472,0.0334829986095428
1.3382396697998,14.8407249450684,0.0206681620329618,0.0334712266921997
1.59216403961182,14.8423624038696,0.0262899156659842,0.0334692150354385
1.84653222560883,14.843879699707,0.0301311872899532,0.0334512591362
2.10152435302734,14.8452949523926,0.0314003005623817,0.0334233343601227
-2.732506275177,14.5673446655273,0.0115436669439077,0.0340193659067154
-2.47878336906433,14.5689401626587,0.0147301033139229,0.0339517593383789
-2.22407579421997,14.5702972412109,0.0135962450876832,0.033877357840538
-1.96916079521179,14.5716733932495,0.0117373513057828,0.0337738543748856
-1.71358144283295,14.5729341506958,0.00706366123631597,0.0336822867393494
-1.45855534076691,14.5742826461792,0.00516599230468273,0.0336730182170868
-1.20418131351471,14.5758447647095,0.00647469656541944,0.033682644367218
-0.949775874614716,14.5773591995239,0.00785938650369644,0.0337103754281998
-0.694429576396942,14.578670501709,0.00518302991986275,0.0337240397930145
-0.438904404640198,14.5800161361694,0.00192660291213542,0.0336867570877075
-0.183315694332123,14.5814599990845,-0.00138553522992879,0.0336158871650696
0.0718567222356796,14.5830793380737,-0.00258429208770394,0.0334763526916504
0.326289862394333,14.5846643447876,-0.000218530083657242,0.0333939343690872
0.580349147319794,14.5863466262817,0.00403940631076694,0.0333916693925858
0.834275126457214,14.5880765914917,0.00909790489822626,0.0334060937166214
1.08788299560547,14.5898904800415,0.0157799832522869,0.0333477854728699
1.34152722358704,14.5916891098022,0.0224914643913507,0.0332943052053452
1.59554815292358,14.5933504104614,0.0277143865823746,0.0332635343074799
1.84973239898682,14.594916343689,0.0324088893830776,0.0332528203725815
2.10477828979492,14.5963201522827,0.0334716439247131,0.0331977307796478
-2.72866368293762,14.3187341690063,0.0102354576811194,0.0337922275066376
-2.47502660751343,14.3202838897705,0.013861115090549,0.0337459892034531
-2.22027969360352,14.3216409683228,0.0125857265666127,0.0336759835481644
-1.96541512012482,14.3229303359985,0.0110009564086795,0.033601313829422
-1.70997285842896,14.324125289917,0.00699826003983617,0.0335182249546051
-1.45486557483673,14.3254661560059,0.00476705050095916,0.0334729701280594
-1.2003847360611,14.3269119262695,0.00562949059531093,0.0334602445363998
-0.945970773696899,14.3283920288086,0.0070153153501451,0.0334903299808502
-0.690772235393524,14.3297567367554,0.00504970550537109,0.0335266888141632
-0.435525447130203,14.3311729431152,0.00309380632825196,0.0334594249725342
-0.180285215377808,14.332667350769,0.00139515451155603,0.0333492904901505
0.0747184380888939,14.3342542648315,0.000992551795206964,0.0332015454769135
0.329389601945877,14.3357677459717,0.00231569656170905,0.033101886510849
0.583759009838104,14.3372650146484,0.00521372957155108,0.033094510436058
0.837887048721313,14.3388404846191,0.0094030536711216,0.0331578701734543
1.09173333644867,14.3405752182007,0.0150539157912135,0.0331646800041199
1.34536015987396,14.3423852920532,0.0218813773244619,0.0331101417541504
1.59931135177612,14.3440923690796,0.027453038841486,0.0330710709095001
1.85358417034149,14.3456420898438,0.0317902527749538,0.0330294668674469
2.1084988117218,14.3470687866211,0.0334742739796638,0.0329504609107971
-2.72474145889282,14.0699424743652,0.00856460724025965,0.0336072444915771
-2.47107839584351,14.0714817047119,0.01211151573807,0.0335890352725983
-2.21629214286804,14.0727376937866,0.0106985606253147,0.0335149019956589
-1.96153521537781,14.0740280151367,0.00965163949877024,0.0334647446870804
-1.70646893978119,14.0752210617065,0.00741621013730764,0.0333603471517563
-1.45179295539856,14.0765981674194,0.00719656888395548,0.0332935005426407
-1.19705379009247,14.0780210494995,0.00691119441762567,0.033229723572731
-0.941950082778931,14.079402923584,0.00518863275647163,0.0332549661397934
-0.686784148216248,14.0808019638062,0.00341199687682092,0.0332687497138977
-0.432265281677246,14.0823631286621,0.00480002583935857,0.0332006514072418
-0.177886053919792,14.0839624404907,0.0070358831435442,0.0330955684185028
0.0769243910908699,14.0854501724243,0.00753607554361224,0.0329539626836777
0.331811666488647,14.0868654251099,0.00791038107126951,0.0328632146120071
0.586701273918152,14.088228225708,0.00849441718310118,0.0328642427921295
0.841373264789581,14.0896806716919,0.0102720214053988,0.0328882038593292
1.09564113616943,14.0913057327271,0.014069770462811,0.0329016149044037
1.34962546825409,14.0929889678955,0.0193389654159546,0.0328572988510132
1.60362243652344,14.094705581665,0.0247483961284161,0.0327990651130676
1.8578314781189,14.09632396698,0.0294101666659117,0.0327781587839127
2.11260628700256,14.0977268218994,0.0317587926983833,0.0326959043741226
-2.7208731174469,13.8209400177002,0.00714820716530085,0.0334437042474747
-2.46704292297363,13.8224763870239,0.00996403302997351,0.033428743481636
-2.2123281955719,13.823769569397,0.00892381370067596,0.0333549678325653
-1.95763659477234,13.8251142501831,0.0082165589556098,0.0333057641983032
-1.70281398296356,13.8264055252075,0.00713782850652933,0.0331864356994629
-1.44834661483765,13.8278465270996,0.00791075266897678,0.0330933630466461
-1.19348657131195,13.829216003418,0.0071111642755568,0.0330238193273544
-0.937940835952759,13.830358505249,0.00341625162400305,0.033017560839653
-0.68306028842926,13.8317518234253,0.00298068509437144,0.0329912155866623
-0.428667187690735,13.8333625793457,0.00497708842158318,0.0329200178384781
-0.174513712525368,13.8350229263306,0.00827178824692965,0.0328372865915298
0.0800915285944939,13.8365106582642,0.00973545107990503,0.032745748758316
0.334781646728516,13.8379430770874,0.0110322516411543,0.0327098369598389
0.589784741401672,13.839280128479,0.0111368633806705,0.0327102839946747
0.844694793224335,13.8406791687012,0.0118776485323906,0.03264020383358
1.09922027587891,13.8422861099243,0.0145541485399008,0.0326053947210312
1.35327410697937,13.8440427780151,0.01954604126513,0.0325794667005539
1.60722410678864,13.8457126617432,0.0252026449888945,0.0325459539890289
1.86159479618073,13.8472967147827,0.0291810315102339,0.032521516084671
2.1165246963501,13.8485851287842,0.0308808572590351,0.0324571281671524
-2.71708130836487,13.5720129013062,0.00608515739440918,0.0332451462745667
-2.46304869651794,13.5735292434692,0.00800654850900173,0.033207580447197
-2.20838332176208,13.5748500823975,0.00723416917026043,0.033139243721962
-1.95353245735168,13.5761299133301,0.00583904096856713,0.0330818593502045
-1.69871389865875,13.5774393081665,0.00482145510613918,0.0329921394586563
-1.44421422481537,13.578932762146,0.00548751791939139,0.0329221487045288
-1.18956398963928,13.58034324646,0.00568836648017168,0.0328475683927536
-0.934311926364899,13.581467628479,0.0033749477006495,0.0328015685081482
-0.679519414901733,13.5827646255493,0.00338100269436836,0.0327324718236923
-0.425018697977066,13.584321975708,0.00492692925035954,0.0326468795537949
-0.170802399516106,13.585973739624,0.00797480903565884,0.0325679630041122
0.0836171582341194,13.5874710083008,0.0103164408355951,0.0325113832950592
0.338115692138672,13.5889387130737,0.0125136571004987,0.0325297266244888
0.593223571777344,13.5902538299561,0.0121813537552953,0.0325164943933487
0.848077654838562,13.5916481018066,0.01320896204561,0.0324083417654037
1.10219347476959,13.5933456420898,0.0177553314715624,0.0323193371295929
1.35614573955536,13.5951662063599,0.0232308357954025,0.0323069244623184
1.61073017120361,13.5967445373535,0.0260847136378288,0.0322868824005127
1.86515653133392,13.5983829498291,0.0298479702323675,0.0322866588830948
2.12050414085388,13.5995616912842,0.0297275874763727,0.0322529524564743
-2.71340179443359,13.3233203887939,0.00553377391770482,0.0329528898000717
-2.45934724807739,13.3248481750488,0.0073929182253778,0.0328891724348068
-2.20483112335205,13.3261957168579,0.00734817562624812,0.0328328758478165
-1.95001006126404,13.3274946212769,0.00612703198567033,0.0327840447425842
-1.6951402425766,13.3287696838379,0.00491256918758154,0.0327493101358414
-1.44050741195679,13.3301248550415,0.00501044327393174,0.0327203273773193
-1.1859335899353,13.3314847946167,0.00560167105868459,0.0326516777276993
-0.931098163127899,13.3326787948608,0.00522473827004433,0.032591700553894
-0.676324188709259,13.3339262008667,0.00535066286101937,0.0325194001197815
-0.421663820743561,13.3353586196899,0.00620880955830216,0.0324043482542038
-0.167372539639473,13.3369665145874,0.00895305629819632,0.0323295444250107
0.0868762135505676,13.3384628295898,0.0121031450107694,0.0322898626327515
0.341501235961914,13.3399600982666,0.0137621602043509,0.0322802811861038
0.596979200839996,13.3412275314331,0.0117988390848041,0.0322424620389938
0.85168844461441,13.3426742553711,0.0135145001113415,0.0321137756109238
1.10570287704468,13.3443412780762,0.0185535661876202,0.0320433527231216
1.35980451107025,13.3460531234741,0.0233987271785736,0.0320436954498291
1.61469566822052,13.3476181030273,0.0249191056936979,0.0320691913366318
1.86954748630524,13.3491315841675,0.0268281325697899,0.0320856124162674
2.12520122528076,13.3502597808838,0.0253899805247784,0.0320888310670853
-2.70985507965088,13.0746431350708,0.00559790804982185,0.0326250940561295
-2.45601677894592,13.0762414932251,0.00849119760096073,0.0325461328029633
-2.20149993896484,13.0775651931763,0.00847997236996889,0.0325102806091309
-1.94692373275757,13.0789413452148,0.00841852650046349,0.0324859917163849
-1.69203341007233,13.0801239013672,0.00714574148878455,0.0324696600437164
-1.4371874332428,13.0812759399414,0.00630713067948818,0.0324624329805374
-1.18241488933563,13.082498550415,0.00602931901812553,0.0324225425720215
-0.927744090557098,13.083758354187,0.00643884809687734,0.0323617905378342
-0.67322051525116,13.0850963592529,0.00773714017122984,0.0322780609130859
-0.418842434883118,13.086555480957,0.00990976020693779,0.0321571826934814
-0.164473459124565,13.0880069732666,0.0123367346823215,0.0320934653282166
0.0901438072323799,13.0893907546997,0.0138537921011448,0.032047301530838
0.345191180706024,13.0908603668213,0.0136407492682338,0.0320094674825668
0.600716829299927,13.0921306610107,0.0115004144608974,0.0319672077894211
0.855360567569733,13.0936050415039,0.0135475927963853,0.0318347662687302
1.10941553115845,13.0951948165894,0.0184445455670357,0.0317684262990952
1.36407172679901,13.0967407226562,0.0208488050848246,0.0318016409873962
1.61928129196167,13.0981788635254,0.0209927074611187,0.0318776220083237
1.87476325035095,13.0995073318481,0.020142575725913,0.0319206565618515
2.1305730342865,13.1006059646606,0.0180613584816456,0.0319525450468063
-2.70622134208679,12.8257761001587,0.00526365870609879,0.0323769748210907
-2.45268416404724,12.8274545669556,0.00958549417555332,0.0323110371828079
-2.19816780090332,12.8287162780762,0.00961368903517723,0.032262921333313
-1.94379317760468,12.8301134109497,0.0105149708688259,0.0322223305702209
-1.68898463249207,12.8312587738037,0.00965301506221294,0.0321932286024094
-1.43406867980957,12.8322505950928,0.00853140838444233,0.0322012007236481
-1.17881596088409,12.8333559036255,0.00609557190909982,0.0322114378213882
-0.923908174037933,12.8346605300903,0.00546041410416365,0.032158762216568
-0.669441103935242,12.8360376358032,0.00705492263659835,0.032048836350441
-0.415427684783936,12.8375673294067,0.0109213748946786,0.0319284945726395
-0.16113056242466,12.8390626907349,0.0137083185836673,0.0318639427423477
0.0940162688493729,12.8404321670532,0.0128647647798061,0.0318021774291992
0.3497693836689,12.8416728973389,0.00951225310564041,0.0317569822072983
0.605008661746979,12.8429470062256,0.0087082302197814,0.0316944122314453
0.859126031398773,12.8444728851318,0.0131638599559665,0.0315761119127274
1.11311674118042,12.8460397720337,0.0183880142867565,0.0315412133932114
1.36815524101257,12.8474349975586,0.0191229339689016,0.0316088795661926
1.62366950511932,12.8487358093262,0.0179500132799149,0.0316825807094574
1.87957084178925,12.8499240875244,0.0152773698791862,0.0317150950431824
2.13560771942139,12.8509464263916,0.0122354738414288,0.0317373424768448
-2.70235729217529,12.576810836792,0.00386789371259511,0.0321723818778992
-2.44903612136841,12.5785160064697,0.00922727305442095,0.0321395248174667
-2.19464349746704,12.5797929763794,0.00986478105187416,0.0321013033390045
-1.94041430950165,12.5811729431152,0.0114728352054954,0.032043531537056
-1.68554782867432,12.582257270813,0.0103828823193908,0.0319584310054779
-1.43037092685699,12.5831098556519,0.00810755975544453,0.0319288820028305
-1.17501246929169,12.5842332839966,0.00522653758525848,0.0319567769765854
-0.920041739940643,12.5856342315674,0.00434133317321539,0.0319512337446213
-0.665381193161011,12.5870227813721,0.00509493658319116,0.031846284866333
-0.411201566457748,12.5885848999023,0.00824693590402603,0.0317259281873703
-0.156747564673424,12.5900650024414,0.0103665078058839,0.0316483080387115
0.0984591543674469,12.5914249420166,0.00929690804332495,0.0315558761358261
0.354240536689758,12.5925931930542,0.00586422067135572,0.0314711183309555
0.609283745288849,12.5937967300415,0.0059908670373261,0.0314009636640549
0.863240778446198,12.5952157974243,0.0112141873687506,0.0313456803560257
1.11704671382904,12.5968685150146,0.0173057615756989,0.0313263535499573
1.37188518047333,12.5982666015625,0.0189759153872728,0.0313630849123001
1.62758505344391,12.5995044708252,0.0170133262872696,0.0313951969146729
1.88333642482758,12.6006870269775,0.0150489322841167,0.0313887447118759
2.13965630531311,12.6016244888306,0.0107880784198642,0.0313518792390823
-2.69836759567261,12.3278751373291,0.00188867968972772,0.0318880975246429
-2.44516849517822,12.3295450210571,0.0078556640073657,0.0318860560655594
-2.19096684455872,12.3308553695679,0.00941369775682688,0.0318134725093842
-1.93682181835175,12.3322153091431,0.0114489737898111,0.0318044275045395
-1.6818208694458,12.3332614898682,0.00978103931993246,0.031703308224678
-1.42647087574005,12.3341579437256,0.00675134034827352,0.0316293090581894
-1.17120575904846,12.335298538208,0.00433780904859304,0.0316284000873566
-0.916339635848999,12.3366088867188,0.00397208565846086,0.0316487103700638
-0.661638557910919,12.3379669189453,0.00458087306469679,0.0316013246774673
-0.407007992267609,12.3394117355347,0.00572698144242167,0.0315039455890656
-0.152415588498116,12.3409452438354,0.00726039847359061,0.031427413225174
0.10259547829628,12.3424024581909,0.00711698224768043,0.0313437730073929
0.357875794172287,12.3436288833618,0.0059869890101254,0.031245231628418
0.612781345844269,12.3448610305786,0.00677060056477785,0.0311563462018967
0.867158710956573,12.3461894989014,0.0101425517350435,0.0311274230480194
1.12112009525299,12.3477439880371,0.0155795505270362,0.0311309546232224
1.37554001808167,12.3492193222046,0.0191622022539377,0.0311175733804703
1.63094210624695,12.3503637313843,0.0185708124190569,0.0310563445091248
1.88630700111389,12.3516044616699,0.0183623246848583,0.0310115665197372
2.14267253875732,12.352518081665,0.0139296734705567,0.0309071838855743
-2.69450998306274,12.0789222717285,0.000522026675753295,0.0315139442682266
-2.4413468837738,12.0805034637451,0.00669995043426752,0.0315086245536804
-2.1872181892395,12.0818223953247,0.00863401219248772,0.0314529687166214
-1.9332879781723,12.0831956863403,0.0116966543719172,0.0314434170722961
-1.67850685119629,12.0843172073364,0.0110737336799502,0.0313672423362732
-1.42308557033539,12.085391998291,0.00774686923250556,0.03128881752491
-1.16781187057495,12.0865592956543,0.00532963406294584,0.031255841255188
-0.913216233253479,12.087739944458,0.00623822445049882,0.0312880873680115
-0.658674001693726,12.0890293121338,0.00760590517893434,0.0312727838754654
-0.403707444667816,12.0902786254883,0.00726361107081175,0.0312266498804092
-0.148570343852043,12.0916614532471,0.00636698165908456,0.0311112999916077
0.106474198400974,12.0931673049927,0.00611017365008593,0.0310763269662857
0.361329823732376,12.0944910049438,0.00693434569984674,0.031049981713295
0.615946412086487,12.0958375930786,0.00905185099691153,0.0309996455907822
0.870640277862549,12.0971908569336,0.0110328234732151,0.030959352850914
1.12501764297485,12.0985717773438,0.0146443760022521,0.0309439599514008
1.37938404083252,12.0999631881714,0.0185093730688095,0.030902236700058
1.63438701629639,12.1010723114014,0.0197412148118019,0.0307982265949249
1.88945758342743,12.1022987365723,0.0208809748291969,0.0307334512472153
2.1455020904541,12.1032724380493,0.0179065335541964,0.0306202918291092
-2.69078397750854,11.8299694061279,-0.000235287327086553,0.0312087386846542
-2.43752908706665,11.8314380645752,0.00556227145716548,0.0311712026596069
-2.18359541893005,11.8327579498291,0.00843595433980227,0.0311615318059921
-1.92963802814484,11.8341655731201,0.01141157746315,0.0311159044504166
-1.67517399787903,11.8354473114014,0.0122782364487648,0.0310342460870743
-1.41998755931854,11.8365831375122,0.0100607434287667,0.0309702008962631
-1.16463029384613,11.8377389907837,0.00729467906057835,0.0309429615736008
-0.910039305686951,11.8388681411743,0.00826065987348557,0.0309847146272659
-0.65559446811676,11.8400535583496,0.0101087903603911,0.0310235470533371
-0.400488257408142,11.8411731719971,0.00916937366127968,0.0309367924928665
-0.144958034157753,11.8423757553101,0.00653046742081642,0.0308071374893188
0.110472649335861,11.8437957763672,0.00456684408709407,0.0307973027229309
0.365248739719391,11.8452110290527,0.00578799284994602,0.0309000015258789
0.619536578655243,11.8466529846191,0.00942361168563366,0.0308993011713028
0.874128460884094,11.8480043411255,0.011900071054697,0.0308020710945129
1.12878489494324,11.8492727279663,0.0142991747707129,0.0307166427373886
1.38345563411713,11.8505611419678,0.0168423596769571,0.030646875500679
1.63820731639862,11.8517036437988,0.019237456843257,0.0305992811918259
1.89308333396912,11.8528881072998,0.0212843399494886,0.0305575132369995
2.14859414100647,11.8539724349976,0.0207188241183758,0.0305159240961075
-2.68717622756958,11.5810642242432,-0.000446222460595891,0.0310326665639877
-2.43376636505127,11.5824689865112,0.00467626238241792,0.0309615880250931
-2.17989492416382,11.5838527679443,0.00787513330578804,0.030928373336792
-1.92586231231689,11.5852298736572,0.0105448840186,0.0308497250080109
-1.67160546779633,11.586573600769,0.0124005526304245,0.0307873338460922
-1.41664624214172,11.58766746521,0.0112632876262069,0.0307426452636719
-1.16118550300598,11.5887537002563,0.008062525652349,0.0307034701108932
-0.905905306339264,11.5897312164307,0.00592600321397185,0.0307458192110062
-0.651057422161102,11.5908651351929,0.00598410610109568,0.0308051556348801
-0.395806789398193,11.5918893814087,0.00443820934742689,0.0307394862174988
-0.140545397996902,11.5930776596069,0.00306639121845365,0.0306392461061478
0.114923447370529,11.5943660736084,0.000979623291641474,0.0306283533573151
0.369760185480118,11.5958271026611,0.00197054399177432,0.030717521905899
0.623552441596985,11.5974035263062,0.00788005441427231,0.0307135581970215
0.87763237953186,11.5988159179688,0.0126973772421479,0.0305939316749573
1.13228058815002,11.6000680923462,0.0151698431000113,0.0304757058620453
1.38713240623474,11.6013431549072,0.0169385988265276,0.0303801894187927
1.64176726341248,11.6025524139404,0.0198902115225792,0.0303956493735313
1.89657461643219,11.603705406189,0.0222809929400682,0.0303455144166946
2.15163826942444,11.6048860549927,0.0237378235906363,0.0303939804434776
-2.68365597724915,11.3320817947388,-0.000248643540544435,0.0308933556079865
-2.43020415306091,11.3335266113281,0.00471615698188543,0.0308015793561935
-2.17647075653076,11.3349666595459,0.00858805421739817,0.0307514220476151
-1.92239129543304,11.336353302002,0.0110785840079188,0.0306901484727859
-1.66817808151245,11.3377113342285,0.0131705971434712,0.0305773913860321
-1.41320538520813,11.3387403488159,0.012010739184916,0.0305370390415192
-1.15747702121735,11.3397169113159,0.007627391256392,0.0304958671331406
-0.901526391506195,11.3405790328979,0.00247504329308867,0.0305200070142746
-0.646017014980316,11.3416261672974,-0.000430182146374136,0.0305649638175964
-0.390839874744415,11.3427467346191,-0.00159416254609823,0.0305252373218536
-0.135699242353439,11.3438987731934,-0.00236668391153216,0.030460312962532
0.119630560278893,11.3451509475708,-0.00377409579232335,0.0304798781871796
0.373923599720001,11.346586227417,-0.00027987125213258,0.0304806530475616
0.62720787525177,11.348165512085,0.00796081032603979,0.0304480046033859
0.880799114704132,11.3496046066284,0.0150120388716459,0.0303972288966179
1.13531994819641,11.350926399231,0.0180868282914162,0.0302623733878136
1.39016366004944,11.3522291183472,0.0199218727648258,0.0301434174180031
1.64493238925934,11.3534746170044,0.0223057009279728,0.0301009640097618
1.89968979358673,11.3546409606934,0.0249508861452341,0.0300727039575577
2.15464663505554,11.3558359146118,0.0269139185547829,0.0301529243588448
-2.68005037307739,11.0827894210815,-0.00043667692807503,0.0307663679122925
-2.42680048942566,11.0843734741211,0.00549526046961546,0.0306539535522461
-2.17301607131958,11.0858373641968,0.00916821975260973,0.0305937081575394
-1.91912400722504,11.087329864502,0.0125546343624592,0.0304885804653168
-1.66496014595032,11.0887241363525,0.0149071058258414,0.030460000038147
-1.40990257263184,11.089747428894,0.0133936163038015,0.030387818813324
-1.1540048122406,11.090615272522,0.00827465020120144,0.0303245633840561
-0.897793710231781,11.0914554595947,0.00197165249846876,0.0302853733301163
-0.641756415367126,11.0924663543701,-0.00329666188918054,0.0302741527557373
-0.386418849229813,11.0936670303345,-0.00514812162145972,0.0302571356296539
-0.13147734105587,11.0949258804321,-0.004976368509233,0.0302803888916969
0.12335566431284,11.0960521697998,-0.00408822298049927,0.0302564203739166
0.377117305994034,11.0974931716919,0.00184355990495533,0.0301862433552742
0.630517363548279,11.0990419387817,0.00959683395922184,0.0301336497068405
0.883992195129395,11.1005306243896,0.0172041300684214,0.0301334336400032
1.13834714889526,11.10182762146,0.0210571698844433,0.0300697237253189
1.39311015605927,11.103063583374,0.0232875030487776,0.0299497172236443
1.64806032180786,11.1042776107788,0.0248922910541296,0.0298762917518616
1.90288698673248,11.1054420471191,0.0272607430815697,0.029827356338501
2.15812921524048,11.1065464019775,0.0279898289591074,0.0298786833882332
-2.67628574371338,10.8334293365479,-0.00135616771876812,0.0306065753102303
-2.42341899871826,10.8351802825928,0.00637968862429261,0.0304975733160973
-2.16953802108765,10.8367385864258,0.0096399849280715,0.0304524600505829
-1.91577422618866,10.8382511138916,0.0136531312018633,0.030341312289238
-1.66142690181732,10.8396158218384,0.0152007089927793,0.0303079038858414
-1.40628027915955,10.8406562805176,0.0133160166442394,0.0302421674132347
-1.1504328250885,10.8415403366089,0.00846511777490377,0.0301612690091133
-0.894315600395203,10.8423919677734,0.00262797717005014,0.0300618782639503
-0.638541042804718,10.8433818817139,-0.00140642013866454,0.0299937427043915
-0.383477568626404,10.844575881958,-0.00197828025557101,0.0299616232514381
-0.128570809960365,10.8458137512207,-0.00161693664267659,0.0299936458468437
0.12633952498436,10.8469562530518,-0.00104828248731792,0.0299995467066765
0.380227535963058,10.8483810424805,0.00434505054727197,0.0299489200115204
0.633804738521576,10.8498210906982,0.0113365268334746,0.0298855528235435
0.887388110160828,10.8513870239258,0.0184869524091482,0.0298878625035286
1.1414966583252,10.8527336120605,0.0234788283705711,0.0298686400055885
1.39634501934052,10.8538837432861,0.0253627970814705,0.0297820419073105
1.65166521072388,10.8549575805664,0.0253520216792822,0.0297021493315697
1.90660905838013,10.8561687469482,0.0272326339036226,0.0296552777290344
2.16224431991577,10.8571643829346,0.0262527875602245,0.0296694710850716
-2.67219662666321,10.5843324661255,-0.00378728681243956,0.0303395465016365
-2.4197940826416,10.586238861084,0.00613089557737112,0.030286505818367
-2.16600632667542,10.5877494812012,0.00986126810312271,0.0302344188094139
-1.91223251819611,10.5892972946167,0.0138649735599756,0.0301901996135712
-1.65755879878998,10.590503692627,0.013957723043859,0.0301445797085762
-1.40234279632568,10.5914440155029,0.0117995953187346,0.0300640016794205
-1.14675545692444,10.5923318862915,0.0081790080294013,0.0299755334854126
-0.89108544588089,10.5933237075806,0.00441632652655244,0.0298801437020302
-0.635692298412323,10.5943508148193,0.00215124874375761,0.0298092886805534
-0.380455613136292,10.5954532623291,0.000826515955850482,0.0297671854496002
-0.125433340668678,10.5966653823853,0.000697233597747982,0.0297600924968719
0.129370987415314,10.5978937149048,0.00177557987626642,0.0297744423151016
0.383635371923447,10.5992193222046,0.00550491968169808,0.0297355875372887
0.637573778629303,10.6005735397339,0.0109073184430599,0.0296686291694641
0.891391634941101,10.6020307540894,0.0170456599444151,0.0296588689088821
1.14536011219025,10.6034288406372,0.0227047745138407,0.0296689569950104
1.40013337135315,10.6046648025513,0.0249608848243952,0.0296086445450783
1.65559411048889,10.605749130249,0.0243595950305462,0.0295776873826981
1.91060554981232,10.6069583892822,0.0259783491492271,0.0295391827821732
2.16635179519653,10.6079196929932,0.0245465748012066,0.029540441930294
-2.66788268089294,10.3355121612549,-0.00726887909695506,0.0299395173788071
-2.4158296585083,10.3374977111816,0.00430636014789343,0.0299716293811798
-2.16197443008423,10.3389091491699,0.00777145801112056,0.0299629718065262
-1.90818095207214,10.3403768539429,0.0117302164435387,0.0299873128533363
-1.65342056751251,10.3414573669434,0.0114725073799491,0.0299510136246681
-1.39837539196014,10.3423910140991,0.0101410020142794,0.0298364982008934
-1.14323782920837,10.3433036804199,0.00861756410449743,0.0297124236822128
-0.888132870197296,10.3444204330444,0.00746527314186096,0.0296617299318314
-0.632965981960297,10.345495223999,0.00626046396791935,0.029656894505024
-0.37746399641037,10.3464698791504,0.00376443075947464,0.0296459570527077
-0.122148863971233,10.3475160598755,0.00234533566981554,0.0296230465173721
0.132733106613159,10.3486604690552,0.00310993101447821,0.0295447111129761
0.387100011110306,10.3499631881714,0.00641234265640378,0.0294872745871544
0.641164779663086,10.3512401580811,0.0112839192152023,0.0294405147433281
0.895252287387848,10.352578163147,0.0162510052323341,0.02944216132164
1.14962899684906,10.3539333343506,0.0201187282800674,0.0294418260455132
1.40431880950928,10.3552532196045,0.0227885954082012,0.0294201672077179
1.65941405296326,10.3564767837524,0.0238575395196676,0.0294214710593224
1.91443240642548,10.3576526641846,0.0254850946366787,0.0294214636087418
2.16983199119568,10.3586683273315,0.0256316754966974,0.0294545665383339
-2.66397500038147,10.086651802063,-0.00886815972626209,0.0295482724905014
-2.41188383102417,10.0885877609253,0.00257486430928111,0.0296202003955841
-2.15796184539795,10.0899066925049,0.00577686913311481,0.0296656563878059
-1.90404295921326,10.0912799835205,0.00920454505831003,0.0297235772013664
-1.64920854568481,10.0922689437866,0.00865392293781042,0.0296711772680283
-1.39440929889679,10.0932102203369,0.00849333684891462,0.0295120626688004
-1.14002358913422,10.094313621521,0.0104415314272046,0.0294078961014748
-0.885664105415344,10.095630645752,0.0127177350223064,0.0294312387704849
-0.630771458148956,10.0968189239502,0.0127844084054232,0.0295287594199181
-0.375092297792435,10.0976686477661,0.00951253902167082,0.0295454636216164
-0.119483254849911,10.0984773635864,0.00679577887058258,0.0294744372367859
0.135465949773788,10.0994873046875,0.00728992559015751,0.0293398424983025
0.390004724264145,10.1007461547852,0.00984698999673128,0.02927615493536
0.644408106803894,10.1020002365112,0.0132243158295751,0.0292633324861526
0.898915827274323,10.1032361984253,0.0163391828536987,0.0292446166276932
1.15371668338776,10.1044445037842,0.0183463264256716,0.0291788354516029
1.40845000743866,10.1057462692261,0.0208630431443453,0.029164120554924
1.66305220127106,10.1069860458374,0.0241763889789581,0.0291778296232224
1.91790556907654,10.1081438064575,0.0265770591795444,0.0292169749736786
2.17277193069458,10.1092233657837,0.0291304215788841,0.0293258801102638
-2.66104793548584,9.83773899078369,-0.00592559156939387,0.0293092206120491
-2.40844798088074,9.8394832611084,0.00320637784898281,0.0293465256690979
-2.15434432029724,9.8407678604126,0.00561002595350146,0.0294028893113136
-1.90023446083069,9.8419075012207,0.00820564571768045,0.0294131264090538
-1.64541566371918,9.8428955078125,0.00776737509295344,0.0293563529849052
-1.39086925983429,9.84399509429932,0.00879899598658085,0.0292312949895859
-1.13697338104248,9.845290184021,0.0130173740908504,0.0291754752397537
-0.883306860923767,9.84675598144531,0.0184820219874382,0.0292521566152573
-0.628914654254913,9.84797763824463,0.0208521876484156,0.0293565914034843
-0.373162835836411,9.84883880615234,0.0172711275517941,0.0293773412704468
-0.116997458040714,9.84943103790283,0.0120621509850025,0.0292728394269943
0.138452604413033,9.85034656524658,0.0103206532076001,0.0291297733783722
0.393228352069855,9.85154151916504,0.0118415979668498,0.0290626510977745
0.647919356822968,9.85276508331299,0.0139576839283109,0.0290552079677582
0.902557373046875,9.8539981842041,0.0165227837860584,0.0290020331740379
1.15743470191956,9.85511589050293,0.0182274207472801,0.0288368538022041
1.41211700439453,9.85631084442139,0.0210144016891718,0.0287995040416718
1.66644728183746,9.85746192932129,0.0255840197205544,0.0288998112082481
1.92094075679779,9.85866165161133,0.0296227298676968,0.0289202481508255
2.17545175552368,9.85979080200195,0.0337877050042152,0.0291083827614784
-2.65880441665649,9.58895301818848,0.000177761961822398,0.0292069986462593
-2.40545392036438,9.59045314788818,0.00587596138939261,0.0291733741760254
-2.15107750892639,9.59165382385254,0.00705839274451137,0.0292036086320877
-1.89658200740814,9.59274768829346,0.0079174293205142,0.0291723310947418
-1.64190697669983,9.59378814697266,0.0081759337335825,0.0291494727134705
-1.38752698898315,9.5949010848999,0.0100068859755993,0.0290980041027069
-1.13345539569855,9.59604930877686,0.0134636284783483,0.0290806293487549
-0.87991601228714,9.59745502471924,0.0195473171770573,0.0291190445423126
-0.625879168510437,9.59864807128906,0.0235724672675133,0.0291479676961899
-0.370041310787201,9.59952545166016,0.0196322910487652,0.0291424840688705
-0.113604716956615,9.60012340545654,0.013226623646915,0.0290526151657104
0.142372325062752,9.60087490081787,0.00914249289780855,0.0289693772792816
0.397416293621063,9.60197067260742,0.00949634984135628,0.028945580124855
0.652080714702606,9.60333156585693,0.0117694353684783,0.0289287939667702
0.906354248523712,9.60468101501465,0.0160114206373692,0.0288010984659195
1.16087448596954,9.60580825805664,0.0193570349365473,0.028589203953743
1.41534006595612,9.60692024230957,0.0231532268226147,0.0285702049732208
1.66957426071167,9.60807704925537,0.0281845573335886,0.0286756604909897
1.9235326051712,9.60939025878906,0.0346379168331623,0.0286987721920013
2.17786598205566,9.61060619354248,0.0396170690655708,0.0289048701524734
-2.65649437904358,9.34032535552979,0.00596671318635345,0.0290920585393906
-2.40253806114197,9.34159755706787,0.0089018763974309,0.0290118306875229
-2.14786815643311,9.34269618988037,0.0087663447484374,0.028997503221035
-1.89308452606201,9.34369468688965,0.00833808444440365,0.0289752632379532
-1.63831722736359,9.34474086761475,0.00821063760668039,0.0289984568953514
-1.38367426395416,9.34573745727539,0.0088792946189642,0.0290212631225586
-1.12902081012726,9.34671115875244,0.00972254294902086,0.0290304943919182
-0.874812424182892,9.34783935546875,0.012811022810638,0.0289825946092606
-0.620532870292664,9.34892272949219,0.0157874189317226,0.0289029106497765
-0.365222960710526,9.34994220733643,0.0142948273569345,0.028842106461525
-0.109275475144386,9.35069370269775,0.010150033980608,0.0288078859448433
0.146633297204971,9.35141754150391,0.00642027286812663,0.0288115069270134
0.401833564043045,9.35239124298096,0.00611665518954396,0.0288191437721252
0.656510531902313,9.35370826721191,0.0083793830126524,0.0287825912237167
0.910700082778931,9.35507202148438,0.0130431707948446,0.028678186237812
1.16479873657227,9.35628795623779,0.018321031704545,0.0285429358482361
1.4188060760498,9.35754299163818,0.0242032818496227,0.0285352542996407
1.67288100719452,9.35879611968994,0.0299785118550062,0.0285750478506088
1.92665767669678,9.36007118225098,0.0372771732509136,0.0285900607705116
2.18078207969666,9.36139297485352,0.0432139821350574,0.0287400409579277
-2.65374684333801,9.09167385101318,0.00973176956176758,0.0289058834314346
-2.39950609207153,9.09275722503662,0.0113896997645497,0.0288288146257401
-2.14461255073547,9.09370803833008,0.0102626010775566,0.0287924110889435
-1.88968074321747,9.09469985961914,0.00918845646083355,0.0287694483995438
-1.63454556465149,9.09570693969727,0.00740984734147787,0.0287967845797539
-1.37945210933685,9.0965576171875,0.00606020307168365,0.0288352891802788
-1.12423896789551,9.0972957611084,0.00439784210175276,0.0288379192352295
-0.86937814950943,9.0981330871582,0.00456999707967043,0.0287431851029396
-0.615032613277435,9.09925937652588,0.00729947118088603,0.0286206677556038
-0.360400468111038,9.10050487518311,0.00893334951251745,0.0285417139530182
-0.105209067463875,9.10146903991699,0.00825762655586004,0.0285654664039612
0.150239154696465,9.10223293304443,0.0066521605476737,0.028617687523365
0.405553132295609,9.10308742523193,0.00587705103680491,0.0286043584346771
0.660472214221954,9.10422325134277,0.00709427474066615,0.0285793393850327
0.914904773235321,9.10553169250488,0.0107072992250323,0.028546467423439
1.16925144195557,9.10666084289551,0.0149177340790629,0.0285479053854942
1.42347455024719,9.10783290863037,0.0198815520852804,0.02850241959095
1.67745637893677,9.10904216766357,0.0261207055300474,0.028420589864254
1.93120729923248,9.11041831970215,0.0335757099092007,0.0284363031387329
2.18507552146912,9.11178970336914,0.0406958498060703,0.0285183861851692
-2.65065431594849,8.84280681610107,0.0119082611054182,0.0287048891186714
-2.39640140533447,8.8437557220459,0.0135495541617274,0.0286577418446541
-2.14146518707275,8.84468936920166,0.0122595150023699,0.028605155646801
-1.88647663593292,8.84561538696289,0.0109614059329033,0.0285786017775536
-1.63098049163818,8.84654426574707,0.00756280310451984,0.0285281538963318
-1.37560939788818,8.84733390808105,0.00498159835115075,0.028557188808918
-1.12038660049438,8.84807205200195,0.00331606063991785,0.0285896137356758
-0.865278482437134,8.84891891479492,0.00239967228844762,0.0285428911447525
-0.610663235187531,8.85001468658447,0.00394484959542751,0.0284292548894882
-0.356208145618439,8.85129165649414,0.0064266943372786,0.028349295258522
-0.1015744805336,8.85242557525635,0.00831636227667332,0.0283696725964546
0.153622761368752,8.85320568084717,0.0078837675973773,0.0284184664487839
0.409150391817093,8.85397052764893,0.00618279306218028,0.0283805876970291
0.66423088312149,8.85493659973145,0.00671623041853309,0.0283741429448128
0.918915212154388,8.85606575012207,0.00924260728061199,0.0284323617815971
1.17363083362579,8.85706233978271,0.0118430340662599,0.0284606665372849
1.42831301689148,8.85817527770996,0.0147973913699389,0.0283341333270073
1.68237268924713,8.85939598083496,0.0207355283200741,0.0282241478562355
1.9364287853241,8.86063003540039,0.0268832501024008,0.0281890630722046
2.19024562835693,8.86196994781494,0.0342836938798428,0.0282542929053307
-2.64708924293518,8.59366035461426,0.0119084753096104,0.0285454168915749
-2.39298105239868,8.59460544586182,0.0142562408000231,0.0285044685006142
-2.13805365562439,8.59558296203613,0.013042981736362,0.0284294560551643
-1.88321650028229,8.59649276733398,0.0124780619516969,0.028379812836647
-1.62796008586884,8.59734535217285,0.0102185420691967,0.0283006429672241
-1.37283527851105,8.59822559356689,0.0087952446192503,0.0282995998859406
-1.11753559112549,8.59902763366699,0.00680549629032612,0.0283553898334503
-0.861977100372314,8.59977054595947,0.00386949046514928,0.0283464193344116
-0.606892347335815,8.60080909729004,0.00331402174197137,0.0282854735851288
-0.35220867395401,8.60196590423584,0.00480124587193131,0.0282523855566978
-0.0977286994457245,8.60310459136963,0.00742877880111337,0.0282472670078278
0.157221466302872,8.60402870178223,0.00814818497747183,0.0282194539904594
0.412705063819885,8.60476398468018,0.00668452912941575,0.0281819924712181
0.667851209640503,8.60565757751465,0.00696187233552337,0.0282155275344849
0.922668814659119,8.60666942596436,0.00893065147101879,0.0282891169190407
1.17755591869354,8.60763072967529,0.0108013451099396,0.0282812565565109
1.4324756860733,8.60868167877197,0.012733094394207,0.0281394571065903
1.68685936927795,8.6098690032959,0.0172665175050497,0.0280573293566704
1.94117140769958,8.61101627349854,0.0223200563341379,0.0279723256826401
2.19528031349182,8.61226367950439,0.028471177443862,0.028053380548954
-2.64296841621399,8.34441375732422,0.00933954305946827,0.0284078940749168
-2.38903903961182,8.34545230865479,0.0125537980347872,0.0283256694674492
-2.13433694839478,8.34638977050781,0.0124228363856673,0.0282259956002235
-1.87978732585907,8.34738349914551,0.0132172703742981,0.0281308889389038
-1.62483048439026,8.34823703765869,0.0123697072267532,0.0280786082148552
-1.36970412731171,8.34899139404297,0.0109781827777624,0.0280708596110344
-1.11418628692627,8.34975147247314,0.0080264862626791,0.0280924215912819
-0.858412444591522,8.35056400299072,0.00414050975814462,0.0281081274151802
-0.603040933609009,8.35157871246338,0.0023176777176559,0.0281110554933548
-0.348282784223557,8.35262584686279,0.00351104163564742,0.0281285867094994
-0.0938842073082924,8.35360717773438,0.00655470602214336,0.0280837267637253
0.160838738083839,8.35449600219727,0.00834343954920769,0.0280594304203987
0.416132032871246,8.35528659820557,0.00777438515797257,0.0280800461769104
0.671758592128754,8.35617065429688,0.00592245906591415,0.0281080827116966
0.92700731754303,8.35718250274658,0.00599236786365509,0.0281466245651245
1.18196856975555,8.35811042785645,0.00757503323256969,0.0281073823571205
1.4365541934967,8.35921573638916,0.0110455779358745,0.0279649198055267
1.69099879264832,8.36032104492188,0.0153503557667136,0.0279174372553825
1.9453182220459,8.3615255355835,0.0204102080315351,0.0278480425477028
2.20000100135803,8.36259937286377,0.0240548420697451,0.0279285237193108
-2.63886380195618,8.09525203704834,0.00684363767504692,0.0282832086086273
-2.38506174087524,8.09634590148926,0.0106878327205777,0.0281353294849396
-2.13048386573792,8.09728050231934,0.0111712729558349,0.0280347764492035
-1.87603580951691,8.09832668304443,0.0124715194106102,0.0278943479061127
-1.62097322940826,8.09910297393799,0.0111814681440592,0.0278535410761833
-1.36561858654022,8.0998010635376,0.00878673139959574,0.0278142914175987
-1.11020243167877,8.1005163192749,0.006344691850245,0.0278050005435944
-0.854956686496735,8.10133838653564,0.00490968022495508,0.0278560295701027
-0.599823594093323,8.10235023498535,0.00420896802097559,0.0279162749648094
-0.344784885644913,8.10328006744385,0.0041662803851068,0.0279564931988716
-0.0899393036961555,8.10407257080078,0.00522734085097909,0.0279080420732498
0.164935231208801,8.10479640960693,0.00637758430093527,0.0278796851634979
0.420051574707031,8.10564994812012,0.00664687529206276,0.0279532223939896
0.675788223743439,8.10664367675781,0.00433429330587387,0.0279913693666458
0.931580603122711,8.10763454437256,0.00200083991512656,0.0279957205057144
1.18670427799225,8.10860633850098,0.00289860228076577,0.0279378145933151
1.44077515602112,8.1096887588501,0.00872248504310846,0.0278409421443939
1.69520235061646,8.11070823669434,0.0131505811586976,0.0277773961424828
1.94992172718048,8.11179256439209,0.0164732746779919,0.0276986137032509
2.20555663108826,8.11260318756104,0.0159350279718637,0.027739517390728
-2.63511610031128,7.84599494934082,0.00600437354296446,0.0281437858939171
-2.38134121894836,7.84702968597412,0.010016618296504,0.0279673933982849
-2.12682700157166,7.84803152084351,0.0108298938721418,0.027868926525116
-1.87233817577362,7.84903001785278,0.0119839664548635,0.027719721198082
-1.61710977554321,7.84989976882935,0.0099681168794632,0.0276597961783409
-1.36142945289612,7.85051012039185,0.00612570717930794,0.0276365429162979
-1.10620629787445,7.85115718841553,0.00461264606565237,0.0276395678520203
-0.851559460163116,7.85206079483032,0.00594860455021262,0.0276755020022392
-0.596943140029907,7.85314226150513,0.00763389468193054,0.0277226120233536
-0.341606676578522,7.85402536392212,0.00627083377912641,0.0277246832847595
-0.0860821306705475,7.85467433929443,0.00429264036938548,0.0277199968695641
0.169036507606506,7.85545444488525,0.00437573762610555,0.0277130603790283
0.424006581306458,7.85635614395142,0.00534543115645647,0.0277597457170486
0.679491519927979,7.85728693008423,0.00421017641201615,0.0277902036905289
0.935338020324707,7.85812377929688,0.00167748925741762,0.0277993083000183
1.19040548801422,7.85903120040894,0.00286813615821302,0.0277487263083458
1.44500994682312,7.86000680923462,0.00634419079869986,0.0276501774787903
1.70002543926239,7.86093473434448,0.00818914361298084,0.0275722071528435
1.95585799217224,7.86163997650146,0.00660904496908188,0.0275325700640678
2.21298813819885,7.8620753288269,-0.000511776830535382,0.0275429263710976
-2.63130712509155,7.59662628173828,0.00488608935847878,0.0279263705015182
-2.37747645378113,7.59752464294434,0.00868670549243689,0.0277999266982079
-2.12307906150818,7.59859561920166,0.0100782727822661,0.0277268439531326
-1.86866629123688,7.59952640533447,0.0116243036463857,0.0276284068822861
-1.61361455917358,7.60055780410767,0.0104515058919787,0.0275767892599106
-1.35808920860291,7.60131597518921,0.00735057517886162,0.0275434255599976
-1.10290467739105,7.60198211669922,0.00604863092303276,0.0275311917066574
-0.848019123077393,7.60272932052612,0.00633715884760022,0.0275614187121391
-0.593315005302429,7.60376644134521,0.00766165368258953,0.0275806710124016
-0.338071793317795,7.60473728179932,0.00675645936280489,0.0275473371148109
-0.0824140906333923,7.60551595687866,0.00420578895136714,0.0275314897298813
0.173009842634201,7.60629940032959,0.00294514396227896,0.0275137051939964
0.428067684173584,7.60718965530396,0.00355960801243782,0.0275249406695366
0.68320220708847,7.60799264907837,0.00405032699927688,0.0275306478142738
0.938608348369598,7.60872316360474,0.00354043603874743,0.0275387465953827
1.19361591339111,7.60971212387085,0.00503036519512534,0.0275044441223145
1.44915533065796,7.61043500900269,0.00436227768659592,0.0274695977568626
1.70558559894562,7.61094951629639,-5.80056221224368e-05,0.0274613276124001
1.96244537830353,7.61131620407104,-0.00615149876102805,0.027435690164566
2.22119331359863,7.61135196685791,-0.0203944686800241,0.0274542197585106
-2.62676000595093,7.34729671478271,0.000349790207110345,0.0276028960943222
-2.37283682823181,7.34808397293091,0.00377581920474768,0.027579627931118
-2.11862254142761,7.3491358757019,0.00606030924245715,0.0275257751345634
-1.86428368091583,7.35013723373413,0.00799029506742954,0.0275319814682007
-1.60996997356415,7.35127353668213,0.0102475360035896,0.0275174081325531
-1.35516238212585,7.3521614074707,0.0104681067168713,0.0274805203080177
-1.09979939460754,7.35288524627686,0.00837964378297329,0.027451679110527
-0.844525575637817,7.35356521606445,0.00693227257579565,0.0274218320846558
-0.589331686496735,7.35447263717651,0.00606872281059623,0.0274215340614319
-0.334311455488205,7.35540866851807,0.00621953560039401,0.027413621544838
-0.0789623036980629,7.35623836517334,0.00510486355051398,0.0273943692445755
0.176467001438141,7.35704898834229,0.00385457347147167,0.0273564681410789
0.431651055812836,7.35781240463257,0.00394022418186069,0.0273544639348984
0.686940670013428,7.35846281051636,0.00377528835088015,0.0273701250553131
0.942297160625458,7.35925722122192,0.00352427316829562,0.0273661091923714
1.19715452194214,7.36030864715576,0.00572318071499467,0.0273118540644646
1.45295321941376,7.36095142364502,0.00393315590918064,0.0273149386048317
1.71027410030365,7.36126232147217,-0.00442095566540956,0.0273541435599327
1.96779322624207,7.36126756668091,-0.0133940801024437,0.0273727253079414
2.22734689712524,7.36105680465698,-0.031161105260253,0.0274108797311783
-2.62219905853271,7.09815645217896,-0.00425820238888264,0.0272372514009476
-2.36821889877319,7.09892654418945,-0.00104662985540926,0.0272948667407036
-2.11420273780823,7.09986639022827,0.00220462516881526,0.0273161754012108
-1.85980796813965,7.10081148147583,0.00392591115087271,0.0273902118206024
-1.60557067394257,7.10192728042603,0.00658168131485581,0.0273986309766769
-1.35128462314606,7.10289859771729,0.00923396646976471,0.0273292139172554
-1.09636735916138,7.10369539260864,0.00922093447297812,0.0272678583860397
-0.840857625007629,7.10436725616455,0.00673370435833931,0.0272394791245461
-0.585280299186707,7.10509729385376,0.004170096013695,0.0272959098219872
-0.330188810825348,7.10591077804565,0.00404390739277005,0.0273461118340492
-0.075348287820816,7.10668516159058,0.00528052728623152,0.0273091942071915
0.179600566625595,7.10751724243164,0.00624090153723955,0.0272439494729042
0.435098469257355,7.10824584960938,0.00494354404509068,0.0272497311234474
0.690769076347351,7.10889720916748,0.00309700495563447,0.0272571966052055
0.946346282958984,7.10973072052002,0.00189048936590552,0.0272463262081146
1.20114314556122,7.11083745956421,0.00439905561506748,0.0271515175700188
1.45667350292206,7.11139678955078,0.00385465216822922,0.0271661281585693
1.71339571475983,7.11165904998779,-0.0017835428006947,0.0271982997655869
1.97078359127045,7.11181926727295,-0.0101458439603448,0.0272456407546997
2.22990012168884,7.1116681098938,-0.0259381700307131,0.0272887572646141
-2.61865305900574,6.84915065765381,-0.00417199451476336,0.0269923210144043
-2.36474967002869,6.84996557235718,-0.000569883442949504,0.0270552858710289
-2.11083602905273,6.85091972351074,0.00319072417914867,0.0270962044596672
-1.85635221004486,6.8518180847168,0.00454017519950867,0.0271743312478065
-1.60178303718567,6.85267210006714,0.00572021072730422,0.0272003188729286
-1.34728252887726,6.85358953475952,0.00743193924427032,0.0271091163158417
-1.09259688854218,6.85436248779297,0.00852084625512362,0.0270556509494781
-0.837228715419769,6.85501956939697,0.00671991938725114,0.0270760804414749
-0.581397294998169,6.85558366775513,0.00304450583644211,0.0271953046321869
-0.326067477464676,6.85631895065308,0.00187890534289181,0.0272328183054924
-0.0712870508432388,6.85708665847778,0.00343052158132195,0.0271396711468697
0.183749303221703,6.85786962509155,0.00403863331303,0.0270481258630753
0.439120531082153,6.85862874984741,0.00335418316535652,0.0270751416683197
0.694777369499207,6.85937023162842,0.00160662352573127,0.0270947366952896
0.950116217136383,6.86028385162354,0.00150930543895811,0.0270669758319855
1.2046263217926,6.86127281188965,0.00534817250445485,0.0269622281193733
1.45978832244873,6.86200761795044,0.00648158695548773,0.026955284178257
1.71579134464264,6.86246299743652,0.00408171582967043,0.0269948467612267
1.97241032123566,6.86283493041992,-0.000834425096400082,0.0270379632711411
2.2304630279541,6.86296224594116,-0.0118850218132138,0.0270783826708794
-2.61594915390015,6.60011386871338,-0.000185051001608372,0.0268981754779816
-2.3621940612793,6.6009669303894,0.00413069082424045,0.0269055888056755
-2.10802674293518,6.6017632484436,0.00675723515450954,0.0269511640071869
-1.85364627838135,6.60268068313599,0.00861186347901821,0.0269383192062378
-1.59889268875122,6.60348844528198,0.0089767724275589,0.0269267931580544
-1.34396028518677,6.6042799949646,0.00874578114598989,0.0269005447626114
-1.08891367912292,6.60491609573364,0.00822574645280838,0.0269211754202843
-0.833453297615051,6.60548543930054,0.0060464097186923,0.026979073882103
-0.577619433403015,6.6060094833374,0.00240067578852177,0.0270721763372421
-0.322291135787964,6.60678625106812,0.00127935654018074,0.0270439013838768
-0.0673440992832184,6.60753631591797,0.00211530132219195,0.0269225761294365
0.187904447317123,6.60833692550659,0.00180269288830459,0.0268668085336685
0.443348824977875,6.60899591445923,0.000834555132314563,0.0268977805972099
0.69869989156723,6.60976314544678,0.000506781740114093,0.0269244462251663
0.953453898429871,6.61072969436646,0.00307689001783729,0.0268551185727119
1.20795953273773,6.61167669296265,0.00697165820747614,0.0267517417669296
1.46309292316437,6.61255216598511,0.00826107710599899,0.0267451107501984
1.71870946884155,6.61318063735962,0.00761481933295727,0.0267920792102814
1.97443270683289,6.61373090744019,0.00671669561415911,0.0268068984150887
2.23165440559387,6.61407947540283,-0.00062190426979214,0.0268361493945122
-2.61319923400879,6.35108757019043,0.00358954234980047,0.0268701538443565
-2.35952758789062,6.3519172668457,0.00832172110676765,0.0268271267414093
-2.10513424873352,6.35269832611084,0.00993616972118616,0.0268300473690033
-1.85063707828522,6.35350704193115,0.0112900016829371,0.0267700701951981
-1.59579288959503,6.35423135757446,0.0112748667597771,0.0267458632588387
-1.34087526798248,6.35495138168335,0.0111482739448547,0.0267725512385368
-1.08558428287506,6.35550498962402,0.00954744126647711,0.0268190428614616
-0.829881310462952,6.3560094833374,0.00629902631044388,0.0268748477101326
-0.574045717716217,6.35653972625732,0.00268246582709253,0.0269131511449814
-0.318809777498245,6.35733318328857,0.00201743002980947,0.0268485471606255
-0.0636633113026619,6.35806131362915,0.00198597786948085,0.0267293751239777
0.191941455006599,6.35868072509766,0.000107278559880797,0.0266891792416573
0.44761461019516,6.35927438735962,-0.00185015762690455,0.0266968384385109
0.70291668176651,6.35998201370239,-0.00191141292452812,0.0267146080732346
0.957776725292206,6.36090612411499,0.000226253498112783,0.0266521871089935
1.21225261688232,6.36184358596802,0.00429809000343084,0.026593491435051
1.46689105033875,6.36277532577515,0.0078448923304677,0.0265791043639183
1.72216808795929,6.36340045928955,0.00875427573919296,0.0265993848443031
1.97728621959686,6.36414003372192,0.0105822747573256,0.0265799537301064
2.23412775993347,6.3645167350769,0.00496409879997373,0.026565745472908
-2.61017060279846,6.10211944580078,0.00607061898335814,0.0267603024840355
-2.35651087760925,6.10289621353149,0.0108945351094007,0.0267183929681778
-2.10202527046204,6.1036319732666,0.0121166380122304,0.0267072916030884
-1.84751808643341,6.10434150695801,0.0134635167196393,0.0266375169157982
-1.59267377853394,6.10502862930298,0.0134827950969338,0.0266147777438164
-1.33763337135315,6.10571098327637,0.0128286220133305,0.026663064956665
-1.0820769071579,6.10623741149902,0.0100488839671016,0.0266920551657677
-0.826254546642303,6.10669755935669,0.00629475247114897,0.0267135947942734
-0.570346891880035,6.10721254348755,0.00238857185468078,0.0267332941293716
-0.315110832452774,6.10793781280518,0.0017643051687628,0.0267205163836479
-0.0600185096263885,6.10865259170532,0.00201719044707716,0.0266841500997543
0.195544049143791,6.10921335220337,0.000369695568224415,0.0266756787896156
0.451295256614685,6.1096830368042,-0.00189759931527078,0.0266491249203682
0.70707243680954,6.11023139953613,-0.00405551539734006,0.026594839990139
0.96242481470108,6.11107778549194,-0.00408710306510329,0.0264818593859673
1.21687984466553,6.11197471618652,0.000126748942420818,0.0264395400881767
1.47102272510529,6.11295413970947,0.00593643728643656,0.0264294147491455
1.72588360309601,6.11352014541626,0.00875047314912081,0.0264259651303291
1.98069334030151,6.11430215835571,0.0119893634691834,0.0264045670628548
2.23722958564758,6.11466312408447,0.00776524469256401,0.0263329073786736
-2.6070728302002,5.85302829742432,0.00823811814188957,0.0265314355492592
-2.35336446762085,5.85377407073975,0.012872033752501,0.0265393257141113
-2.09869170188904,5.85437154769897,0.0132725704461336,0.0265295282006264
-1.84423267841339,5.85507965087891,0.014875684864819,0.0265091955661774
-1.58928048610687,5.8557300567627,0.0144361210986972,0.0264891609549522
-1.33392632007599,5.85634994506836,0.0123831871896982,0.026535876095295
-1.07821047306061,5.85678386688232,0.00891777779906988,0.0265530347824097
-0.822487711906433,5.85726642608643,0.00565695762634277,0.0265560150146484
-0.566804111003876,5.85787105560303,0.00280643603764474,0.0265628546476364
-0.311448633670807,5.85856294631958,0.00167754082940519,0.0265778750181198
-0.0561585798859596,5.85918998718262,0.0010754574323073,0.0265908017754555
0.199289351701736,5.85976600646973,-1.44651412483654e-05,0.0265946313738823
0.454905420541763,5.86030626296997,-0.00163622642867267,0.026574432849884
0.710794389247894,5.8608136177063,-0.00425923801958561,0.0265018790960312
0.966758966445923,5.86131572723389,-0.00699114706367254,0.0263423100113869
1.22160029411316,5.86211109161377,-0.00446332199499011,0.0263067334890366
1.47537744045258,5.8631272315979,0.00302966753952205,0.0263411551713943
1.7299702167511,5.86388111114502,0.00707672350108624,0.026314988732338
1.9846009016037,5.8647027015686,0.0111530451104045,0.0263000652194023
2.24064779281616,5.86514520645142,0.0091423150151968,0.0262085348367691
-2.60365605354309,5.6036229133606,0.00894427672028542,0.0262827500700951
-2.34974575042725,5.6043815612793,0.0126799494028091,0.0263547003269196
-2.09504795074463,5.60501861572266,0.0130018386989832,0.0263548418879509
-1.8404324054718,5.60576295852661,0.0139216687530279,0.0263673961162567
-1.58531939983368,5.60640382766724,0.0127837350592017,0.0263569727540016
-1.32988893985748,5.60691499710083,0.0104273296892643,0.0263628363609314
-1.07429158687592,5.60730361938477,0.00754805887117982,0.0263844206929207
-0.818845987319946,5.60783815383911,0.00559077505022287,0.0263704508543015
-0.563284695148468,5.60847997665405,0.00333287357352674,0.0263680666685104
-0.307578146457672,5.6089940071106,0.000653341005090624,0.0263918191194534
-0.0517775751650333,5.60945510864258,-0.00221657706424594,0.026405856013298
0.203542619943619,5.61007928848267,-0.00268624816089869,0.0264462381601334
0.458627879619598,5.61084127426147,-0.00187806168105453,0.0264608636498451
0.714259505271912,5.61137866973877,-0.00330461375415325,0.0264218896627426
0.970301449298859,5.61171722412109,-0.00634135492146015,0.0262628644704819
1.22552120685577,5.61249399185181,-0.00547565659508109,0.0261751636862755
1.47958147525787,5.61353778839111,0.000787011929787695,0.0262239053845406
1.733966588974,5.61448049545288,0.00579487252980471,0.0262091904878616
1.98865401744843,5.6153883934021,0.00965361762791872,0.0262311697006226
2.24413967132568,5.61596632003784,0.0101748639717698,0.0261724218726158
-2.59989619255066,5.35393047332764,0.0080744381994009,0.0260982811450958
-2.34573602676392,5.35479211807251,0.0106911491602659,0.026202455163002
-2.09087753295898,5.35548305511475,0.0103115728124976,0.0262138247489929
-1.83599483966827,5.35621976852417,0.0100459447130561,0.0262606963515282
-1.58083236217499,5.3568959236145,0.00872536562383175,0.0262525901198387
-1.32567524909973,5.35740423202515,0.00766834570094943,0.0262225717306137
-1.07053565979004,5.35781764984131,0.00692472141236067,0.026248961687088
-0.815445303916931,5.35833978652954,0.00662786699831486,0.0262384116649628
-0.559573948383331,5.35879564285278,0.00300236721523106,0.0262140035629272
-0.303480833768845,5.35916185379028,-0.00138882105238736,0.0262150540947914
-0.047402985394001,5.35954093933105,-0.00547067308798432,0.026241697371006
0.207381904125214,5.36042261123657,-0.00348541419953108,0.0263068899512291
0.462169140577316,5.36128616333008,-0.00129686598666012,0.0263094827532768
0.717618703842163,5.36183834075928,-0.00186745414976031,0.0262616649270058
0.973415851593018,5.36221599578857,-0.0037704948335886,0.0261370539665222
1.228670835495,5.36298227310181,-0.00303086685016751,0.0260347947478294
1.48313844203949,5.36405467987061,0.00143763888627291,0.0260572731494904
1.73770225048065,5.36496114730835,0.00568462070077658,0.0260545462369919
1.99244928359985,5.36597490310669,0.00930891465395689,0.0261249989271164
2.2476372718811,5.36663007736206,0.0111894849687815,0.0261201187968254
-2.59589958190918,5.10419702529907,0.00611166330054402,0.0260406136512756
-2.34174394607544,5.10525465011597,0.00878197513520718,0.0261144191026688
-2.08701920509338,5.10601615905762,0.00905729550868273,0.0261013805866241
-1.83204782009125,5.10688018798828,0.00841871649026871,0.0261399820446968
-1.57694673538208,5.10755586624146,0.00742125976830721,0.026125967502594
-1.32181024551392,5.10796880722046,0.00650374544784427,0.0260754376649857
-1.06676125526428,5.10838603973389,0.00621426850557327,0.0260612219572067
-0.811600387096405,5.10880041122437,0.00564031861722469,0.026036724448204
-0.555229544639587,5.10908269882202,-0.000212255486985669,0.0260317996144295
-0.298983842134476,5.10933876037598,-0.00524731539189816,0.0260665267705917
-0.0430791638791561,5.10974311828613,-0.00849950686097145,0.0260647684335709
0.211426928639412,5.11055278778076,-0.00520537979900837,0.0260368660092354
0.466089427471161,5.1114501953125,-0.00241412199102342,0.0260092169046402
0.72126841545105,5.11205196380615,-0.00172762933652848,0.0259455516934395
0.976422429084778,5.11270809173584,-0.000714285066351295,0.0258886739611626
1.23146522045135,5.11347436904907,0.00100905902218074,0.0258417278528214
1.48635315895081,5.11439418792725,0.00363056058995426,0.0258690342307091
1.74149870872498,5.11517810821533,0.0053141568787396,0.0259156227111816
1.99618244171143,5.11616373062134,0.00926040019840002,0.0259781032800674
2.25141358375549,5.11684322357178,0.0109851583838463,0.0260102823376656
-2.59178447723389,4.85458993911743,0.00359526555985212,0.0260340794920921
-2.33797216415405,4.85584878921509,0.00788614992052317,0.0260357707738876
-2.08320307731628,4.85662221908569,0.00799607299268246,0.0259929373860359
-1.82844150066376,4.85749006271362,0.00836233701556921,0.0259648561477661
-1.57317090034485,4.85802793502808,0.0066307857632637,0.0259306877851486
-1.31782293319702,4.85840702056885,0.00478527834638953,0.0258659273386002
-1.06273651123047,4.85885858535767,0.00436433730646968,0.0258438959717751
-0.80754953622818,4.85936450958252,0.00370824639685452,0.0258563682436943
-0.551118969917297,4.85950994491577,-0.00236822036094964,0.0258975699543953
-0.29514867067337,4.85972213745117,-0.00610736478120089,0.0259539112448692
-0.0393635295331478,4.86004495620728,-0.00877420604228973,0.0259149968624115
0.215211555361748,4.8607006072998,-0.00574702955782413,0.0257779955863953
0.470152407884598,4.86155796051025,-0.00417285319417715,0.0256486162543297
0.724960088729858,4.86235284805298,-0.00178118830081075,0.0256080329418182
0.979542791843414,4.86319446563721,0.00183067820034921,0.0256075412034988
1.23479664325714,4.86378383636475,0.00264662667177618,0.0256286934018135
1.48997366428375,4.86445379257202,0.00401886366307735,0.0257148966193199
1.74538969993591,4.86517190933228,0.00453280890360475,0.0257584974169731
2.0003080368042,4.86601686477661,0.00747703993692994,0.0258264914155006
2.25564885139465,4.86672258377075,0.00875206291675568,0.025863341987133
-2.58743453025818,4.60510063171387,-1.36533390104887e-05,0.0259694829583168
-2.33401346206665,4.60644197463989,0.00612597819417715,0.0259158611297607
-2.07937145233154,4.60722923278809,0.00686287460848689,0.0258498713374138
-1.82482707500458,4.60802221298218,0.00827258452773094,0.0257570967078209
-1.56928813457489,4.60846376419067,0.00535150058567524,0.0256685838103294
-1.31365275382996,4.60873556137085,0.00223418604582548,0.0256250649690628
-1.05862975120544,4.6092472076416,0.00214368058368564,0.0256229639053345
-0.803576350212097,4.60989475250244,0.00213242974132299,0.0256814137101173
-0.547742366790771,4.61026382446289,-0.00119671854190528,0.0257456377148628
-0.292042672634125,4.61049604415894,-0.00367196346633136,0.025749959051609
-0.036216277629137,4.61071729660034,-0.00648853555321693,0.025664433836937
0.219175174832344,4.61110162734985,-0.00711070420220494,0.025505430996418
0.474314779043198,4.61186456680298,-0.00638979068025947,0.0254277437925339
0.728792905807495,4.61283302307129,-0.00247936137020588,0.0254344120621681
0.983406960964203,4.61359310150146,0.0010338342981413,0.025417760014534
1.23904752731323,4.61391115188599,0.000165916266269051,0.0254399478435516
1.49427938461304,4.61442995071411,0.0013413968263194,0.0255439206957817
1.74951958656311,4.61508321762085,0.00268708448857069,0.0255642682313919
2.0045952796936,4.61578369140625,0.00497729750350118,0.0256282389163971
2.25981211662292,4.61652803421021,0.00684442697092891,0.0256659612059593
-2.58315777778625,4.35582733154297,-0.00329382182098925,0.0257674977183342
-2.32986283302307,4.35708475112915,0.00347807281650603,0.0257188379764557
-2.0753653049469,4.35780477523804,0.00492814090102911,0.0256453529000282
-1.82098746299744,4.35848426818848,0.00715118506923318,0.0255362689495087
-1.56555044651031,4.35881805419922,0.00474341819062829,0.02540522813797
-1.30968332290649,4.35903310775757,0.000605755252763629,0.0253865718841553
-1.05440592765808,4.35958099365234,-0.000608957197982818,0.0254561752080917
-0.799338042736053,4.36019802093506,-0.000641839753370732,0.0255568847060204
-0.543955564498901,4.36062240600586,-0.00187400216236711,0.0255986973643303
-0.288554221391678,4.36095809936523,-0.00295929866842926,0.0255546942353249
-0.0329031050205231,4.36132621765137,-0.00495220068842173,0.0254586040973663
0.222687721252441,4.36184406280518,-0.00644931243732572,0.0253422185778618
0.477864116430283,4.36249923706055,-0.00585362408310175,0.0253248959779739
0.732564270496368,4.36324882507324,-0.00289741274900734,0.0253623127937317
0.987374067306519,4.36383724212646,-0.000218493791180663,0.0253224968910217
1.2431126832962,4.36411762237549,-0.00148551352322102,0.0252697393298149
1.4983423948288,4.36454772949219,-0.00025547610130161,0.0253080055117607
1.75334537029266,4.36513900756836,0.00219405046664178,0.0253191515803337
2.00843596458435,4.36570405960083,0.00446233432739973,0.0253646150231361
2.26340413093567,4.36644172668457,0.00747483316808939,0.0254332795739174
-2.57942771911621,4.10673999786377,-0.00404994329437613,0.0255055949091911
-2.3259334564209,4.10783195495605,0.00184826017357409,0.0254984721541405
-2.07135200500488,4.10837411880493,0.00296054687350988,0.0254388898611069
-1.81695353984833,4.10892724990845,0.00513644004240632,0.0253386795520782
-1.56177663803101,4.10918474197388,0.0039692772552371,0.0252014249563217
-1.30623650550842,4.10949039459229,0.00136496755294502,0.0252217948436737
-1.05056738853455,4.10992193222046,-0.0015996714355424,0.0253365114331245
-0.795388698577881,4.11048269271851,-0.00209574005566537,0.0254337787628174
-0.540278494358063,4.1108980178833,-0.00204699579626322,0.0254425778985023
-0.28498113155365,4.1113429069519,-0.0026273422408849,0.0253813564777374
-0.0294375289231539,4.11185836791992,-0.00410327175632119,0.0252968445420265
0.226067766547203,4.11243057250977,-0.00518051069229841,0.0252173319458961
0.481181055307388,4.11304616928101,-0.00426332280039787,0.0252076014876366
0.736112236976624,4.1135835647583,-0.00230435142293572,0.0252731963992119
0.991065919399261,4.11404800415039,-0.000230485195061192,0.0252383276820183
1.24670517444611,4.11442565917969,-0.00101946748327464,0.0251048132777214
1.50199937820435,4.11484909057617,-4.18211820942815e-05,0.0250849574804306
1.756880402565,4.11544132232666,0.00298949214629829,0.0250644013285637
2.01173710823059,4.11593675613403,0.00633895210921764,0.0250940322875977
2.26664352416992,4.11655473709106,0.00966539513319731,0.0252220928668976
-2.57624626159668,3.85767388343811,-0.00226561911404133,0.0252596214413643
-2.32251381874084,3.85863852500916,0.00257083913311362,0.0252878218889236
-2.0677707195282,3.85906887054443,0.00297988275997341,0.0252829119563103
-1.81321060657501,3.85955023765564,0.00445293355733156,0.0252255350351334
-1.55804431438446,3.8597400188446,0.00337678915821016,0.0251453742384911
-1.30245447158813,3.86002635955811,0.000584396126214415,0.0251873955130577
-1.04680359363556,3.86032724380493,-0.00225089257583022,0.0252562165260315
-0.79161936044693,3.86079788208008,-0.00272923125885427,0.0252772495150566
-0.53655332326889,3.86124515533447,-0.00244203233160079,0.025231160223484
-0.281226873397827,3.86170196533203,-0.00311723444610834,0.0251913294196129
-0.0257217288017273,3.86216568946838,-0.00437789317220449,0.0251340121030807
0.22969077527523,3.86273765563965,-0.00499743781983852,0.0250826850533485
0.484819799661636,3.86333131790161,-0.00411356892436743,0.0250731557607651
0.739968657493591,3.86382079124451,-0.00309671252034605,0.0251470133662224
0.995106756687164,3.864333152771,-0.00181655259802938,0.0251690447330475
1.25038301944733,3.8648943901062,-0.000944257073570043,0.0250388532876968
1.50544679164886,3.86539149284363,0.00109840952791274,0.0249462723731995
1.7602105140686,3.86595892906189,0.00468934187665582,0.0249090641736984
2.01504516601562,3.86639404296875,0.0081746494397521,0.0249369591474533
2.27020478248596,3.86678743362427,0.0104173561558127,0.0251079946756363
-2.57329940795898,3.60845375061035,0.000613053794950247,0.0250362083315849
-2.31942582130432,3.60934376716614,0.00483248708769679,0.0250596404075623
-2.06435441970825,3.60962319374084,0.00376753159798682,0.0250613540410995
-1.80924677848816,3.61004304885864,0.00275989272631705,0.0250693336129189
-1.55372607707977,3.61017060279846,0.000100260338513181,0.0250650197267532
-1.29842007160187,3.61037540435791,-0.00134241452906281,0.025103747844696
-1.04309964179993,3.61062693595886,-0.00262307096272707,0.0251445397734642
-0.787966787815094,3.61109066009521,-0.00282812886871397,0.0251064598560333
-0.532979547977448,3.61171174049377,-0.0021534776315093,0.025045782327652
-0.277842402458191,3.61224365234375,-0.00193524628411978,0.025040328502655
-0.0222474355250597,3.6126229763031,-0.00356434984132648,0.0250219032168388
0.233458206057549,3.61302065849304,-0.00546668702736497,0.0249719545245171
0.488947063684464,3.61351561546326,-0.00616540014743805,0.0249380022287369
0.744280874729156,3.61400008201599,-0.00594075862318277,0.0250138863921165
0.999518096446991,3.61454105377197,-0.00506524788215756,0.0250695869326591
1.25439012050629,3.6152651309967,-0.00234320666640997,0.0250247940421104
1.509033203125,3.61597776412964,0.00161300611216575,0.0249116867780685
1.76407933235168,3.61630034446716,0.00398979615420103,0.0248914882540703
2.01901078224182,3.61680912971497,0.0070767137221992,0.0248963609337807
2.27457213401794,3.61698150634766,0.00758119858801365,0.0250566080212593
-2.57031893730164,3.35903215408325,0.00334615632891655,0.0248079225420952
-2.31628656387329,3.35987329483032,0.00686643132939935,0.0248063132166862
-2.06077456474304,3.36017751693726,0.00380153674632311,0.0248564779758453
-1.80548489093781,3.36039757728577,0.00200373050756752,0.0248677581548691
-1.54998528957367,3.36062097549438,-0.000524667557328939,0.0249416306614876
-1.29484355449677,3.36082029342651,-0.00117543258238584,0.0250098332762718
-1.03963589668274,3.36102294921875,-0.00190035696141422,0.0249969512224197
-0.784276247024536,3.36142015457153,-0.00310166482813656,0.0249234884977341
-0.528970539569855,3.3619921207428,-0.00383725203573704,0.0248731672763824
-0.273745357990265,3.36257171630859,-0.00398107757791877,0.0248796343803406
-0.0182450283318758,3.36295628547668,-0.00513990549370646,0.0248901844024658
0.237391278147697,3.36332964897156,-0.00668686116114259,0.0248457193374634
0.493253231048584,3.36364388465881,-0.00902225263416767,0.0247765779495239
0.748891472816467,3.36401772499084,-0.0101217245683074,0.0248316675424576
1.0040545463562,3.36469125747681,-0.00887403078377247,0.0249227061867714
1.25846672058105,3.36555910110474,-0.00405007833614945,0.0249540880322456
1.51318097114563,3.36622381210327,-0.000370252557331696,0.0248840525746346
1.76840877532959,3.36654138565063,0.00123501208145171,0.0248231217265129
2.02363610267639,3.36699080467224,0.00304686254821718,0.0248334780335426
2.27934527397156,3.3671190738678,0.00293965777382255,0.0249440893530846
-2.56732058525085,3.10943722724915,0.00600765878334641,0.024526409804821
-2.31270432472229,3.1101541519165,0.00686670327559114,0.0245873406529427
-2.05692529678345,3.11038160324097,0.00261207041330636,0.024649903178215
-1.80158126354218,3.11070036888123,0.000598826038185507,0.0246919840574265
-1.54661822319031,3.1110954284668,0.000566288770642132,0.0247539505362511
-1.29188704490662,3.11148762702942,0.0018225684762001,0.024778701364994
-1.03654336929321,3.11165428161621,0.00050818407908082,0.0247853100299835
-0.780447065830231,3.11185240745544,-0.00401273695752025,0.0247474238276482
-0.524534642696381,3.11212778091431,-0.00745798787102103,0.0247289836406708
-0.269216358661652,3.11259007453918,-0.00797435734421015,0.0247542336583138
-0.0141088888049126,3.11306977272034,-0.00731059117242694,0.0248047262430191
0.241242200136185,3.11354875564575,-0.00753034604713321,0.0247481465339661
0.497140347957611,3.11386251449585,-0.00999070703983307,0.0246165096759796
0.752988219261169,3.11416006088257,-0.0119923111051321,0.0246165543794632
1.00815224647522,3.11474847793579,-0.0107038477435708,0.0247458443045616
1.26273846626282,3.1154797077179,-0.00661423988640308,0.024790070950985
1.51754176616669,3.1161367893219,-0.00329107069410384,0.0247168615460396
1.77254295349121,3.11665368080139,-0.000639948237221688,0.0246269330382347
2.02774143218994,3.11706137657166,0.00134275469463319,0.0246222019195557
2.28315734863281,3.1173300743103,0.00257517257705331,0.0246936529874802
-2.30834221839905,2.86023712158203,0.00327334390021861,0.0245834216475487
-2.05289840698242,2.86053824424744,0.000606189481914043,0.0245783925056458
-1.79792106151581,2.86097097396851,0.000316242425469682,0.0245957225561142
-1.54320561885834,2.86155557632446,0.00144928810186684,0.024571992456913
-1.28856158256531,2.86211252212524,0.00313181150704622,0.0245407372713089
-1.0331619977951,2.86233520507812,0.0015938114374876,0.0245289131999016
-0.776859939098358,2.86238622665405,-0.00382423982955515,0.0245221555233002
-0.520647883415222,2.862548828125,-0.00859155785292387,0.0246079638600349
-0.265431672334671,2.86291098594666,-0.00859936140477657,0.0247039422392845
-0.0104714427143335,2.86335182189941,-0.00722747249528766,0.0247860252857208
0.244755163788795,2.8638002872467,-0.00684539694339037,0.024732768535614
0.500408887863159,2.86418581008911,-0.00816987175494432,0.0245670825242996
0.756022393703461,2.8645875453949,-0.00908732321113348,0.0245006307959557
1.01147985458374,2.86501216888428,-0.00907962955534458,0.024542048573494
1.26654636859894,2.86551642417908,-0.00710138399153948,0.0245512425899506
1.52130115032196,2.86613178253174,-0.00352101097814739,0.0244819968938828
1.77577519416809,2.86676383018494,0.00151769130025059,0.0244160741567612
2.03058362007141,2.86725616455078,0.00526931369677186,0.0243586972355843
2.28565716743469,2.86765217781067,0.00804797280579805,0.0244204103946686
-2.30387902259827,2.61037373542786,-0.000789379409980029,0.0246324688196182
-2.04880404472351,2.61079454421997,-0.0017156177200377,0.0245533734560013
-1.79398095607758,2.61127281188965,-0.00125552318058908,0.024532824754715
-1.53938353061676,2.61189985275269,0.000457877584267408,0.0244445502758026
-1.28466868400574,2.61246085166931,0.00185521738603711,0.0243787616491318
-1.02918422222137,2.61266469955444,-3.02109674521489e-05,0.0242875143885612
-0.773198127746582,2.61273455619812,-0.0039664451032877,0.0242888480424881
-0.517456591129303,2.61302757263184,-0.00656002480536699,0.0244360044598579
-0.262512654066086,2.61336994171143,-0.00529637606814504,0.0245984271168709
-0.00754807703197002,2.61369061470032,-0.00390767864882946,0.0247058868408203
0.247933492064476,2.6139976978302,-0.00464249309152365,0.0246933326125145
0.503560543060303,2.61442065238953,-0.00581596046686172,0.0245475843548775
0.759144723415375,2.61489963531494,-0.00657351175323129,0.0244431793689728
1.01449012756348,2.61535739898682,-0.00603255955502391,0.0244125574827194
1.26976025104523,2.61573958396912,-0.00493144989013672,0.0243749544024467
1.52431380748749,2.6163227558136,-0.000415352580603212,0.0243016555905342
1.77853119373322,2.61700224876404,0.00579866813495755,0.0242567658424377
2.03303241729736,2.61759662628174,0.0109430113807321,0.0242159888148308
2.28810143470764,2.61802792549133,0.0137649113312364,0.0242806747555733
-2.299560546875,2.36067128181458,-0.00418988289311528,0.0245738551020622
-2.04460549354553,2.36114096641541,-0.00452172849327326,0.024453304708004
-1.78995966911316,2.36168813705444,-0.00320574827492237,0.0243962034583092
-1.53527569770813,2.3622670173645,-0.00184617971535772,0.0243208557367325
-1.28042185306549,2.36264252662659,-0.00103494140785187,0.0242529511451721
-1.02512395381927,2.3627758026123,-0.00201991479843855,0.0241213291883469
-0.769739508628845,2.36303496360779,-0.00317825027741492,0.0240564197301865
-0.51441103219986,2.36346960067749,-0.00386238610371947,0.02418602257967
-0.259323567152023,2.36396527290344,-0.00322789791971445,0.0243674591183662
-0.00391876325011253,2.36415791511536,-0.00379704288206995,0.0244901552796364
0.251748532056808,2.36425542831421,-0.00532494392246008,0.0245249569416046
0.507399260997772,2.36450481414795,-0.00655821431428194,0.0244438797235489
0.763116478919983,2.36491537094116,-0.00787381362169981,0.024342343211174
1.01840925216675,2.36543536186218,-0.00705976039171219,0.0243075713515282
1.27331221103668,2.36580109596252,-0.0042708171531558,0.0242935121059418
1.52758824825287,2.36645102500916,0.00152027071453631,0.0242542400956154
1.78201365470886,2.36718559265137,0.00683354958891869,0.0242185667157173
2.03627157211304,2.36791729927063,0.0130914142355323,0.0241676196455956
2.29150438308716,2.36838006973267,0.0152128422632813,0.0242104604840279
-2.29568791389465,2.11116695404053,-0.005539839155972,0.02434092015028
-2.04076075553894,2.11162495613098,-0.00570252537727356,0.0242039635777473
-1.78603231906891,2.11207962036133,-0.00472217332571745,0.0241986811161041
-1.53106737136841,2.1124587059021,-0.00460241781547666,0.0241522267460823
-1.27598774433136,2.11263346672058,-0.00477246660739183,0.02412199229002
-1.02090203762054,2.1128351688385,-0.00474559981375933,0.0240064710378647
-0.765909910202026,2.11314558982849,-0.00407286360859871,0.0239322260022163
-0.510808646678925,2.11360359191895,-0.00368459965102375,0.0240643545985222
-0.255629479885101,2.11414456367493,-0.00343299866653979,0.0242169573903084
-8.5833620687481e-05,2.11448740959167,-0.00460275169461966,0.024310827255249
0.255581855773926,2.11465954780579,-0.00609795330092311,0.0243204459547997
0.511435985565186,2.11467862129211,-0.0081997187808156,0.0242816507816315
0.767555773258209,2.11467170715332,-0.0112679759040475,0.0241804197430611
1.02301847934723,2.11495041847229,-0.0111620975658298,0.0241910964250565
1.27761495113373,2.11551380157471,-0.00696253217756748,0.0242187008261681
1.53160417079926,2.11638736724854,0.000143877856316976,0.0241939201951027
1.78587353229523,2.11731553077698,0.00618332205340266,0.0241696611046791
2.04013323783875,2.11804866790771,0.0124701075255871,0.0241269022226334
2.29535412788391,2.11856031417847,0.0146798053756356,0.024118646979332
-2.29253816604614,1.86183154582977,-0.00355686759576201,0.0239981785416603
-2.0377631187439,1.86229050159454,-0.00298497639596462,0.0238544419407845
-1.78290808200836,1.86266446113586,-0.00255136704072356,0.0239043012261391
-1.52779603004456,1.86296224594116,-0.00307063036598265,0.0238976553082466
-1.27251470088959,1.86306762695312,-0.00412728544324636,0.023945227265358
-1.01723062992096,1.86324071884155,-0.0049708322621882,0.0239349380135536
-0.762177467346191,1.86348724365234,-0.00453601451590657,0.0239072367548943
-0.507187902927399,1.8638299703598,-0.00359472073614597,0.0239903703331947
-0.252152502536774,1.86431121826172,-0.00264995871111751,0.0240279659628868
0.00323270098306239,1.86478567123413,-0.00307295331731439,0.0240527838468552
0.258969068527222,1.86502051353455,-0.0048490958288312,0.024055540561676
0.514952898025513,1.86496484279633,-0.00749853439629078,0.0240854248404503
0.771245896816254,1.86472105979919,-0.0112996688112617,0.0240622013807297
1.02674460411072,1.86481285095215,-0.0113092567771673,0.0241033583879471
1.28126895427704,1.86543023586273,-0.00675215199589729,0.0241551175713539
1.53528308868408,1.86641693115234,0.000271980679826811,0.0241520330309868
1.78951823711395,1.86731505393982,0.0065022362396121,0.0241242274641991
2.04386782646179,1.86806535720825,0.0124230897054076,0.0240881890058517
2.29891467094421,1.86856257915497,0.0154449641704559,0.0240186527371407
-2.28976583480835,1.61259126663208,0.000166598969371989,0.0237432643771172
-2.0352668762207,1.6130542755127,0.00204079831019044,0.0236163511872292
-1.77995479106903,1.6132390499115,0.0004069029528182,0.0236966386437416
-1.52483320236206,1.61353707313538,-0.000124894504551776,0.023748941719532
-1.26931595802307,1.61365163326263,-0.00223272223956883,0.0238673835992813
-1.01372063159943,1.61371076107025,-0.00446108914911747,0.0239284113049507
-0.758423566818237,1.6138710975647,-0.00509913312271237,0.0239356756210327
-0.503592550754547,1.61407124996185,-0.00338976853527129,0.0239279568195343
-0.248964503407478,1.61450445652008,-0.000554136873688549,0.0238514766097069
0.00626086816191673,1.61495900154114,-0.000218732238863595,0.023820549249649
0.262086451053619,1.61521482467651,-0.00236917100846767,0.0238252580165863
0.517880022525787,1.61519026756287,-0.00412914389744401,0.0238975510001183
0.773934304714203,1.61508238315582,-0.0068318503908813,0.0239151641726494
1.02961421012878,1.61517524719238,-0.00762946298345923,0.0239736288785934
1.28457391262054,1.61563277244568,-0.00498985685408115,0.0240431427955627
1.53909730911255,1.61645603179932,-0.000206319440621883,0.0240821987390518
1.79345595836639,1.6172034740448,0.00551690300926566,0.0240662023425102
2.04786372184753,1.61788845062256,0.0112190926447511,0.0240459963679314
2.30268335342407,1.61833345890045,0.0152945080772042,0.0239333510398865
-2.28661489486694,1.36325752735138,0.0021452100481838,0.0236909240484238
-2.03222370147705,1.36363160610199,0.00455501163378358,0.0235977917909622
-1.77673673629761,1.3637375831604,0.00215189624577761,0.0236417204141617
-1.52182984352112,1.36405801773071,0.00263821147382259,0.0236687287688255
-1.26615595817566,1.36415219306946,-0.000155883972183801,0.0237240269780159
-1.01018702983856,1.3641619682312,-0.00405780831351876,0.0238153859972954
-0.754613757133484,1.36416244506836,-0.00591231090947986,0.0238503441214561
-0.499908626079559,1.36423826217651,-0.00358400796540082,0.0238237082958221
-0.245581492781639,1.36467301845551,0.000656727701425552,0.0237110555171967
0.00951669923961163,1.3650621175766,0.00160681933630258,0.0236301943659782
0.265245646238327,1.36527371406555,-7.09737796569243e-05,0.0236325860023499
0.520899593830109,1.36531662940979,-0.00117190985474735,0.0237233713269234
0.77649199962616,1.36550879478455,-0.00177809130400419,0.0237819328904152
1.03246200084686,1.36568593978882,-0.00385992648079991,0.0238662362098694
1.28822898864746,1.36594998836517,-0.00480599934235215,0.0239503234624863
1.54338753223419,1.3664448261261,-0.00281528336927295,0.0239995867013931
1.79802322387695,1.36700022220612,0.00172089959960431,0.023985892534256
2.05250453948975,1.36756193637848,0.00714539457112551,0.0239096581935883
2.3070182800293,1.368035197258,0.0126261729747057,0.0237715765833855
-2.28294992446899,1.11376750469208,0.00175632617902011,0.0237038508057594
-2.02834510803223,1.11391162872314,0.00323198223486543,0.0236457735300064
-1.77296483516693,1.11397349834442,0.00136172643397003,0.023697055876255
-1.51776969432831,1.11417698860168,0.000568724994082004,0.023701585829258
-1.26196885108948,1.1142874956131,-0.00276648788712919,0.0237226337194443
-1.00599431991577,1.11429071426392,-0.00665160501375794,0.0237229764461517
-0.750613391399384,1.11428475379944,-0.00758559163659811,0.023733839392662
-0.496279120445251,1.11447632312775,-0.00353390048258007,0.0237284824252129
-0.242213517427444,1.11501491069794,0.00192663201596588,0.0236850827932358
0.0127649791538715,1.11533403396606,0.00345756462775171,0.0236277133226395
0.26848903298378,1.11542117595673,0.00184150971472263,0.0236348286271095
0.524256646633148,1.11545348167419,0.00025987732806243,0.0236802846193314
0.779837429523468,1.11575245857239,-0.000266513379756361,0.0237190499901772
1.03600800037384,1.11595964431763,-0.00321888807229698,0.0237857550382614
1.29229402542114,1.11604726314545,-0.00645134458318353,0.0237927958369255
1.54771149158478,1.11630475521088,-0.0055684382095933,0.0237962007522583
1.80227112770081,1.11680471897125,-0.000647228036541492,0.0237713828682899
2.05678153038025,1.11734330654144,0.00468936283141375,0.023701086640358
2.31094217300415,1.11790120601654,0.0117788026109338,0.0235524848103523
-2.27929592132568,0.864210247993469,0.00142324203625321,0.0235865712165833
-2.02437019348145,0.864110231399536,0.00146931840572506,0.0235395655035973
-1.76898980140686,0.864134132862091,-0.000358489691279829,0.0235519930720329
-1.51324439048767,0.864060938358307,-0.0036234725266695,0.0235868543386459
-1.25726914405823,0.864124119281769,-0.00771042518317699,0.0236374288797379
-1.00153791904449,0.864299595355988,-0.0104451598599553,0.0236671417951584
-0.746655702590942,0.864503800868988,-0.00906913913786411,0.0236785337328911
-0.492478609085083,0.86481386423111,-0.00426808651536703,0.0236635133624077
-0.238503605127335,0.865353465080261,0.00164224929176271,0.0236407220363617
0.0163373555988073,0.865643858909607,0.0038358187302947,0.0236435383558273
0.27196130156517,0.865669786930084,0.00271207583136857,0.023694135248661
0.527862250804901,0.865668952465057,0.000564482004847378,0.0236950665712357
0.783584237098694,0.86595219373703,-0.000562138156965375,0.0237485989928246
1.03964507579803,0.866206288337708,-0.00298672704957426,0.0237936154007912
1.29583239555359,0.866294622421265,-0.00574051076546311,0.0238057300448418
1.55119919776917,0.866431415081024,-0.00458908639848232,0.0237289369106293
1.80553030967712,0.866936087608337,0.0013880105689168,0.0236192867159843
2.05997204780579,0.867355704307556,0.00706946896389127,0.0235752612352371
2.31397438049316,0.867922425270081,0.014894699677825,0.0234529078006744
-2.2758002281189,0.614700675010681,0.00181937275920063,0.0233920365571976
-2.02083921432495,0.61453104019165,0.00174308032728732,0.0233315080404282
-1.76559591293335,0.614483296871185,0.00058681913651526,0.0233700200915337
-1.5097279548645,0.61431473493576,-0.0032010548748076,0.0234142541885376
-1.25350189208984,0.614280104637146,-0.00839689373970032,0.0235203057527542
-0.997921526432037,0.614568293094635,-0.0104095786809921,0.0236252024769783
-0.74314284324646,0.614856779575348,-0.00852903258055449,0.0236201360821724
-0.488278567790985,0.614986896514893,-0.0068134218454361,0.0235769748687744
-0.233559906482697,0.61526346206665,-0.00422761961817741,0.0235177427530289
0.0214121788740158,0.615542352199554,-0.00257981522008777,0.0235222950577736
0.276554465293884,0.615694999694824,-0.0014800849603489,0.0236017107963562
0.5318323969841,0.615813314914703,-0.00077414617408067,0.0236557796597481
0.787735998630524,0.615997314453125,-0.0026755197905004,0.0237396210432053
1.04388284683228,0.616199553012848,-0.00544377509504557,0.0237332507967949
1.29963099956512,0.616388976573944,-0.00619026366621256,0.0237370207905769
1.5544695854187,0.616565406322479,-0.00263668783009052,0.0236507058143616
1.80881440639496,0.616935729980469,0.00331888603977859,0.0235835164785385
2.0631091594696,0.617422938346863,0.00968438573181629,0.0235400348901749
2.31730651855469,0.617873072624207,0.0166785884648561,0.0234802737832069
-2.27189040184021,0.365111470222473,0.00030614688876085,0.023293562233448
-2.01726603507996,0.365092068910599,0.00181377562694252,0.0232159048318863
-1.76204609870911,0.36496964097023,0.000806821044534445,0.0232570841908455
-1.50656282901764,0.364870011806488,-0.00118104182183743,0.0232866257429123
-1.25042498111725,0.364687442779541,-0.00593141140416265,0.0233869850635529
-0.994747757911682,0.364882290363312,-0.0083509273827076,0.0234991535544395
-0.739862084388733,0.365247070789337,-0.0069309757091105,0.0235061347484589
-0.484592318534851,0.365275859832764,-0.00702408980578184,0.0234808027744293
-0.22872157394886,0.365230619907379,-0.00962154660373926,0.0233909711241722
0.0267826393246651,0.365214049816132,-0.0103238737210631,0.0233476832509041
0.281111687421799,0.365601986646652,-0.00550274830311537,0.0233836993575096
0.535768568515778,0.365883141756058,-0.001955212559551,0.0234722420573235
0.791697323322296,0.365984737873077,-0.00392677029594779,0.0235809087753296
1.04797267913818,0.366030961275101,-0.00722619937732816,0.0235510170459747
1.30351281166077,0.366198927164078,-0.00699692452326417,0.0235303044319153
1.55828487873077,0.366525948047638,-0.00311603350564837,0.0234734788537025
1.81303799152374,0.36686173081398,0.00105194747447968,0.0234344080090523
2.06751418113708,0.367194563150406,0.00665766187012196,0.0234022215008736
2.3220956325531,0.367498964071274,0.0119896344840527,0.023383304476738
-2.26760482788086,0.115273162722588,-0.00292964605614543,0.0232997536659241
-2.01338171958923,0.115500941872597,0.000459942384622991,0.0232208296656609
-1.75839591026306,0.115367256104946,0.000569991883821785,0.0232234075665474
-1.50344443321228,0.1153195053339,0.00105951738078147,0.0232218056917191
-1.24763715267181,0.115107282996178,-0.00214108685031533,0.0232394114136696
-0.991775035858154,0.115203723311424,-0.00537247955799103,0.0233019143342972
-0.736603617668152,0.115614600479603,-0.0052299159578979,0.023328073322773
-0.481188356876373,0.115606434643269,-0.0059506599791348,0.0233543813228607
-0.224731504917145,0.115226045250893,-0.0111598493531346,0.0233508348464966
0.0310754701495171,0.114911079406738,-0.0131792556494474,0.0233071744441986
0.285213083028793,0.11552769690752,-0.00746243679895997,0.0232614651322365
0.539601862430573,0.11591038107872,-0.00266895303502679,0.0232646092772484
0.795566141605377,0.115936011075974,-0.00475871376693249,0.0233283713459969
1.05201721191406,0.115777015686035,-0.00879956688731909,0.023327462375164
1.30757141113281,0.11594146490097,-0.00859430525451899,0.0233165696263313
1.56269681453705,0.116286680102348,-0.00625910749658942,0.0232496857643127
1.81773555278778,0.116531021893024,-0.00332116452045739,0.0232037603855133
2.07271504402161,0.116775117814541,8.76030899235047e-05,0.0231297463178635
2.32757544517517,0.117006197571754,0.00423096725717187,0.0230949893593788
-2.26384997367859,-0.134764835238457,-0.00369905587285757,0.0232717618346214
-2.00975394248962,-0.134368970990181,0.000304810731904581,0.023216500878334
-1.75485694408417,-0.134436011314392,0.000858136103488505,0.0231743976473808
-1.50018000602722,-0.134420067071915,0.00264140777289867,0.0231343954801559
-1.24464154243469,-0.134599268436432,0.00070404150756076,0.0230801701545715
-0.988668024539948,-0.134579345583916,-0.00300164287909865,0.0231004729866982
-0.733044981956482,-0.134225323796272,-0.00488668726757169,0.0231542810797691
-0.477714955806732,-0.134156048297882,-0.00518817128613591,0.0232022255659103
-0.221666023135185,-0.134535640478134,-0.00850771833211184,0.0232340693473816
0.0344033986330032,-0.135025769472122,-0.0116770388558507,0.0232242494821548
0.289165496826172,-0.13458189368248,-0.00874517485499382,0.0231709554791451
0.54397189617157,-0.134224727749825,-0.00579872168600559,0.0231269747018814
0.799525737762451,-0.134120255708694,-0.00599967641755939,0.0231278538703918
1.05589604377747,-0.134329795837402,-0.00963528919965029,0.023163229227066
1.31151449680328,-0.134206160902977,-0.00967879686504602,0.0231446474790573
1.56681311130524,-0.133921012282372,-0.00807840283960104,0.0230593234300613
1.82183504104614,-0.133635461330414,-0.0050285691395402,0.0229785814881325
2.07721996307373,-0.133451342582703,-0.00338636594824493,0.0228789448738098
2.33225297927856,-0.133246704936028,3.21199077006895e-05,0.0227936506271362
-2.26078605651855,-0.384784072637558,-0.00127316638827324,0.023159570991993
-2.00646829605103,-0.384385794401169,0.00173867959529161,0.0231509432196617
-1.75155782699585,-0.384328782558441,0.00225608586333692,0.0231136977672577
-1.49686789512634,-0.384258896112442,0.00400994066148996,0.0230580270290375
-1.24144220352173,-0.384400874376297,0.00262182601727545,0.0230006501078606
-0.985474169254303,-0.384357541799545,-0.00102831877302378,0.022975891828537
-0.729529678821564,-0.384115964174271,-0.00434250384569168,0.0229654163122177
-0.473986506462097,-0.384101033210754,-0.00557695142924786,0.0229787603020668
-0.218300461769104,-0.384424895048141,-0.00721248053014278,0.0230510532855988
0.0376414023339748,-0.384698539972305,-0.00978203862905502,0.0230858251452446
0.292966991662979,-0.384504735469818,-0.00935518741607666,0.0230754837393761
0.548085033893585,-0.384180843830109,-0.0077782990410924,0.023004874587059
0.803406417369843,-0.38413679599762,-0.00688706338405609,0.0229732096195221
1.05942916870117,-0.384231597185135,-0.00892749428749084,0.0230001956224442
1.31487119197845,-0.384069889783859,-0.0081463661044836,0.0229806080460548
1.57005262374878,-0.383826434612274,-0.00598582997918129,0.0229176729917526
1.82508814334869,-0.383563816547394,-0.00296421721577644,0.0228689759969711
2.08053278923035,-0.38343134522438,-0.00155476713553071,0.0227672085165977
2.33587455749512,-0.383329898118973,0.000526326359249651,0.0226555392146111
-2.25782084465027,-0.634543061256409,0.00159466301556677,0.0229807272553444
-2.00303483009338,-0.6343013048172,0.00248589436523616,0.023032434284687
-1.74780797958374,-0.634318768978119,0.00158521207049489,0.0230218395590782
-1.49275159835815,-0.634279489517212,0.00169505120720714,0.0229977145791054
-1.2372921705246,-0.634305119514465,0.000186441073310561,0.0229878425598145
-0.981648445129395,-0.634214639663696,-0.00194115331396461,0.022966094315052
-0.725763142108917,-0.63415801525116,-0.00493639428168535,0.0229170098900795
-0.470073252916336,-0.63422018289566,-0.00679730670526624,0.0228297710418701
-0.21442611515522,-0.634431481361389,-0.00822372082620859,0.0228475704789162
0.0411462597548962,-0.634490787982941,-0.00909098889678717,0.0228903144598007
0.296502470970154,-0.634392142295837,-0.00876270048320293,0.0229049995541573
0.551769375801086,-0.634223937988281,-0.00781474076211452,0.0228539928793907
0.807144701480865,-0.634192943572998,-0.00713014928624034,0.0228304415941238
1.06273400783539,-0.634131669998169,-0.00719280354678631,0.0228483602404594
1.31784904003143,-0.633901715278625,-0.00491500226780772,0.0228472948074341
1.57286906242371,-0.633679389953613,-0.00200082641094923,0.0228111296892166
1.82822465896606,-0.633603274822235,-0.000372002163203433,0.0227700471878052
2.08331680297852,-0.633380949497223,0.00263617653399706,0.0227286890149117
2.3391056060791,-0.633434116840363,0.00276136235333979,0.0226331502199173
-2.2544846534729,-0.884091317653656,0.00273506133817136,0.0227438732981682
-1.99923825263977,-0.884062886238098,0.00154796859715134,0.0228350386023521
-1.74397552013397,-0.884053945541382,0.000519198772963136,0.0228183269500732
-1.4884033203125,-0.884211897850037,-0.00169054989237338,0.0228518024086952
-1.23263907432556,-0.884406387805939,-0.00454363040626049,0.0228968113660812
-0.976960062980652,-0.884459137916565,-0.00677802739664912,0.0228946655988693
-0.72104412317276,-0.884527206420898,-0.00985944550484419,0.0228637903928757
-0.46537446975708,-0.884563744068146,-0.0115833971649408,0.0227863118052483
-0.210078820586205,-0.884581923484802,-0.0113768987357616,0.0227522104978561
0.0449376031756401,-0.88451224565506,-0.00968634989112616,0.0227437689900398
0.300009697675705,-0.884391844272614,-0.0080356290563941,0.0227202996611595
0.555476307868958,-0.884320199489594,-0.00794995203614235,0.022661030292511
0.810953378677368,-0.884203910827637,-0.00769330421462655,0.0226465165615082
1.06627202033997,-0.884090900421143,-0.0065042176283896,0.0226688235998154
1.32113361358643,-0.883951485157013,-0.00304788444191217,0.0226569920778275
1.57602334022522,-0.883745610713959,0.000483019306557253,0.0226212292909622
1.83153986930847,-0.883740663528442,0.00142660469282418,0.0226125568151474
2.08658742904663,-0.883526802062988,0.00466539664193988,0.0226177647709846
2.34264183044434,-0.883678019046783,0.00364535069093108,0.0225724726915359
-2.25120306015015,-1.1335391998291,0.00412174733355641,0.0225636512041092
-1.99574184417725,-1.13364219665527,0.00198524026200175,0.0226289331912994
-1.74037981033325,-1.13377165794373,0.00054344447562471,0.0226234495639801
-1.4844833612442,-1.13399839401245,-0.00311640789732337,0.022663302719593
-1.22840893268585,-1.13436770439148,-0.00734254345297813,0.0227139070630074
-0.972307145595551,-1.1347564458847,-0.0114490408450365,0.0227274969220161
-0.716166198253632,-1.13498342037201,-0.0155025944113731,0.0227120593190193
-0.460816413164139,-1.13485991954803,-0.015730757266283,0.0226671248674393
-0.205872371792793,-1.13477373123169,-0.0138869127258658,0.0226155519485474
0.0490206964313984,-1.13472604751587,-0.011594039388001,0.0225826427340508
0.304278522729874,-1.13471007347107,-0.0107383644208312,0.022515743970871
0.559584200382233,-1.13450908660889,-0.00989188067615032,0.0224822163581848
0.814752757549286,-1.13420367240906,-0.00821556523442268,0.0224578976631165
1.06996464729309,-1.13411200046539,-0.00650783302262425,0.0224557965993881
1.32505536079407,-1.1340970993042,-0.00403757859021425,0.0224132835865021
1.58007228374481,-1.13397014141083,-0.0010347735369578,0.0223913341760635
1.83556175231934,-1.1339316368103,6.63386526866816e-05,0.0224331691861153
2.09078645706177,-1.13383364677429,0.00255952519364655,0.0224296003580093
2.34673762321472,-1.13397264480591,0.00203880155459046,0.0224358141422272
-2.24804949760437,-1.38305604457855,0.00610599620267749,0.0225184708833694
-1.99259769916534,-1.38318657875061,0.00404714653268456,0.0224847346544266
-1.73692965507507,-1.38349413871765,0.00123825774062425,0.0224644169211388
-1.48117017745972,-1.38371193408966,-0.00175774819217622,0.0224548280239105
-1.22510886192322,-1.38407349586487,-0.00589101947844028,0.0224717855453491
-0.968627214431763,-1.38463962078094,-0.0116922315210104,0.0224850550293922
-0.712137937545776,-1.38511598110199,-0.0172847714275122,0.022488571703434
-0.456689983606339,-1.38516211509705,-0.0179103594273329,0.0224815905094147
-0.201869621872902,-1.38509023189545,-0.0154626360163093,0.0224706158041954
0.0531958043575287,-1.38505578041077,-0.0139120444655418,0.0224192440509796
0.308636546134949,-1.3850314617157,-0.0138447461649776,0.0223485231399536
0.563827753067017,-1.38471508026123,-0.0124457525089383,0.0223423838615417
0.818607568740845,-1.38433313369751,-0.00897983182221651,0.0223198980093002
1.07362413406372,-1.3842431306839,-0.00635567912831903,0.0222947746515274
1.32912230491638,-1.38425660133362,-0.00567930191755295,0.0222283601760864
1.58448874950409,-1.3842169046402,-0.00419850880280137,0.0222077444195747
1.83993136882782,-1.38413882255554,-0.00284860120154917,0.0222529917955399
2.09550666809082,-1.38416147232056,-0.0018712900346145,0.0222446992993355
2.35120964050293,-1.38427495956421,-0.00124413403682411,0.0222697257995605
-2.24467015266418,-1.63274383544922,0.00705722440034151,0.0225037783384323
-1.98921155929565,-1.63286864757538,0.00500018196180463,0.0223559960722923
-1.73354196548462,-1.63323378562927,0.00222219503484666,0.022352360188961
-1.47780978679657,-1.63348400592804,-0.000612233765423298,0.0223059058189392
-1.2219398021698,-1.63387882709503,-0.00383184570819139,0.0223163962364197
-0.965687036514282,-1.63438332080841,-0.00855768378823996,0.0223625674843788
-0.709232687950134,-1.63480293750763,-0.0139649650081992,0.0223370417952538
-0.45355898141861,-1.63495719432831,-0.0155837684869766,0.0222934186458588
-0.198598802089691,-1.63501083850861,-0.0137333646416664,0.022287130355835
0.0566307194530964,-1.63503563404083,-0.0128917507827282,0.0222612991929054
0.312258064746857,-1.63497292995453,-0.0136383976787329,0.0222261995077133
0.567544758319855,-1.63486015796661,-0.012623724527657,0.0222264006733894
0.822154581546783,-1.63459300994873,-0.00834799371659756,0.022216759622097
1.07703673839569,-1.63450133800507,-0.00508454628288746,0.0221728459000587
1.33269226551056,-1.6344165802002,-0.00508829858154058,0.0220987796783447
1.5884565114975,-1.63439559936523,-0.00535570830106735,0.0220701098442078
1.84418499469757,-1.63437736034393,-0.00524304015561938,0.0220841318368912
2.09983468055725,-1.63439583778381,-0.00455864565446973,0.0221125185489655
2.35538005828857,-1.63453757762909,-0.00318620400503278,0.022130012512207
-2.24090051651001,-1.88267731666565,0.00621875934302807,0.0223892778158188
-1.98540008068085,-1.88278913497925,0.00400628568604589,0.0221984088420868
-1.72983574867249,-1.88308596611023,0.00174675171729177,0.0221785381436348
-1.47411668300629,-1.88341569900513,-0.000985164777375758,0.0221332982182503
-1.21845948696136,-1.88385009765625,-0.00319006945937872,0.0222285613417625
-0.962456285953522,-1.88425374031067,-0.00674501899629831,0.0223184451460838
-0.705965340137482,-1.88464665412903,-0.0122890369966626,0.0222859457135201
-0.450157821178436,-1.88480019569397,-0.0144855519756675,0.0222107917070389
-0.195470348000526,-1.88477766513824,-0.0113659342750907,0.0221979469060898
0.0592218115925789,-1.88459241390228,-0.00806758180260658,0.022134929895401
0.314932763576508,-1.88466930389404,-0.00915886927396059,0.0220317840576172
0.570609271526337,-1.8848659992218,-0.00986052397638559,0.0220386385917664
0.825714468955994,-1.88490843772888,-0.00777065474539995,0.0220751091837883
1.08063852787018,-1.88479506969452,-0.00466281920671463,0.0220347344875336
1.336057305336,-1.88463616371155,-0.00357303232885897,0.0219522789120674
1.59184050559998,-1.8845282793045,-0.00389878847636282,0.0219200551509857
1.84770095348358,-1.88455271720886,-0.00434198882430792,0.0219581946730614
2.10338568687439,-1.88455545902252,-0.00378166628070176,0.0220055431127548
2.35892915725708,-1.88474178314209,-0.00236492371186614,0.0220365598797798
-2.2368369102478,-2.13283324241638,0.00403648754581809,0.0221754387021065
-1.98142635822296,-2.13290238380432,0.00227613304741681,0.0220143422484398
-1.72595906257629,-2.13312339782715,0.000498394365422428,0.0220022052526474
-1.47057020664215,-2.13337922096252,-0.000681806588545442,0.02202058583498
-1.21514523029327,-2.13372874259949,-0.00179128535091877,0.0221524760127068
-0.959312915802002,-2.13403701782227,-0.00453742500394583,0.0222162082791328
-0.702886641025543,-2.13435816764832,-0.00975948758423328,0.0221849977970123
-0.44698441028595,-2.13454389572144,-0.0123551078140736,0.0221131816506386
-0.19232003390789,-2.13448023796082,-0.00910185091197491,0.0220786929130554
0.0620180629193783,-2.13418555259705,-0.00417243549600244,0.0219749584794044
0.317551076412201,-2.13429355621338,-0.00442829728126526,0.0218816846609116
0.573588848114014,-2.13467407226562,-0.00672587985172868,0.0219110324978828
0.829405844211578,-2.13503313064575,-0.00779825448989868,0.0219303891062737
1.08463394641876,-2.13506412506104,-0.00601474335417151,0.0218412205576897
1.33979845046997,-2.13495588302612,-0.00374165247194469,0.0217255800962448
1.59536504745483,-2.13478112220764,-0.0030646538361907,0.0217233747243881
1.85107159614563,-2.13473892211914,-0.00279008829966187,0.0217987820506096
2.10657715797424,-2.13465118408203,-0.00140367716085166,0.0218376368284225
2.36222457885742,-2.13482284545898,-0.000420545402448624,0.0219079777598381
-2.23257064819336,-2.38299798965454,0.000917110068257898,0.0219950452446938
-1.97735857963562,-2.38302087783813,0.000112643494503573,0.0218800902366638
-1.72199296951294,-2.38318729400635,-0.00115935585927218,0.0218863859772682
-1.46690762042999,-2.38338017463684,-0.000909250462427735,0.0219273120164871
-1.21161150932312,-2.38359832763672,-0.00139974581543356,0.0219762846827507
-0.955994784832001,-2.38385319709778,-0.00312743149697781,0.0220088735222816
-0.700011968612671,-2.38405275344849,-0.00629889592528343,0.0219831019639969
-0.444169670343399,-2.38432788848877,-0.00858738645911217,0.0219676792621613
-0.1892309486866,-2.38426780700684,-0.00655400846153498,0.0218924582004547
0.065520778298378,-2.38412094116211,-0.00346258049830794,0.0217637717723846
0.320877730846405,-2.38413119316101,-0.00289313867688179,0.0216968506574631
0.577227592468262,-2.38464879989624,-0.00656062597408891,0.0217716991901398
0.833560049533844,-2.38510298728943,-0.00991714932024479,0.0217555239796638
1.08901798725128,-2.38535380363464,-0.00911481119692326,0.0216231569647789
1.34391713142395,-2.38528537750244,-0.00560559146106243,0.0214654132723808
1.59909582138062,-2.38504505157471,-0.00315476534888148,0.021469920873642
1.8546861410141,-2.38493871688843,-0.00232866173610091,0.0215677171945572
2.11004519462585,-2.38480877876282,-0.00025670844479464,0.0216246843338013
2.36576843261719,-2.3848762512207,0.000414356065448374,0.0217267870903015
-2.22833514213562,-2.63297033309937,-0.00207118107937276,0.0219489634037018
-1.97321212291718,-2.63299059867859,-0.00242266640998423,0.0218474417924881
-1.71798408031464,-2.63316583633423,-0.00301903206855059,0.0218243449926376
-1.46292519569397,-2.63332891464233,-0.00260953744873405,0.0217887088656425
-1.20773315429688,-2.63352370262146,-0.00258481688797474,0.0217362344264984
-0.952326357364655,-2.63375329971313,-0.00331505876965821,0.0217235237360001
-0.696829974651337,-2.63394927978516,-0.00422898773103952,0.0217401012778282
-0.441260606050491,-2.63413095474243,-0.00524816988036036,0.02175322920084
-0.186050027608871,-2.63409972190857,-0.00442094076424837,0.0216182693839073
0.0693672150373459,-2.63411116600037,-0.00430953130125999,0.021471194922924
0.325134813785553,-2.63430452346802,-0.00555162318050861,0.0214415416121483
0.581328928470612,-2.63469862937927,-0.00848198775202036,0.0215797424316406
0.837348937988281,-2.63500642776489,-0.0103988917544484,0.0215643644332886
1.09290504455566,-2.63529324531555,-0.00999994389712811,0.0214309245347977
1.34813272953033,-2.63552045822144,-0.00791090819984674,0.0213062539696693
1.60315012931824,-2.63543224334717,-0.00468774139881134,0.0213154926896095
1.85859608650208,-2.63526844978333,-0.00318163493648171,0.0214078202843666
2.11404991149902,-2.63517761230469,-0.00149385549593717,0.02146065980196
2.36966133117676,-2.63507914543152,-0.000296937563689426,0.0215635746717453
-2.2244861125946,-2.88273000717163,-0.00328481453470886,0.0219676867127419
-1.96937155723572,-2.88279128074646,-0.00355633068829775,0.0218552649021149
-1.71409058570862,-2.88308429718018,-0.00435051927343011,0.02179154753685
-1.45873069763184,-2.88331890106201,-0.00528204441070557,0.0217018648982048
-1.20351302623749,-2.88359403610229,-0.00532827153801918,0.0216081663966179
-0.948264002799988,-2.88388991355896,-0.0052906577475369,0.0215630754828453
-0.692978084087372,-2.8841118812561,-0.00520153529942036,0.0215593054890633
-0.437749326229095,-2.88415336608887,-0.00463971449062228,0.0215480774641037
-0.18254742026329,-2.8841392993927,-0.00373787456192076,0.0213873311877251
0.0729755833745003,-2.88428282737732,-0.004064223729074,0.0212702006101608
0.329047948122025,-2.88457345962524,-0.00664589600637555,0.0212390124797821
0.585058331489563,-2.88478589057922,-0.00871975254267454,0.021406777203083
0.840799689292908,-2.88499999046326,-0.00935011729598045,0.0213709399104118
1.09632408618927,-2.88523101806641,-0.00877904146909714,0.0212260335683823
1.35192048549652,-2.88561820983887,-0.00830375589430332,0.0211020857095718
1.60737884044647,-2.88577342033386,-0.00700645474717021,0.0211508125066757
1.86275053024292,-2.88568449020386,-0.00512341363355517,0.0212635919451714
2.11831307411194,-2.88565802574158,-0.00387808866798878,0.021362192928791
2.37363862991333,-2.88540983200073,-0.00137703737709671,0.0214404761791229
-2.22075200080872,-3.13250946998596,-0.00396524416282773,0.0218967571854591
-1.96573483943939,-3.132652759552,-0.00374470464885235,0.0217863321304321
-1.71040487289429,-3.13304901123047,-0.00472221057862043,0.0216866433620453
-1.45496249198914,-3.13335847854614,-0.00599067797884345,0.0216027572751045
-1.19954931735992,-3.1337525844574,-0.00688888318836689,0.0215664505958557
-0.944216072559357,-3.13408088684082,-0.00719624012708664,0.0215132832527161
-0.688941955566406,-3.13432383537292,-0.00701239937916398,0.0214593559503555
-0.433867603540421,-3.13434529304504,-0.00570887420326471,0.0213607773184776
-0.178803980350494,-3.13428497314453,-0.00414339220151305,0.021159827709198
0.0766400694847107,-3.13444018363953,-0.00407447200268507,0.0210571736097336
0.332571536302567,-3.13469910621643,-0.00598469981923699,0.0210245028138161
0.588531076908112,-3.13490128517151,-0.0077957371249795,0.021145798265934
0.844044268131256,-3.13500809669495,-0.00737011106684804,0.0211245119571686
1.09958899021149,-3.13518881797791,-0.00686265993863344,0.0210168957710266
1.35551750659943,-3.13566970825195,-0.00784266926348209,0.0209497734904289
1.6113874912262,-3.13600754737854,-0.00834543164819479,0.0210284069180489
1.86666035652161,-3.13595080375671,-0.0059803263284266,0.021126851439476
2.12234902381897,-3.13594818115234,-0.00525983748957515,0.0212230309844017
2.37749934196472,-3.13564324378967,-0.00194436428137124,0.0212656185030937
-2.21671915054321,-3.38246011734009,-0.00601516338065267,0.0216483622789383
-1.96189308166504,-3.38271355628967,-0.00486585404723883,0.0215452313423157
-1.7063946723938,-3.38321399688721,-0.00657435739412904,0.0214741677045822
-1.45100700855255,-3.38361692428589,-0.00754594476893544,0.021396279335022
-1.19535040855408,-3.38419795036316,-0.00950965750962496,0.0213690549135208
-0.940064489841461,-3.38437271118164,-0.00956919975578785,0.0213208049535751
-0.684925317764282,-3.38444304466248,-0.00874005816876888,0.0212865769863129
-0.429780572652817,-3.38447761535645,-0.00771744409576058,0.0212133228778839
-0.174563825130463,-3.38454461097717,-0.00680100917816162,0.0210628286004066
0.0808442011475563,-3.38478636741638,-0.00652216142043471,0.0209573358297348
0.33653998374939,-3.38496065139771,-0.00732992729172111,0.0208839327096939
0.592204391956329,-3.38512635231018,-0.00777104357257485,0.0208968445658684
0.847713947296143,-3.38532662391663,-0.00728817703202367,0.0208449736237526
1.10342216491699,-3.38560771942139,-0.00747552281245589,0.0207870602607727
1.35906267166138,-3.38590741157532,-0.00713661732152104,0.0207606852054596
1.61468827724457,-3.38600945472717,-0.00652546854689717,0.0208090841770172
1.87017714977264,-3.38597655296326,-0.00509435823187232,0.0208706855773926
2.12586069107056,-3.38599061965942,-0.00431756488978863,0.0209644660353661
2.38124513626099,-3.38576817512512,-0.00200827792286873,0.0209759622812271
-2.21272373199463,-3.63239026069641,-0.00789389200508595,0.0213398784399033
-1.95800948143005,-3.63272404670715,-0.00618277536705136,0.0212293267250061
-1.70256304740906,-3.63326358795166,-0.00761124165728688,0.0211569517850876
-1.44724059104919,-3.63371205329895,-0.00824243947863579,0.0210771411657333
-1.19156801700592,-3.63437867164612,-0.0102368919178843,0.021057166159153
-0.936368107795715,-3.6343936920166,-0.00987608078867197,0.0210141465067863
-0.681220769882202,-3.63441181182861,-0.00905130337923765,0.0210379064083099
-0.425803422927856,-3.63457989692688,-0.00922708678990602,0.0210588946938515
-0.170201256871223,-3.63487315177917,-0.0100109009072185,0.0209968835115433
0.08534025400877,-3.63516688346863,-0.0102928364649415,0.0209051370620728
0.340617269277573,-3.6352641582489,-0.00916556362062693,0.0207310989499092
0.59595513343811,-3.63537263870239,-0.00809541065245867,0.0206326171755791
0.85146552324295,-3.63569617271423,-0.00757253635674715,0.0205979198217392
1.10722947120667,-3.63604164123535,-0.00797127094119787,0.0205763503909111
1.36263489723206,-3.63623070716858,-0.00654721772298217,0.0206014886498451
1.61779975891113,-3.63612198829651,-0.00385040976107121,0.0206034034490585
1.87355983257294,-3.63608026504517,-0.00360425398685038,0.0206455737352371
2.12908029556274,-3.63603782653809,-0.00207091844640672,0.0206801220774651
2.38499522209167,-3.6360194683075,-0.00208211410790682,0.0206818878650665
-2.20943713188171,-3.88215827941895,-0.00650368025526404,0.0211480408906937
-1.95465505123138,-3.88248062133789,-0.005073516163975,0.021015003323555
-1.69911062717438,-3.88307523727417,-0.00691598141565919,0.0209499076008797
-1.4437940120697,-3.88352489471436,-0.00748627865687013,0.0208388045430183
-1.18848192691803,-3.88399791717529,-0.00780595326796174,0.020827941596508
-0.933334350585938,-3.88409924507141,-0.00716982129961252,0.0208196118474007
-0.678012549877167,-3.88431572914124,-0.00709972018375993,0.0208508670330048
-0.42209529876709,-3.88462853431702,-0.00951377023011446,0.0208850130438805
-0.16618338227272,-3.88506054878235,-0.0116618340834975,0.0208644196391106
0.0892939493060112,-3.88529086112976,-0.0116180786862969,0.0207938477396965
0.344197660684586,-3.8853063583374,-0.00876717921346426,0.0205909758806229
0.599442958831787,-3.88543581962585,-0.00724288262426853,0.0204243659973145
0.855210244655609,-3.88585138320923,-0.00784006994217634,0.0203796774148941
1.11108016967773,-3.88616490364075,-0.00868263281881809,0.0203758627176285
1.36637783050537,-3.88640069961548,-0.0067349779419601,0.0203998014330864
1.62126934528351,-3.88631653785706,-0.00277562090195715,0.0203758403658867
1.87698411941528,-3.8863639831543,-0.00228903722018003,0.0204245075583458
2.13256430625916,-3.88634014129639,-0.000989392283372581,0.0204598009586334
2.38886094093323,-3.88656330108643,-0.00265369354747236,0.0204861238598824
-2.20620965957642,-4.13211584091187,-0.00482654618099332,0.0210978016257286
-1.951287150383,-4.13234186172485,-0.00401894515380263,0.0209571421146393
-1.69601440429688,-4.13280391693115,-0.00458530522882938,0.0208414494991302
-1.44069707393646,-4.13314723968506,-0.00513570057228208,0.0207117274403572
-1.18556427955627,-4.13349580764771,-0.00460998993366957,0.0206609591841698
-0.930356740951538,-4.13384771347046,-0.00420360919088125,0.0206366330385208
-0.674821019172668,-4.13427114486694,-0.00506810517981648,0.0206240192055702
-0.418545186519623,-4.13474607467651,-0.00907529983669519,0.0206141546368599
-0.162631645798683,-4.13504886627197,-0.0112052243202925,0.0206190124154091
0.0926487445831299,-4.13516283035278,-0.0102410418912768,0.0206455439329147
0.347650855779648,-4.13525533676147,-0.00779883610084653,0.0205158814787865
0.603040218353271,-4.13543033599854,-0.00689010182395577,0.0203661471605301
0.858862102031708,-4.13573598861694,-0.00770667148754001,0.0203118100762367
1.1147803068161,-4.13607168197632,-0.00873063504695892,0.0202521607279778
1.37024569511414,-4.13646030426025,-0.00749231316149235,0.02023646235466
1.62523889541626,-4.13662672042847,-0.00393584370613098,0.0201956480741501
1.88080418109894,-4.13676929473877,-0.00273708021268249,0.0202472060918808
2.13642716407776,-4.13684368133545,-0.00158606201875955,0.0202857404947281
2.39279508590698,-4.13725423812866,-0.00352061120793223,0.0203480422496796
-2.20216131210327,-4.38258361816406,-0.00691161537542939,0.0209836438298225
-1.94716548919678,-4.38272094726562,-0.00640893960371614,0.0208602547645569
-1.69199788570404,-4.38304615020752,-0.00645976001396775,0.0206915959715843
-1.43694460391998,-4.38322401046753,-0.00576796289533377,0.0205763727426529
-1.1819908618927,-4.38347244262695,-0.00439094053581357,0.0204789489507675
-0.926918029785156,-4.38392925262451,-0.00332571170292795,0.0204359143972397
-0.671409547328949,-4.38438415527344,-0.00403052661567926,0.0203743278980255
-0.41526585817337,-4.38480186462402,-0.00740628596395254,0.0202996209263802
-0.159302204847336,-4.38498830795288,-0.00974053237587214,0.0203112214803696
0.0960606411099434,-4.38506078720093,-0.00912171974778175,0.0203992277383804
0.351493418216705,-4.38530206680298,-0.00858834851533175,0.0203627571463585
0.60727721452713,-4.38561391830444,-0.00941772572696209,0.0202624499797821
0.863182306289673,-4.38597774505615,-0.0105660287663341,0.0201780050992966
1.11862599849701,-4.3861870765686,-0.00942119676619768,0.0201408565044403
1.37399959564209,-4.38662767410278,-0.00773031683638692,0.0200847685337067
1.62920844554901,-4.38703298568726,-0.00508989114314318,0.0200393870472908
1.88475251197815,-4.38729953765869,-0.00375098967924714,0.0200905427336693
2.14035964012146,-4.38737344741821,-0.00249316752888262,0.0201301351189613
2.39667582511902,-4.38786172866821,-0.00415579415857792,0.0202274695038795
-2.19810271263123,-4.63298225402832,-0.00904860533773899,0.0206771194934845
-1.94300711154938,-4.63317632675171,-0.00896250829100609,0.0205846652388573
-1.68792378902435,-4.63341808319092,-0.00858983024954796,0.0204631611704826
-1.43296074867249,-4.63357019424438,-0.00744510907679796,0.0203735008835793
-1.17799615859985,-4.63383007049561,-0.00607871124520898,0.0202811509370804
-0.923013269901276,-4.63423013687134,-0.00456671556457877,0.0202469602227211
-0.667626142501831,-4.63461637496948,-0.00468384847044945,0.0201441124081612
-0.411785334348679,-4.63485956192017,-0.00665419548749924,0.0200430452823639
-0.155972376465797,-4.63497066497803,-0.00827473402023315,0.0200531408190727
0.0997318029403687,-4.6351580619812,-0.00916631426662207,0.0201328173279762
0.355715453624725,-4.63571405410767,-0.0110730146989226,0.0201123282313347
0.611924231052399,-4.63632297515869,-0.0137641606852412,0.0200404152274132
0.867836356163025,-4.63674259185791,-0.0148966321721673,0.020003616809845
1.12295377254486,-4.63690662384033,-0.0122422762215137,0.0199778750538826
1.37790679931641,-4.63721227645874,-0.00862951017916203,0.0199472606182098
1.63297426700592,-4.63754510879517,-0.00532407034188509,0.0199029967188835
1.88862323760986,-4.63781070709229,-0.00441929372027516,0.0199442505836487
2.14424133300781,-4.63794136047363,-0.00317117245867848,0.0199573412537575
2.40046787261963,-4.63840818405151,-0.00440017459914088,0.0200762376189232
-2.19506525993347,-4.88266324996948,-0.00650865817442536,0.020273432135582
-1.93969416618347,-4.88307857513428,-0.00764982867985964,0.02021374553442
-1.68446743488312,-4.8834080696106,-0.00789936073124409,0.0201385915279388
-1.42935395240784,-4.88370895385742,-0.00740233156830072,0.0200948566198349
-1.17418038845062,-4.8840184211731,-0.00695665972307324,0.0200530886650085
-0.919121086597443,-4.88434600830078,-0.00576230324804783,0.0200522691011429
-0.663649320602417,-4.88472032546997,-0.00622941600158811,0.0200173705816269
-0.407897233963013,-4.88500356674194,-0.00775463413447142,0.0199588239192963
-0.152353316545486,-4.88522672653198,-0.00810639746487141,0.0199329480528831
0.103354148566723,-4.88551950454712,-0.00897139310836792,0.0199059695005417
0.359212070703506,-4.88608932495117,-0.0102730374783278,0.019821472465992
0.615465998649597,-4.88678884506226,-0.0131290545687079,0.0197156071662903
0.871498823165894,-4.88737678527832,-0.0147615484893322,0.019706055521965
1.12664520740509,-4.88766717910767,-0.0121947210282087,0.0197603479027748
1.38168799877167,-4.88786792755127,-0.008958057500422,0.0197747051715851
1.63689351081848,-4.88800191879272,-0.00624956469982862,0.019723042845726
1.89260864257812,-4.88822746276855,-0.00560800451785326,0.0197408199310303
2.14823317527771,-4.88848066329956,-0.00434339139610529,0.0197078958153725
2.40426063537598,-4.88890743255615,-0.00464998465031385,0.0198148377239704
-2.19263887405396,-5.13193368911743,-0.00116849399637431,0.0199429541826248
-1.93688821792603,-5.13258361816406,-0.00402276637032628,0.0199223831295967
-1.68133807182312,-5.13309383392334,-0.0057224202901125,0.0199104845523834
-1.42573428153992,-5.13366937637329,-0.00743084168061614,0.0198821201920509
-1.17026543617249,-5.13412809371948,-0.00829445850104094,0.0198442339897156
-0.915068209171295,-5.13445520401001,-0.00769415451213717,0.0198257192969322
-0.659541249275208,-5.13493061065674,-0.00836747884750366,0.0198470950126648
-0.403699815273285,-5.13542509078979,-0.0102463690564036,0.0198466181755066
-0.148367494344711,-5.13571929931641,-0.00959058105945587,0.0198133960366249
0.107040718197823,-5.1360502243042,-0.00905634742230177,0.0196880549192429
0.362494379281998,-5.13647270202637,-0.00850124750286341,0.0195878073573112
0.618411183357239,-5.13706016540527,-0.00980950985103846,0.0195208936929703
0.874341130256653,-5.13753795623779,-0.0109572745859623,0.0195530280470848
1.12974488735199,-5.13781213760376,-0.00952363200485706,0.0196487978100777
1.38529634475708,-5.13810062408447,-0.00853883940726519,0.0196524113416672
1.64087009429932,-5.13831615447998,-0.00744262523949146,0.0195469036698341
1.89655828475952,-5.13868236541748,-0.00663418183103204,0.0194798335433006
2.15218901634216,-5.13891506195068,-0.00536237005144358,0.0193890929222107
2.40787196159363,-5.13933181762695,-0.00409836322069168,0.0194256082177162
-2.18967890739441,-5.3815975189209,0.00172912643756717,0.0197257399559021
-1.93368887901306,-5.38235664367676,-0.00219337409362197,0.0197599679231644
-1.6778838634491,-5.38307237625122,-0.00502227526158094,0.0197415500879288
-1.42204868793488,-5.3837194442749,-0.00775604275986552,0.0197446942329407
-1.16659128665924,-5.38422536849976,-0.00852816738188267,0.0196811705827713
-0.911383152008057,-5.38456392288208,-0.00794145278632641,0.0196051523089409
-0.655731201171875,-5.38515710830688,-0.00914252456277609,0.0195934921503067
-0.399613112211227,-5.38583612442017,-0.0122338971123099,0.0196326300501823
-0.14431668817997,-5.38616561889648,-0.0113734807819128,0.0196295380592346
0.110926426947117,-5.3864917755127,-0.0100514311343431,0.0195393264293671
0.366192221641541,-5.38686323165894,-0.00861177314072847,0.0194561034440994
0.62187784910202,-5.38738298416138,-0.00884436722844839,0.0194281972944736
0.877722263336182,-5.38788461685181,-0.00957214087247849,0.0195221416652203
1.13332462310791,-5.38815689086914,-0.00900173000991344,0.0195822827517986
1.38906705379486,-5.38833045959473,-0.00884956680238247,0.0195674933493137
1.64488554000854,-5.38858699798584,-0.00881380401551723,0.0193978138267994
1.90043425559998,-5.38897752761841,-0.00734214810654521,0.0192250460386276
2.155921459198,-5.38924407958984,-0.00539130438119173,0.0190804675221443
2.41123938560486,-5.38963508605957,-0.00246766814962029,0.0190262161195278
-2.18585300445557,-5.63181924819946,0.000659348035696894,0.0195442140102386
-1.92988777160645,-5.63255500793457,-0.0031125764362514,0.0196363180875778
-1.67405319213867,-5.63328456878662,-0.00603975681588054,0.0196096003055573
-1.41838979721069,-5.63390588760376,-0.00794833991676569,0.0195958390831947
-1.16320466995239,-5.63437700271606,-0.00743799097836018,0.0195105373859406
-0.907873928546906,-5.63480281829834,-0.00737452181056142,0.0193969681859016
-0.652034878730774,-5.63543653488159,-0.00939411763101816,0.0193643942475319
-0.395529538393021,-5.6362247467041,-0.0142084918916225,0.0194254815578461
-0.140121623873711,-5.63662481307983,-0.0138117745518684,0.0194271430373192
0.114941768348217,-5.63692426681519,-0.0116357747465372,0.0193752087652683
0.370243221521378,-5.63729667663574,-0.0103198504075408,0.0192917697131634
0.626195669174194,-5.63791131973267,-0.0117145944386721,0.0192493982613087
0.882348597049713,-5.63849592208862,-0.0137886609882116,0.0193159207701683
1.13798534870148,-5.63879537582397,-0.0133283669129014,0.0193634852766991
1.39346957206726,-5.63901567459106,-0.0119689516723156,0.0193192660808563
1.64888775348663,-5.63911056518555,-0.0101086916401982,0.0191846340894699
1.9042261838913,-5.63940525054932,-0.00766538549214602,0.0190166458487511
2.15960097312927,-5.63966035842896,-0.00517843663692474,0.0188896730542183
2.41470408439636,-5.63995027542114,-0.00126975693274289,0.0187932997941971
-2.18140196800232,-5.88226175308228,-0.00328659871593118,0.0193938314914703
-1.92568576335907,-5.88290643692017,-0.00587203819304705,0.0195092633366585
-1.6701123714447,-5.88355588912964,-0.00756035046651959,0.0194841027259827
-1.41461038589478,-5.88413286209106,-0.00869172625243664,0.0194599255919456
-1.15943610668182,-5.8846583366394,-0.00809150282293558,0.019327700138092
-0.903998374938965,-5.88513946533203,-0.00847789645195007,0.0191688388586044
-0.648098587989807,-5.88571739196777,-0.0107419081032276,0.0191738978028297
-0.391555160284042,-5.88645076751709,-0.0156963095068932,0.0192388892173767
-0.136064320802689,-5.88682222366333,-0.0156414192169905,0.0192870534956455
0.118940271437168,-5.88715982437134,-0.0131574599072337,0.0192635133862495
0.37444669008255,-5.8876166343689,-0.0127269122749567,0.0191728435456753
0.630838930606842,-5.88845157623291,-0.0160557832568884,0.0191130824387074
0.887376129627228,-5.88925886154175,-0.0198053326457739,0.0190832242369652
1.14276123046875,-5.88949060440063,-0.0181698277592659,0.0190605185925961
1.39780151844025,-5.88963747024536,-0.0147763090208173,0.0190314911305904
1.65299022197723,-5.88978719711304,-0.0118422480300069,0.0189609527587891
1.90815114974976,-5.89001035690308,-0.00857178308069706,0.0188948847353458
2.16365122795105,-5.89034557342529,-0.00660285586491227,0.0188404209911823
2.41880655288696,-5.89054441452026,-0.0028966935351491,0.0187685713171959
-2.1767110824585,-6.13272142410278,-0.00834087748080492,0.0192001983523369
-1.92143487930298,-6.13323259353638,-0.00885861646384001,0.0192965865135193
-1.66613304615021,-6.13376426696777,-0.009262815117836,0.0192768163979053
-1.41079092025757,-6.13431453704834,-0.00962205417454243,0.0192190296947956
-1.15545153617859,-6.13492727279663,-0.00973696354776621,0.0190889351069927
-0.899927735328674,-6.13544178009033,-0.0104768015444279,0.0189529843628407
-0.644023895263672,-6.1359977722168,-0.0127221718430519,0.0190054066479206
-0.387785226106644,-6.13656663894653,-0.0162597075104713,0.0191102884709835
-0.132279336452484,-6.13695049285889,-0.0162368379533291,0.0191647969186306
0.122620865702629,-6.13733959197998,-0.0132393930107355,0.0191163010895252
0.378025680780411,-6.13781499862671,-0.012312482111156,0.0190336555242538
0.634481251239777,-6.13871812820435,-0.0158896222710609,0.01899179443717
0.891149580478668,-6.1395959854126,-0.0201921798288822,0.0189328528940678
1.14698219299316,-6.14008140563965,-0.0205194298177958,0.0188834816217422
1.40198254585266,-6.14029407501221,-0.0169027354568243,0.0188726745545864
1.65722548961639,-6.14058446884155,-0.0141638377681375,0.0188636109232903
1.91243982315063,-6.14083385467529,-0.0110919568687677,0.0188685730099678
2.16800093650818,-6.14118576049805,-0.0093552153557539,0.0188323743641376
2.42341494560242,-6.14140653610229,-0.00676153274253011,0.0187889635562897
-2.17229390144348,-6.38312578201294,-0.0121330535039306,0.0189282260835171
-1.91750371456146,-6.38349390029907,-0.0103724701330066,0.0189808234572411
-1.66232097148895,-6.38396072387695,-0.0101945092901587,0.0189997814595699
-1.40716791152954,-6.38447189331055,-0.00965067371726036,0.0189636871218681
-1.15167164802551,-6.38510179519653,-0.0104493498802185,0.0188829153776169
-0.896121680736542,-6.38565301895142,-0.0112703256309032,0.0187729671597481
-0.640343070030212,-6.38619565963745,-0.0129081886261702,0.0188353061676025
-0.384411782026291,-6.38675022125244,-0.0150100467726588,0.018895223736763
-0.128788828849792,-6.38722276687622,-0.0154819097369909,0.0188738666474819
0.126143306493759,-6.38761329650879,-0.0125965820625424,0.0188081115484238
0.381451278924942,-6.38809299468994,-0.0111974505707622,0.0187560431659222
0.637836635112762,-6.38893938064575,-0.0144290309399366,0.0187158212065697
0.894431412220001,-6.38979911804199,-0.0183694791048765,0.0186814926564693
1.15041840076447,-6.39031934738159,-0.0193591881543398,0.0186889432370663
1.40547502040863,-6.39055967330933,-0.0159619003534317,0.018715750426054
1.6609445810318,-6.39101839065552,-0.014195816591382,0.0187438391149044
1.91642248630524,-6.39144277572632,-0.0122569939121604,0.0187278874218464
2.17203617095947,-6.39187288284302,-0.0107134385034442,0.0187481977045536
2.42763352394104,-6.39216947555542,-0.00889496225863695,0.0186941288411617
-2.16865944862366,-6.6333589553833,-0.0123134907335043,0.0186931192874908
-1.91407263278961,-6.63366842269897,-0.00958291534334421,0.0187054723501205
-1.65884590148926,-6.63405847549438,-0.00958018191158772,0.0187215693295002
-1.40371942520142,-6.634521484375,-0.00888385344296694,0.0187056064605713
-1.14795207977295,-6.63514947891235,-0.010893770493567,0.018669530749321
-0.892392873764038,-6.63576984405518,-0.0117165241390467,0.0186072736978531
-0.636957049369812,-6.63629341125488,-0.0117538217455149,0.0186368674039841
-0.381311297416687,-6.63693141937256,-0.0125156752765179,0.0185986422002316
-0.125400006771088,-6.63758277893066,-0.0142578193917871,0.0185496397316456
0.13008987903595,-6.63816833496094,-0.013859935104847,0.0185051038861275
0.385550290346146,-6.63871097564697,-0.0131103284657001,0.0185090340673923
0.641486585140228,-6.63928747177124,-0.0142916273325682,0.0185053087770939
0.897585391998291,-6.63997459411621,-0.0159722659736872,0.0184896141290665
1.15336155891418,-6.64040899276733,-0.0159892309457064,0.0184992514550686
1.4088282585144,-6.64088106155396,-0.0143919587135315,0.0185230113565922
1.66464340686798,-6.6414475440979,-0.0141377551481128,0.0185498856008053
1.92030906677246,-6.64193630218506,-0.0130007807165384,0.0185168646275997
2.17587733268738,-6.64238548278809,-0.0112176304683089,0.0185164995491505
2.43142318725586,-6.64272546768188,-0.00913208071142435,0.0184463486075401
-2.16571640968323,-6.88330554962158,-0.00931422505527735,0.0185877494513988
-1.91089534759521,-6.88370418548584,-0.00763082085177302,0.0185787342488766
-1.65543901920319,-6.88421535491943,-0.00864652078598738,0.0185646302998066
-1.39997696876526,-6.88474369049072,-0.00945653300732374,0.0185366347432137
-1.14411818981171,-6.88532733917236,-0.0118533000349998,0.0184892155230045
-0.888676941394806,-6.88589477539062,-0.0121033461764455,0.0184577815234661
-0.633628129959106,-6.88642978668213,-0.0103356670588255,0.0184265710413456
-0.378004014492035,-6.88718461990356,-0.0109589463099837,0.0183439962565899
-0.12174216657877,-6.88809394836426,-0.0142470961436629,0.0182577446103096
0.134355619549751,-6.88891220092773,-0.0165593679994345,0.0182460434734821
0.389759987592697,-6.88938236236572,-0.0155211770907044,0.0183896459639072
0.645151972770691,-6.88976097106934,-0.0142156258225441,0.0184151344001293
0.900671362876892,-6.89016199111938,-0.0132672246545553,0.0183850675821304
1.1563503742218,-6.89057159423828,-0.0128199700266123,0.0183479860424995
1.41262423992157,-6.89143228530884,-0.0147956227883697,0.0183483771979809
1.66868650913239,-6.89199209213257,-0.015615857206285,0.018349714577198
1.9244989156723,-6.892493724823,-0.0150988632813096,0.0182839557528496
2.17997002601624,-6.89287567138672,-0.0128482449799776,0.0182698518037796
2.43530464172363,-6.89319610595703,-0.00978436134755611,0.018215361982584
-2.16290593147278,-7.13307189941406,-0.00571299577131867,0.0185144320130348
-1.90768945217133,-7.13366317749023,-0.00581530295312405,0.0184868201613426
-1.65203189849854,-7.13434171676636,-0.00771608063951135,0.01847830042243
-1.39607465267181,-7.13499546051025,-0.0107620926573873,0.0184371806681156
-1.14009463787079,-7.13560962677002,-0.0136757688596845,0.0183589532971382
-0.884640574455261,-7.13626003265381,-0.0139403585344553,0.018322542309761
-0.629637002944946,-7.13687705993652,-0.011921881698072,0.01826561242342
-0.374256700277328,-7.13760423660278,-0.0113971941173077,0.018158957362175
-0.118272542953491,-7.13847255706787,-0.013389109633863,0.0180935002863407
0.13784171640873,-7.13926076889038,-0.0157459732145071,0.0181454233825207
0.393331974744797,-7.13974380493164,-0.0150637850165367,0.0182955972850323
0.648597240447998,-7.14010143280029,-0.0131533425301313,0.0183165669441223
0.90386039018631,-7.14041042327881,-0.0110230725258589,0.0182835049927235
1.15975821018219,-7.1409649848938,-0.0115219792351127,0.0181950405240059
1.41645956039429,-7.14191198348999,-0.0153821054846048,0.0181403905153275
1.67283546924591,-7.14246988296509,-0.0175745654851198,0.0181300342082977
1.92866182327271,-7.14299821853638,-0.0170800909399986,0.0181261263787746
2.18440532684326,-7.14343976974487,-0.0160043425858021,0.0181263759732246
2.44011259078979,-7.14394474029541,-0.0145495356991887,0.018120002001524
2.70022797584534,-7.14623737335205,-0.0323695912957191,0.0181797817349434
-2.15944886207581,-7.38298082351685,-0.00509533006697893,0.0182851105928421
-1.90412044525146,-7.38375329971313,-0.00566767156124115,0.0182437412440777
-1.64847123622894,-7.38444423675537,-0.00749473413452506,0.0182018876075745
-1.39237141609192,-7.38531589508057,-0.0111465277150273,0.0181577131152153
-1.13623023033142,-7.3860559463501,-0.0147557752206922,0.0181469693779945
-0.880490064620972,-7.38673305511475,-0.0162921696901321,0.0181342363357544
-0.625403702259064,-7.38730621337891,-0.0146160302683711,0.0181072428822517
-0.370321184396744,-7.38794422149658,-0.0126996114850044,0.0180603228509426
-0.114758908748627,-7.38872957229614,-0.0127402422949672,0.0180343613028526
0.141000509262085,-7.3894419670105,-0.0134580051526427,0.0180905237793922
0.396527886390686,-7.38996124267578,-0.0129120778292418,0.0181859768927097
0.651946187019348,-7.39037847518921,-0.0116603141650558,0.0181905142962933
0.907462596893311,-7.39071893692017,-0.0106402095407248,0.0181208588182926
1.16380250453949,-7.39144420623779,-0.013085450977087,0.018009427934885
1.42056560516357,-7.39239120483398,-0.0171860922127962,0.0179150924086571
1.67679476737976,-7.39296436309814,-0.0186817012727261,0.0179334692656994
1.93223011493683,-7.39345502853394,-0.0164029691368341,0.0179681107401848
2.18772864341736,-7.39391660690308,-0.0141997784376144,0.0179774165153503
2.44344544410706,-7.39454078674316,-0.0127483243122697,0.0179813019931316
2.70108914375305,-7.39612483978271,-0.0195900313556194,0.0179483033716679
-2.15504932403564,-7.63322782516479,-0.00881448108702898,0.0179374739527702
-1.89997160434723,-7.63408279418945,-0.00818012561649084,0.0179025493562222
-1.6445107460022,-7.63479661941528,-0.00909783970564604,0.01796530559659
-1.3888875246048,-7.63567495346069,-0.0105189867317677,0.0179253332316875
-1.1328432559967,-7.63641595840454,-0.0136502217501402,0.0179354026913643
-0.876606166362762,-7.63722324371338,-0.0174213889986277,0.0179065316915512
-0.621041893959045,-7.63790321350098,-0.0178851988166571,0.0179088711738586
-0.366025984287262,-7.63848495483398,-0.0156280342489481,0.0179364569485188
-0.110933296382427,-7.63908290863037,-0.0135045358911157,0.0179690904915333
0.144370838999748,-7.63966512680054,-0.0121280206367373,0.0180023275315762
0.399949789047241,-7.64027452468872,-0.0117780473083258,0.0180137678980827
0.655685245990753,-7.64070653915405,-0.0119282491505146,0.0179800242185593
0.911428451538086,-7.64106845855713,-0.0118963550776243,0.0179094448685646
1.16767776012421,-7.64181709289551,-0.0138950860127807,0.0178317837417126
1.42393100261688,-7.64266586303711,-0.0156755726784468,0.0177410840988159
1.67970943450928,-7.64329290390015,-0.0151141677051783,0.0177334323525429
1.93489134311676,-7.64369869232178,-0.0116803022101521,0.0177859477698803
2.19067573547363,-7.64435005187988,-0.0107164429500699,0.0177931040525436
2.44603061676025,-7.64494466781616,-0.00762701267376542,0.0177859999239445
2.70308423042297,-7.64618921279907,-0.0118433777242899,0.0177487470209599
-2.15019154548645,-7.88369607925415,-0.0146387787535787,0.0177116207778454
-1.89546120166779,-7.88451814651489,-0.0123551273718476,0.0177016519010067
-1.64029777050018,-7.88522291183472,-0.0118585657328367,0.0177707225084305
-1.38519859313965,-7.88603448867798,-0.0108338920399547,0.0178077630698681
-1.12974226474762,-7.88662242889404,-0.0112430742010474,0.0178388990461826
-0.873470366001129,-7.8874249458313,-0.0151446703821421,0.0178110972046852
-0.617181003093719,-7.88840055465698,-0.0188716351985931,0.0177841335535049
-0.361853301525116,-7.88897657394409,-0.0180012173950672,0.0177778862416744
-0.106951586902142,-7.88942766189575,-0.0149801475927234,0.017799474298954
0.14783887565136,-7.88983583450317,-0.0112458653748035,0.0178021527826786
0.403327077627182,-7.89045858383179,-0.0104514565318823,0.0178078189492226
0.659193515777588,-7.89100742340088,-0.0111547531560063,0.0177895538508892
0.915062606334686,-7.8914794921875,-0.0116507904604077,0.017777755856514
1.17114794254303,-7.89218807220459,-0.0128805488348007,0.017763402312994
1.42707860469818,-7.89299297332764,-0.0131819350644946,0.0177002772688866
1.68267953395844,-7.89365339279175,-0.0117929186671972,0.0176357813179493
1.93779504299164,-7.89414358139038,-0.00802939385175705,0.0176498182117939
2.19323873519897,-7.89468574523926,-0.00552452215924859,0.0176259130239487
2.44895768165588,-7.89527702331543,-0.00403592130169272,0.0175850391387939
2.70587301254272,-7.89632129669189,-0.00762626715004444,0.0175518654286861
-2.14562010765076,-8.13407516479492,-0.0191436521708965,0.0177125260233879
-1.89102971553802,-8.13482570648193,-0.016174579039216,0.0177356116473675
-1.63611829280853,-8.13554382324219,-0.0144730331376195,0.0177845135331154
-1.38142991065979,-8.13617515563965,-0.0115320468321443,0.0178166218101978
-1.12636601924896,-8.13668251037598,-0.0101100476458669,0.0178349874913692
-0.870326042175293,-8.13751316070557,-0.012915376573801,0.0177611671388149
-0.61349093914032,-8.13875484466553,-0.0190879050642252,0.0177088007330894
-0.357655763626099,-8.139404296875,-0.0204925686120987,0.0176882073283195
-0.102697141468525,-8.13987922668457,-0.0176896285265684,0.0177062898874283
0.151762932538986,-8.14017772674561,-0.0124229481443763,0.0176564455032349
0.406745254993439,-8.14066123962402,-0.00930909719318151,0.0176130719482899
0.662391066551208,-8.14126491546631,-0.00897881295531988,0.0176504328846931
0.918301522731781,-8.14184188842773,-0.00962458271533251,0.0176918506622314
1.17437493801117,-8.14256191253662,-0.0107705807313323,0.0177015587687492
1.43011522293091,-8.14318656921387,-0.0101999482139945,0.0176234021782875
1.685795545578,-8.14384746551514,-0.0091397063806653,0.0175240188837051
1.94113528728485,-8.14440727233887,-0.00634687067940831,0.0174885131418705
2.19690608978271,-8.14498996734619,-0.00527122942730784,0.0174432620406151
2.4525158405304,-8.14556789398193,-0.00326303881593049,0.0174245610833168
2.70931482315063,-8.14648628234863,-0.00631274236366153,0.0173846259713173
-2.14181113243103,-8.38424301147461,-0.020134050399065,0.0177369378507137
-1.8871830701828,-8.38495922088623,-0.0173053685575724,0.0177959017455578
-1.63234639167786,-8.38570976257324,-0.0152198215946555,0.0178400501608849
-1.37740015983582,-8.38637161254883,-0.0134272100403905,0.0178610123693943
-1.12225329875946,-8.38701248168945,-0.0123376110568643,0.0178289450705051
-0.866288423538208,-8.38787841796875,-0.0147576862946153,0.0176847539842129
-0.609782814979553,-8.38901138305664,-0.019394239410758,0.0175553262233734
-0.353681087493896,-8.38973331451416,-0.0219747740775347,0.0175384990870953
-0.0985769182443619,-8.39035129547119,-0.0197867210954428,0.01756626740098
0.155871570110321,-8.39059257507324,-0.014433516189456,0.017535887658596
0.41055092215538,-8.39096355438232,-0.00991655327379704,0.0174986645579338
0.665732204914093,-8.39159870147705,-0.00744701875373721,0.0175114944577217
0.921593725681305,-8.39230728149414,-0.00783163495361805,0.0175371579825878
1.17776203155518,-8.3930778503418,-0.00937102362513542,0.0174854546785355
1.4334305524826,-8.3936071395874,-0.00845414493232965,0.0174231976270676
1.68910980224609,-8.39419269561768,-0.007365089841187,0.0174022428691387
1.94467377662659,-8.39476680755615,-0.00554501451551914,0.0173799805343151
2.20065331459045,-8.39531707763672,-0.00537344114854932,0.01732212677598
2.4563410282135,-8.39585971832275,-0.00368212955072522,0.0173001401126385
2.71304154396057,-8.39669513702393,-0.00626575062051415,0.0172751061618328
-2.13869500160217,-8.63434410095215,-0.0179223138839006,0.0175916738808155
-1.88412177562714,-8.63502979278564,-0.0148125439882278,0.0177033804357052
-1.62899672985077,-8.63588333129883,-0.0140193738043308,0.0177172347903252
-1.37376880645752,-8.63666152954102,-0.0134818227961659,0.0177741087973118
-1.11816346645355,-8.63752937316895,-0.0144463591277599,0.0177493318915367
-0.862077713012695,-8.63838768005371,-0.0173818971961737,0.0175953581929207
-0.606064915657043,-8.63910675048828,-0.0197572149336338,0.0174095891416073
-0.35013610124588,-8.63991832733154,-0.0215076599270105,0.0173565559089184
-0.0944894179701805,-8.6408109664917,-0.0217359457165003,0.017377357929945
0.16059236228466,-8.64136791229248,-0.01919836550951,0.017353855073452
0.415257751941681,-8.64164543151855,-0.0145814511924982,0.0173565149307251
0.67015677690506,-8.64233684539795,-0.0107869785279036,0.0174145735800266
0.925851881504059,-8.64318084716797,-0.0103694414719939,0.0174053199589252
1.18194246292114,-8.64396095275879,-0.0115190474316478,0.0173011459410191
1.43747437000275,-8.64438629150391,-0.00995797943323851,0.0171959735453129
1.69293093681335,-8.64482879638672,-0.0078434394672513,0.0172000117599964
1.94852447509766,-8.64536380767822,-0.00612472649663687,0.0172259993851185
2.20445942878723,-8.64590740203857,-0.00571906520053744,0.0172029249370098
2.46011924743652,-8.64640998840332,-0.00387225509621203,0.0172058679163456
2.71669793128967,-8.64723777770996,-0.00588153442367911,0.0172449611127377
-2.13559508323669,-8.88452911376953,-0.0156277790665627,0.0172736495733261
-1.88124620914459,-8.88513088226318,-0.0114586660638452,0.0174406692385674
-1.6259378194809,-8.88604736328125,-0.0114788599312305,0.0174930989742279
-1.37072956562042,-8.88689708709717,-0.0108169624581933,0.0176192745566368
-1.114666223526,-8.88789939880371,-0.0138450721278787,0.0176298879086971
-0.85844087600708,-8.88880634307861,-0.0173837933689356,0.017510924488306
-0.602561712265015,-8.88941097259521,-0.0191230792552233,0.0173556767404079
-0.346752852201462,-8.89022731781006,-0.0202933289110661,0.0172501057386398
-0.0904595404863358,-8.89122486114502,-0.0234264805912971,0.0172050520777702
0.165486097335815,-8.89216899871826,-0.0247472263872623,0.0172059424221516
0.420665055513382,-8.89277076721191,-0.0223890542984009,0.0172525569796562
0.675588190555573,-8.89348411560059,-0.0186520535498857,0.0173320733010769
0.930842220783234,-8.89423942565918,-0.0161997117102146,0.0173076391220093
1.18647527694702,-8.89486598968506,-0.015253541059792,0.0172094218432903
1.44188618659973,-8.89525985717773,-0.0131096392869949,0.0170945227146149
1.69737589359283,-8.89569664001465,-0.0111045259982347,0.017029881477356
1.95283222198486,-8.89625453948975,-0.00872955098748207,0.0170217156410217
2.20846962928772,-8.89684772491455,-0.00695165572687984,0.0170624405145645
2.46419787406921,-8.89743709564209,-0.00536788534373045,0.0171113573014736
2.72071599960327,-8.89832019805908,-0.00706644495949149,0.0172308944165707
-2.13191413879395,-9.13484859466553,-0.0160136185586452,0.0169523879885674
-1.87768638134003,-9.13539218902588,-0.0112536009401083,0.0171309486031532
-1.62223601341248,-9.13636779785156,-0.0118907010182738,0.01722427085042
-1.3672890663147,-9.13713073730469,-0.00999766308814287,0.0173549093306065
-1.1111581325531,-9.13830757141113,-0.0132903987541795,0.0173790194094181
-0.855087995529175,-9.13924694061279,-0.0160830691456795,0.0173036269843578
-0.599523186683655,-9.13982009887695,-0.0163560751825571,0.0172012634575367
-0.343845099210739,-9.14053726196289,-0.0169093087315559,0.0171156264841557
-0.0872440934181213,-9.14155101776123,-0.0214155931025743,0.0170245617628098
0.169664844870567,-9.14273929595947,-0.0270652342587709,0.0169810764491558
0.425600409507751,-9.14369583129883,-0.028072277083993,0.0170664712786674
0.680706083774567,-9.14450263977051,-0.0251087844371796,0.0171452611684799
0.935589730739594,-9.14503288269043,-0.0209539365023375,0.0171510390937328
1.19071340560913,-9.14552974700928,-0.0176788829267025,0.0170866027474403
1.44607353210449,-9.14604091644287,-0.0152593282982707,0.0169986896216869
1.70171213150024,-9.14665508270264,-0.0138712767511606,0.0168870612978935
1.95708572864532,-9.14730644226074,-0.0110794622451067,0.01684844866395
2.212726354599,-9.14797401428223,-0.00927203055471182,0.0168946385383606
2.46847820281982,-9.14870071411133,-0.00774543592706323,0.016954205930233
2.72509574890137,-9.14967632293701,-0.00984087120741606,0.0171019621193409
-2.12776112556458,-9.38525199890137,-0.0185775607824326,0.0167461298406124
-1.87332892417908,-9.38587284088135,-0.01471739821136,0.016886442899704
-1.61811244487762,-9.38677883148193,-0.0142394509166479,0.0170161798596382
-1.36303925514221,-9.3875789642334,-0.0128852678462863,0.0170570388436317
-1.10733091831207,-9.38861465454102,-0.0142088886350393,0.0170828439295292
-0.851666390895844,-9.38950061798096,-0.0151111828163266,0.0170655809342861
-0.596338331699371,-9.39013385772705,-0.0142656126990914,0.0169945247471333
-0.340790510177612,-9.39087390899658,-0.0141930272802711,0.0169362686574459
-0.084414929151535,-9.39183521270752,-0.0176489278674126,0.0168616101145744
0.172366693615913,-9.39294052124023,-0.0227006748318672,0.016862940043211
0.42874538898468,-9.3939380645752,-0.02568962238729,0.0169180482625961
0.684343338012695,-9.39476299285889,-0.0249235574156046,0.0169474817812443
0.939378619194031,-9.39541912078857,-0.0214105732738972,0.016941025853157
1.19457340240479,-9.39608097076416,-0.0184094347059727,0.016913715749979
1.45001137256622,-9.39678287506104,-0.0162900164723396,0.0168292783200741
1.70563793182373,-9.39748001098633,-0.0148062407970428,0.0167371816933155
1.9609991312027,-9.39817523956299,-0.0119202192872763,0.0167089439928532
2.21671652793884,-9.39887046813965,-0.0104189878329635,0.0166829451918602
2.47273731231689,-9.39977550506592,-0.010042130947113,0.0167197994887829
2.72952222824097,-9.40083312988281,-0.0128392949700356,0.0168180912733078
-2.12394142150879,-9.63555335998535,-0.0196070205420256,0.0166423134505749
-1.869185090065,-9.63633918762207,-0.0171949155628681,0.0167343392968178
-1.61423146724701,-9.63717460632324,-0.0154710002243519,0.016807958483696
-1.35884475708008,-9.63807487487793,-0.0155154149979353,0.016821451485157
-1.10347390174866,-9.63890361785889,-0.0152654005214572,0.0168422795832157
-0.847972512245178,-9.63976287841797,-0.0153862545266747,0.0168307349085808
-0.592741310596466,-9.64047622680664,-0.0140572665259242,0.0167517438530922
-0.337289750576019,-9.64126396179199,-0.013508572243154,0.0167421698570251
-0.0815342739224434,-9.64202308654785,-0.0141241336241364,0.0167590044438839
0.174210697412491,-9.64292240142822,-0.014454853720963,0.0167830362915993
0.430440336465836,-9.64383602142334,-0.0167578440159559,0.0167821384966373
0.686628341674805,-9.64473724365234,-0.0186414532363415,0.0167247951030731
0.942541241645813,-9.6456937789917,-0.0190482772886753,0.0167082659900188
1.19833874702454,-9.64675712585449,-0.0187037941068411,0.0166728086769581
1.45383155345917,-9.64762687683105,-0.0167842619121075,0.0166112221777439
1.70955729484558,-9.64826965332031,-0.0157153699547052,0.0165816806256771
1.96510803699493,-9.64888000488281,-0.013649445027113,0.016517348587513
2.22105407714844,-9.64965724945068,-0.0131276994943619,0.0164609327912331
2.47695064544678,-9.65048885345459,-0.0121633103117347,0.0164542011916637
2.73375582695007,-9.65157318115234,-0.0150114186108112,0.0164882242679596
-2.12047052383423,-9.88577365875244,-0.0190264657139778,0.0165959931910038
-1.86567485332489,-9.88666439056396,-0.0167552921921015,0.0166575089097023
-1.6108318567276,-9.88750648498535,-0.014487930573523,0.0166736394166946
-1.355672955513,-9.8882942199707,-0.013460474088788,0.0166651606559753
-1.10049045085907,-9.88895893096924,-0.0123289311304688,0.0166704617440701
-0.84483677148819,-9.88986587524414,-0.0131165767088532,0.0166563168168068
-0.589156985282898,-9.89070320129395,-0.0138001060113311,0.0166014470160007
-0.333528280258179,-9.89156913757324,-0.0140206413343549,0.0165775120258331
-0.0782062783837318,-9.89227485656738,-0.0126316249370575,0.0166102759540081
0.177016332745552,-9.89311695098877,-0.0105624487623572,0.0166463255882263
0.432927191257477,-9.89402389526367,-0.0113949114456773,0.0165787450969219
0.689229309558868,-9.89501190185547,-0.0137659180909395,0.0164759941399097
0.945475339889526,-9.89610767364502,-0.0156432017683983,0.0164056420326233
1.20191264152527,-9.89743137359619,-0.0181354302912951,0.0163955762982368
1.45779776573181,-9.89846134185791,-0.0179356057196856,0.0163820050656796
1.71356332302094,-9.89902305603027,-0.0170163307338953,0.0163851045072079
1.96907448768616,-9.89949512481689,-0.0147485677152872,0.0163139402866364
2.22493481636047,-9.90023136138916,-0.0138112250715494,0.0162259638309479
2.48113131523132,-9.90108203887939,-0.0141492933034897,0.0162244513630867
2.73784065246582,-9.90216541290283,-0.0165335685014725,0.0162615031003952
-2.11670446395874,-10.1361799240112,-0.0197983011603355,0.0165126547217369
-1.86224067211151,-10.1370325088501,-0.0159607250243425,0.0165428556501865
-1.60736620426178,-10.1378974914551,-0.013804268091917,0.0165779553353786
-1.35262680053711,-10.1385898590088,-0.0108212772756815,0.0165690928697586
-1.0976893901825,-10.1392011642456,-0.00854008086025715,0.0165226943790913
-0.842035174369812,-10.1401119232178,-0.00930407643318176,0.0165084227919579
-0.58595073223114,-10.1410760879517,-0.0118023799732327,0.0164463222026825
-0.32974910736084,-10.1420822143555,-0.0145971067249775,0.0164093971252441
-0.0741835162043571,-10.1429986953735,-0.0142663130536675,0.0164018012583256
0.181012436747551,-10.143985748291,-0.0120274722576141,0.0164279341697693
0.436541378498077,-10.1448802947998,-0.0110922837629914,0.0163274444639683
0.69242399930954,-10.1456890106201,-0.0115457586944103,0.016210213303566
0.948534309864044,-10.1465673446655,-0.0127985775470734,0.0161882340908051
1.20512163639069,-10.1477708816528,-0.0159489251673222,0.0162012912333012
1.46148061752319,-10.1488914489746,-0.0178448986262083,0.0161694400012493
1.71732008457184,-10.1495933532715,-0.0172132328152657,0.0161355659365654
1.97287452220917,-10.1501731872559,-0.0150975771248341,0.0160866789519787
2.22879123687744,-10.1509532928467,-0.0143741462379694,0.0160741619765759
2.48513221740723,-10.1517858505249,-0.0153247574344277,0.0160178393125534
2.74177980422974,-10.1528787612915,-0.0173982605338097,0.0160879753530025
-2.11264324188232,-10.3867330551147,-0.0219259057193995,0.0163555555045605
-1.85854840278625,-10.3875112533569,-0.0163500998169184,0.0163437724113464
-1.60372984409332,-10.3883590698242,-0.0139018036425114,0.01631810516119
-1.34926009178162,-10.3890466690063,-0.00964444689452648,0.0163164176046848
-1.09429967403412,-10.389684677124,-0.00743548991158605,0.0163098387420177
-0.838752210140228,-10.3905162811279,-0.00768513092771173,0.0163316056132317
-0.582828640937805,-10.3914184570312,-0.0094223702326417,0.0162642449140549
-0.326532483100891,-10.3925123214722,-0.0126130226999521,0.0162157602608204
-0.0706798732280731,-10.3935546875,-0.0135499723255634,0.0161811821162701
0.184713050723076,-10.3946218490601,-0.0121679166331887,0.0161801800131798
0.440009981393814,-10.3954515457153,-0.0101517848670483,0.0161288529634476
0.695751368999481,-10.3962345123291,-0.00993686448782682,0.0160716995596886
0.951948344707489,-10.3970537185669,-0.0115556409582496,0.0160775929689407
1.20852172374725,-10.3981103897095,-0.0146243320778012,0.0161187313497066
1.46469867229462,-10.3991117477417,-0.0156803466379642,0.016083337366581
1.7204909324646,-10.3999080657959,-0.0148008577525616,0.0159904696047306
1.97632372379303,-10.4007711410522,-0.0138812949880958,0.0158960521221161
2.23244976997375,-10.4016561508179,-0.0140562606975436,0.015866257250309
2.4886999130249,-10.4025249481201,-0.0145656568929553,0.0158146359026432
2.74532532691956,-10.4036207199097,-0.0165086146444082,0.0158666595816612
-2.10844087600708,-10.6372728347778,-0.0247078910470009,0.0161631144583225
-1.85455536842346,-10.6379861831665,-0.0181292686611414,0.016110859811306
-1.60003101825714,-10.6387529373169,-0.014293109998107,0.0161176919937134
-1.34544062614441,-10.6395435333252,-0.0105479722842574,0.0161082819104195
-1.09036266803741,-10.6402196884155,-0.0088402172550559,0.0162050873041153
-0.834883034229279,-10.641016960144,-0.00874478649348021,0.0162942670285702
-0.579312205314636,-10.6417837142944,-0.00884419679641724,0.0162068270146847
-0.323316514492035,-10.6428546905518,-0.0106328474357724,0.0160435885190964
-0.0676958411931992,-10.6438446044922,-0.0104882223531604,0.0159821175038815
0.187727630138397,-10.6448001861572,-0.00922675989568233,0.0159840136766434
0.443267554044724,-10.6456413269043,-0.00828463677316904,0.0159799754619598
0.699364066123962,-10.6466569900513,-0.00962928775697947,0.0159515850245953
0.955912113189697,-10.6475734710693,-0.012793886475265,0.0159864909946918
1.21206855773926,-10.6484966278076,-0.0139575758948922,0.0160436555743217
1.46767354011536,-10.649341583252,-0.01242143381387,0.0160290002822876
1.72346520423889,-10.6502017974854,-0.0115079274401069,0.0159143507480621
1.97955513000488,-10.6512403488159,-0.0117002697661519,0.0157652944326401
2.2356960773468,-10.6522150039673,-0.0119056040421128,0.0156477838754654
2.49180817604065,-10.6531448364258,-0.0117657082155347,0.0155914537608624
2.74829196929932,-10.6542072296143,-0.0130538791418076,0.0155766904354095
-2.10426163673401,-10.8876991271973,-0.0273908413946629,0.0159850679337978
-1.85051250457764,-10.888279914856,-0.0201533176004887,0.0159158818423748
-1.59614527225494,-10.8890447616577,-0.0155545407906175,0.0159756988286972
-1.34141421318054,-10.8899393081665,-0.0124116465449333,0.0160112716257572
-1.08623039722443,-10.8908014297485,-0.0111380880698562,0.0161322578787804
-0.830755591392517,-10.8916187286377,-0.010980443097651,0.0161949209868908
-0.575535655021667,-10.8923225402832,-0.00944162905216217,0.0160900019109249
-0.320035606622696,-10.8932123184204,-0.00894801039248705,0.0159117132425308
-0.0646731927990913,-10.8939790725708,-0.00761506613343954,0.0158684551715851
0.190767526626587,-10.894868850708,-0.00640982901677489,0.015874806791544
0.446565806865692,-10.8958806991577,-0.00659844372421503,0.015861589461565
0.702977657318115,-10.896951675415,-0.00933647993952036,0.0158345215022564
0.959676802158356,-10.8979482650757,-0.0131444819271564,0.0158594697713852
1.21547341346741,-10.8989200592041,-0.0126488376408815,0.0159074254333973
1.47099673748016,-10.8998222351074,-0.0107104033231735,0.0158842317759991
1.7267210483551,-10.9007749557495,-0.00945723615586758,0.0157576389610767
1.98297703266144,-10.9018354415894,-0.0103629846125841,0.0155640207231045
2.2389976978302,-10.9028072357178,-0.010000909678638,0.0154143460094929
2.49485564231873,-10.9036912918091,-0.00870212074369192,0.0153390318155289
2.7510712146759,-10.9046831130981,-0.00877345353364944,0.0152777209877968
-2.10071778297424,-11.13805103302,-0.0271380748599768,0.0158206149935722
-1.84706830978394,-11.1383934020996,-0.0194249246269464,0.0157666131854057
-1.59260976314545,-11.1392107009888,-0.0152108343318105,0.0158205069601536
-1.3380264043808,-11.1399269104004,-0.0113697359338403,0.0158929042518139
-1.08290362358093,-11.140926361084,-0.00977307930588722,0.0160009525716305
-0.827475905418396,-11.1418991088867,-0.00935647543519735,0.0160056725144386
-0.572077095508575,-11.1427841186523,-0.00859096739441156,0.0158541202545166
-0.316565245389938,-11.1436815261841,-0.00811902899295092,0.0157026872038841
-0.0611034333705902,-11.1444578170776,-0.0072063859552145,0.0157228820025921
0.194449588656425,-11.1454219818115,-0.00647311983630061,0.0157540813088417
0.450189173221588,-11.1464033126831,-0.00636459141969681,0.0157324969768524
0.706437945365906,-11.1473836898804,-0.0083388676866889,0.0156827121973038
0.962939023971558,-11.1483430862427,-0.0112243657931685,0.0156427212059498
1.21901941299438,-11.149468421936,-0.0119662508368492,0.0156363882124424
1.47492349147797,-11.1506195068359,-0.0116889635100961,0.0155776552855968
1.73086869716644,-11.1516990661621,-0.0113825304433703,0.0154407620429993
1.98696291446686,-11.1526966094971,-0.0115315737202764,0.0152908340096474
2.24265456199646,-11.1535673141479,-0.00967136956751347,0.0152088589966297
2.49868965148926,-11.1545715332031,-0.00912031903862953,0.015116985887289
2.75473284721375,-11.155535697937,-0.00839394982904196,0.0150594934821129
-2.09812307357788,-11.3883304595947,-0.0224936343729496,0.0156475156545639
-1.84445118904114,-11.3884325027466,-0.0148803992196918,0.0156305395066738
-1.58969938755035,-11.3892574310303,-0.0119934836402535,0.015660934150219
-1.33505845069885,-11.3898448944092,-0.00840083509683609,0.0157432332634926
-1.07982778549194,-11.39098072052,-0.00726143410429358,0.015799555927515
-0.824227154254913,-11.3921947479248,-0.00758932298049331,0.0156971365213394
-0.568337380886078,-11.3933448791504,-0.0090184835717082,0.0155409313738346
-0.312309741973877,-11.3944330215454,-0.0108511801809072,0.0154919028282166
-0.0563565269112587,-11.395471572876,-0.0121167069301009,0.0155331455171108
0.199240908026695,-11.3964672088623,-0.0115392794832587,0.0155524611473083
0.454534381628036,-11.397310256958,-0.0093743521720171,0.0155232362449169
0.71033775806427,-11.3980951309204,-0.00930894073098898,0.015434704720974
0.96660304069519,-11.3990211486816,-0.0110969124361873,0.0153554417192936
1.22291171550751,-11.4002962112427,-0.0128233209252357,0.015292476862669
1.47903728485107,-11.401538848877,-0.013500215485692,0.0152043178677559
1.73506569862366,-11.4026479721069,-0.0135280359536409,0.015123400837183
1.9911777973175,-11.4036979675293,-0.013715747743845,0.0150628760457039
2.24703216552734,-11.4046411514282,-0.0125388838350773,0.0150537416338921
2.5033872127533,-11.4057903289795,-0.0133657334372401,0.0149915777146816
2.75956392288208,-11.4068431854248,-0.013184517621994,0.0149582251906395
-2.09564065933228,-11.6386308670044,-0.0173270739614964,0.0154925175011158
-1.84171795845032,-11.6386785507202,-0.0108547993004322,0.0155105777084827
-1.58676838874817,-11.6395025253296,-0.00885529257357121,0.0155162587761879
-1.33216285705566,-11.640022277832,-0.00507844937965274,0.015542671084404
-1.07664144039154,-11.64124584198,-0.00523984478786588,0.0155271515250206
-0.820556104183197,-11.6426200866699,-0.00774788903072476,0.0153940469026566
-0.564261138439178,-11.6439456939697,-0.0109824705868959,0.0153151266276836
-0.308048069477081,-11.6451549530029,-0.0136140743270516,0.0152919329702854
-0.0518901385366917,-11.6464004516602,-0.0157562457025051,0.015305295586586
0.203845784068108,-11.6474666595459,-0.0157617125660181,0.0152742080390453
0.458978623151779,-11.64821434021,-0.0128339389339089,0.0152317248284817
0.714550793170929,-11.6489868164062,-0.0116824600845575,0.0151505693793297
0.97067779302597,-11.6499242782593,-0.0128069259226322,0.0150932334363461
1.22684872150421,-11.6511011123657,-0.0138837425038218,0.0150700844824314
1.48274827003479,-11.6522197723389,-0.0135180167853832,0.0150047615170479
1.73870742321014,-11.653356552124,-0.0131996218115091,0.0149696543812752
1.99508583545685,-11.65452003479,-0.0145395305007696,0.0149565637111664
2.25135922431946,-11.6555891036987,-0.015191369690001,0.0149542316794395
2.50790810585022,-11.6568231582642,-0.0168386176228523,0.0149580463767052
2.76441287994385,-11.6580171585083,-0.0180677864700556,0.0149305649101734
-2.09254097938538,-11.8889751434326,-0.0150160938501358,0.0153488330543041
-1.83810925483704,-11.8892583847046,-0.0108486404642463,0.0153836309909821
-1.58303105831146,-11.8900566101074,-0.0094110295176506,0.0153732635080814
-1.3281455039978,-11.8907785415649,-0.00687168072909117,0.015363771468401
-1.07251417636871,-11.892071723938,-0.00749498745426536,0.0152975134551525
-0.816451251506805,-11.8934288024902,-0.00986326485872269,0.0152130387723446
-0.560160279273987,-11.8946952819824,-0.0130465673282743,0.0151651799678802
-0.303750455379486,-11.8959217071533,-0.0165377389639616,0.0151440836489201
-0.0475367829203606,-11.8971509933472,-0.0188957080245018,0.0150867626070976
0.2082389742136,-11.8982677459717,-0.0190383717417717,0.0149844065308571
0.463413089513779,-11.8990440368652,-0.0162554960697889,0.0149320848286152
0.719015657901764,-11.8999938964844,-0.0151870073750615,0.014852337539196
0.974957585334778,-11.9008979797363,-0.0154375750571489,0.014836311340332
1.23062562942505,-11.9018182754517,-0.0142293740063906,0.0148656070232391
1.48599255084991,-11.9026985168457,-0.0114532792940736,0.0148127488791943
1.74174833297729,-11.9038553237915,-0.0101911751553416,0.0148130506277084
1.99817335605621,-11.9050331115723,-0.0117120984941721,0.0148373395204544
2.25477409362793,-11.9061784744263,-0.0137952519580722,0.0148385502398014
2.5114369392395,-11.9073858261108,-0.015923373401165,0.0148919746279716
2.76817870140076,-11.9086637496948,-0.0181690081954002,0.0148623213171959
-2.08937883377075,-12.1390895843506,-0.0130134969949722,0.0151778496801853
-1.83429419994354,-12.1398305892944,-0.0117973769083619,0.0152062438428402
-1.57910227775574,-12.1407155990601,-0.0108415856957436,0.0151512548327446
-1.32394361495972,-12.1416044235229,-0.00950898323208094,0.0151449888944626
-1.06838607788086,-12.1428213119507,-0.00976082868874073,0.015107586979866
-0.812479376792908,-12.1441345214844,-0.0113779474049807,0.0150431655347347
-0.55635017156601,-12.1453647613525,-0.0137875340878963,0.014966294169426
-0.299716889858246,-12.1466932296753,-0.018255602568388,0.0149152129888535
-0.0435835085809231,-12.1477746963501,-0.020223256200552,0.0148496367037296
0.211992338299751,-12.1487798690796,-0.0194302946329117,0.0147604420781136
0.467166751623154,-12.1496353149414,-0.0166083350777626,0.0146329142153263
0.722853660583496,-12.150707244873,-0.0158777814358473,0.0144947655498981
0.978833973407745,-12.1516637802124,-0.0162630565464497,0.0145001336932182
1.23420870304108,-12.1524791717529,-0.0137064773589373,0.0145683288574219
1.48938524723053,-12.1533136367798,-0.0100454371422529,0.0145905762910843
1.74506211280823,-12.1544504165649,-0.00840094592422247,0.0146289318799973
2.00134229660034,-12.1555461883545,-0.00924983154982328,0.0146405808627605
2.25783514976501,-12.1566314697266,-0.0108283255249262,0.0146318674087524
2.51453018188477,-12.1578149795532,-0.0130748981609941,0.014662966132164
2.77131175994873,-12.1590671539307,-0.015473859384656,0.0146267786622047
-2.08678030967712,-12.3888483047485,-0.00842959620058537,0.0149616859853268
-1.83116006851196,-12.390043258667,-0.00962771382182837,0.0149510242044926
-1.57586014270782,-12.3909959793091,-0.00913542881608009,0.0148916952311993
-1.32023656368256,-12.3921737670898,-0.00988934934139252,0.0148851051926613
-1.06439161300659,-12.3934898376465,-0.0114188082516193,0.0148978792130947
-0.808269679546356,-12.394889831543,-0.0139788025990129,0.0148679092526436
-0.552131175994873,-12.3962249755859,-0.0163835342973471,0.0147411189973354
-0.295709937810898,-12.3974647521973,-0.0198521558195353,0.0146124362945557
-0.0399561077356339,-12.3982372283936,-0.0200797952711582,0.0145639888942242
0.215498372912407,-12.3992013931274,-0.0187056250870228,0.0145210772752762
0.470702707767487,-12.4001493453979,-0.0159799568355083,0.0144503228366375
0.726274192333221,-12.4012842178345,-0.0146897882223129,0.0142637640237808
0.982240319252014,-12.4023294448853,-0.0149732427671552,0.0142181664705276
1.23760139942169,-12.403226852417,-0.0123180104419589,0.0143027901649475
1.49277102947235,-12.4040622711182,-0.00859554763883352,0.0143615305423737
1.74839067459106,-12.4050951004028,-0.00667248852550983,0.0144150517880917
2.00461840629578,-12.4061803817749,-0.00725839426741004,0.0143987275660038
2.26117038726807,-12.4073181152344,-0.0090675400570035,0.014339130371809
2.51747798919678,-12.4082984924316,-0.00957290641963482,0.0143450647592545
2.77419757843018,-12.4094352722168,-0.0116798533126712,0.0142893493175507
-2.08407974243164,-12.6386461257935,-0.00431555975228548,0.0147593133151531
-1.8282812833786,-12.6400566101074,-0.00629405444487929,0.0146644711494446
-1.57268738746643,-12.6412143707275,-0.00711471447721124,0.0146069265902042
-1.31700801849365,-12.6424322128296,-0.00809305813163519,0.0145733654499054
-1.06082701683044,-12.6438264846802,-0.011130154132843,0.0146056525409222
-0.804211020469666,-12.6454620361328,-0.0159029606729746,0.0146350041031837
-0.548084378242493,-12.6468334197998,-0.0182128343731165,0.0145391970872879
-0.292246878147125,-12.6479196548462,-0.0189920999109745,0.014382254332304
-0.0368303395807743,-12.6486835479736,-0.0176523886620998,0.0143546722829342
0.218781650066376,-12.6497001647949,-0.0169619470834732,0.0143673978745937
0.474119395017624,-12.6506948471069,-0.0148082477971911,0.0143619515001774
0.729546070098877,-12.6516904830933,-0.0128432437777519,0.0141913518309593
0.985308587551117,-12.6527729034424,-0.0121745206415653,0.0140357948839664
1.24074733257294,-12.6537418365479,-0.00983620621263981,0.0140767507255077
1.49608290195465,-12.6546821594238,-0.0068241311237216,0.0141707248985767
1.75171720981598,-12.6556882858276,-0.00493979174643755,0.0142278745770454
2.0080451965332,-12.6569137573242,-0.00593356462195516,0.0141846016049385
2.26468229293823,-12.6580581665039,-0.00809427443891764,0.0141213722527027
2.52079844474792,-12.6590089797974,-0.00771632790565491,0.0141003020107746
2.77734613418579,-12.6599798202515,-0.00904209725558758,0.014017041772604
-2.08066487312317,-12.8889446258545,-0.00346807297319174,0.0145596042275429
-1.82493090629578,-12.8903293609619,-0.00511991372331977,0.0143916383385658
-1.56908893585205,-12.8916339874268,-0.0070412321947515,0.0143661238253117
-1.31351041793823,-12.8927507400513,-0.00753033487126231,0.0142950229346752
-1.05738735198975,-12.8940935134888,-0.0102738691493869,0.0143424160778522
-0.800998091697693,-12.8956708908081,-0.0139800868928432,0.0144092738628387
-0.544862568378448,-12.8970384597778,-0.0163017902523279,0.0143734477460384
-0.2891586124897,-12.8981332778931,-0.0164412800222635,0.0142356641590595
-0.03381622210145,-12.8991069793701,-0.0147182866930962,0.0141820944845676
0.221826866269112,-12.9001665115356,-0.0141386296600103,0.0141983740031719
0.477230876684189,-12.9011459350586,-0.0122597385197878,0.0142213255167007
0.7326580286026,-12.9020538330078,-0.0102767255157232,0.014129001647234
0.988497078418732,-12.9031610488892,-0.00992402713745832,0.0139582827687263
1.24430119991302,-12.9043655395508,-0.00918506924062967,0.0139412917196751
1.50009441375732,-12.905499458313,-0.00818485673516989,0.0140056945383549
1.75599074363708,-12.9066400527954,-0.00743084168061614,0.0140758603811264
2.01209378242493,-12.9078454971313,-0.00738019961863756,0.0140298828482628
2.26854801177979,-12.9089097976685,-0.00869375839829445,0.0139350108802319
2.52497959136963,-12.9101514816284,-0.00966609269380569,0.0139640681445599
2.7811598777771,-12.910961151123,-0.00933281797915697,0.0138825289905071
-2.07683992385864,-13.1396713256836,-0.00448555266484618,0.0143540911376476
-1.8210985660553,-13.1409978866577,-0.00614022416993976,0.0141914151608944
-1.56527853012085,-13.1422824859619,-0.00792675651609898,0.0141437985002995
-1.30972683429718,-13.1433124542236,-0.00826428644359112,0.0140634700655937
-1.05388104915619,-13.1445579528809,-0.00970676820725203,0.0141021423041821
-0.797915756702423,-13.1459274291992,-0.0114546380937099,0.0141685456037521
-0.541855156421661,-13.1473293304443,-0.0134026566520333,0.0141714550554752
-0.285915732383728,-13.1485900878906,-0.0145762143656611,0.0140701793134212
-0.0303134098649025,-13.14967918396,-0.0139986630529165,0.0139766111969948
0.225204512476921,-13.150764465332,-0.0128160770982504,0.013925738632679
0.480454236268997,-13.1516723632812,-0.0102127445861697,0.0139322876930237
0.736017763614655,-13.1526565551758,-0.00881204009056091,0.0139467157423496
0.992322325706482,-13.1540470123291,-0.010509449057281,0.0138547867536545
1.24884045124054,-13.1555042266846,-0.0129353199154139,0.0138324834406376
1.50480616092682,-13.1566076278687,-0.0126734059303999,0.0138500593602657
1.76074004173279,-13.1576862335205,-0.012051104567945,0.0138594731688499
2.01699829101562,-13.1590890884399,-0.0126378936693072,0.0138184726238251
2.2731773853302,-13.1602725982666,-0.0126661285758018,0.0137725360691547
2.52940607070923,-13.1615123748779,-0.0126917967572808,0.0137855485081673
2.78508591651917,-13.1622133255005,-0.0100998049601912,0.0137415193021297
-2.0728325843811,-13.390531539917,-0.00633685430511832,0.0141243860125542
-1.81687033176422,-13.391942024231,-0.00896810926496983,0.0140608549118042
-1.56124019622803,-13.3931255340576,-0.00984756741672754,0.0139793455600739
-1.30569005012512,-13.3941917419434,-0.0101374434307218,0.0139680095016956
-1.05007040500641,-13.3953199386597,-0.0105136344209313,0.0139375999569893
-0.794536173343658,-13.3965148925781,-0.0102643128484488,0.0139152593910694
-0.538639545440674,-13.3978900909424,-0.0114333918318152,0.0139028541743755
-0.282759308815002,-13.399115562439,-0.0123107358813286,0.013830129057169
-0.0270812511444092,-13.4002799987793,-0.0120434295386076,0.01373440772295
0.228601485490799,-13.4014654159546,-0.0115727381780744,0.0136784501373768
0.48409965634346,-13.4024362564087,-0.0100612258538604,0.0137355029582977
0.740039527416229,-13.4036226272583,-0.0103150987997651,0.0137964077293873
0.996615588665009,-13.4050855636597,-0.0131973214447498,0.0137270465493202
1.25338745117188,-13.4065999984741,-0.0167246274650097,0.0136736035346985
1.50944590568542,-13.4076890945435,-0.0168407801538706,0.0136324986815453
1.76518082618713,-13.4087467193604,-0.0152849722653627,0.0135520920157433
2.02111911773682,-13.410080909729,-0.0144035695120692,0.0134792104363441
2.27672719955444,-13.4111957550049,-0.0118471290916204,0.0134982913732529
2.53297781944275,-13.412576675415,-0.0119278328493237,0.0134893450886011
2.78824663162231,-13.4132556915283,-0.00747535843402147,0.0134775694459677
-2.06878590583801,-13.6412391662598,-0.00838421937078238,0.0138629823923111
-1.81250333786011,-13.64284324646,-0.0124416640028358,0.0139166638255119
-1.55693233013153,-13.644024848938,-0.0130072636529803,0.0138634666800499
-1.30133891105652,-13.6451759338379,-0.0134489238262177,0.013862419873476
-1.04587256908417,-13.6462659835815,-0.0130836050957441,0.0137421786785126
-0.790502667427063,-13.6473455429077,-0.0120521048083901,0.0136547721922398
-0.534753620624542,-13.6486253738403,-0.0125172147527337,0.0136787109076977
-0.279325515031815,-13.6496953964233,-0.0113072516396642,0.0136316753923893
-0.0237941611558199,-13.650821685791,-0.01034374255687,0.013531532138586
0.232187703251839,-13.6522006988525,-0.01118731405586,0.0134872943162918
0.488310784101486,-13.6536331176758,-0.0124401869252324,0.0135732851922512
0.744741022586823,-13.6550483703613,-0.0148575333878398,0.0135555565357208
1.00114417076111,-13.6562547683716,-0.0169378351420164,0.0134480260312557
1.25738191604614,-13.6575021743774,-0.0180382877588272,0.0133969038724899
1.51308977603912,-13.6584367752075,-0.0165539029985666,0.0133702084422112
1.76861214637756,-13.659441947937,-0.0140162827447057,0.0133113339543343
2.02448153495789,-13.6607618331909,-0.0127966953441501,0.0132380612194538
2.28004097938538,-13.6619749069214,-0.0099846487864852,0.013234443962574
2.53590869903564,-13.6632385253906,-0.00833701714873314,0.0132064949721098
2.7909791469574,-13.6639680862427,-0.00297127361409366,0.0131938885897398
-2.06540513038635,-13.8915491104126,-0.0073792589828372,0.0136261768639088
-1.80890345573425,-13.893328666687,-0.0124033987522125,0.0137301236391068
-1.55328035354614,-13.8946046829224,-0.0131679438054562,0.0136789791285992
-1.29751479625702,-13.8959197998047,-0.0143544226884842,0.013651505112648
-1.04208302497864,-13.8970651626587,-0.0137903206050396,0.0135070458054543
-0.786638975143433,-13.8981218338013,-0.0130659071728587,0.0134430080652237
-0.530748963356018,-13.8993864059448,-0.0141420606523752,0.0135051421821117
-0.275434017181396,-13.900408744812,-0.0123830828815699,0.013501238077879
-0.0201785676181316,-13.9014854431152,-0.0101309893652797,0.0134207140654325
0.235887855291367,-13.9030246734619,-0.0113126393407583,0.0133494082838297
0.492432475090027,-13.9047250747681,-0.0144223906099796,0.0133340246975422
0.749159693717957,-13.9062080383301,-0.0181419122964144,0.0132723469287157
1.00535595417023,-13.9072923660278,-0.0192580372095108,0.0131369214504957
1.26092088222504,-13.9081239700317,-0.0173218231648207,0.013086499646306
1.51630365848541,-13.9089498519897,-0.0143522471189499,0.0130657963454723
1.77204179763794,-13.9101314544678,-0.0127403251826763,0.0130370017141104
2.02815556526184,-13.911527633667,-0.0125798210501671,0.0130342151969671
2.28392100334167,-13.9128074645996,-0.0106513742357492,0.0130404755473137
2.53962922096252,-13.9140729904175,-0.00825806614011526,0.0130788963288069
2.79459571838379,-13.914867401123,-0.00238995580002666,0.0130589790642262
-2.06277894973755,-14.1414651870728,-0.00291140028275549,0.0134608671069145
-1.80627679824829,-14.1433029174805,-0.00790916755795479,0.0135299041867256
-1.55041563510895,-14.1447401046753,-0.00973452720791101,0.013484263792634
-1.29430615901947,-14.14626121521,-0.0124605419114232,0.0134604275226593
-1.0384966135025,-14.1476783752441,-0.013579573482275,0.0133641250431538
-0.782534718513489,-14.1489524841309,-0.01517862547189,0.0133027769625187
-0.526401519775391,-14.1502637863159,-0.0173260979354382,0.0133183356374502
-0.270979285240173,-14.1513109207153,-0.01601542532444,0.0133530404418707
-0.0158137530088425,-14.1524095535278,-0.0133107649162412,0.0132754594087601
0.239843621850014,-14.1537265777588,-0.0126114711165428,0.0131880864500999
0.496255248785019,-14.1553544998169,-0.0150881791487336,0.0130779687315226
0.75282496213913,-14.156852722168,-0.0180586669594049,0.0129612181335688
1.00896668434143,-14.1580266952515,-0.0188879892230034,0.0128536410629749
1.2644624710083,-14.1588249206543,-0.0166109632700682,0.0128162484616041
1.51991891860962,-14.1597671508789,-0.0139317093417048,0.0128029137849808
1.77606916427612,-14.1611061096191,-0.0141257587820292,0.0128167290240526
2.0326042175293,-14.1626138687134,-0.0158087238669395,0.0129127912223339
2.28839778900146,-14.1639909744263,-0.0139583125710487,0.0129945259541273
2.54410719871521,-14.1651659011841,-0.011538035236299,0.0130824074149132
2.79884171485901,-14.1659488677979,-0.00459879217669368,0.0130718983709812
-2.05972361564636,-14.3914031982422,-0.000431647262303159,0.0133816543966532
-1.80345046520233,-14.3931903839111,-0.00434640608727932,0.0133607685565948
-1.54742455482483,-14.3948154449463,-0.00688921427354217,0.0132972970604897
-1.29126000404358,-14.3964939117432,-0.00982845108956099,0.0132734440267086
-1.03499054908752,-14.3981313705444,-0.0130139235407114,0.013256449252367
-0.778624713420868,-14.3997220993042,-0.0164060182869434,0.0132241975516081
-0.522348344326019,-14.4012069702148,-0.0191580969840288,0.0131919644773006
-0.266832500696182,-14.4022951126099,-0.0182342324405909,0.0131822936236858
-0.0115597145631909,-14.4032802581787,-0.0159906931221485,0.0131303127855062
0.24401718378067,-14.4044618606567,-0.0148985721170902,0.0130302347242832
0.500003576278687,-14.4058485031128,-0.0154283503070474,0.0128939729183912
0.75614869594574,-14.407341003418,-0.0164426304399967,0.0127716585993767
1.01223695278168,-14.4086809158325,-0.016986072063446,0.0126624908298254
1.26794040203094,-14.4097061157227,-0.0155971283093095,0.0125980339944363
1.52372097969055,-14.4108037948608,-0.0143330311402678,0.0125795863568783
1.78013491630554,-14.4121570587158,-0.015677047893405,0.0126464683562517
2.03668999671936,-14.4136915206909,-0.0174120627343655,0.0128325782716274
2.29227614402771,-14.4148416519165,-0.014617083594203,0.0129681490361691
2.5480420589447,-14.4160270690918,-0.0124145327135921,0.0130749549716711
2.80247044563293,-14.4166851043701,-0.00408692611381412,0.0130893066525459
-2.0555202960968,-14.6418762207031,-0.0032270448282361,0.0132612586021423
-1.79960000514984,-14.6435222625732,-0.00548190856352448,0.0131338965147734
-1.54393756389618,-14.6450347900391,-0.00632165651768446,0.0130472294986248
-1.28791165351868,-14.6467790603638,-0.00858392100781202,0.0130006987601519
-1.0316002368927,-14.6485357284546,-0.0119208935648203,0.0130480080842972
-0.775046408176422,-14.6502695083618,-0.0161319151520729,0.0130636114627123
-0.51870059967041,-14.6519384384155,-0.0191530678421259,0.0130115374922752
-0.263144075870514,-14.6531715393066,-0.0183690916746855,0.0129727590829134
-0.00777284428477287,-14.654125213623,-0.0165437385439873,0.0129609331488609
0.247949182987213,-14.6552724838257,-0.0160806924104691,0.0128769464790821
0.503706157207489,-14.6565256118774,-0.0155451847240329,0.0127640590071678
0.759603679180145,-14.6579809188843,-0.0154077997431159,0.012637946754694
1.01570069789886,-14.6593904495239,-0.0159544348716736,0.012520007789135
1.2715255022049,-14.6605319976807,-0.0150722907856107,0.0124408137053251
1.5275377035141,-14.6617670059204,-0.0148073947057128,0.012465825304389
1.7839343547821,-14.663158416748,-0.0160363707691431,0.0125417616218328
2.04039311408997,-14.6646633148193,-0.0173082500696182,0.0126734748482704
2.29568219184875,-14.665584564209,-0.0131716569885612,0.0128243006765842
2.55131483078003,-14.6666688919067,-0.0103536015376449,0.0129532236605883
2.80575656890869,-14.6672649383545,-0.00206234492361546,0.012980418279767
-2.05106449127197,-14.8928384780884,-0.0071489131078124,0.0130529031157494
-1.7954910993576,-14.8942852020264,-0.00777566945180297,0.0128351505845785
-1.5399409532547,-14.8957605361938,-0.00806178152561188,0.0127713941037655
-1.2843976020813,-14.8972930908203,-0.00808280147612095,0.012706495821476
-1.02864253520966,-14.8988008499146,-0.0088522108271718,0.0127595886588097
-0.772300720214844,-14.9004211425781,-0.0120737822726369,0.0128263887017965
-0.515672981739044,-14.9022445678711,-0.0163469910621643,0.0128101259469986
-0.259556442499161,-14.9038028717041,-0.0180654618889093,0.0127259399741888
-0.00398126104846597,-14.9049310684204,-0.0171220563352108,0.012701116502285
0.251603543758392,-14.9061107635498,-0.0159977301955223,0.0126661658287048
0.50724595785141,-14.9073238372803,-0.0149130439385772,0.0126155037432909
0.763220906257629,-14.9087944030762,-0.0150932027027011,0.012508749961853
1.01933169364929,-14.9101552963257,-0.0156742446124554,0.0123795140534639
1.27514374256134,-14.9112977981567,-0.0147017268463969,0.0123522542417049
1.53122067451477,-14.9125833511353,-0.0146924275904894,0.0123750083148479
1.7875634431839,-14.9140157699585,-0.0156431905925274,0.0124222692102194
2.04391002655029,-14.915509223938,-0.0163813307881355,0.012509236112237
2.29933643341064,-14.9164447784424,-0.0128273805603385,0.0126178879290819
2.55485463142395,-14.917441368103,-0.0094738882035017,0.0127155482769012
2.80979800224304,-14.9181957244873,-0.00337282544933259,0.0127334743738174
-2.04738688468933,-15.1437730789185,-0.00746748223900795,0.0128337889909744
-1.792027592659,-15.1450624465942,-0.00708283809944987,0.0125758294016123
-1.53668880462646,-15.1464109420776,-0.00637232419103384,0.0125478859990835
-1.28150832653046,-15.147629737854,-0.00471956143155694,0.0124728456139565
-1.02619552612305,-15.1488723754883,-0.00345356203615665,0.0125107988715172
-0.769914865493774,-15.1504278182983,-0.0063784564845264,0.0125500112771988
-0.512714326381683,-15.1523876190186,-0.0132405580952764,0.012498751282692
-0.255913883447647,-15.1541996002197,-0.0180340074002743,0.0124516412615776
-0.000274482008535415,-15.1555967330933,-0.0173265468329191,0.0123921893537045
0.255064100027084,-15.1568374633789,-0.0150431394577026,0.0123870559036732
0.510662317276001,-15.1580390930176,-0.0137278363108635,0.0123985428363085
0.766884863376617,-15.1595048904419,-0.0149999028071761,0.0124124605208635
1.02299022674561,-15.1607732772827,-0.0155318891629577,0.0123364999890327
1.27866697311401,-15.1618690490723,-0.0139209069311619,0.0122893024235964
1.53470206260681,-15.1631727218628,-0.0136901093646884,0.0122754201292992
1.7910088300705,-15.164665222168,-0.0144431050866842,0.0122564155608416
2.04733085632324,-15.1661939620972,-0.0150381904095411,0.012304175645113
2.3031792640686,-15.1674194335938,-0.0133176576346159,0.0123707558959723
2.55890917778015,-15.1685924530029,-0.0108596533536911,0.0124376378953457
2.81444573402405,-15.1696491241455,-0.00734089268371463,0.0124214142560959
-2.04409050941467,-15.394344329834,-0.00605007167905569,0.0126754436641932
-1.78879499435425,-15.3956251144409,-0.00534108188003302,0.0124413557350636
-1.53341042995453,-15.3969278335571,-0.00481592398136854,0.0123700425028801
-1.2783088684082,-15.3981189727783,-0.00277223787270486,0.0123021826148033
-1.02309906482697,-15.3993368148804,-0.00100534479133785,0.0122995041310787
-0.76701545715332,-15.4008331298828,-0.0030036314856261,0.0122974216938019
-0.509683549404144,-15.4028329849243,-0.0104374941438437,0.0122309513390064
-0.252653062343597,-15.4047040939331,-0.0162495356053114,0.0122075285762548
0.00330683612264693,-15.4063339233398,-0.016953120008111,0.0121058039367199
0.258704870939255,-15.4075880050659,-0.0149067109450698,0.0120712257921696
0.514713823795319,-15.4089841842651,-0.0154063189402223,0.012134587392211
0.771070003509521,-15.4104204177856,-0.0172501765191555,0.0122474245727062
1.02706587314606,-15.4116506576538,-0.0172529295086861,0.0122523698955774
1.28242707252502,-15.4126853942871,-0.01418721023947,0.0121922343969345
1.53817391395569,-15.4139013290405,-0.0126328961923718,0.0121434330940247
1.79458630084991,-15.415454864502,-0.0138248922303319,0.0120957400649786
2.05101346969604,-15.4170999526978,-0.0148486457765102,0.0121469479054213
2.30707406997681,-15.4185762405396,-0.0140239559113979,0.0121636874973774
2.5629096031189,-15.4198207855225,-0.0119973933324218,0.0121729206293821
2.81868410110474,-15.421070098877,-0.00948730949312449,0.0121049955487251
-2.04062056541443,-15.6446571350098,-0.00546211563050747,0.0125571135431528
-1.78525447845459,-15.6460647583008,-0.00503529096022248,0.0123773328959942
-1.52980852127075,-15.647479057312,-0.00475097680464387,0.0122823100537062
-1.27458715438843,-15.6488065719604,-0.00321375392377377,0.0122142862528563
-1.01923680305481,-15.6501264572144,-0.00204959651455283,0.0121667217463255
-0.76325124502182,-15.6516056060791,-0.00356396776624024,0.0120802782475948
-0.506226360797882,-15.6535778045654,-0.00956026092171669,0.0120239239186049
-0.249299913644791,-15.6553964614868,-0.0148704247549176,0.0120364781469107
0.00681217107921839,-15.6570491790771,-0.0162355098873377,0.0119309816509485
0.26263239979744,-15.6584405899048,-0.0160661935806274,0.0118574686348438
0.519113540649414,-15.6600284576416,-0.0186572000384331,0.0119236037135124
0.775513231754303,-15.6615505218506,-0.0206510126590729,0.0120916478335857
1.03132903575897,-15.6627740859985,-0.0198004953563213,0.0121191535145044
1.28647243976593,-15.6638584136963,-0.015709200873971,0.0120172761380672
1.54188919067383,-15.6650352478027,-0.0126363905146718,0.0119604058563709
1.7980580329895,-15.6664428710938,-0.0127138430252671,0.0119340345263481
2.05454397201538,-15.668004989624,-0.013978292234242,0.0119358524680138
2.31066393852234,-15.6694917678833,-0.0133872255682945,0.0119173005223274
2.5667450428009,-15.6709022521973,-0.0124107580631971,0.0118819680064917
2.82237124443054,-15.6721267700195,-0.00920849572867155,0.0117605868726969
-2.03726410865784,-15.8949909210205,-0.00434626825153828,0.0124009009450674
-1.7817314863205,-15.8965167999268,-0.00464837159961462,0.0122655965387821
-1.52621603012085,-15.8980178833008,-0.00464427657425404,0.0121458452194929
-1.27081227302551,-15.8995084762573,-0.00389920896850526,0.0120598413050175
-1.01514542102814,-15.9009971618652,-0.00413986574858427,0.0119666699320078
-0.758938491344452,-15.9025621414185,-0.006624695379287,0.0118957534432411
-0.502197861671448,-15.9044952392578,-0.0112836305052042,0.0118678715080023
-0.245777100324631,-15.9062404632568,-0.0142530407756567,0.0118619725108147
0.010169742628932,-15.9077816009521,-0.0148429414257407,0.0118006356060505
0.266272515058517,-15.9091663360596,-0.015929788351059,0.0117723438888788
0.522944390773773,-15.9108638763428,-0.0193442329764366,0.0118251107633114
0.779376089572906,-15.9125299453735,-0.0214357767254114,0.0119298677891493
1.03516030311584,-15.9138822555542,-0.0203960947692394,0.011884992942214
1.29041314125061,-15.9150743484497,-0.0167550574988127,0.0117490012198687
1.54568338394165,-15.9161977767944,-0.0129919881001115,0.0117308460175991
1.80181205272675,-15.9175510406494,-0.0128608979284763,0.0117365047335625
2.05852913856506,-15.919116973877,-0.0151284635066986,0.011732405051589
2.31471943855286,-15.9205360412598,-0.0148231061175466,0.0116775091737509
2.57097148895264,-15.9220066070557,-0.0145698096603155,0.0115505550056696
2.82639169692993,-15.9231176376343,-0.0104223163798451,0.0113840810954571
-2.03428030014038,-16.1453952789307,-0.00149716867599636,0.0122304335236549
-1.77852928638458,-16.1469802856445,-0.00277660903520882,0.0121171828359365
-1.5228488445282,-16.1485805511475,-0.00349545897915959,0.0119444746524096
-1.26719129085541,-16.15016746521,-0.00387968053109944,0.0117956325411797
-1.01135635375977,-16.1517562866211,-0.00485075497999787,0.0117094665765762
-0.754903614521027,-16.1534805297852,-0.0084144975990057,0.0117222052067518
-0.497830003499985,-16.1555824279785,-0.0145457200706005,0.0117713212966919
-0.241678476333618,-16.1571979522705,-0.0162569005042315,0.0117331296205521
0.0138337146490812,-16.1585464477539,-0.0148449148982763,0.0117172189056873
0.269566506147385,-16.1597709655762,-0.0142298070713878,0.0117363277822733
0.526178598403931,-16.161548614502,-0.0173361953347921,0.0117491241544485
0.782631516456604,-16.1632404327393,-0.0194929018616676,0.0117093808948994
1.03845179080963,-16.1646289825439,-0.0185844097286463,0.0116139501333237
1.29392445087433,-16.1658878326416,-0.0159002617001534,0.011523075401783
1.54936194419861,-16.167085647583,-0.0128524471074343,0.0115321911871433
1.80566132068634,-16.1685180664062,-0.0134484581649303,0.0115702897310257
2.06270408630371,-16.1702671051025,-0.0171269606798887,0.0115728322416544
2.31915736198425,-16.1717967987061,-0.0179516095668077,0.0114512853324413
2.57576990127563,-16.1733646392822,-0.0192610658705235,0.0113189220428467
2.8312840461731,-16.1744689941406,-0.0154909528791904,0.0111314933747053
-2.03121876716614,-16.3958778381348,0.00099911552388221,0.0120402574539185
-1.77533054351807,-16.3974952697754,-0.000884074019268155,0.0119610298424959
-1.51956617832184,-16.3992004394531,-0.00195151497609913,0.0118183121085167
-1.26367509365082,-16.4009284973145,-0.00336879258975387,0.0116064064204693
-1.00777459144592,-16.4026050567627,-0.00460138544440269,0.0114961434155703
-0.751339435577393,-16.4044017791748,-0.00804440770298243,0.0115253236144781
-0.494289368391037,-16.4064693450928,-0.0140387173742056,0.0116242934018373
-0.238079339265823,-16.4080390930176,-0.0159892756491899,0.0116256680339575
0.0174447204917669,-16.409330368042,-0.0146040618419647,0.0116260778158903
0.272912800312042,-16.4105739593506,-0.0127500696107745,0.011667262762785
0.529298722743988,-16.4123001098633,-0.0148041686043143,0.0116604994982481
0.785933554172516,-16.4140357971191,-0.0177534017711878,0.0115493275225163
1.04185378551483,-16.4153842926025,-0.0172712318599224,0.0114193093031645
1.29725027084351,-16.4165153503418,-0.0142249166965485,0.0113534759730101
1.55286908149719,-16.4177894592285,-0.0119578531011939,0.0113816782832146
1.80938482284546,-16.4194736480713,-0.0134724145755172,0.0114409122616053
2.06667113304138,-16.4214668273926,-0.0181889049708843,0.0114717967808247
2.323410987854,-16.4231643676758,-0.0202458910644054,0.0113711096346378
2.58029532432556,-16.4248275756836,-0.0227226205170155,0.0112815443426371
2.83624744415283,-16.4260444641113,-0.0208556838333607,0.0111111029982567
-2.02740001678467,-16.6466426849365,8.24149719846901e-06,0.0118269044905901
-1.77165067195892,-16.6482162475586,-0.00120018399320543,0.01181236281991
-1.51590514183044,-16.64990234375,-0.00214810646139085,0.0116597171872854
-1.26004827022552,-16.651704788208,-0.00336658488959074,0.0114835798740387
-1.0041606426239,-16.6534805297852,-0.00449702935293317,0.0113609209656715
-0.747951507568359,-16.655252456665,-0.0068725380115211,0.011389434337616
-0.491272449493408,-16.6571159362793,-0.0111557440832257,0.0114596951752901
-0.234870105981827,-16.6586723327637,-0.0139591880142689,0.0114927124232054
0.0209260955452919,-16.6599922180176,-0.0137837082147598,0.0115240607410669
0.276454597711563,-16.6613578796387,-0.0121621349826455,0.0115980505943298
0.5326988697052,-16.6630191802979,-0.0135470507666469,0.0115415416657925
0.789555728435516,-16.6648387908936,-0.0174646601080894,0.0113562792539597
1.04583013057709,-16.6663093566895,-0.0185409355908632,0.011222280561924
1.30126190185547,-16.667501449585,-0.0156128099188209,0.011212881654501
1.55675184726715,-16.6687831878662,-0.0127282356843352,0.0112857520580292
1.81316149234772,-16.6706562042236,-0.0137145994231105,0.0113613866269588
2.07029891014099,-16.6726608276367,-0.0177284311503172,0.0114031545817852
2.32721710205078,-16.6744060516357,-0.0205484703183174,0.0113415122032166
2.58395576477051,-16.6760425567627,-0.0223433617502451,0.0112976916134357
2.84036421775818,-16.6773586273193,-0.0224699303507805,0.0111994221806526
-2.02280282974243,-16.8977603912354,-0.0045595676638186,0.0115489829331636
-1.7675473690033,-16.8991146087646,-0.00345971528440714,0.011590464040637
-1.51203525066376,-16.9007148742676,-0.00329892174340785,0.0114786997437477
-1.25636386871338,-16.9024505615234,-0.00363300531171262,0.0113976877182722
-1.00041139125824,-16.9043006896973,-0.00502101797610521,0.0112862046808004
-0.744244575500488,-16.9060726165771,-0.00716770952567458,0.0112375505268574
-0.487960547208786,-16.9076652526855,-0.00963296182453632,0.0112423617392778
-0.2317825704813,-16.9090900421143,-0.0113934390246868,0.0113279949873686
0.0244095455855131,-16.9105091094971,-0.0129868322983384,0.011421199887991
0.280165761709213,-16.9119987487793,-0.0123586012050509,0.0115029755979776
0.536101341247559,-16.9136219024658,-0.0123116010800004,0.0114034879952669
0.792773485183716,-16.9155044555664,-0.0153560061007738,0.0112100765109062
1.04931831359863,-16.9171752929688,-0.0176083091646433,0.0110652558505535
1.30524039268494,-16.9186382293701,-0.0168375018984079,0.0110436528921127
1.56097185611725,-16.9201202392578,-0.014987388625741,0.0111218355596066
1.81716132164001,-16.9219779968262,-0.0149473547935486,0.011199189350009
2.07381677627563,-16.9237594604492,-0.0167848374694586,0.0112055502831936
2.33056640625,-16.925407409668,-0.0188273172825575,0.0111715365201235
2.58719825744629,-16.9270439147949,-0.0201165266335011,0.011168897151947
2.84369969367981,-16.9283599853516,-0.0206296313554049,0.0111505445092916
-2.01800799369812,-17.1490459442139,-0.010030516423285,0.0112258289009333
-1.76343965530396,-17.1500625610352,-0.00573597010225058,0.0112740602344275
-1.50822401046753,-17.1514320373535,-0.0041894163005054,0.0112480521202087
-1.25278878211975,-17.1529941558838,-0.00341578107327223,0.0112192165106535
-0.996588170528412,-17.154935836792,-0.0059030344709754,0.0111205261200666
-0.740094304084778,-17.1569309234619,-0.00949460919946432,0.0110533367842436
-0.483993530273438,-17.158483505249,-0.0110863335430622,0.0110128335654736
-0.228069856762886,-17.1598682403564,-0.0116521362215281,0.01107307523489
0.028150575235486,-17.1613903045654,-0.0133314896374941,0.0111926011741161
0.284031510353088,-17.1629123687744,-0.013234281912446,0.011297045275569
0.539407432079315,-17.1642971038818,-0.0106322392821312,0.011218162253499
0.795389175415039,-17.1658687591553,-0.0105465110391378,0.0110459253191948
1.05203413963318,-17.1678009033203,-0.0132049061357975,0.0109062399715185
1.30846869945526,-17.1696186065674,-0.0146905099973083,0.0108842458575964
1.56485605239868,-17.171422958374,-0.0157365575432777,0.0109327454119921
1.82122123241425,-17.173246383667,-0.0164551064372063,0.0109765343368053
2.07777881622314,-17.1749019622803,-0.0178293604403734,0.0109552945941687
2.33416771888733,-17.176399230957,-0.0182356089353561,0.0109304487705231
2.59054756164551,-17.1779136657715,-0.0183790773153305,0.0109264645725489
2.84677624702454,-17.1791706085205,-0.0176516771316528,0.0109391883015633
-2.01380658149719,-17.4000778198242,-0.0127721438184381,0.0109537411481142
-1.7597359418869,-17.4008750915527,-0.00615603290498257,0.0109762959182262
-1.50445306301117,-17.4022960662842,-0.00487988814711571,0.0109824500977993
-1.24929463863373,-17.4036102294922,-0.0028186331037432,0.0109677202999592
-0.992793679237366,-17.4056339263916,-0.00664786482229829,0.0109174698591232
-0.736128985881805,-17.4076175689697,-0.010989747941494,0.0108531340956688
-0.480178385972977,-17.4091968536377,-0.0118544930592179,0.0107900984585285
-0.224372759461403,-17.4106636047363,-0.0118383849039674,0.0107902511954308
0.0316523909568787,-17.4123115539551,-0.0125817162916064,0.0108832251280546
0.287387996912003,-17.4137630462646,-0.0117979710921645,0.011002654209733
0.542635142803192,-17.4150257110596,-0.00859220139682293,0.0109843909740448
0.798291921615601,-17.4165344238281,-0.0070104063488543,0.0108727216720581
1.05484771728516,-17.4185485839844,-0.00923217181116343,0.010756516829133
1.31145906448364,-17.4205284118652,-0.011476163752377,0.0107175633311272
1.56818008422852,-17.4224414825439,-0.0139886140823364,0.0107230227440596
1.82482743263245,-17.4242134094238,-0.0159515161067247,0.0107978694140911
2.08135843276978,-17.4257678985596,-0.0171841289848089,0.0108210891485214
2.33744382858276,-17.4271430969238,-0.0162116754800081,0.0108053870499134
2.59374737739563,-17.4285640716553,-0.0159947201609612,0.0107615832239389
2.84968614578247,-17.4297733306885,-0.0139508573338389,0.0107568148523569
-2.01044297218323,-17.6507358551025,-0.0116650247946382,0.0108159705996513
-1.7564309835434,-17.6515846252441,-0.00473992526531219,0.0108149982988834
-1.5010701417923,-17.6530475616455,-0.00378990732133389,0.0108639411628246
-1.24589240550995,-17.6543159484863,-0.00179074332118034,0.0108609683811665
-0.989354193210602,-17.6562252044678,-0.00577072845771909,0.0108205117285252
-0.73298054933548,-17.6580219268799,-0.00876253750175238,0.0107321050018072
-0.477051943540573,-17.6597328186035,-0.00948564056307077,0.0106391422450542
-0.22114996612072,-17.661506652832,-0.0098525257781148,0.0105994716286659
0.0348348617553711,-17.6632900238037,-0.0103699387982488,0.0106471963226795
0.29053208231926,-17.6647415161133,-0.00938277132809162,0.0106987245380878
0.546102106571198,-17.6660003662109,-0.00761631596833467,0.0106984321027994
0.801956176757812,-17.6675033569336,-0.00689831702038646,0.0106698907911777
1.05830800533295,-17.6694030761719,-0.00817473698407412,0.0106189213693142
1.31474232673645,-17.6713256835938,-0.00959432777017355,0.0105806365609169
1.57139468193054,-17.6732368469238,-0.0117687275633216,0.0105481650680304
1.82805442810059,-17.6749706268311,-0.013763040304184,0.0105982646346092
2.08449482917786,-17.6764755249023,-0.0145642543211579,0.0106786377727985
2.34053683280945,-17.6778411865234,-0.0133722377941012,0.010666785761714
2.59663486480713,-17.6791515350342,-0.0122196674346924,0.010682363063097
2.8525242805481,-17.6803894042969,-0.00992867350578308,0.0106479786336422
-2.00736689567566,-17.9012546539307,-0.00923728942871094,0.0107351448386908
-1.75307631492615,-17.9023513793945,-0.00354963471181691,0.0107272993773222
-1.49766635894775,-17.9037914276123,-0.00279733981005847,0.0107419490814209
-1.2422548532486,-17.9052085876465,-0.00183021347038448,0.0107476748526096
-0.986051559448242,-17.9068946838379,-0.00425691669806838,0.010719072073698
-0.729991674423218,-17.9085960388184,-0.00578740797936916,0.0106397289782763
-0.473799228668213,-17.9105377197266,-0.00767006911337376,0.010536665096879
-0.217426583170891,-17.9125919342041,-0.0101323807612062,0.0104756988584995
0.0385319963097572,-17.9143695831299,-0.0104967188090086,0.0104735903441906
0.294003248214722,-17.9156932830811,-0.00845953542739153,0.010471373796463
0.549875199794769,-17.9170608520508,-0.00802311021834612,0.0104845855385065
0.80623471736908,-17.9187164306641,-0.0095484796911478,0.0105224773287773
1.06267297267914,-17.9205532073975,-0.0111834239214659,0.0105311833322048
1.31897330284119,-17.9224224090576,-0.011963402852416,0.0104955583810806
1.57520651817322,-17.9241828918457,-0.0122259827330709,0.0104535631835461
1.8315464258194,-17.9258670806885,-0.0127528691664338,0.0104635674506426
2.08771896362305,-17.9273929595947,-0.0123204104602337,0.0105399657040834
2.34377074241638,-17.9287719726562,-0.0111412722617388,0.0105432001873851
2.59978151321411,-17.9301605224609,-0.0095634451135993,0.0105547923594713
2.85583114624023,-17.9315319061279,-0.00794711336493492,0.0104992240667343
-2.00410413742065,-18.1518630981445,-0.00766735104843974,0.01054681930691
-1.74949681758881,-18.1531715393066,-0.00339590385556221,0.0105538032948971
-1.49405574798584,-18.1545906066895,-0.00275587476789951,0.0105888769030571
-1.23858106136322,-18.1561126708984,-0.00203628186136484,0.0106042912229896
-0.982717156410217,-18.1577014923096,-0.00287694344297051,0.0106051694601774
-0.726680099964142,-18.1594619750977,-0.00426659220829606,0.0105767007917166
-0.470258265733719,-18.1615142822266,-0.0071591273881495,0.0105043612420559
-0.213581323623657,-18.163667678833,-0.0109708989039063,0.0104251326993108
0.0423338077962399,-18.1654472351074,-0.0111016053706408,0.0103679671883583
0.29755711555481,-18.1666965484619,-0.00790826510637999,0.0103339347988367
0.553637742996216,-18.1682052612305,-0.00837472546845675,0.0103778410702944
0.810370683670044,-18.1700439453125,-0.0115416012704372,0.0104263601824641
1.06690299510956,-18.1718502044678,-0.0135678611695766,0.0104310177266598
1.3228794336319,-18.1734981536865,-0.0128680700436234,0.0103797316551208
1.57870483398438,-18.175048828125,-0.0112781785428524,0.0103154582902789
1.8349586725235,-18.176664352417,-0.0113932751119137,0.0102974679321051
2.09109830856323,-18.1783428192139,-0.0107690636068583,0.0103217838332057
2.34723854064941,-18.1799602508545,-0.00993397366255522,0.010304574854672
2.60343265533447,-18.1816120147705,-0.00912071112543344,0.0103205805644393
2.85970115661621,-18.1831760406494,-0.00843041390180588,0.0102572357282043
-2.00079011917114,-18.4024429321289,-0.00633988436311483,0.0102458475157619
-1.74595618247986,-18.4038238525391,-0.00307910004630685,0.0102928373962641
-1.49046015739441,-18.4053115844727,-0.00265305931679904,0.0103596867993474
-1.2350457906723,-18.4068279266357,-0.00162269931752235,0.0103985173627734
-0.979290127754211,-18.4084892272949,-0.00192579836584628,0.0104431621730328
-0.723213911056519,-18.4103775024414,-0.00345104420557618,0.0104800695553422
-0.466836541891098,-18.4123210906982,-0.00611863052472472,0.0104367733001709
-0.210104763507843,-18.414436340332,-0.0101535804569721,0.0103716710582376
0.0458343662321568,-18.4161891937256,-0.0103647680953145,0.0102889342233539
0.301058232784271,-18.4175415039062,-0.00713226851075888,0.0102245844900608
0.557107329368591,-18.4191627502441,-0.0074127777479589,0.0102852070704103
0.813590347766876,-18.4209632873535,-0.0094195082783699,0.0103392442688346
1.07017290592194,-18.4228134155273,-0.0116402637213469,0.0103214858099818
1.32612860202789,-18.4243927001953,-0.0108245806768537,0.0102172633633018
1.58197271823883,-18.425895690918,-0.00929401721805334,0.0101329190656543
1.83838021755219,-18.4275360107422,-0.0100694932043552,0.0100998934358358
2.09459710121155,-18.4293670654297,-0.00974673684686422,0.0100790467113256
2.35088562965393,-18.4312419891357,-0.00952108670026064,0.010032101534307
2.60722303390503,-18.4330558776855,-0.00929930992424488,0.0100216642022133
2.86368155479431,-18.4347743988037,-0.0094093531370163,0.00996782537549734
-1.99754858016968,-18.6529693603516,-0.00468153692781925,0.00999016687273979
-1.74250257015228,-18.6543483734131,-0.00237248349003494,0.0100746545940638
-1.48695206642151,-18.6559104919434,-0.00215935963205993,0.0101583478972316
-1.23151648044586,-18.6574382781982,-0.00119233212899417,0.0102296462282538
-0.975790202617645,-18.6591472625732,-0.00132297386880964,0.0102535802870989
-0.719884395599365,-18.6610336303711,-0.00203386950306594,0.0102460356429219
-0.463742166757584,-18.6628170013428,-0.00360900443047285,0.0101951211690903
-0.207113310694695,-18.6648445129395,-0.00715345237404108,0.010211237706244
0.0491248890757561,-18.6667404174805,-0.00868836883455515,0.0101811299100518
0.304652988910675,-18.6683216094971,-0.00678916368633509,0.0101731866598129
0.560491561889648,-18.6699352264404,-0.00608165515586734,0.0101801855489612
0.816510617733002,-18.6715812683105,-0.0059686591848731,0.0101819634437561
1.07281577587128,-18.6733303070068,-0.00691786222159863,0.0100832628086209
1.32895398139954,-18.6750011444092,-0.00689413724467158,0.00995988864451647
1.58506989479065,-18.6766681671143,-0.00654834881424904,0.00985925085842609
1.84144806861877,-18.6783638000488,-0.00715865241363645,0.0098088588565588
2.09772062301636,-18.6803092956543,-0.00704806065186858,0.00979264080524445
2.35414814949036,-18.6822452545166,-0.00741123408079147,0.00978117622435093
2.61057686805725,-18.6841735839844,-0.00755811901763082,0.00973253231495619
2.86718678474426,-18.6859531402588,-0.00830844696611166,0.00970192439854145
-1.99410605430603,-18.9036884307861,-0.00393825909122825,0.00986653286963701
-1.73888432979584,-18.9050598144531,-0.00241148006170988,0.00995045341551304
-1.48338174819946,-18.9066371917725,-0.00194110965821892,0.00998995080590248
-1.22767984867096,-18.9082469940186,-0.00216131960041821,0.0100537901744246
-0.971989989280701,-18.9098930358887,-0.00209460384212434,0.0100585725158453
-0.716293394565582,-18.9116954803467,-0.00181749614421278,0.0100097479298711
-0.460321754217148,-18.913501739502,-0.00257566734217107,0.0099517647176981
-0.20388850569725,-18.9155254364014,-0.00519476970657706,0.0099828839302063
0.0526443421840668,-18.9175682067871,-0.00803057663142681,0.0100265275686979
0.308673650026321,-18.9193935394287,-0.00835814606398344,0.0100776767358184
0.564495503902435,-18.921028137207,-0.00753589952364564,0.01005650870502
0.820263564586639,-18.9225788116455,-0.00625779712572694,0.0100146345794201
1.0762130022049,-18.9241752624512,-0.00557789020240307,0.00992685742676258
1.33220815658569,-18.9257850646973,-0.00488388119265437,0.00984291639178991
1.58831834793091,-18.9274921417236,-0.00447914376854897,0.0097435163334012
1.84453022480011,-18.9292640686035,-0.00430592196062207,0.00963228475302458
2.10075664520264,-18.931245803833,-0.00395625038072467,0.00959078129380941
2.35725975036621,-18.9331302642822,-0.00463669095188379,0.00957396999001503
2.61362338066101,-18.9350452423096,-0.00446693552657962,0.00949771143496037
2.87032437324524,-18.9368343353271,-0.00559586798772216,0.00948982033878565
-1.99019002914429,-19.1546573638916,-0.00536926602944732,0.00977343413978815
-1.73500382900238,-19.1559963226318,-0.00364395300857723,0.00983446929603815
-1.47959983348846,-19.1576023101807,-0.00267867604270577,0.00984219834208488
-1.22380220890045,-19.1592178344727,-0.00330401607789099,0.00984795019030571
-0.968048453330994,-19.1608867645264,-0.00349296606145799,0.0098017742857337
-0.712367177009583,-19.1626644134521,-0.00311147584579885,0.00971673242747784
-0.456531077623367,-19.1644439697266,-0.00321466429159045,0.00966761447489262
-0.200235292315483,-19.1664848327637,-0.00516857020556927,0.00973297562450171
0.056374154984951,-19.1686611175537,-0.00830750819295645,0.00987247563898563
0.31272304058075,-19.1706962585449,-0.0100358827039599,0.00998982414603233
0.568743109703064,-19.1724224090576,-0.0100686131045222,0.00995656382292509
0.82444965839386,-19.1739368438721,-0.0084763690829277,0.0098548885434866
1.08009898662567,-19.1753425598145,-0.00641954829916358,0.00979569088667631
1.33594679832458,-19.1768188476562,-0.00503784557804465,0.009819689206779
1.59187698364258,-19.1784210205078,-0.00379826780408621,0.00977297686040401
1.84795832633972,-19.1802654266357,-0.0029988328460604,0.00959197245538235
2.10415554046631,-19.1822032928467,-0.00249234982766211,0.00946848839521408
2.36056041717529,-19.1840839385986,-0.00270237657241523,0.00941210519522429
2.61688709259033,-19.185941696167,-0.00234482996165752,0.00936850346624851
2.87365341186523,-19.1877937316895,-0.00372897344641387,0.00937877502292395
-1.98612654209137,-19.4054794311523,-0.00749998306855559,0.00961970817297697
-1.73126435279846,-19.4067573547363,-0.00424177572131157,0.00966825615614653
-1.47597014904022,-19.4084415435791,-0.00272552575916052,0.00966447126120329
-1.22029626369476,-19.4101505279541,-0.00273751490749419,0.00967483688145876
-0.964259803295135,-19.4120407104492,-0.00417316239327192,0.00963073503226042
-0.708233416080475,-19.4139232635498,-0.00533080752938986,0.00956806167960167
-0.452456265687943,-19.4157161712646,-0.00512427976354957,0.00957986805588007
-0.196509152650833,-19.4176082611084,-0.00546058220788836,0.00960566662251949
0.0598981268703938,-19.4197292327881,-0.00764817744493484,0.00971221551299095
0.316320896148682,-19.4218158721924,-0.0096757560968399,0.00981049798429012
0.572319626808167,-19.4235572814941,-0.00957739353179932,0.0097823292016983
0.827889919281006,-19.4250144958496,-0.00734036415815353,0.00965749379247427
1.08356690406799,-19.4264278411865,-0.00537678180262446,0.00959779229015112
1.33971154689789,-19.4280490875244,-0.00529021630063653,0.00963979214429855
1.59593152999878,-19.4296875,-0.00532001396641135,0.00962636899203062
1.8519994020462,-19.4315090179443,-0.00442583998665214,0.00946991145610809
2.10798764228821,-19.433292388916,-0.00296023604460061,0.00935597158968449
2.36410474777222,-19.4350910186768,-0.00185479992069304,0.00932525191456079
2.62046527862549,-19.4369468688965,-0.00161679100710899,0.00930341705679893
2.87736535072327,-19.4389324188232,-0.00355457025580108,0.00934032164514065
-1.98232674598694,-19.6560039520264,-0.00843768194317818,0.00942960195243359
-1.72785091400146,-19.6572570800781,-0.00335660367272794,0.00947696063667536
-1.47255420684814,-19.659086227417,-0.00180527206975967,0.00947267562150955
-1.21725463867188,-19.660774230957,-6.09405324212275e-05,0.00952153000980616
-0.961097776889801,-19.6629943847656,-0.00199012085795403,0.00950567051768303
-0.704641461372375,-19.6651554107666,-0.00506553426384926,0.0094500444829464
-0.448534309864044,-19.6670150756836,-0.00633148662745953,0.00946202222257853
-0.192465901374817,-19.668924331665,-0.00718449801206589,0.00948755629360676
0.0638307556509972,-19.6709861755371,-0.00883553083986044,0.00955101847648621
0.320107191801071,-19.6729335784912,-0.0101744038984179,0.00955813750624657
0.575872421264648,-19.6745319366455,-0.00899407267570496,0.0094982823356986
0.831170678138733,-19.6759128570557,-0.00549857411533594,0.00940421596169472
1.08692336082458,-19.6774597167969,-0.00383466831408441,0.00935807358473539
1.34348058700562,-19.6792869567871,-0.00556184770539403,0.00937832705676556
1.60020446777344,-19.6811122894287,-0.00781127763912082,0.00936879683285952
1.85609865188599,-19.6828327178955,-0.00610690331086516,0.00926737394183874
2.11189103126526,-19.6844902038574,-0.00373715464957058,0.00919656548649073
2.36806321144104,-19.6862964630127,-0.00284324935637414,0.00919060688465834
2.62455558776855,-19.6881618499756,-0.00315868877805769,0.00921069085597992
2.88182401657104,-19.6903228759766,-0.00668576033785939,0.00927375815808773
-1.97869622707367,-19.9066524505615,-0.00857933238148689,0.00926288310438395
-1.7243469953537,-19.9079914093018,-0.00286807049997151,0.00928923860192299
-1.46910190582275,-19.9098587036133,-0.0010417194571346,0.00929721631109715
-1.21398282051086,-19.9116077423096,0.00157384015619755,0.00930041074752808
-0.958096921443939,-19.9138069152832,0.000920584832783788,0.00927906669676304
-0.701521098613739,-19.9160709381104,-0.00266570667736232,0.00924491509795189
-0.445046484470367,-19.918098449707,-0.00557067198678851,0.00926144979894161
-0.188734591007233,-19.9200458526611,-0.0075013586319983,0.00930637214332819
0.0674539431929588,-19.9219779968262,-0.00863731931895018,0.00937017519026995
0.323545277118683,-19.9237575531006,-0.00911657884716988,0.00931659247726202
0.579362750053406,-19.925329208374,-0.00814504269510508,0.00922559574246407
0.834757685661316,-19.9267749786377,-0.0050499327480793,0.00912912376224995
1.09054172039032,-19.9284820556641,-0.00347990030422807,0.00910686887800694
1.347128033638,-19.9305076599121,-0.00528601510450244,0.00914631690829992
1.60407030582428,-19.932487487793,-0.00847172178328037,0.00912703759968281
1.85988545417786,-19.9341259002686,-0.00638532219454646,0.00901243649423122
2.1157214641571,-19.9357929229736,-0.00417719129472971,0.00898164510726929
2.3724057674408,-19.9377326965332,-0.00552996806800365,0.00899134669452906
2.62934732437134,-19.9397144317627,-0.00780330551788211,0.00901857577264309
2.88712120056152,-19.9420318603516,-0.0135284028947353,0.00907723698765039
-1.97513663768768,-20.1576271057129,-0.0083604846149683,0.00910264533013105
-1.72059738636017,-20.1591491699219,-0.00347735732793808,0.00910308631137013
-1.46544170379639,-20.1609477996826,-0.00120846624486148,0.00910207675769925
-1.21025335788727,-20.1627254486084,0.00112512765917927,0.00910143554210663
-0.954464554786682,-20.1648044586182,0.000942000770010054,0.00906072370707989
-0.698150813579559,-20.1669788360596,-0.00141538877505809,0.00904660997912288
-0.441504180431366,-20.1691608428955,-0.00506214378401637,0.00903673376888037
-0.185022130608559,-20.1711196899414,-0.00773729803040624,0.00910018570721149
0.0709909275174141,-20.1728668212891,-0.00805669650435448,0.00918088760226965
0.326756209135056,-20.1744613647461,-0.00703644892200828,0.00911172945052385
0.582463145256042,-20.1760387420654,-0.00553271267563105,0.00900014210492373
0.838311195373535,-20.1776466369629,-0.00444879196584225,0.00892532151192427
1.09457683563232,-20.1796035766602,-0.00500157848000526,0.00896366033703089
1.35118067264557,-20.1817779541016,-0.00683613680303097,0.00900568626821041
1.60775780677795,-20.1837196350098,-0.00834264606237411,0.00891108531504869
1.86361050605774,-20.185417175293,-0.00638582184910774,0.0087923351675272
2.11993288993835,-20.1871776580811,-0.00631914054974914,0.00876468326896429
2.37714862823486,-20.1892757415771,-0.0100001450628042,0.00877048633992672
2.63453507423401,-20.1915245056152,-0.0141931781545281,0.00876733288168907
2.8926248550415,-20.1939315795898,-0.0212735272943974,0.00879000220447779
-1.97177112102509,-20.4085807800293,-0.00724356528371572,0.00891369627788663
-1.71698951721191,-20.410270690918,-0.00343397213146091,0.00890016229823232
-1.46181929111481,-20.4120216369629,-0.0012034602696076,0.00888805743306875
-1.20638763904572,-20.4138374328613,4.65781922684982e-05,0.00888828886672854
-0.950385689735413,-20.4158382415771,-0.0010893230792135,0.00886307470500469
-0.694043278694153,-20.4179935455322,-0.00354188471101224,0.00884596398100257
-0.43749475479126,-20.4201812744141,-0.00670000584796071,0.00887052901089191
-0.181197717785835,-20.4221038818359,-0.0084952050819993,0.008930838201195
0.0744794383645058,-20.4237880706787,-0.00725210551172495,0.00900112558156252
0.329884260892868,-20.4252738952637,-0.00456869183108211,0.0089285122230649
0.585496962070465,-20.4268798828125,-0.00260530854575336,0.00882412539795041
0.84194004535675,-20.4287567138672,-0.00416626175865531,0.00877449940890074
1.09890139102936,-20.4309959411621,-0.00780771998688579,0.00881453743204474
1.35542786121368,-20.4330711364746,-0.009263108484447,0.00882702972739935
1.611363530159,-20.4348468780518,-0.0078555615618825,0.00874690338969231
1.86725473403931,-20.4366664886475,-0.0060276361182332,0.00861671334132552
2.12396454811096,-20.438570022583,-0.0076530915684998,0.00857126340270042
2.38143587112427,-20.4408912658691,-0.0124209122732282,0.00855052005499601
2.63908958435059,-20.4431934356689,-0.0177664123475552,0.00852315267547965
2.89714670181274,-20.4456119537354,-0.0246578454971313,0.00850167451426387
-1.96855366230011,-20.6593074798584,-0.00546342460438609,0.00869022775441408
-1.7137553691864,-20.6610298156738,-0.00169721513520926,0.00867561111226678
-1.45854294300079,-20.6627616882324,0.00036746243131347,0.00869740359485149
-1.20301342010498,-20.6646060943604,0.00119951879605651,0.00870875781401992
-0.946715295314789,-20.6666297912598,-0.00126567110419273,0.00870193215087056
-0.690212786197662,-20.668773651123,-0.00442055985331535,0.00872898288071156
-0.433697789907455,-20.6709785461426,-0.00738720688968897,0.00874547334387898
-0.177503868937492,-20.6729774475098,-0.00866778753697872,0.00873944582417607
0.0781872346997261,-20.6748294830322,-0.0074371499940753,0.00879030907526612
0.333586424589157,-20.6764717102051,-0.00467817904427648,0.00876354146748781
0.589371502399445,-20.6781978607178,-0.00345220067538321,0.00868827849626541
0.846356451511383,-20.6804084777832,-0.00740280840545893,0.00863733096048236
1.1034437417984,-20.6827201843262,-0.011567029170692,0.00861714594066143
1.35961663722992,-20.6846160888672,-0.0114009529352188,0.00857704691588879
1.61520385742188,-20.6862316131592,-0.00840021949261427,0.00851499987766147
1.87096869945526,-20.6879367828369,-0.00598049163818359,0.00842933217063546
2.12760710716248,-20.6898345947266,-0.00725221494212747,0.00840815901756287
2.38495135307312,-20.6921138763428,-0.0114225894212723,0.00836416939273477
2.64249634742737,-20.6944408416748,-0.0162476785480976,0.00831410847604275
2.90032315254211,-20.6968173980713,-0.0220863576978445,0.00827055843546987
-1.96529853343964,-20.909969329834,-0.0038667896296829,0.00846833130344748
-1.71065771579742,-20.9116077423096,0.00065225240541622,0.00846446631476283
-1.45530867576599,-20.9134178161621,0.00212289812043309,0.0084870858117938
-1.20000565052032,-20.9151916503906,0.00402295123785734,0.00853011244907975
-0.943795084953308,-20.9172210693359,0.00199039513245225,0.008563750423491
-0.687358856201172,-20.9193897247314,-0.000830328790470958,0.00860227132216096
-0.430621057748795,-20.9217548370361,-0.00477571459487081,0.0085687693208456
-0.174095436930656,-20.9239063262939,-0.00752990413457155,0.00853490503504872
0.0820363461971283,-20.9260425567627,-0.00825082510709763,0.00856338022276759
0.337922155857086,-20.927942276001,-0.00764711759984493,0.00855360412970185
0.594294667243958,-20.9299793243408,-0.00902062561362982,0.00850333226844668
0.851147890090942,-20.9322624206543,-0.0123210838064551,0.00846084486693144
1.10750794410706,-20.9342498779297,-0.0131808333098888,0.00842057634145021
1.36337149143219,-20.9360752105713,-0.0115871382877231,0.00837938068434596
1.61885559558868,-20.9376182556152,-0.00809486955404282,0.00834430241957307
1.87458288669586,-20.9392566680908,-0.00547915371134877,0.00828273640945554
2.13107299804688,-20.9411487579346,-0.00605353247374296,0.00823073089122772
2.38822340965271,-20.9433193206787,-0.00933433789759874,0.00817083427682519
2.64545011520386,-20.9455013275146,-0.01272202283144,0.00814282475039363
2.90307331085205,-20.9478073120117,-0.0176321752369404,0.0081093548797071
-1.96198630332947,-21.1607284545898,-0.00252634868957102,0.00827220943756402
-1.70744669437408,-21.1622657775879,0.00248278165236115,0.0082945937756449
-1.45192694664001,-21.164234161377,0.00321128591895103,0.00831603514961898
-1.19675064086914,-21.1659755706787,0.00572512717917562,0.00838803965598345
-0.940744519233704,-21.1680297851562,0.00466692540794611,0.00843564281240106
-0.684237241744995,-21.170295715332,0.00155829673167318,0.00842875428497791
-0.427372574806213,-21.1726531982422,-0.00294019700959325,0.00834850315004587
-0.170703887939453,-21.1748523712158,-0.00631397496908903,0.00829567015171051
0.085796944797039,-21.1771106719971,-0.00867574103176594,0.00833772262558341
0.342256009578705,-21.1793384552002,-0.0106159839779139,0.00837969919666648
0.598953068256378,-21.1816959381104,-0.0133925816044211,0.00836056843400002
0.855429649353027,-21.1838321685791,-0.0149556305259466,0.00832851370796561
1.11121428012848,-21.1855716705322,-0.0131957605481148,0.00829740287736058
1.36685860157013,-21.1872596740723,-0.0105909379199147,0.00830311421304941
1.62250292301178,-21.1889171600342,-0.00777826923877001,0.00828183488920331
1.87835431098938,-21.1906394958496,-0.00567976851016283,0.00818383926525712
2.13471150398254,-21.1925239562988,-0.00562331918627024,0.0080728898756206
2.39163947105408,-21.1945323944092,-0.00789105612784624,0.00799635844305158
2.64854025840759,-21.1966361999512,-0.00979853793978691,0.00793028529733419
2.90600252151489,-21.198860168457,-0.0139707000926137,0.00792249105870724
-1.95878732204437,-21.4115695953369,-0.000653354334644973,0.00806018221192062
-1.7041836977005,-21.4130935668945,0.00408895593136549,0.00811287667602301
-1.448606133461,-21.4151496887207,0.00459019420668483,0.0081522767432034
-1.19327652454376,-21.4169502258301,0.00643483735620975,0.00823116931132972
-0.937170743942261,-21.4191474914551,0.00496509345248342,0.00825304561294615
-0.68040269613266,-21.4216461181641,0.000716028618626297,0.00822224444709718
-0.423351019620895,-21.4240303039551,-0.00460131326690316,0.00812568911351264
-0.166722938418388,-21.4261035919189,-0.00776421232149005,0.00809657294303179
0.089620552957058,-21.428150177002,-0.00939218979328871,0.00814543897286057
0.346115261316299,-21.4303588867188,-0.0114610372111201,0.00818027509376407
0.602672815322876,-21.4327068328857,-0.013568414375186,0.00817440217360854
0.858852863311768,-21.4347839355469,-0.0137575231492519,0.00817431602627039
1.1145144701004,-21.4365139007568,-0.0114101637154818,0.00820679077878594
1.37024879455566,-21.4382228851318,-0.00918018445372581,0.00825136248022318
1.62616813182831,-21.4400672912598,-0.00755701819434762,0.00817188294604421
1.88219928741455,-21.4419536590576,-0.00621764361858368,0.00801177602261305
2.13845062255859,-21.4438953399658,-0.00564533798024058,0.00785003742203116
2.39515900611877,-21.4458408355713,-0.00690191145986319,0.0077799865975976
2.65209031105042,-21.4479732513428,-0.00891069043427706,0.00769554683938622
2.90948557853699,-21.4501438140869,-0.0127576747909188,0.00771104544401169
-1.95570492744446,-21.6623401641846,0.00175256642978638,0.00779077305924147
-1.70093488693237,-21.6639747619629,0.00576469348743558,0.00785605795681477
-1.4452223777771,-21.6660423278809,0.00567458942532539,0.00793844542931765
-1.18969428539276,-21.6679515838623,0.00664684269577265,0.00802766880951822
-0.933205783367157,-21.6703834533691,0.00347344996407628,0.00802427530288696
-0.676046967506409,-21.6730461120605,-0.0025168745778501,0.0079711324069649
-0.418822258710861,-21.675479888916,-0.0085816103965044,0.00791888101957738
-0.162412479519844,-21.677339553833,-0.0107249822467566,0.00793867465108633
0.0933108925819397,-21.6789665222168,-0.00952372886240482,0.00800781254656613
0.349413335323334,-21.6810207366943,-0.00978636089712381,0.00805494422093034
0.605861008167267,-21.6833934783936,-0.0113609787076712,0.00803500460460782
0.862030923366547,-21.6855411529541,-0.0114674707874656,0.00801315065473318
1.11788988113403,-21.6874771118164,-0.00996319577097893,0.00802233582362533
1.37380528450012,-21.6893882751465,-0.00849990919232368,0.00802040263079107
1.62998127937317,-21.6914215087891,-0.00798272527754307,0.00791361229494214
1.88604640960693,-21.6933517456055,-0.00675702234730124,0.00777847319841385
2.14238858222961,-21.6953983306885,-0.0065468936227262,0.00766196916811168
2.39929413795471,-21.6974411010742,-0.00864118803292513,0.0076219046022743
2.65606284141541,-21.699499130249,-0.00989356637001038,0.00752627546899021
2.91337561607361,-21.7016544342041,-0.0133378691971302,0.00753296655602753
-1.95266926288605,-21.9129333496094,0.00435558799654245,0.00755898363422602
-1.69758903980255,-21.9148235321045,0.00698634469881654,0.00759893521899357
-1.44160008430481,-21.917064666748,0.00566820101812482,0.00771446619182825
-1.18586802482605,-21.9191589355469,0.0057528717443347,0.00780606258194894
-0.929153442382812,-21.9216766357422,0.00158381357323378,0.00780747551470995
-0.672006964683533,-21.9241886138916,-0.00432674773037434,0.00777954573277384
-0.414856493473053,-21.9265327453613,-0.0100221559405327,0.00776333850808442
-0.158421292901039,-21.9284248352051,-0.0122414147481322,0.00779822492040694
0.0972499176859856,-21.930196762085,-0.0107495104894042,0.0078537599183619
0.353318959474564,-21.9323825836182,-0.0108094736933708,0.00786684546619654
0.609694361686707,-21.9347019195557,-0.0120241362601519,0.00786348129622638
0.865722835063934,-21.9367179870605,-0.0114668337628245,0.00783370388671756
1.12165689468384,-21.9386863708496,-0.0102652544155717,0.00780383311212063
1.37778055667877,-21.9407691955566,-0.00969080533832312,0.0077138738706708
1.63408017158508,-21.9429054260254,-0.00968371145427227,0.00762076349928975
1.89005792140961,-21.9448184967041,-0.00802917126566172,0.00755358138121665
2.14640998840332,-21.9468479156494,-0.00782808195799589,0.00753614725545049
2.40331268310547,-21.949031829834,-0.00985993072390556,0.00751745514571667
2.66003751754761,-21.9510650634766,-0.0108803799375892,0.00744275352917612
2.91694402694702,-21.953088760376,-0.0124897994101048,0.00738893076777458
-2.20621800422668,-22.1612110137939,0.0114698419347405,0.00786009477451444
-1.94980275630951,-22.1634540557861,0.00773487007245421,0.00755355058936402
-1.69406843185425,-22.1657028198242,0.00739964284002781,0.00750801264075562
-1.43793511390686,-22.168025970459,0.00545638799667358,0.00753987136704382
-1.18192648887634,-22.1703681945801,0.00432614050805569,0.00762888218741864
-0.925399303436279,-22.1728019714355,0.00104880763683468,0.00767729425569996
-0.668724358081818,-22.1750736236572,-0.00268380506895483,0.00767861085478216
-0.411926478147507,-22.1773109436035,-0.00674241688102484,0.00766893639229238
-0.15519791841507,-22.1794719696045,-0.0102488026022911,0.00764236436225474
0.101065315306187,-22.1816387176514,-0.0113894995301962,0.00763140525668859
0.357618242502213,-22.184154510498,-0.0135849211364985,0.00762306072283536
0.614098429679871,-22.1865062713623,-0.0152327790856361,0.00763410539366305
0.869924783706665,-22.1883640289307,-0.0137331234291196,0.00765097280964255
1.12574005126953,-22.1901073455811,-0.0119773950427771,0.00761978817172348
1.38180446624756,-22.1921825408936,-0.0110982861369848,0.00749004818499088
1.63803601264954,-22.1943912506104,-0.0107400016859174,0.00740958843380213
1.89417374134064,-22.196460723877,-0.00975228287279606,0.00739711336791515
2.15056037902832,-22.1985111236572,-0.00966730527579784,0.00742071680724621
2.40718698501587,-22.2005863189697,-0.0104341385886073,0.00737634219694883
2.6636860370636,-22.2025585174561,-0.0104162478819489,0.00731172622181475
2.91975378990173,-22.2042140960693,-0.00828505400568247,0.00716479285620153
-2.20278215408325,-22.4119625091553,0.0121934963390231,0.00756482547149062
-1.94684863090515,-22.414098739624,0.0107178837060928,0.00752688711509109
-1.69058156013489,-22.4165897369385,0.00796793960034847,0.00747597811277956
-1.43416547775269,-22.4191570281982,0.00477663148194551,0.00749179383274168
-1.17779159545898,-22.4216651916504,0.00201406911946833,0.00755385056254454
-0.921601831912994,-22.4239540100098,0.000315691315336153,0.00761557798978174
-0.665631651878357,-22.4259338378906,-0.000172115076566115,0.00764040702779312
-0.409336060285568,-22.4280033111572,-0.00191475241445005,0.0076106758788228
-0.15245009958744,-22.4304294586182,-0.0060897758230567,0.00750529114156961
0.10475692152977,-22.4331455230713,-0.0114579182118177,0.00741253467276692
0.362074017524719,-22.4358730316162,-0.0170796122401953,0.00740659201983362
0.618855714797974,-22.4383411407471,-0.0200448054820299,0.00746925990097225
0.874543130397797,-22.4402179718018,-0.0178680382668972,0.00751374126411974
1.1299569606781,-22.4417915344238,-0.0142687214538455,0.00749142293352634
1.38574171066284,-22.4437255859375,-0.0121006155386567,0.00735502631869167
1.64182758331299,-22.4459018707275,-0.0110520552843809,0.00727312290109694
1.89820730686188,-22.4480972290039,-0.0111061129719019,0.00726277905050665
2.15469861030579,-22.4502716064453,-0.0114407744258642,0.00725230434909463
2.41074299812317,-22.4519557952881,-0.00960058532655239,0.00714306777808815
2.66692781448364,-22.4539623260498,-0.00814076326787472,0.00707218842580914
2.92235231399536,-22.4552707672119,-0.00314305629581213,0.00688858464127406
3.17949080467224,-22.4572429656982,-0.00551505340263247,0.00694788026157767
-2.19931077957153,-22.6628246307373,0.0127606736496091,0.00725598796270788
-1.94371271133423,-22.6648788452148,0.0128698237240314,0.00731539772823453
-1.68724513053894,-22.6675491333008,0.00923964288085699,0.00733612768817693
-1.43060541152954,-22.6701545715332,0.00505028059706092,0.00736763351596892
-1.17402756214142,-22.6727695465088,0.0013927489053458,0.00740876048803329
-0.917752802371979,-22.6751346588135,-0.00065294373780489,0.00750477012479678
-0.661804020404816,-22.6771125793457,-0.00100586912594736,0.00753622490447015
-0.40565213561058,-22.6791515350342,-0.00205609598197043,0.00746850005816668
-0.149049788713455,-22.6814727783203,-0.00490877218544483,0.00733589634910459
0.108275629580021,-22.6841621398926,-0.0107884323224425,0.00723918105359189
0.366324633359909,-22.6872081756592,-0.0196798201650381,0.00724825385259464
0.623494505882263,-22.6897735595703,-0.0243606343865395,0.00730829162057489
0.879104018211365,-22.6918678283691,-0.0217638108879328,0.00739220704417676
1.13394498825073,-22.6934146881104,-0.0155299622565508,0.00741386023582891
1.38934338092804,-22.6951599121094,-0.0115975327789783,0.0072892063180916
1.64534199237823,-22.6972179412842,-0.0101340329274535,0.00713627162622288
1.90190947055817,-22.6994972229004,-0.010991976596415,0.00704401399707422
2.15841007232666,-22.7017688751221,-0.0113251330330968,0.0070280865766108
2.41419553756714,-22.7033576965332,-0.00829862244427204,0.00694828201085329
2.66996479034424,-22.7051906585693,-0.00496596237644553,0.00687812847900204
2.92543888092041,-22.706470489502,-0.000166295722010545,0.00676247836963739
3.1826057434082,-22.7084808349609,-0.00263238721527159,0.00689371621228929
-2.45094847679138,-22.9122047424316,0.0111920703202486,0.00670657213777304
-2.19573020935059,-22.9139232635498,0.012843506410718,0.00692288274876773
-1.94031631946564,-22.915885925293,0.0138330198824406,0.00701612140983343
-1.68375170230865,-22.9185619354248,0.00978770945221186,0.00709387077949941
-1.42717456817627,-22.9211521148682,0.00592048978433013,0.00713961361907423
-1.17049205303192,-22.9238166809082,0.00181805121246725,0.00718763773329556
-0.913748919963837,-22.926399230957,-0.00232765078544617,0.0072490758029744
-0.657377004623413,-22.9285774230957,-0.00456584990024567,0.00726252084132284
-0.401043117046356,-22.9306602478027,-0.00640404038131237,0.00720874982653186
-0.144741609692574,-22.9329280853271,-0.00784134306013584,0.00714285689173266
0.112243838608265,-22.9354133605957,-0.0121485618874431,0.00712845852831379
0.370274394750595,-22.9385547637939,-0.0209081713110209,0.00715462550579105
0.627623379230499,-22.9412021636963,-0.0263581238687038,0.0072006390983006
0.883175492286682,-22.9432601928711,-0.0234656240791082,0.00726535911962856
1.13758492469788,-22.9446907043457,-0.0152505096048117,0.00729621389473323
1.3928724527359,-22.9463577270508,-0.0107913492247462,0.00718304744987108
1.64906215667725,-22.948392868042,-0.0101590789854527,0.00700926924127998
1.90565729141235,-22.95068359375,-0.0111058121547103,0.00691282288971706
2.16189432144165,-22.9529266357422,-0.0102229509502649,0.00688559768968844
2.41762185096741,-22.9546871185303,-0.00688745127990842,0.00682481576222926
2.67354154586792,-22.9563426971436,-0.00421471055597067,0.00676944956649095
2.92911505699158,-22.9579925537109,0.000213539155083708,0.00666720553999767
3.18606376647949,-22.9600868225098,-0.00123863050248474,0.00673257291782647
3.44289016723633,-22.962230682373,-0.00191578292287886,0.00664400833193213
-2.44720530509949,-23.1633682250977,0.0104861613363028,0.00646144291386008
-2.19177508354187,-23.1653118133545,0.0112109435722232,0.00664011994376779
-1.93632709980011,-23.1673030853271,0.012084661051631,0.00676431669853628
-1.67973852157593,-23.1699733734131,0.00796692445874214,0.006871193414554
-1.42332422733307,-23.1724681854248,0.0048821191303432,0.00695664435625076
-1.1665745973587,-23.175142288208,0.000508752767927945,0.00705577922053635
-0.909696102142334,-23.1777458190918,-0.0042206053622067,0.00709963869303465
-0.653146982192993,-23.1800289154053,-0.00722319725900888,0.00708634848706424
-0.396682322025299,-23.1821937561035,-0.00961204618215561,0.00703798187896609
-0.140568435192108,-23.1844444274902,-0.0101505201309919,0.00701029354240745
0.116100981831551,-23.1869239807129,-0.0129748219624162,0.00703774520661682
0.373634666204453,-23.1898059844971,-0.0194602478295565,0.0070669885026291
0.630761742591858,-23.192346572876,-0.0238801892846823,0.00709567847661674
0.886480867862701,-23.1944370269775,-0.0217125006020069,0.00710131082450971
1.14122653007507,-23.1959896087646,-0.0149766784161329,0.00710338243516162
1.3967570066452,-23.1977157592773,-0.011575099080801,0.00702910230029374
1.65308439731598,-23.1997222900391,-0.0115317078307271,0.00692433980293572
1.90960884094238,-23.2019386291504,-0.0121306013315916,0.0068496250314638
2.1657862663269,-23.2042598724365,-0.0109339552000165,0.0067421814892441
2.42157793045044,-23.2062206268311,-0.00782849360257387,0.00663882226217538
2.67752003669739,-23.2080726623535,-0.00519925775006413,0.00660010648425668
2.93355512619019,-23.2099952697754,-0.00276783667504787,0.00654617149848491
3.19052600860596,-23.2122917175293,-0.00425688643008471,0.00660204747691751
3.4477972984314,-23.2146987915039,-0.00684501649811864,0.00657148228492588
-2.69745016098022,-23.4129695892334,0.00253829639405012,0.0062374000553973
-2.44267559051514,-23.4149913787842,0.00615599472075701,0.00621482648421079
-2.18712878227234,-23.4171314239502,0.00640475749969482,0.00635454442817718
-1.93139433860779,-23.4192886352539,0.00601128581911325,0.00654057157225907
-1.67551910877228,-23.4215297698975,0.0052035553380847,0.00669128028675914
-1.41904139518738,-23.4240303039551,0.00186744914390147,0.00684918230399489
-1.16229724884033,-23.4266300201416,-0.00244685774669051,0.00698579708114266
-0.905714809894562,-23.4291114807129,-0.00578342797234654,0.00701447017490864
-0.649653553962708,-23.4312534332275,-0.00651964591816068,0.006993452552706
-0.393718540668488,-23.4332733154297,-0.0064605725929141,0.00692713772878051
-0.137701451778412,-23.4354801177979,-0.00653159664943814,0.00685169873759151
0.118943423032761,-23.4380722045898,-0.00920457392930984,0.00685813662130386
0.376157730817795,-23.44091796875,-0.014210557565093,0.0068949299165979
0.632986783981323,-23.4433116912842,-0.0172657500952482,0.00694419047795236
0.889002084732056,-23.4453277587891,-0.0164297632873058,0.00690954003948718
1.14466619491577,-23.4472255706787,-0.0137948635965586,0.00688246206846088
1.40073704719543,-23.4491348266602,-0.0127850072458386,0.00688379164785147
1.65702617168427,-23.4511909484863,-0.0125260436907411,0.00685720692854375
1.91352796554565,-23.4533748626709,-0.01298962906003,0.00676148082129657
2.16980981826782,-23.4556903839111,-0.0122267324477434,0.00656871579121798
2.42589044570923,-23.4578495025635,-0.0103593217208982,0.00647061364725232
2.68188667297363,-23.4598846435547,-0.0079122195020318,0.00648564205039293
2.93849039077759,-23.46217918396,-0.00794159341603518,0.00650069303810596
3.19526171684265,-23.4645900726318,-0.00848335586488247,0.00652383780106902
3.45221447944641,-23.4668273925781,-0.00962857808917761,0.00646762945689261
3.70799708366394,-23.4683666229248,-0.00542789325118065,0.0061801690608263
-2.69390773773193,-23.6642742156982,0.00274249538779259,0.00625878074788488
-2.4386465549469,-23.6664409637451,0.00414120592176914,0.00613174436148256
-2.18277430534363,-23.6687870025635,0.0029377993196249,0.00617065042024478
-1.92712080478668,-23.6708831787109,0.00295718759298325,0.00631895160768181
-1.67081892490387,-23.6733741760254,0.000240336084971204,0.00651174457743764
-1.41433250904083,-23.6758575439453,-0.00309174857102334,0.00672609801404178
-1.15794396400452,-23.6782722473145,-0.00573782902210951,0.00687806773930788
-0.902045726776123,-23.6804103851318,-0.00591665785759687,0.00691416650079191
-0.646614670753479,-23.6822853088379,-0.00374788022600114,0.00689599849283695
-0.391053199768066,-23.684196472168,-0.0019570398144424,0.00685534393414855
-0.135150566697121,-23.6863689422607,-0.00148188008461148,0.00674604345113039
0.121465496718884,-23.689001083374,-0.0039942660368979,0.00669030682183802
0.378546863794327,-23.691801071167,-0.00837466772645712,0.00672494829632342
0.635392189025879,-23.6942310333252,-0.0114772403612733,0.00680603832006454
0.891831576824188,-23.6963958740234,-0.0125281848013401,0.00676046987064183
1.14849030971527,-23.6987285614014,-0.0143267763778567,0.00675145862624049
1.40482842922211,-23.7007865905762,-0.0144740398973227,0.00678905099630356
1.66080224514008,-23.7027168273926,-0.0127667840570211,0.00680054421536624
1.91709423065186,-23.7048416137695,-0.0122564323246479,0.00667878799140453
2.17376399040222,-23.7072067260742,-0.0131985368207097,0.00648442283272743
2.43017578125,-23.7095279693604,-0.0127614121884108,0.00641442672349513
2.68629360198975,-23.7117328643799,-0.0108014475554228,0.00642912415787578
2.94280123710632,-23.7140960693359,-0.0103527409955859,0.00643431534990668
3.19958305358887,-23.7164001464844,-0.0109134437516332,0.00643926579505205
3.45609474182129,-23.7183246612549,-0.0100900633260608,0.00634420802816749
3.71179103851318,-23.7196273803711,-0.00549519946798682,0.00609276886098087
-2.943922996521,-23.9146041870117,-0.00612149201333523,0.00617396517191082
-2.69030237197876,-23.9156074523926,0.00265259225852787,0.00622718629892915
-2.43513894081116,-23.9176197052002,0.00452841306105256,0.00611785828368738
-2.17933797836304,-23.9198551177979,0.00367969158105552,0.00613798231688634
-1.92326283454895,-23.9222736358643,0.0018092259997502,0.0061639737104997
-1.66669595241547,-23.9248523712158,-0.0020881425589323,0.00629593571648002
-1.41041338443756,-23.927116394043,-0.00445991707965732,0.00648875394836068
-1.15455389022827,-23.9291973114014,-0.00466021848842502,0.00660343514755368
-0.898943543434143,-23.931266784668,-0.0034864186309278,0.0066583352163434
-0.643278360366821,-23.9334201812744,-0.00233406759798527,0.00670294952578843
-0.387557119131088,-23.9355278015137,-0.00122238195035607,0.00671874918043613
-0.131792843341827,-23.9376392364502,-8.64136309246533e-05,0.00666635646484792
0.124442309141159,-23.940055847168,-0.000848672643769532,0.00659009581431746
0.381201088428497,-23.9426708221436,-0.00374927208758891,0.0065980227664113
0.638065695762634,-23.9451351165771,-0.00691048894077539,0.00664546526968479
0.894844055175781,-23.9474868774414,-0.00945512857288122,0.00662198266945779
1.15198922157288,-23.9500617980957,-0.01340351998806,0.00666948524303734
1.40836977958679,-23.9522285461426,-0.0136977639049292,0.00670122518204153
1.66446053981781,-23.9543342590332,-0.012466236948967,0.00667045661248267
1.9207204580307,-23.9565238952637,-0.0117701152339578,0.00653699017129838
2.17745566368103,-23.9588718414307,-0.0129736196249723,0.00640350906178355
2.43398141860962,-23.9611053466797,-0.0130233857780695,0.00635916669853032
2.69029307365417,-23.9633235931396,-0.0118936123326421,0.00636163982562721
2.94685697555542,-23.9656314849854,-0.0116650816053152,0.0063247256912291
3.20329022407532,-23.9676837921143,-0.0106617286801338,0.00624164124019444
3.45990705490112,-23.9696311950684,-0.0102685457095504,0.00624056137166917
3.7159857749939,-23.9711952209473,-0.00730888592079282,0.00605308241210878
3.9729528427124,-23.973388671875,-0.00801123306155205,0.005908512044698
-2.94151544570923,-24.1648826599121,-0.000750481383875012,0.00605111126787961
-2.68722796440125,-24.1664142608643,0.00498712435364723,0.00611489848233759
-2.43211770057678,-24.1684017181396,0.00714003900066018,0.00606227153912187
-2.17618608474731,-24.1707706451416,0.00572778098285198,0.0060659998562187
-1.92013871669769,-24.1731872558594,0.0040181577205658,0.00603536583366804
-1.66363966464996,-24.175724029541,0.000462302123196423,0.00608905077388044
-1.40742897987366,-24.177942276001,-0.00155101635027677,0.00625804107403383
-1.1515885591507,-24.1800174713135,-0.00163451908156276,0.00638668949250132
-0.895760118961334,-24.1821842193604,-0.00142568699084222,0.00645012618042529
-0.639445066452026,-24.184720993042,-0.00318875955417752,0.00650781928561628
-0.383163005113602,-24.1871376037598,-0.004579849075526,0.00655891187489033
-0.127448543906212,-24.189266204834,-0.00317117874510586,0.00655771931633353
0.128410831093788,-24.1914291381836,-0.0022015196736902,0.00650435406714678
0.384711503982544,-24.1937980651855,-0.00300106615759432,0.00647580297663808
0.641379833221436,-24.1962127685547,-0.00524117751047015,0.00647488166578114
0.898305594921112,-24.1987133026123,-0.00840701349079609,0.0064770937897265
1.15572440624237,-24.2015132904053,-0.0135382870212197,0.00652203522622585
1.41212701797485,-24.2038459777832,-0.0138789527118206,0.00654481747187674
1.6681877374649,-24.2060165405273,-0.0124693736433983,0.00651590526103973
1.92428410053253,-24.208137512207,-0.0110087282955647,0.00643955520354211
2.18084907531738,-24.2104091644287,-0.0114224664866924,0.00633966340683401
2.43730449676514,-24.2125663757324,-0.0111322123557329,0.00626745843328536
2.69377779960632,-24.214750289917,-0.0106990877538919,0.00621211994439363
2.95044350624084,-24.2169895172119,-0.0109001817181706,0.00617229053750634
3.20701169967651,-24.2191696166992,-0.010450673289597,0.00613987981341779
3.4637131690979,-24.2212677001953,-0.0103841871023178,0.00608557416126132
3.72026896476746,-24.2232704162598,-0.00946060102432966,0.00588794553186744
3.9774866104126,-24.2257671356201,-0.0112013295292854,0.00561937486054376
-3.1961874961853,-24.4119739532471,0.0119926342740655,0.00565481511875987
-2.93945384025574,-24.4150199890137,0.00622352957725525,0.00586781278252602
-2.68436741828918,-24.4170551300049,0.00830169394612312,0.0059570309240371
-2.42859435081482,-24.4194202423096,0.00743077136576176,0.00597589905373752
-2.17324495315552,-24.4215221405029,0.00873804837465286,0.00594513362739235
-1.91726231575012,-24.4239521026611,0.00736010260879993,0.00589496921747923
-1.66091895103455,-24.4264965057373,0.00455613620579243,0.00595221429830417
-1.40455424785614,-24.4288597106934,0.00187313579954207,0.00614205369856791
-1.14848351478577,-24.4310665130615,0.000769059697631747,0.0062511550495401
-0.892343878746033,-24.4334049224854,-0.00040665635606274,0.00627952767536044
-0.635659754276276,-24.4361667633057,-0.00380857428535819,0.0063320534536615
-0.37900373339653,-24.4387588500977,-0.00685971090570092,0.00641127116978168
-0.123120687901974,-24.4409866333008,-0.00617174850776792,0.00641493394505233
0.132818326354027,-24.4431610107422,-0.00552274705842137,0.00636943650897592
0.389007091522217,-24.4454250335693,-0.00578077184036374,0.00632294965907931
0.645614862442017,-24.4478034973145,-0.00770760141313076,0.00631778826937079
0.902575969696045,-24.4503612518311,-0.0109874913468957,0.00631707534193993
1.15966176986694,-24.4530372619629,-0.0145825343206525,0.00631464226171374
1.41567516326904,-24.4553375244141,-0.0131284045055509,0.00629744911566377
1.67155969142914,-24.4573783874512,-0.0109039908275008,0.00628812401555479
1.92759573459625,-24.4594345092773,-0.0091464351862669,0.00627147243358195
2.1841676235199,-24.4617385864258,-0.00955608859658241,0.006206592079252
2.44079208374023,-24.4640579223633,-0.00997542589902878,0.00610860181041062
2.69750618934631,-24.466423034668,-0.0105679547414184,0.0060538777615875
2.95420527458191,-24.4687042236328,-0.0108777033165097,0.00603998533915728
3.21076655387878,-24.4709167480469,-0.0103591354563832,0.00600010936614126
3.46733570098877,-24.4730834960938,-0.00966163258999586,0.00587604905012995
3.72386813163757,-24.475170135498,-0.0085914134979248,0.00567790784407407
3.98097586631775,-24.4775924682617,-0.00981982424855232,0.00539914589899126
4.2376971244812,-24.4800415039062,-0.00911166239529848,0.00524808345926431
-3.19260096549988,-24.662956237793,0.0118709905073047,0.00555565021932125
-2.93649911880493,-24.6657218933105,0.00906985625624657,0.00573915429413319
-2.68105006217957,-24.6680030822754,0.00950962118804455,0.0058394365478307
-2.42546153068542,-24.6703319549561,0.0095312288030982,0.00586257013492286
-2.16987347602844,-24.6725807189941,0.00977470632642508,0.00586981698870659
-1.91401767730713,-24.6749858856201,0.00901773944497108,0.00584893790073693
-1.65791833400726,-24.6774768829346,0.00737234530970454,0.00594369892496616
-1.40154492855072,-24.6799507141113,0.00469149043783545,0.00608726567588747
-1.14511358737946,-24.6823825836182,0.00197738874703646,0.00615242794447113
-0.888707160949707,-24.6848564147949,-0.000379646779038012,0.00613718039676314
-0.632189691066742,-24.6874008178711,-0.00300308945588768,0.00616559901391156
-0.375667005777359,-24.689977645874,-0.00540968403220177,0.00623506039846689
-0.11948025226593,-24.6923141479492,-0.00606778217479587,0.00622612121514976
0.13684569299221,-24.6947116851807,-0.00712739443406463,0.00619564380031079
0.393326044082642,-24.6971244812012,-0.00866004545241594,0.0061746152350679
0.650066494941711,-24.6996250152588,-0.0111359870061278,0.00617874483577907
0.906882584095001,-24.7021160125732,-0.0137216104194522,0.0061611148994416
1.16328740119934,-24.7045230865479,-0.0142176887020469,0.00611264142207801
1.418989777565,-24.706636428833,-0.0113425562158227,0.00605721690226346
1.6747989654541,-24.7086353302002,-0.00875015184283257,0.00607509899418801
1.93107604980469,-24.7107944488525,-0.00803649984300137,0.0060714001301676
2.1878809928894,-24.7131481170654,-0.00945490878075361,0.00602785625960678
2.44481992721558,-24.7156925201416,-0.0112257339060307,0.00596998352557421
2.70152735710144,-24.7182025909424,-0.0117348190397024,0.00595175987109542
2.95786714553833,-24.720458984375,-0.0104053486138582,0.00593551469501108
3.21416997909546,-24.722620010376,-0.00870460364967585,0.00585478526772931
3.47080874443054,-24.7247180938721,-0.00829267594963312,0.00568328294320963
3.72735834121704,-24.7267837524414,-0.00726891867816448,0.00553423185556312
3.98456478118896,-24.729190826416,-0.0089027788490057,0.00529551121871918
4.24170446395874,-24.731761932373,-0.00999828148633242,0.00517569476505741
-3.44301795959473,-24.9124698638916,0.00501820538192987,0.00544400280341506
-3.18870902061462,-24.9142990112305,0.010351081378758,0.00547497160732746
-2.93300151824951,-24.9168758392334,0.00941769685596228,0.00562292663380504
-2.67731332778931,-24.9193115234375,0.00879246182739735,0.00565140368416905
-2.42175364494324,-24.9216365814209,0.00898698996752501,0.00574025232344866
-2.16603755950928,-24.9239826202393,0.00868256390094757,0.00578674650751054
-1.91033923625946,-24.9263191223145,0.00869002193212509,0.00579452980309725
-1.65450263023376,-24.9286785125732,0.008286377415061,0.00590453017503023
-1.39831697940826,-24.9311618804932,0.0065095373429358,0.00602497637737542
-1.14177179336548,-24.933687210083,0.00331193534657359,0.00604999775532633
-0.88507080078125,-24.9362983703613,-0.000353815266862512,0.00600563420448452
-0.628655672073364,-24.9387912750244,-0.00247604912146926,0.00600522203603759
-0.372462242841721,-24.9411907196045,-0.00335574429482222,0.00603480284917168
-0.116251617670059,-24.9435596466064,-0.00408807350322604,0.00604610417212825
0.140269741415977,-24.9460868835449,-0.00599471665918827,0.00604877478326671
0.39719420671463,-24.94873046875,-0.00949428789317608,0.00605344801442698
0.654115319252014,-24.9513721466064,-0.0127395587041974,0.00606660475023091
0.910438060760498,-24.9537124633789,-0.0130616687238216,0.0060518363607116
1.16635179519653,-24.9558811187744,-0.01132323872298,0.00601291737984866
1.42198348045349,-24.9578247070312,-0.00811652187258005,0.00600126979406923
1.6781975030899,-24.9600582122803,-0.00729779480025172,0.00599572336068377
1.93507051467896,-24.9625377655029,-0.00920110940933228,0.0059545332333073
2.1919732093811,-24.9649677276611,-0.0110122933983803,0.00590102723799646
2.44893383979797,-24.9675178527832,-0.0128417639061809,0.00589047116227448
2.70546507835388,-24.9699420928955,-0.0125322267413139,0.00585906830383465
2.96166586875916,-24.9721508026123,-0.0105493729934096,0.00581390052684583
3.21779823303223,-24.9741516113281,-0.00806975364685059,0.00574464722012635
3.4743709564209,-24.9761848449707,-0.00733645912259817,0.00557864720758516
3.7315776348114,-24.978645324707,-0.00915453117340803,0.00540240382542834
3.98860502243042,-24.9810161590576,-0.0099610248580575,0.00521014770492911
4.24594974517822,-24.9837760925293,-0.0119038596749306,0.00508539960719645
4.50307512283325,-24.9864673614502,-0.0126608954742551,0.00501387543044984
-3.43992877006531,-25.1635093688965,0.00719855725765228,0.00521238800138235
-3.18528389930725,-25.1654682159424,0.0110012926161289,0.00531208701431751
-2.92961430549622,-25.1680335998535,0.0102808885276318,0.00545641407370567
-2.67372488975525,-25.1705760955811,0.00876147858798504,0.00551178958266973
-2.41787123680115,-25.1731052398682,0.00764389848336577,0.00557347154244781
-2.16210412979126,-25.1754131317139,0.00713771861046553,0.00557824806310236
-1.90646719932556,-25.1776390075684,0.00745808333158493,0.00558763067238033
-1.65070199966431,-25.1799507141113,0.00741987908259034,0.00574254035018384
-1.39453864097595,-25.1824779510498,0.00579002127051353,0.0058727937284857
-1.1380922794342,-25.1850337982178,0.00309004355221987,0.00594607146922499
-0.881054222583771,-25.1877632141113,-0.00207981979474425,0.00592978985514492
-0.624594449996948,-25.1903343200684,-0.00435860035941005,0.00588671688456088
-0.368918299674988,-25.1925582885742,-0.00284280651248991,0.00582258024951443
-0.113066345453262,-25.1947937011719,-0.00191170419566333,0.00581165298353881
0.14331442117691,-25.1973114013672,-0.00314525188878179,0.00587060983525589
0.400419980287552,-25.200122833252,-0.00742248864844441,0.00593238897272386
0.657119452953339,-25.202730178833,-0.00963075459003448,0.00599211042572279
0.913232445716858,-25.2049808502197,-0.00898039620369673,0.00599172644433565
1.16894423961639,-25.2069892883301,-0.00631620734930038,0.00597538241709117
1.42485308647156,-25.2090072631836,-0.00433035753667355,0.00595010047254618
1.68167948722839,-25.2115726470947,-0.00621161470189691,0.00590557050600182
1.93879389762878,-25.2142524719238,-0.00914706103503704,0.00583880599879194
2.19556379318237,-25.2166366577148,-0.0103307943791151,0.00577151329162007
2.45223951339722,-25.2189979553223,-0.010868551209569,0.0057618401988293
2.70884728431702,-25.2213802337646,-0.0108741261065006,0.00571882995427586
2.96554851531982,-25.2237720489502,-0.0110747553408146,0.00567687640432268
3.22201466560364,-25.2258834838867,-0.0100356694310904,0.00561599267530255
3.47853374481201,-25.2280311584473,-0.00901199970394373,0.00547701370669529
3.73564887046814,-25.2305450439453,-0.0103783793747425,0.00530539057217538
3.99265575408936,-25.2329921722412,-0.0110463127493858,0.00512854242697358
4.24978017807007,-25.2356662750244,-0.0119880344718695,0.00501680257730186
4.5065770149231,-25.2381324768066,-0.0112812528386712,0.00495206634514034
-3.69136500358582,-25.4127712249756,0.00521200196817517,0.00504382327198982
-3.43668532371521,-25.4146289825439,0.0086596142500639,0.00503134168684483
-3.181973695755,-25.4165496826172,0.0121782263740897,0.00512947048991919
-2.92624402046204,-25.4190139770508,0.0112008787691593,0.00529484357684851
-2.67041516304016,-25.4216156005859,0.0100065004080534,0.00536296470090747
-2.41432809829712,-25.4242858886719,0.00784932728856802,0.00536387460306287
-2.15844416618347,-25.4266910552979,0.00684686657041311,0.00530145457014441
-1.90265369415283,-25.4289951324463,0.00650005135685205,0.00531273055821657
-1.64662671089172,-25.4314804077148,0.00530507788062096,0.00552101200446486
-1.39021265506744,-25.4341735839844,0.00257476279512048,0.00570617336779833
-1.13360869884491,-25.4368419647217,-0.00079705158714205,0.00583532033488154
-0.876443684101105,-25.4397144317627,-0.00649161590263247,0.00586954830214381
-0.620297014713287,-25.4420604705811,-0.00730897905305028,0.00581600121222436
-0.3651322722435,-25.4440269470215,-0.00343124382197857,0.00570581515785307
-0.109731160104275,-25.4461059570312,-0.000414640293456614,0.00565008353441954
0.146388992667198,-25.4485397338867,-0.000432623899541795,0.00572772976011038
0.403203338384628,-25.4512252807617,-0.00336484098806977,0.00584910181351006
0.659624040126801,-25.4537467956543,-0.00428593112155795,0.0059494279557839
0.915808618068695,-25.4560508728027,-0.00392975332215428,0.0059449698892422
1.17177820205688,-25.4581756591797,-0.00239612115547061,0.00588397728279233
1.42815136909485,-25.4604206085205,-0.00245773396454751,0.00582514033885673
1.68523919582367,-25.4631538391113,-0.00546911079436541,0.00576892332173884
1.94230949878693,-25.4658679962158,-0.00816727709025145,0.0057144058519043
2.19902944564819,-25.4682941436768,-0.00908845104277134,0.00565316766733304
2.4554271697998,-25.4706516265869,-0.00834494736045599,0.00559050240553916
2.71200156211853,-25.4729537963867,-0.00817981921136379,0.00553606281755492
2.96900296211243,-25.4754638671875,-0.00967831257730722,0.00547106476733461
3.22603797912598,-25.4778423309326,-0.0111148664727807,0.00540129456203431
3.48289775848389,-25.4802360534668,-0.0115415118634701,0.00530619907658547
3.73976302146912,-25.4826641082764,-0.0117672616615891,0.00520467536989599
3.99655318260193,-25.4851188659668,-0.0114355655387044,0.00510225933976471
4.2530255317688,-25.4873027801514,-0.00950797647237778,0.00501187052577734
4.5093240737915,-25.4894180297852,-0.00660890759900212,0.00492774345912039
4.76482343673706,-25.4909400939941,-4.48142527602613e-05,0.00469384039752185
-3.68861961364746,-25.6634616851807,0.00893589481711388,0.00509847700595856
-3.43369078636169,-25.6655387878418,0.0112649751827121,0.0049919905140996
-3.17882323265076,-25.6674995422363,0.0140880644321442,0.0050430865958333
-2.92306780815125,-25.6699810028076,0.0130252381786704,0.00515090068802238
-2.66725015640259,-25.6725273132324,0.0119112860411406,0.00525234173983335
-2.41110849380493,-25.6752128601074,0.00953385327011347,0.00524252513423562
-2.15517210960388,-25.6777229309082,0.00833240523934364,0.00517302798107266
-1.89932060241699,-25.680103302002,0.00774470390751958,0.00518583692610264
-1.64306783676147,-25.682710647583,0.00555114541202784,0.00536943599581718
-1.38621032238007,-25.6857414245605,0.000841702043544501,0.00554412184283137
-1.12913596630096,-25.6887531280518,-0.00462449342012405,0.00568021927028894
-0.872186660766602,-25.6915187835693,-0.00929198879748583,0.00576574029400945
-0.616370677947998,-25.6936531066895,-0.00856884755194187,0.00576222944073379
-0.361404985189438,-25.6955261230469,-0.00374837010167539,0.00570291350595653
-0.106203556060791,-25.6975078582764,0.000209878926398233,0.00562990922480822
0.150024071335793,-25.699987411499,-0.000259443331742659,0.00565942469984293
0.406777143478394,-25.7026920318604,-0.00287367613054812,0.00578629248775542
0.663064122200012,-25.705228805542,-0.00314893643371761,0.00586136616766453
0.919054567813873,-25.707483291626,-0.00188230536878109,0.00584422878455371
1.17521512508392,-25.7096939086914,-0.0011731986887753,0.00575541995931417
1.43186223506927,-25.7120723724365,-0.00242588901892304,0.00566512288060039
1.68881332874298,-25.7146835327148,-0.00479680998250842,0.00561649992596358
1.94567179679871,-25.7172718048096,-0.00651998817920685,0.00558783439919353
2.20272183418274,-25.7200126647949,-0.00885832216590643,0.00553928688168526
2.45941662788391,-25.722599029541,-0.0093864630907774,0.0054452451877296
2.71605658531189,-25.7250804901123,-0.00945738051086664,0.00536250905133784
2.97287797927856,-25.7274894714355,-0.0101241106167436,0.0053023905493319
3.23020505905151,-25.7300357818604,-0.0128073813393712,0.00524103129282594
3.48746800422668,-25.7326183319092,-0.0149690480902791,0.00520788482390344
3.74410009384155,-25.7349529266357,-0.0141256311908364,0.00516651477664709
4.00030422210693,-25.7370300292969,-0.0111969923600554,0.00510130752809346
4.25644207000732,-25.7390785217285,-0.00776819139719009,0.00506111164577305
4.51263523101807,-25.7411327362061,-0.00437807850539684,0.00495913554914296
4.76879453659058,-25.7431621551514,-0.000635296106338501,0.00475830282084644
-3.94151830673218,-25.9116497039795,0.0138521110638976,0.00497516617178917
-3.68621778488159,-25.9139766693115,0.014257375150919,0.00507116690278053
-3.43098020553589,-25.9162693023682,0.0151832504197955,0.00498974230140448
-3.17525291442871,-25.9187755584717,0.0140582481399179,0.00502156466245651
-2.91985082626343,-25.9209594726562,0.0146565288305283,0.0050841155461967
-2.66391634941101,-25.9235553741455,0.0130356969311833,0.00517019908875227
-2.40777897834778,-25.9262599945068,0.010716063901782,0.00520580634474754
-2.15192413330078,-25.9288387298584,0.00993766542524099,0.00519401580095291
-1.89618813991547,-25.9311943054199,0.00991815514862537,0.00524068251252174
-1.63997483253479,-25.9337539672852,0.00793472304940224,0.00538018345832825
-1.38279712200165,-25.9369430541992,0.00179251609370112,0.0054764011874795
-1.12534761428833,-25.9402256011963,-0.00534136965870857,0.00553734507411718
-0.868601143360138,-25.9428977966309,-0.00904543418437243,0.00559704075567424
-0.613039433956146,-25.944974899292,-0.0071227471344173,0.00563364196568727
-0.358047008514404,-25.9468669891357,-0.00238880817778409,0.00564283947460353
-0.102402716875076,-25.9490795135498,-0.000399896438466385,0.00560298445634544
0.154381409287453,-25.9517822265625,-0.0033506047911942,0.00559450080618262
0.411226660013199,-25.9546031951904,-0.00632950430735946,0.00562761351466179
0.667258381843567,-25.957088470459,-0.00540438806638122,0.00564923952333629
0.922880053520203,-25.9592304229736,-0.00243320013396442,0.00565968127921224
1.17907202243805,-25.9615268707275,-0.00181952980346978,0.00560470146592706
1.43592607975006,-25.9640197753906,-0.00395804364234209,0.00553354539442807
1.69260013103485,-25.966438293457,-0.00506005994975567,0.00550051312893629
1.94915533065796,-25.9688053131104,-0.00540451752021909,0.00549908960238099
2.20661544799805,-25.9717845916748,-0.00952593889087439,0.005470662843436
2.46400141716003,-25.9747695922852,-0.0130754830315709,0.00536996894516051
2.7209005355835,-25.9774417877197,-0.0142408097162843,0.00527368322946131
2.97728133201599,-25.9795627593994,-0.0129245994612575,0.00519669312052429
3.23455262184143,-25.9821605682373,-0.0153115401044488,0.00515660503879189
3.49213361740112,-25.9849529266357,-0.0188240371644497,0.00514371134340763
3.74862313270569,-25.9872379302979,-0.0173087045550346,0.00514962081797421
4.00439882278442,-25.9890670776367,-0.0124643249437213,0.00511145428754389
4.26036167144775,-25.9910259246826,-0.00823234859853983,0.00501704146154225
4.5169095993042,-25.9933471679688,-0.00634243572130799,0.00495693809352815
4.7737021446228,-25.99582862854,-0.00529977586120367,0.00479593873023987
5.03117418289185,-25.9986705780029,-0.00699099665507674,0.00482699787244201
-3.93820691108704,-26.1624450683594,0.0148715311661363,0.00484299380332232
-3.68327283859253,-26.1647300720215,0.0170389283448458,0.00494413077831268
-3.42790842056274,-26.1671543121338,0.0174149945378304,0.00491067580878735
-3.17208027839661,-26.1697540283203,0.0158598180860281,0.00496738776564598
-2.91627240180969,-26.1722469329834,0.0146235236898065,0.00506114866584539
-2.6601939201355,-26.1749706268311,0.0123830484226346,0.00513636227697134
-2.4043071269989,-26.177562713623,0.0112594412639737,0.00518836360424757
-2.14861249923706,-26.1800174713135,0.0112504446879029,0.00521355681121349
-1.89281940460205,-26.1823844909668,0.0110014704987407,0.00527249276638031
-1.63655126094818,-26.1850242614746,0.00880754739046097,0.00537042878568172
-1.37962675094604,-26.1881580352783,0.00386764411814511,0.00539239728823304
-1.12235343456268,-26.1913051605225,-0.00243519898504019,0.00539487367495894
-0.865670561790466,-26.1940879821777,-0.00580234406515956,0.00540462834760547
-0.609828352928162,-26.1963481903076,-0.00511929811909795,0.0054631014354527
-0.354198545217514,-26.1984672546387,-0.0032536294311285,0.00553897861391306
-0.0980201363563538,-26.2009582519531,-0.0036419800017029,0.00555801647715271
0.158802196383476,-26.2036762237549,-0.00672211265191436,0.00550078577362001
0.415483027696609,-26.2064571380615,-0.0089113786816597,0.00544098322279751
0.67122745513916,-26.2087650299072,-0.00665548630058765,0.00545230112038553
0.926791369915009,-26.2109260559082,-0.00338044436648488,0.00552623975090683
1.1828008890152,-26.2131900787354,-0.00190435315016657,0.00556497415527701
1.43963062763214,-26.2157402038574,-0.00389021984301507,0.00550688244402409
1.69627344608307,-26.218204498291,-0.00480965804308653,0.00546976388432086
1.95273208618164,-26.2205200195312,-0.00468832720071077,0.00545818102546036
2.210209608078,-26.2234840393066,-0.00885571446269751,0.00544783473014832
2.46803665161133,-26.2265396118164,-0.014340185560286,0.00534512219019234
2.72508955001831,-26.22926902771,-0.0161502417176962,0.00519797950983047
2.98138999938965,-26.2315044403076,-0.0144219836220145,0.00512632890604436
3.23867321014404,-26.2341575622559,-0.0168162304908037,0.00514640915207565
3.4963526725769,-26.2370586395264,-0.0207153223454952,0.00516534526832402
3.75304770469666,-26.2394180297852,-0.0200652275234461,0.00510198739357293
4.00875806808472,-26.2412490844727,-0.0148874996230006,0.00503612868487835
4.26486396789551,-26.2433929443359,-0.0112287160009146,0.00491732079535723
4.52180099487305,-26.2460403442383,-0.0109765604138374,0.00479559693485498
4.77877140045166,-26.2487716674805,-0.010645680129528,0.00465705618262291
5.03559732437134,-26.2513065338135,-0.00948073528707027,0.00459636189043522
5.29210233688354,-26.2533226013184,-0.00674933427944779,0.00448887841776013
-4.18844938278198,-26.4121417999268,0.00749902473762631,0.00456041283905506
-3.93427610397339,-26.4139823913574,0.0130417943000793,0.00472868792712688
-3.67949938774109,-26.4161987304688,0.0159863345324993,0.0048043355345726
-3.4239022731781,-26.4186382293701,0.0153087479993701,0.00477119814604521
-3.16834139823914,-26.421178817749,0.0150470063090324,0.00482855178415775
-2.9122519493103,-26.4238395690918,0.0125501984730363,0.00491654593497515
-2.65629076957703,-26.4265403747559,0.0108973598107696,0.00501204188913107
-2.40062165260315,-26.4290084838867,0.0108188660815358,0.00509075494483113
-2.14487433433533,-26.4314060211182,0.0105962678790092,0.00514269201084971
-1.88868987560272,-26.4340190887451,0.00859413761645555,0.00521224038675427
-1.63247442245483,-26.4366893768311,0.0066914432682097,0.00527710653841496
-1.37615191936493,-26.4395523071289,0.00455053290352225,0.00531266769394279
-1.11952900886536,-26.4424266815186,0.0012582935160026,0.00532086193561554
-0.863045334815979,-26.445125579834,-0.00117000937461853,0.00531250331550837
-0.606854200363159,-26.4476528167725,-0.00203495053574443,0.00536712957546115
-0.350563675165176,-26.4501628875732,-0.0031283930875361,0.0054374891333282
-0.0940029844641685,-26.4527492523193,-0.00522093800827861,0.00546173471957445
0.162622898817062,-26.4553203582764,-0.00737871415913105,0.00541215855628252
0.418947041034698,-26.4579372406006,-0.00792045053094625,0.00535555649548769
0.674639165401459,-26.4602832794189,-0.00538720656186342,0.00537839788012207
0.930391311645508,-26.4625301361084,-0.00292351399548352,0.00545372138731182
1.18618905544281,-26.4647388458252,-0.000456880661658943,0.00549182249233127
1.442986369133,-26.4673290252686,-0.00225798995234072,0.00544117763638496
1.70006394386292,-26.4701519012451,-0.00506709609180689,0.00543187651783228
1.95679581165314,-26.4726524353027,-0.00611970108002424,0.00538896396756172
2.21370363235474,-26.4752140045166,-0.00772937852889299,0.00534899695776403
2.47098898887634,-26.4779796600342,-0.0107824048027396,0.00524935894645751
2.72800421714783,-26.4806251525879,-0.0124023035168648,0.00512152165174484
2.98455786705017,-26.483081817627,-0.0117521090433002,0.00508498772978783
3.24183082580566,-26.4857807159424,-0.0140649043023586,0.00510675366967916
3.49930906295776,-26.4884948730469,-0.017059126868844,0.00510265189222991
3.75640535354614,-26.4909687042236,-0.0181490387767553,0.00498295156285167
4.0128345489502,-26.4932518005371,-0.0160763170570135,0.00485506700351834
4.26949787139893,-26.4959239959717,-0.0147862015292048,0.00474101956933737
4.52636671066284,-26.4986114501953,-0.0141848148778081,0.0046393284574151
4.78362321853638,-26.5014762878418,-0.0150562878698111,0.00451976619660854
5.04030561447144,-26.5038394927979,-0.013232721015811,0.00449584051966667
5.29720258712769,-26.5060253143311,-0.0121592991054058,0.00446744356304407
-4.44036912918091,-26.6611824035645,0.00813313759863377,0.00378877110779285
-4.18595504760742,-26.6632328033447,0.0123784076422453,0.00426309462636709
-3.93111371994019,-26.6653861999512,0.0148261468857527,0.00456196162849665
-3.67589807510376,-26.6677932739258,0.0157557893544436,0.00467000249773264
-3.42013621330261,-26.6702709197998,0.0143478466197848,0.00466889422386885
-3.16402387619019,-26.6730766296387,0.0115642100572586,0.00470713246613741
-2.90794897079468,-26.6756973266602,0.00917648710310459,0.00477477349340916
-2.65245676040649,-26.6781005859375,0.00973126664757729,0.00492414645850658
-2.39699482917786,-26.6804676055908,0.0106492135673761,0.00503006111830473
-2.14073777198792,-26.6831569671631,0.00812294706702232,0.00505373021587729
-1.88410687446594,-26.6860313415527,0.00411838758736849,0.00510134128853679
-1.62804460525513,-26.6886215209961,0.00296449288725853,0.00516597414389253
-1.37231922149658,-26.6911563873291,0.0035971871111542,0.00524555891752243
-1.1163911819458,-26.693790435791,0.00352929742075503,0.00528383534401655
-0.860181927680969,-26.6964340209961,0.00239299586974084,0.00527381198480725
-0.603829443454742,-26.6990242004395,0.000822520290967077,0.00531629752367735
-0.347266346216202,-26.7016296386719,-0.00148034130688757,0.00536408787593246
-0.090767003595829,-26.7042083740234,-0.00325862201862037,0.00537726702168584
0.165560364723206,-26.7067012786865,-0.0040271389298141,0.00535137206315994
0.42197448015213,-26.7093391418457,-0.00494669424369931,0.00537700857967138
0.678122520446777,-26.7118110656738,-0.00444456376135349,0.00541882310062647
0.934117794036865,-26.7142105102539,-0.00303341285325587,0.00541505264118314
1.18991661071777,-26.7164554595947,-0.000530437740962952,0.00537387561053038
1.44657039642334,-26.7191276550293,-0.00163522374350578,0.00529666850343347
1.70397818088531,-26.7222385406494,-0.00586850894615054,0.0052788679022342
1.96105659008026,-26.7249927520752,-0.00841594021767378,0.00523020536638796
2.21749711036682,-26.727331161499,-0.0079064080491662,0.00517351273447275
2.47386860847473,-26.7295799255371,-0.00687781209126115,0.00509734312072396
2.7308087348938,-26.73219871521,-0.00813599769026041,0.00501932483166456
2.98787260055542,-26.7348556518555,-0.0097161578014493,0.00502396002411842
3.24524521827698,-26.7375450134277,-0.0124420030042529,0.00504611898213625
3.5024631023407,-26.7400951385498,-0.0142616285011172,0.00502386130392551
3.75943064689636,-26.7425289154053,-0.0147534031420946,0.00487296981737018
4.01630210876465,-26.7451591491699,-0.014573285356164,0.00470016244798899
4.27363348007202,-26.7481708526611,-0.0161671135574579,0.0045771230943501
4.53060913085938,-26.7509651184082,-0.0159855373203754,0.0045135379768908
4.787513256073,-26.7534999847412,-0.0153006929904222,0.00451199011877179
5.04526090621948,-26.7563552856445,-0.0180706325918436,0.00445507885888219
5.30323171615601,-26.7591419219971,-0.0215992797166109,0.00447334395721555
5.56448793411255,-26.763557434082,-0.0391055792570114,0.00458432594314218
-4.43710470199585,-26.9126014709473,0.00935991480946541,0.00366440042853355
-4.18299293518066,-26.914436340332,0.0150486901402473,0.00407999381422997
-3.92816710472107,-26.9165897369385,0.0176046304404736,0.0044013150036335
-3.67240142822266,-26.9190654754639,0.0159799754619598,0.00453070364892483
-3.41657614707947,-26.921781539917,0.0143375936895609,0.00457700714468956
-3.16005325317383,-26.9247665405273,0.00968483928591013,0.0045984098687768
-2.90401077270508,-26.9273719787598,0.00748993596062064,0.00464357435703278
-2.64883637428284,-26.929500579834,0.0095429215580225,0.00481133349239826
-2.39337968826294,-26.9318943023682,0.0105281760916114,0.00494677573442459
-2.13697934150696,-26.9347629547119,0.00739259365946054,0.00499198026955128
-1.88026392459869,-26.9377365112305,0.00304606556892395,0.00502448529005051
-1.6244010925293,-26.9402618408203,0.00285096699371934,0.00507723912596703
-1.36857032775879,-26.9428958892822,0.00304556172341108,0.00515957130119205
-1.11264789104462,-26.9455089569092,0.00304042501375079,0.0052123386412859
-0.85672652721405,-26.9480228424072,0.0032558455131948,0.00523966317996383
-0.600801587104797,-26.9503936767578,0.00366419786587358,0.00528717460110784
-0.344669967889786,-26.9527702331543,0.00334837194532156,0.00529403518885374
-0.0883442461490631,-26.9552955627441,0.00238718814216554,0.00523777725175023
0.168085843324661,-26.9579200744629,0.001189382863231,0.00518893031403422
0.424828588962555,-26.960750579834,-0.00118162564467639,0.00525658158585429
0.681597709655762,-26.9634952545166,-0.00344755314290524,0.00533581338822842
0.93795770406723,-26.9661254882812,-0.00363273941911757,0.0053066024556756
1.19392871856689,-26.9684352874756,-0.00186489580664784,0.00523910997435451
1.4503276348114,-26.9709720611572,-0.00179155729711056,0.00513676041737199
1.70773375034332,-26.9740772247314,-0.00597989140078425,0.0050900368951261
1.96498036384583,-26.9769096374512,-0.00923968572169542,0.00505099911242723
2.22117161750793,-26.9792594909668,-0.00756899593397975,0.0050019514746964
2.47731328010559,-26.9814777374268,-0.00547498278319836,0.004929652903229
2.73427987098694,-26.9841575622559,-0.00681134825572371,0.00489437580108643
2.99175477027893,-26.9869575500488,-0.0101787466555834,0.00492723425850272
3.24920988082886,-26.9896564483643,-0.0132333338260651,0.00492955092340708
3.50627660751343,-26.9922618865967,-0.0143350958824158,0.00491773290559649
3.76290822029114,-26.9946594238281,-0.0133016211912036,0.00482604745775461
4.01950025558472,-26.9970664978027,-0.0118732927367091,0.00470612663775682
4.2768669128418,-26.9999313354492,-0.0136071210727096,0.00458956230431795
4.5342583656311,-27.0028018951416,-0.0152219319716096,0.00448201084509492
4.79184341430664,-27.0057353973389,-0.0174573864787817,0.00445557618513703
5.04968404769897,-27.0087146759033,-0.0205837767571211,0.00435451325029135
5.30785989761353,-27.0117111206055,-0.02494484372437,0.00434487033635378
5.56724691390991,-27.0151996612549,-0.0343213491141796,0.00435060169547796
-4.68751049041748,-27.1622428894043,0.00296214036643505,0.0036444179713726
-4.43339157104492,-27.1640472412109,0.00845124013721943,0.0036477642133832
-4.17942571640015,-27.1657657623291,0.0148624982684851,0.0039551667869091
-3.92443108558655,-27.1679096221924,0.0166581999510527,0.00418745819479227
-3.66936731338501,-27.1702098846436,0.0183671917766333,0.00441444013267756
-3.4133722782135,-27.1728534698486,0.0159516390413046,0.00450104754418135
-3.15679550170898,-27.1757793426514,0.011073924601078,0.0045093409717083
-2.90065622329712,-27.1785373687744,0.00847917515784502,0.00452462211251259
-2.64526534080505,-27.180871963501,0.00957997422665358,0.00470357295125723
-2.38978600502014,-27.1834278106689,0.0105153294280171,0.00484265945851803
-2.13355708122253,-27.186243057251,0.00821199640631676,0.00491007883101702
-1.87705814838409,-27.1890926361084,0.00489467522129416,0.00495129823684692
-1.6211348772049,-27.1916637420654,0.00445890519768,0.00498818419873714
-1.36485135555267,-27.19460105896,0.00262617086991668,0.00507382908836007
-1.10857021808624,-27.1974487304688,0.00102942390367389,0.00515434611588717
-0.852766275405884,-27.1998500823975,0.00181570556014776,0.00522351684048772
-0.597532987594604,-27.2018146514893,0.00540194334462285,0.00524147506803274
-0.341844737529755,-27.204044342041,0.00714021595194936,0.00518237566575408
-0.0854338556528091,-27.2067108154297,0.00583444721996784,0.00506552634760737
0.171197086572647,-27.2094783782959,0.00376483355648816,0.00499474350363016
0.428230494260788,-27.2124633789062,0.000116941744636279,0.00505733583122492
0.685203969478607,-27.21533203125,-0.00303080398589373,0.00514500075951219
0.941722333431244,-27.2179985046387,-0.00389523571357131,0.00516932038590312
1.19779360294342,-27.2203788757324,-0.00253573106601834,0.00516788195818663
1.45398199558258,-27.2228012084961,-0.001483618398197,0.00511534791439772
1.71104943752289,-27.2257862091064,-0.0041194986552,0.00500550260767341
1.968101978302,-27.2285137176514,-0.00648239813745022,0.0049388506449759
2.22431683540344,-27.2308311462402,-0.00489034363999963,0.00488490797579288
2.48082041740417,-27.2332324981689,-0.0043691205792129,0.00485010026022792
2.73816990852356,-27.236083984375,-0.0073661282658577,0.00483284890651703
2.99572658538818,-27.2390098571777,-0.0110462792217731,0.00487064523622394
3.25301313400269,-27.2418079376221,-0.0132992900907993,0.00486030569300056
3.5100634098053,-27.2446346282959,-0.0142651861533523,0.00485679553821683
3.76650023460388,-27.246955871582,-0.0123369069769979,0.00483103143051267
4.02262878417969,-27.2489967346191,-0.00885933917015791,0.00475231511518359
4.27975749969482,-27.2515926361084,-0.0095390472561121,0.00460853241384029
4.53747940063477,-27.2545509338379,-0.0125747537240386,0.00442744977772236
4.79555606842041,-27.2577610015869,-0.0169153548777103,0.00432297354564071
5.05374956130981,-27.2609348297119,-0.0215329527854919,0.00429112510755658
5.31144428253174,-27.2637825012207,-0.0237613748759031,0.00419939588755369
5.56944704055786,-27.2665042877197,-0.0271241720765829,0.00410420820116997
5.82601499557495,-27.2685775756836,-0.0240518748760223,0.00366129633039236
-4.68433809280396,-27.4130611419678,0.00450773816555738,0.00374148972332478
-4.42980241775513,-27.4152126312256,0.00809260178357363,0.00370160490274429
-4.1756796836853,-27.4170379638672,0.0138139193877578,0.00390755105763674
-3.92090320587158,-27.4191722869873,0.0166839621961117,0.00412294827401638
-3.66594910621643,-27.4212799072266,0.0189279653131962,0.00434680096805096
-3.41018962860107,-27.4238128662109,0.0176483727991581,0.00443623401224613
-3.15406966209412,-27.4266052246094,0.0149387875571847,0.00442667677998543
-2.89775919914246,-27.4295101165771,0.0115889245644212,0.0044177183881402
-2.64168643951416,-27.4322929382324,0.00958115234971046,0.00457244180142879
-2.38591027259827,-27.4349098205566,0.00917622167617083,0.00472267158329487
-2.12988018989563,-27.4377040863037,0.0078388936817646,0.00482128094881773
-1.87361264228821,-27.4405059814453,0.00563200563192368,0.0048756580799818
-1.61750638484955,-27.4432373046875,0.00440274178981781,0.00488331727683544
-1.36094856262207,-27.446325302124,0.00135536177549511,0.00494987796992064
-1.10442233085632,-27.4492740631104,-0.00132200366351753,0.00506328698247671
-0.848806321620941,-27.4515933990479,0.000365266139851883,0.00518322223797441
-0.593826830387115,-27.4534702301025,0.00515099847689271,0.00518915336579084
-0.33834570646286,-27.4556560516357,0.00787415727972984,0.00507422490045428
-0.0817754939198494,-27.4584503173828,0.00588919827714562,0.00491036614403129
0.175151064991951,-27.4613704681396,0.00252254656516016,0.00484566064551473
0.432417362928391,-27.464448928833,-0.00213736202567816,0.00492426473647356
0.689372420310974,-27.467212677002,-0.00517052551731467,0.00499000027775764
0.945659160614014,-27.4696884155273,-0.00496158981695771,0.00503524346277118
1.2014125585556,-27.4720458984375,-0.00212332885712385,0.00508557073771954
1.45719945430756,-27.4743576049805,0.000770783226471394,0.00509308883920312
1.71383154392242,-27.4770908355713,0.000106435792986304,0.00496256491169333
1.9706164598465,-27.4796581268311,-0.0010394275886938,0.00488864211365581
2.22718954086304,-27.4821262359619,-0.0010163615224883,0.00486790481954813
2.48414945602417,-27.4848232269287,-0.00247990083880723,0.00486757280305028
2.74171853065491,-27.4878673553467,-0.00640606554225087,0.0048540779389441
2.99902439117432,-27.4908008575439,-0.00892864353954792,0.00486892042681575
3.25613617897034,-27.4936466217041,-0.0103628328070045,0.00482442416250706
3.513347864151,-27.4966449737549,-0.0119968401268125,0.00475666765123606
3.77004957199097,-27.499116897583,-0.0111954873427749,0.00471448386088014
4.02605724334717,-27.5010471343994,-0.00715914461761713,0.00467493245378137
4.28291320800781,-27.5034160614014,-0.00662441179156303,0.00453284243121743
4.54090785980225,-27.5065536499023,-0.0108128860592842,0.00434614298865199
4.79922580718994,-27.5099563598633,-0.0161606092005968,0.00422929599881172
5.05713701248169,-27.5129375457764,-0.0195244085043669,0.00419163843616843
5.31470489501953,-27.515718460083,-0.0211682878434658,0.00412475690245628
5.57219982147217,-27.5182857513428,-0.0222904700785875,0.00396723765879869
5.82956266403198,-27.5210857391357,-0.0225856807082891,0.00367618352174759
6.08780193328857,-27.5244293212891,-0.026423018425703,0.00360221974551678
-4.93908977508545,-27.6597232818604,0.0185809209942818,0.00375164300203323
-4.68194627761841,-27.6635875701904,0.00973114464432001,0.00378651730716228
-4.42665338516235,-27.6661758422852,0.00979742035269737,0.00375553034245968
-4.17182683944702,-27.6684341430664,0.0122691784054041,0.00390403624624014
-3.91718721389771,-27.6705169677734,0.0158232972025871,0.00407692044973373
-3.66235446929932,-27.6726226806641,0.0186829660087824,0.00426633190363646
-3.40697312355042,-27.6750450134277,0.0192127469927073,0.0043459814041853
-3.1510546207428,-27.6777591705322,0.0174764730036259,0.00431441236287355
-2.89451432228088,-27.6808032989502,0.0130984764546156,0.00429752003401518
-2.6379132270813,-27.6838893890381,0.00868899654597044,0.00444123148918152
-2.38188481330872,-27.6865997314453,0.00715795997530222,0.00459868181496859
-2.12592601776123,-27.6893653869629,0.00619369791820645,0.00472133792936802
-1.86972188949585,-27.6921997070312,0.0043271672911942,0.00480447057634592
-1.61330235004425,-27.6951351165771,0.0017088174354285,0.00484018959105015
-1.356684923172,-27.6982326507568,-0.00156882067676634,0.00486630294471979
-1.10043525695801,-27.7009773254395,-0.00294627388939261,0.00491334311664104
-0.84484076499939,-27.7032871246338,-0.00111919967457652,0.00502293463796377
-0.589651167392731,-27.7053470611572,0.00276234676130116,0.00504836160689592
-0.334167420864105,-27.7075386047363,0.00551750743761659,0.00496234418824315
-0.0777217373251915,-27.7103691101074,0.00415069423615932,0.00481803901493549
0.179342284798622,-27.713357925415,0.000205037125851959,0.00478535052388906
0.436623215675354,-27.7163391113281,-0.00448989309370518,0.00480863312259316
0.693411767482758,-27.7189331054688,-0.00674176914617419,0.00485503673553467
0.949381768703461,-27.7212257385254,-0.00507270125672221,0.00492849061265588
1.20484209060669,-27.7236709594727,-0.000855884805787355,0.0049988804385066
1.46050238609314,-27.7260322570801,0.00265217944979668,0.00502833724021912
1.71708142757416,-27.7287750244141,0.00226250686682761,0.00489915441721678
1.97388303279877,-27.7313404083252,0.00107408559415489,0.00482053402811289
2.2308406829834,-27.7340297698975,-0.00057396775810048,0.0047991219907999
2.48794221878052,-27.7368774414062,-0.00262024090625346,0.00479580694809556
2.74526047706604,-27.7397766113281,-0.00540062459185719,0.00479142833501101
3.00218963623047,-27.7425880432129,-0.00621741823852062,0.00479278014972806
3.2592191696167,-27.7454814910889,-0.00724677508696914,0.00471482612192631
3.51661086082458,-27.7485542297363,-0.00964256096631289,0.00457053538411856
3.77348923683167,-27.7511348724365,-0.00958141312003136,0.00445856573060155
4.02980709075928,-27.7532215118408,-0.00686951819807291,0.00441434420645237
4.28648090362549,-27.7554473876953,-0.00550558790564537,0.00431016879156232
4.54444313049316,-27.7585124969482,-0.00952419359236956,0.00423152977600694
4.80270290374756,-27.7618312835693,-0.0145908482372761,0.0042462544515729
5.06041049957275,-27.764684677124,-0.0170375555753708,0.00421444978564978
5.31782722473145,-27.7674388885498,-0.0179882571101189,0.00410226639360189
5.57567691802979,-27.7704086303711,-0.0205884203314781,0.00396263692528009
5.83344984054565,-27.7734909057617,-0.0226100441068411,0.00376087799668312
6.09164667129517,-27.7767925262451,-0.0262283831834793,0.00371397193521261
-4.93591833114624,-27.9110851287842,0.020143723115325,0.00367444008588791
-4.67929410934448,-27.9145450592041,0.0137596242129803,0.00378491170704365
-4.42363691329956,-27.9172878265381,0.0121449213474989,0.00379963964223862
-4.1685357093811,-27.9196262359619,0.0133588695898652,0.00391466170549393
-3.91354393959045,-27.9219493865967,0.0153121780604124,0.00404051598161459
-3.65853953361511,-27.924280166626,0.0174291227012873,0.00419668201357126
-3.40310835838318,-27.9267807006836,0.0177759025245905,0.00427233707159758
-3.14709615707397,-27.9295806884766,0.0156520325690508,0.00425439234822989
-2.89056992530823,-27.9326763153076,0.0113906441256404,0.00423709768801928
-2.63403987884521,-27.9356822967529,0.00734686385840178,0.00431923288851976
-2.37818384170532,-27.9382057189941,0.00664213299751282,0.00443815812468529
-2.12240386009216,-27.940767288208,0.00652868859469891,0.00460537895560265
-1.86628866195679,-27.9435520172119,0.00510854506865144,0.00471512600779533
-1.60965263843536,-27.9466209411621,0.00153804989531636,0.00474958308041096
-1.35324108600616,-27.9496307373047,-0.000756814784836024,0.00471313390880823
-1.09722852706909,-27.9522876739502,-0.00101138255558908,0.0047138687223196
-0.841276168823242,-27.9548568725586,-0.000770171114709228,0.00476154219359159
-0.585512816905975,-27.9572811126709,0.000550013035535812,0.00481799431145191
-0.329846948385239,-27.9596977233887,0.00253762095235288,0.00482149142771959
-0.0737267807126045,-27.9624252319336,0.00269622332416475,0.00475486274808645
0.182960912585258,-27.9651565551758,0.000483799114590511,0.00470227189362049
0.439876019954681,-27.967809677124,-0.00254141632467508,0.00465879030525684
0.696595668792725,-27.9703598022461,-0.00445010373368859,0.00467375246807933
0.952590465545654,-27.9727478027344,-0.0028493907302618,0.00473358714953065
1.2081001996994,-27.9752578735352,0.00118418119382113,0.00477986223995686
1.46404242515564,-27.9778518676758,0.00347679760307074,0.00482160691171885
1.72091364860535,-27.9807777404785,0.00182438804768026,0.00475044082850218
1.97789442539215,-27.9834804534912,-0.000117285067972261,0.00470084650442004
2.23483800888062,-27.9862480163574,-0.00165242003276944,0.00467370124533772
2.49163413047791,-27.9889984130859,-0.00229804730042815,0.00465097092092037
2.7485032081604,-27.991792678833,-0.0030409162864089,0.00464885495603085
3.00526261329651,-27.994592666626,-0.0030665691010654,0.00464960420504212
3.26231908798218,-27.9973983764648,-0.00419398956000805,0.00454735895618796
3.51984810829163,-28.000431060791,-0.00717434985563159,0.00438812933862209
3.77694153785706,-28.0030975341797,-0.00802707020193338,0.00422518700361252
4.03377437591553,-28.0053787231445,-0.0075412318110466,0.0041527939029038
4.29048013687134,-28.0075855255127,-0.00628436729311943,0.00412824703380466
4.54810380935669,-28.0104236602783,-0.0087940227240324,0.0041984561830759
4.80616188049316,-28.0136909484863,-0.0129389418289065,0.00431206449866295
5.06397581100464,-28.0167388916016,-0.0157966073602438,0.00425097905099392
5.32152652740479,-28.0196228027344,-0.01728530600667,0.00407593697309494
5.57937860488892,-28.0226898193359,-0.0198478046804667,0.0038890428841114
5.83730792999268,-28.025707244873,-0.0225253906100988,0.00382466334849596
6.095139503479,-28.0287857055664,-0.0245379451662302,0.003789815120399
6.3519983291626,-28.0313835144043,-0.0221389010548592,0.00380090065300465
-5.18507528305054,-28.161792755127,0.00808624364435673,0.00374083034694195
-4.93217945098877,-28.1628322601318,0.0190381556749344,0.0036605391651392
-4.67641973495483,-28.1657485961914,0.0167511943727732,0.00377020426094532
-4.42102336883545,-28.1682548522949,0.0163839403539896,0.00383994169533253
-4.1654109954834,-28.1709613800049,0.0152487875893712,0.00390267744660378
-3.90997052192688,-28.1734504699707,0.015135177411139,0.00398280099034309
-3.65457987785339,-28.1759967803955,0.0154943242669106,0.0040810564532876
-3.39892721176147,-28.178617477417,0.0148545606061816,0.00413142237812281
-3.14289975166321,-28.1813888549805,0.0127029912546277,0.00416949857026339
-2.88672876358032,-28.1843128204346,0.01013458147645,0.00420480594038963
-2.63049936294556,-28.1872329711914,0.00753071112558246,0.00425189267843962
-2.37485313415527,-28.1897201538086,0.0078422399237752,0.00429427716881037
-2.11917781829834,-28.1921482086182,0.00823727808892727,0.00446960609406233
-1.86319768428802,-28.1948356628418,0.0074709146283567,0.00460189208388329
-1.6069324016571,-28.1976737976074,0.00562898069620132,0.00460278801620007
-1.35089528560638,-28.2003746032715,0.00506330002099276,0.00452265329658985
-1.09474802017212,-28.2031860351562,0.0042311018332839,0.00451422482728958
-0.838414311408997,-28.2060623168945,0.00277648260816932,0.00456138700246811
-0.582081198692322,-28.2089138031006,0.00155441963579506,0.00463976711034775
-0.326154947280884,-28.2115211486816,0.0024047615006566,0.00470158271491528
-0.0702564790844917,-28.2140369415283,0.00359419593587518,0.00467497296631336
0.186068713665009,-28.2166004180908,0.00305751850828528,0.00459829345345497
0.442804932594299,-28.21923828125,0.000880437262821943,0.00452205911278725
0.699493885040283,-28.2218322753906,-0.000852312718052417,0.00450870115309954
0.955611109733582,-28.2243480682373,0.00023756266455166,0.0045339185744524
1.21128928661346,-28.2268905639648,0.00354257691651583,0.00453545898199081
1.46757745742798,-28.2296848297119,0.00432554027065635,0.00457349931821227
1.72470271587372,-28.2326488494873,0.00156595872249454,0.00454564578831196
1.98196065425873,-28.2355823516846,-0.00156036054249853,0.00451740296557546
2.23874664306641,-28.2383270263672,-0.00234779273159802,0.00448860647156835
2.4950098991394,-28.2408771514893,-0.000584160326980054,0.00448445975780487
2.75153517723083,-28.2436084747314,0.000242545909713954,0.00450961897149682
3.0082893371582,-28.2464847564697,0.000280320266028866,0.00449970830231905
3.26559162139893,-28.2493915557861,-0.00190132670104504,0.00441674143075943
3.52322196960449,-28.252384185791,-0.00530475843697786,0.00429413188248873
3.78053712844849,-28.2550792694092,-0.00710451230406761,0.0041379164904356
4.03776979446411,-28.2576675415039,-0.0083219651132822,0.0040571503341198
4.29447317123413,-28.2599277496338,-0.0070091518573463,0.00409405492246151
4.5515832901001,-28.2625102996826,-0.00723747303709388,0.00420034024864435
4.80939722061157,-28.2656574249268,-0.0102848000824451,0.00426428485661745
5.06734275817871,-28.268798828125,-0.013678346760571,0.00417195912450552
5.32530975341797,-28.2718906402588,-0.0169380772858858,0.00401922315359116
5.58315229415894,-28.2749347686768,-0.0194254573434591,0.00388678628951311
5.84092950820923,-28.2778453826904,-0.0214110836386681,0.00382442772388458
6.09847497940063,-28.2808074951172,-0.0221502240747213,0.00377830862998962
6.35564565658569,-28.2836303710938,-0.0210499335080385,0.0037384070456028
-5.18225145339966,-28.4125213623047,0.0111887883394957,0.003694087266922
-4.92868089675903,-28.4141883850098,0.019028689712286,0.00363112427294254
-4.67339038848877,-28.4168834686279,0.0189909264445305,0.00371931120753288
-4.41786098480225,-28.4195117950439,0.018042391166091,0.00376274809241295
-4.16202402114868,-28.4223594665527,0.0158952940255404,0.00385572575032711
-3.9062807559967,-28.4250106811523,0.0144073544070125,0.00392301008105278
-3.65075063705444,-28.4276103973389,0.0141570931300521,0.00399147067219019
-3.39495968818665,-28.4303016662598,0.0129186855629086,0.00400891527533531
-3.1388635635376,-28.4330596923828,0.0104873236268759,0.00406216364353895
-2.8828980922699,-28.4357986450195,0.00890516489744186,0.00411676522344351
-2.62721681594849,-28.4384632110596,0.00888227764517069,0.00418710429221392
-2.37165904045105,-28.441068649292,0.00965727306902409,0.00421410519629717
-2.11567449569702,-28.4437503814697,0.00867579784244299,0.00436196941882372
-1.85976600646973,-28.4463672637939,0.00827393773943186,0.00446543749421835
-1.6040917634964,-28.4488220214844,0.00916898716241121,0.00446752179414034
-1.34853839874268,-28.4513149261475,0.0108525631949306,0.00440881308168173
-1.09234440326691,-28.4541912078857,0.00983873568475246,0.00445862580090761
-0.835745215415955,-28.4573631286621,0.00722130388021469,0.00448891706764698
-0.579138398170471,-28.4604892730713,0.00480100186541677,0.00451628118753433
-0.322952121496201,-28.4632244110107,0.00450361054390669,0.00455161090940237
-0.066884346306324,-28.4656963348389,0.00494645535945892,0.00455813761800528
0.189301803708076,-28.4681625366211,0.00507064582780004,0.00451198220252991
0.446005046367645,-28.4708595275879,0.00308531569316983,0.00444753561168909
0.702830493450165,-28.4736232757568,0.000784542295150459,0.00442381575703621
0.959280014038086,-28.476448059082,0.000434652756666765,0.00444106291979551
1.21521532535553,-28.4790744781494,0.00262097548693419,0.00439484696835279
1.47143173217773,-28.481632232666,0.00374208204448223,0.0043525630608201
1.72826838493347,-28.4843215942383,0.00229478464461863,0.0043204165995121
1.98524010181427,-28.4872016906738,0.000490080390591174,0.00433163717389107
2.24205994606018,-28.4899845123291,-0.00041187644819729,0.00435942597687244
2.49841523170471,-28.4926776885986,0.000990075874142349,0.0043714540079236
2.75494337081909,-28.4954948425293,0.00184862536843866,0.00438576936721802
3.01166772842407,-28.4984149932861,0.00206100358627737,0.00436623673886061
3.26909303665161,-28.5013275146484,-0.000635759090073407,0.00431361887603998
3.52672743797302,-28.504264831543,-0.00402785697951913,0.00422714836895466
3.78419828414917,-28.5070781707764,-0.006470434833318,0.00408846326172352
4.04153299331665,-28.5099201202393,-0.00807443168014288,0.00398728158324957
4.29836988449097,-28.512414932251,-0.00728684430941939,0.00399820972234011
4.55525827407837,-28.5148983001709,-0.00650821253657341,0.00407253857702017
4.81289005279541,-28.5179195404053,-0.00872944481670856,0.00409758277237415
5.07079648971558,-28.521032333374,-0.0119193410500884,0.00400675367563963
5.32887887954712,-28.5240993499756,-0.0156555287539959,0.00389157515019178
5.58667659759521,-28.5270538330078,-0.0179192535579205,0.00380026083439589
5.84417819976807,-28.5300121307373,-0.0186568573117256,0.00373808015137911
6.10223340988159,-28.533239364624,-0.0215599574148655,0.00367832649499178
6.36039018630981,-28.536548614502,-0.0246629063040018,0.00360099878162146
6.62056589126587,-28.5406188964844,-0.0362271778285503,0.00341992080211639
-5.43558645248413,-28.6599178314209,0.0188194382935762,0.00346551835536957
-5.17988348007202,-28.6630306243896,0.0164376311004162,0.00355320610105991
-4.92546033859253,-28.6652946472168,0.0203079655766487,0.00354668684303761
-4.66988182067871,-28.668155670166,0.0189578551799059,0.00362413376569748
-4.41473865509033,-28.6706142425537,0.0198671836405993,0.00368726998567581
-4.15882015228271,-28.6734561920166,0.0173714458942413,0.00377625040709972
-3.90283060073853,-28.6763324737549,0.0147815924137831,0.0038199108093977
-3.64722013473511,-28.6790065765381,0.0142003074288368,0.00388197973370552
-3.39136600494385,-28.6817684173584,0.0127127068117261,0.00392770487815142
-3.13528728485107,-28.684549331665,0.0104071293026209,0.00395771581679583
-2.87938117980957,-28.68727684021,0.00914402864873409,0.00400729477405548
-2.62392139434814,-28.6898918151855,0.0101914815604687,0.00412222184240818
-2.36812162399292,-28.6927089691162,0.00989809632301331,0.00421194918453693
-2.1116144657135,-28.6959018707275,0.00657981494441628,0.00431274715811014
-1.85568785667419,-28.6985454559326,0.00614058785140514,0.00435465108603239
-1.60051429271698,-28.7007122039795,0.0093719819560647,0.00433431752026081
-1.34521400928497,-28.7029113769531,0.0122333718463778,0.00433189515024424
-1.08905947208405,-28.7057075500488,0.0114292064681649,0.00441285781562328
-0.832424581050873,-28.7089004516602,0.00868524424731731,0.00442176591604948
-0.575955390930176,-28.7120056152344,0.00693248631432652,0.0044050719588995
-0.31971400976181,-28.7148056030273,0.00642465753480792,0.00440336484462023
-0.0634737759828568,-28.7174320220947,0.00612992374226451,0.00442890450358391
0.192704275250435,-28.7199287414551,0.00633133295923471,0.00442621856927872
0.449421316385269,-28.7226657867432,0.00432392861694098,0.00438918918371201
0.706461310386658,-28.7255973815918,0.00110150268301368,0.00437639374285936
0.963320136070251,-28.7285709381104,-0.00105438660830259,0.00438394956290722
1.21953856945038,-28.7312507629395,-0.000104072722024284,0.00430968310683966
1.47549986839294,-28.7337055206299,0.00220489385537803,0.00420870073139668
1.73177576065063,-28.7361469268799,0.00330443331040442,0.00418215803802013
1.98823761940002,-28.7387466430664,0.00380344549193978,0.0042380029335618
2.2451605796814,-28.741720199585,0.00249208672903478,0.00430800952017307
2.5019097328186,-28.7446556091309,0.00218512932769954,0.00429588183760643
2.75869846343994,-28.747522354126,0.00191803032066673,0.0042926911264658
3.01565980911255,-28.7504653930664,0.00111133209429681,0.00427610613405704
3.27292537689209,-28.7532424926758,-0.000847820425406098,0.0042437706142664
3.53019857406616,-28.7560157775879,-0.0026105500292033,0.00419178418815136
3.78738355636597,-28.7588691711426,-0.00374200707301497,0.0040607200935483
4.04466772079468,-28.7619190216064,-0.00506494240835309,0.00395505595952272
4.30219554901123,-28.7649536132812,-0.00724053801968694,0.00392200890928507
4.5596022605896,-28.767707824707,-0.00868369918316603,0.00391876045614481
4.81706953048706,-28.770528793335,-0.0101612526923418,0.00393245369195938
5.07459878921509,-28.7733612060547,-0.0116808786988258,0.00387792661786079
5.33236122131348,-28.7763118743896,-0.0139850005507469,0.00378003250807524
5.59017133712769,-28.779390335083,-0.0162534359842539,0.00368984322994947
5.848069190979,-28.7825546264648,-0.0186673793941736,0.00363400299102068
6.10636949539185,-28.7859439849854,-0.0225807577371597,0.00355836376547813
6.36477518081665,-28.7893028259277,-0.0267228558659554,0.00348260533064604
6.6228928565979,-28.7924137115479,-0.0294042117893696,0.00335480738431215
6.87849760055542,-28.7944030761719,-0.0210762675851583,0.0032435329630971
-5.43238544464111,-28.9112720489502,0.0201356783509254,0.00325522571802139
-5.17720222473145,-28.9139308929443,0.020228311419487,0.0033390149474144
-4.92237997055054,-28.9164009094238,0.022251820191741,0.00337772443890572
-4.6668848991394,-28.9192390441895,0.0213349536061287,0.00351510569453239
-4.41156482696533,-28.9217681884766,0.0214477870613337,0.00357177667319775
-4.15586566925049,-28.9244079589844,0.0200056340545416,0.00366364978253841
-3.89991354942322,-28.9273014068604,0.017630822956562,0.00376271642744541
-3.64404487609863,-28.9302864074707,0.0159018579870462,0.00382585264742374
-3.38804769515991,-28.9332542419434,0.0138029539957643,0.00390158500522375
-3.13196420669556,-28.9360599517822,0.0115152727812529,0.00390615686774254
-2.87609601020813,-28.9387969970703,0.0104697160422802,0.0039420947432518
-2.62034702301025,-28.9416618347168,0.0102304434403777,0.00405414588749409
-2.36393356323242,-28.9447975158691,0.00714818947017193,0.00417478941380978
-2.1071343421936,-28.9480743408203,0.00252290698699653,0.00424227397888899
-1.85131454467773,-28.9505958557129,0.00261555169709027,0.00424251984804869
-1.5965564250946,-28.9527149200439,0.00781824719160795,0.00421519298106432
-1.34131765365601,-28.9548835754395,0.0110042029991746,0.00424172449856997
-1.08524942398071,-28.9576244354248,0.0106355482712388,0.00432613398879766
-0.828881561756134,-28.9606227874756,0.0091426707804203,0.00432026293128729
-0.572637856006622,-28.9636173248291,0.00845390558242798,0.00428284890949726
-0.316328167915344,-28.9665355682373,0.00768266245722771,0.00427928566932678
-0.0600208044052124,-28.9692840576172,0.00713090505450964,0.00434866175055504
0.196194648742676,-28.9718456268311,0.00720618199557066,0.00439059920608997
0.452731221914291,-28.9744873046875,0.00604928703978658,0.004352699033916
0.709461450576782,-28.9773197174072,0.00426228763535619,0.00433111842721701
0.96633106470108,-28.9803314208984,0.00209457543678582,0.00431294366717339
1.22285735607147,-28.9830665588379,0.00168637163005769,0.00424308516085148
1.47905874252319,-28.9856052398682,0.00295325554907322,0.00414399150758982
1.73510122299194,-28.9881229400635,0.00515445740893483,0.00412425491958857
1.99122500419617,-28.9905071258545,0.00718836532905698,0.00416323728859425
2.24812602996826,-28.9934844970703,0.00600781943649054,0.00423719827085733
2.50542163848877,-28.9966163635254,0.00330146285705268,0.00421365909278393
2.76246881484985,-28.9995822906494,0.00192360882647336,0.00419505778700113
3.01944160461426,-29.0023899078369,0.00108856556471437,0.00416024588048458
3.27643013000488,-29.005033493042,0.000390264205634594,0.00411522202193737
3.53335452079773,-29.0078067779541,0.000218105298699811,0.00410124100744724
3.79021716117859,-29.0105648040771,0.00054163602180779,0.00401676166802645
4.04766893386841,-29.0137901306152,-0.0014739315956831,0.00392743479460478
4.30597448348999,-29.0173358917236,-0.00700496509671211,0.00387139059603214
4.56404685974121,-29.0206146240234,-0.0112897576764226,0.00380257237702608
4.82130575180054,-29.0231685638428,-0.0118332747370005,0.00379190687090158
5.0783224105835,-29.0256786346436,-0.0110927317291498,0.00373501423746347
5.33547735214233,-29.0284175872803,-0.0107146678492427,0.00364674814045429
5.59360694885254,-29.031774520874,-0.0143189067021012,0.00358682125806808
5.85203886032104,-29.0352058410645,-0.0190021526068449,0.00356081034988165
6.11058521270752,-29.0386409759521,-0.0239463839679956,0.00349475257098675
6.36829710006714,-29.0415649414062,-0.0250732209533453,0.0034557618200779
6.62535381317139,-29.0441646575928,-0.0231634490191936,0.00338591542094946
6.88107585906982,-29.0461120605469,-0.0153205711394548,0.00333919189870358
-5.68416357040405,-29.1599941253662,0.020565290004015,0.00309335999190807
-5.42884540557861,-29.1628932952881,0.0198513511568308,0.00322921946644783
-5.17395877838135,-29.1653175354004,0.021377781406045,0.00325254909694195
-4.91889715194702,-29.1677684783936,0.0222958978265524,0.00331047922372818
-4.66361474990845,-29.1704483032227,0.0224171038717031,0.00340116582810879
-4.40806436538696,-29.1731395721436,0.0214939434081316,0.00351617857813835
-4.15239763259888,-29.1758041381836,0.0202502217143774,0.00363819673657417
-3.89648509025574,-29.1787109375,0.0181065052747726,0.00373164005577564
-3.64039731025696,-29.1818943023682,0.0154063375666738,0.00378893129527569
-3.38421201705933,-29.1850700378418,0.0124867279082537,0.00386104173958302
-3.12842535972595,-29.187837600708,0.0116365235298872,0.00386612582951784
-2.87275052070618,-29.1905689239502,0.0115386368706822,0.00389343872666359
-2.61650443077087,-29.1936511993408,0.00903492048382759,0.00395862944424152
-2.35953164100647,-29.1969909667969,0.00340581499040127,0.00404990278184414
-2.10304093360901,-29.1999530792236,0.000232085614698008,0.0040894839912653
-1.84784173965454,-29.2022666931152,0.00323296524584293,0.00408682879060507
-1.59304308891296,-29.2043437957764,0.00828171987086535,0.00407480169087648
-1.33734357357025,-29.2068328857422,0.009409892372787,0.00408562831580639
-1.08104777336121,-29.2096996307373,0.00804680399596691,0.00416313577443361
-0.825137555599213,-29.2124042510986,0.00867710821330547,0.00421938300132751
-0.569362103939056,-29.2150802612305,0.010148199275136,0.00425879936665297
-0.313156574964523,-29.2180919647217,0.00990286935120821,0.00425064004957676
-0.0568125806748867,-29.2209815979004,0.00923494715243578,0.00428147986531258
0.199547991156578,-29.223690032959,0.00869857892394066,0.0043342299759388
0.455975651741028,-29.2263336181641,0.00807583797723055,0.0043088598176837
0.712224841117859,-29.2289733886719,0.00849345978349447,0.00425141956657171
0.968580305576324,-29.2316474914551,0.00865562912076712,0.00419640354812145
1.22529244422913,-29.2345504760742,0.00744934612885118,0.00412598717957735
1.48209142684937,-29.2374687194824,0.00608126912266016,0.00404266454279423
1.73839056491852,-29.2402286529541,0.00718397926539183,0.00404192972928286
1.99456131458282,-29.2426452636719,0.00904427468776703,0.00406300835311413
2.25136041641235,-29.2454452514648,0.00833754427731037,0.00413981638848782
2.50876879692078,-29.248556137085,0.00515616638585925,0.00413606595247984
2.76593136787415,-29.2515926361084,0.00330446613952518,0.0041310777887702
3.02282500267029,-29.2543392181396,0.00285288342274725,0.00411124434322119
3.27963209152222,-29.2570209503174,0.00300480565056205,0.00405460130423307
3.53668570518494,-29.259916305542,0.00230508157983422,0.00402067042887211
3.79385638237,-29.2628974914551,0.00131971656810492,0.00396529119461775
4.051438331604,-29.2661800384521,-0.00122864823788404,0.00389471370726824
4.30981636047363,-29.2698364257812,-0.00702921114861965,0.00384115613996983
4.56809949874878,-29.2732982635498,-0.0121852401643991,0.00372434686869383
4.82538986206055,-29.2759227752686,-0.0128196300938725,0.00367145705968142
5.08193922042847,-29.2781867980957,-0.0100087085738778,0.00359922368079424
5.33897686004639,-29.280834197998,-0.0090889148414135,0.00351990852504969
5.59751462936401,-29.2843036651611,-0.0144339464604855,0.00350217334926128
5.85626173019409,-29.2878379821777,-0.0204456299543381,0.00348285026848316
6.11442518234253,-29.2910175323486,-0.0237041991204023,0.00346111971884966
6.37153100967407,-29.2936820983887,-0.0221795421093702,0.00338329002261162
6.62883520126343,-29.2965106964111,-0.0212860368192196,0.00337299052625895
6.88548803329468,-29.2988548278809,-0.0174022670835257,0.00337026361376047
7.14422607421875,-29.3019409179688,-0.0222643036395311,0.00335899274796247
-5.68134784698486,-29.4112739562988,0.0236696731299162,0.00312239862978458
-5.42563962936401,-29.4143714904785,0.0211451333016157,0.00327664241194725
-5.17056703567505,-29.4168930053711,0.0218332149088383,0.00328667275607586
-4.91541051864624,-29.4193878173828,0.0223459079861641,0.00326782651245594
-4.66022968292236,-29.4218845367432,0.0229716300964355,0.00331100448966026
-4.40444755554199,-29.4247131347656,0.0210034195333719,0.00346707738935947
-4.14854764938354,-29.4275684356689,0.0187197346240282,0.00361809134483337
-3.89246511459351,-29.4306297302246,0.0158352721482515,0.00370048359036446
-3.63638877868652,-29.4337921142578,0.0132340006530285,0.00370782241225243
-3.38021469116211,-29.4370346069336,0.0104225296527147,0.00374406762421131
-3.12448263168335,-29.439905166626,0.00988665036857128,0.00375216454267502
-2.86894392967224,-29.442554473877,0.0104628205299377,0.00377673096954823
-2.61245036125183,-29.4457035064697,0.00685317860916257,0.00384559482336044
-2.3556694984436,-29.4488410949707,0.00214108475483954,0.00392802990972996
-2.09978842735291,-29.4514617919922,0.00181375723332167,0.0039608757942915
-1.84476625919342,-29.453727722168,0.00567177031189203,0.00396957993507385
-1.58946824073792,-29.4560565948486,0.00846613384783268,0.00396221410483122
-1.33317744731903,-29.4589042663574,0.00693665631115437,0.0039471285417676
-1.07703101634979,-29.4616451263428,0.00629529589787126,0.00404829811304808
-0.821672797203064,-29.464111328125,0.00948883127421141,0.00419086776673794
-0.566352486610413,-29.4665756225586,0.0130700254812837,0.0042822165414691
-0.310272306203842,-29.46950340271,0.0134247820824385,0.00423979107290506
-0.0537204667925835,-29.4725551605225,0.0118555575609207,0.00421121530234814
0.202934429049492,-29.4755191802979,0.0100364573299885,0.0042410958558321
0.459361344575882,-29.4782409667969,0.00946331117302179,0.00422008894383907
0.715183198451996,-29.4807071685791,0.0118455719202757,0.00421010889112949
0.971052348613739,-29.483154296875,0.0142253674566746,0.00419426802545786
1.22771847248077,-29.4861030578613,0.013261535204947,0.00414308719336987
1.48491978645325,-29.4893207550049,0.0101338746026158,0.0040326276794076
1.74164640903473,-29.492208480835,0.00935014896094799,0.00398725271224976
1.99821305274963,-29.4948997497559,0.00949251558631659,0.0040098438039422
2.25506520271301,-29.4976825714111,0.00858292728662491,0.00404547527432442
2.51237654685974,-29.5007438659668,0.00587035017088056,0.00403676368296146
2.76953220367432,-29.503755569458,0.00408472027629614,0.00403095688670874
3.02656245231628,-29.5066204071045,0.00307347299531102,0.00405652355402708
3.28371262550354,-29.5095710754395,0.00176380120683461,0.00404816027730703
3.54097843170166,-29.5126686096191,0.000184406439075246,0.00399901159107685
3.79820871353149,-29.515796661377,-0.00100484513677657,0.00393560994416475
4.05566358566284,-29.5189323425293,-0.00296223117038608,0.00386610999703407
4.31380176544189,-29.5223560333252,-0.007683124858886,0.00378737784922123
4.57191801071167,-29.5257263183594,-0.0120738241821527,0.00365987606346607
4.82929992675781,-29.528564453125,-0.0130462748929858,0.00356455892324448
5.08585834503174,-29.5309066772461,-0.0102265048772097,0.00352255068719387
5.34308385848999,-29.5336360931396,-0.0100811971351504,0.0034209443256259
5.60183525085449,-29.5371971130371,-0.0163125041872263,0.00342752505093813
5.86059427261353,-29.5406379699707,-0.0223419386893511,0.00339608546346426
6.11840295791626,-29.5436630249023,-0.0240265224128962,0.00333963800221682
6.3754677772522,-29.5463981628418,-0.0222747959196568,0.00330747943371534
6.633131980896,-29.5493068695068,-0.0228971131145954,0.00329183787107468
6.89049482345581,-29.5519790649414,-0.0220166798681021,0.00332535244524479
7.14887857437134,-29.5550594329834,-0.0252952929586172,0.00330451969057322
-5.9342474937439,-29.6598167419434,0.0295745562762022,0.00291379168629646
-5.67840099334717,-29.6626853942871,0.0261520035564899,0.00304314307868481
-5.42251682281494,-29.6658039093018,0.0228232908993959,0.00323000736534595
-5.16701126098633,-29.6684608459473,0.0214965231716633,0.00330480374395847
-4.91164493560791,-29.6711540222168,0.0210733599960804,0.00332693196833134
-4.65643072128296,-29.6735649108887,0.0215758625417948,0.003309091553092
-4.40068054199219,-29.6763305664062,0.0198000054806471,0.00341906026005745
-4.14463043212891,-29.6793632507324,0.0168682299554348,0.00360902957618237
-3.88863778114319,-29.6824855804443,0.0144633585587144,0.00369803048670292
-3.63288021087646,-29.6855010986328,0.013396087102592,0.00368434749543667
-3.37684631347656,-29.6886901855469,0.0112799862399697,0.00365952774882317
-3.12078142166138,-29.6917324066162,0.0092390775680542,0.00361931882798672
-2.86507034301758,-29.6944427490234,0.00905692111700773,0.00360527448356152
-2.60875725746155,-29.6973838806152,0.00631254306063056,0.00371447578072548
-2.35256671905518,-29.7001972198486,0.00436459155753255,0.00383644830435514
-2.09695839881897,-29.7028255462646,0.00534599786624312,0.0038644801825285
-1.84178960323334,-29.7052803039551,0.00857731606811285,0.0038675544783473
-1.58600556850433,-29.7079029083252,0.00918419379740953,0.00388635508716106
-1.32955431938171,-29.7106895446777,0.00694299302995205,0.00393997691571712
-1.0737920999527,-29.7133026123047,0.00810425449162722,0.00402292422950268
-0.818506360054016,-29.7157878875732,0.0116714928299189,0.00413581635802984
-0.563177585601807,-29.7183361053467,0.0152595620602369,0.00419213436543941
-0.307175576686859,-29.7212295532227,0.0160058028995991,0.00415992923080921
-0.0504448600113392,-29.7243766784668,0.0136621333658695,0.004147844389081
0.206434652209282,-29.7274551391602,0.0108651220798492,0.00414212979376316
0.462810397148132,-29.7301864624023,0.0105650164186954,0.00412128027528524
0.718466460704803,-29.732536315918,0.0137270782142878,0.0041983537375927
0.974532783031464,-29.7351913452148,0.0152708552777767,0.00423186272382736
1.23129272460938,-29.7381744384766,0.0139229260385036,0.0041921678930521
1.48858630657196,-29.7414436340332,0.0104216663166881,0.00406756531447172
1.745441198349,-29.7443656921387,0.00910175126045942,0.00401108060032129
2.0020546913147,-29.7471904754639,0.00908871088176966,0.00398952793329954
2.25878357887268,-29.7499923706055,0.00877732411026955,0.00392684992402792
2.51605677604675,-29.753002166748,0.00626916810870171,0.00390932708978653
2.77327060699463,-29.7559452056885,0.00425398629158735,0.00389763712882996
3.0307788848877,-29.7590656280518,0.00117235921788961,0.00395108480006456
3.28854966163635,-29.76247215271,-0.00281159556470811,0.00398989859968424
3.54597949981689,-29.7657299041748,-0.00505335349589586,0.00391394272446632
3.8029146194458,-29.7687435150146,-0.00489291781559587,0.00388354249298573
4.06004571914673,-29.7716693878174,-0.00539194699376822,0.00382031314074993
4.31791067123413,-29.7748546600342,-0.00888612680137157,0.0037203636020422
4.57582855224609,-29.7780437469482,-0.0123776169493794,0.00358274951577187
4.83314895629883,-29.7809047698975,-0.0130357854068279,0.00351825729012489
5.09003162384033,-29.7835731506348,-0.0115659032016993,0.0035409377887845
5.34759950637817,-29.786584854126,-0.0128496391698718,0.00345864333212376
5.60631275177002,-29.7901840209961,-0.0188623871654272,0.00338411517441273
5.86460828781128,-29.793363571167,-0.0228501372039318,0.00324524752795696
6.12218427658081,-29.7962741851807,-0.0234915390610695,0.00317819602787495
6.37957191467285,-29.7991104125977,-0.0230946093797684,0.00321782659739256
6.63702297210693,-29.801887512207,-0.0227638948708773,0.00324617139995098
6.89463138580322,-29.8046188354492,-0.0229023508727551,0.00328618660569191
7.15226602554321,-29.8074722290039,-0.0229181349277496,0.00324445683509111
7.40926122665405,-29.8101139068604,-0.0199738554656506,0.00312012806534767
-5.93070697784424,-29.9110507965088,0.0291267931461334,0.00297058373689651
-5.6750020980835,-29.9141025543213,0.0264516361057758,0.00301326252520084
-5.41912412643433,-29.9172210693359,0.023196229711175,0.00315416418015957
-5.1635913848877,-29.9199504852295,0.0217913463711739,0.00323994643986225
-4.90783452987671,-29.9228248596191,0.0195684898644686,0.00329149886965752
-4.65234184265137,-29.9253902435303,0.0188081488013268,0.00328673049807549
-4.39672183990479,-29.9280681610107,0.0176904611289501,0.00336921773850918
-4.141028881073,-29.9309978485107,0.0164887737482786,0.00354970619082451
-3.88543725013733,-29.9340343475342,0.0160163920372725,0.00365601480007172
-3.62982726097107,-29.9370994567871,0.015691177919507,0.00369221530854702
-3.37405586242676,-29.9401702880859,0.0148373208940029,0.00367816723883152
-3.11788773536682,-29.9432735443115,0.0123525932431221,0.00363913923501968
-2.86198806762695,-29.9461059570312,0.0113345170393586,0.00360754504799843
-2.60589671134949,-29.9488868713379,0.00964584480971098,0.00367617420852184
-2.34985375404358,-29.9515705108643,0.00840630009770393,0.00376861169934273
-2.09413957595825,-29.9543075561523,0.00894124899059534,0.0038058003410697
-1.83864343166351,-29.9570636749268,0.0107180625200272,0.00379437115043402
-1.58300840854645,-29.9597358703613,0.0120601058006287,0.00383901596069336
-1.32687854766846,-29.9623985290527,0.0113284140825272,0.0039033405482769
-1.07108521461487,-29.9648780822754,0.0123618105426431,0.00394115410745144
-0.815467417240143,-29.9674625396729,0.0144400335848331,0.00397958979010582
-0.559893548488617,-29.9701805114746,0.0169546250253916,0.00395827181637287
-0.303894877433777,-29.9731159210205,0.0177584234625101,0.00395709369331598
-0.0470717139542103,-29.9763488769531,0.0150379855185747,0.00398438889533281
0.20993560552597,-29.9794864654541,0.0117003032937646,0.00400624424219131
0.466231167316437,-29.9821758270264,0.0118003925308585,0.00402160827070475
0.72208708524704,-29.9846649169922,0.0141054661944509,0.00416616071015596
0.97840827703476,-29.987434387207,0.0145431961864233,0.00421741604804993
1.2353847026825,-29.99045753479,0.0122590661048889,0.00418106559664011
1.49263417720795,-29.9936447143555,0.00899122841656208,0.00407127104699612
1.74930214881897,-29.9965019226074,0.0085516544058919,0.00402107648551464
2.00573110580444,-29.9993515014648,0.0094154691323638,0.00396053865551949
2.26237440109253,-30.0022468566895,0.00954036135226488,0.00384980719536543
2.5197160243988,-30.0053195953369,0.00677083898335695,0.00384106114506721
2.77704071998596,-30.0082263946533,0.00429235259070992,0.0038436371833086
3.03492021560669,-30.0114231109619,-0.000401116034481674,0.00384928192943335
3.29310512542725,-30.0151252746582,-0.00615656794980168,0.00384008139371872
3.55059480667114,-30.0184173583984,-0.00861512217670679,0.00378605350852013
3.80728554725647,-30.0213413238525,-0.0073303859680891,0.00378448609262705
4.06405973434448,-30.0241661071777,-0.00621201191097498,0.00376195181161165
4.32176542282104,-30.0272579193115,-0.00896852370351553,0.00365487672388554
4.57972574234009,-30.0304393768311,-0.0126085532829165,0.00353576522320509
4.83709907531738,-30.0333309173584,-0.0134568549692631,0.00353820808231831
5.09441709518433,-30.0363178253174,-0.0138253848999739,0.00362711865454912
5.35210275650024,-30.0395832061768,-0.0155530637130141,0.00354145932942629
5.61024522781372,-30.0430030822754,-0.0190383270382881,0.00336060486733913
5.86800003051758,-30.0459957122803,-0.0206399690359831,0.00318389199674129
6.12549114227295,-30.0487098693848,-0.0208966750651598,0.00308150518685579
6.38307523727417,-30.0514640808105,-0.0213326551020145,0.00315680168569088
6.64067983627319,-30.0543804168701,-0.0216162707656622,0.00318710971623659
6.89791965484619,-30.0569934844971,-0.0201284438371658,0.00318035576492548
7.15519666671753,-30.0598526000977,-0.0185598526149988,0.00307794101536274
7.41234159469604,-30.0627250671387,-0.0162044279277325,0.00290087983012199
-6.18099451065063,-30.1594944000244,0.0225128289312124,0.00288876891136169
-5.92666864395142,-30.1624488830566,0.0262930728495121,0.00299438647925854
-5.67122602462769,-30.1655578613281,0.0249358043074608,0.00300401262938976
-5.41571855545044,-30.1685371398926,0.0234888028353453,0.00302777625620365
-5.16004419326782,-30.1714344024658,0.0214677099138498,0.0031298566609621
-4.90416240692139,-30.1743850708008,0.0187042523175478,0.00320322252810001
-4.64845705032349,-30.1771240234375,0.0169958099722862,0.00328769162297249
-4.39287090301514,-30.1799049377441,0.0160974152386189,0.00339510664343834
-4.13766813278198,-30.1826286315918,0.0172462854534388,0.00354268401861191
-3.88254928588867,-30.185453414917,0.0190267730504274,0.00364127941429615
-3.62694001197815,-30.1885395050049,0.0187451038509607,0.00365384481847286
-3.37116146087646,-30.1915893554688,0.017889741808176,0.00363773480057716
-3.11511087417603,-30.1946468353271,0.0159884039312601,0.00361525639891624
-2.85937428474426,-30.197473526001,0.0157710984349251,0.00364100188016891
-2.60339617729187,-30.2003555297852,0.0146573940292001,0.00369120389223099
-2.34735631942749,-30.2031154632568,0.0134731940925121,0.00374091789126396
-2.09163236618042,-30.205753326416,0.0139806633815169,0.0037560947239399
-1.83604347705841,-30.20849609375,0.0153561420738697,0.0037272023037076
-1.58049154281616,-30.2111415863037,0.0171128232032061,0.00376343540847301
-1.32438540458679,-30.2138366699219,0.0165251232683659,0.00379776488989592
-1.06821548938751,-30.2165660858154,0.0158768333494663,0.00379502587020397
-0.81213253736496,-30.2193641662598,0.0158674363046885,0.00375041831284761
-0.556386888027191,-30.2221069335938,0.0176317356526852,0.00371928885579109
-0.300346344709396,-30.2250423431396,0.0182826146483421,0.00373442936688662
-0.043418075889349,-30.2283477783203,0.015128499828279,0.00379841774702072
0.213565498590469,-30.2313899993896,0.011928609572351,0.00386459939181805
0.46980345249176,-30.2340717315674,0.0123311681672931,0.00391798932105303
0.725759506225586,-30.2367134094238,0.0142378183081746,0.00402821879833937
0.982266783714294,-30.2395782470703,0.0138801978901029,0.00406068935990334
1.23928225040436,-30.2426109313965,0.0114617021754384,0.00404105428606272
1.49625289440155,-30.2456226348877,0.00947832316160202,0.00398763176053762
1.7528532743454,-30.2485294342041,0.00938965287059546,0.00396623276174068
2.00939559936523,-30.2514400482178,0.00978829897940159,0.00388795603066683
2.26634454727173,-30.2546062469482,0.00860859546810389,0.00381151493638754
2.5237238407135,-30.2578620910645,0.00573325995355844,0.0038171885535121
2.78076529502869,-30.2607154846191,0.00456152111291885,0.00380383711308241
3.03827095031738,-30.2636089324951,0.00154492643196136,0.00376555602997541
3.29627537727356,-30.2671031951904,-0.0033930407371372,0.00368506647646427
3.55393552780151,-30.2705497741699,-0.00655820453539491,0.00361766200512648
3.81074142456055,-30.2735385894775,-0.00574219925329089,0.00359289720654488
4.06758594512939,-30.2764015197754,-0.00489324145019054,0.00357915554195642
4.32502222061157,-30.2793960571289,-0.00643206667155027,0.00358566269278526
4.58291578292847,-30.282693862915,-0.00972745474427938,0.00353729072958231
4.84076881408691,-30.2859363555908,-0.012617208994925,0.0035359114408493
5.09839677810669,-30.2891254425049,-0.0142862880602479,0.00356859248131514
5.35589742660522,-30.2922649383545,-0.0151744205504656,0.00348750501871109
5.61353302001953,-30.2954235076904,-0.016427056863904,0.00335069838911295
5.87124109268188,-30.2984619140625,-0.0177841819822788,0.00320325326174498
6.1288685798645,-30.301197052002,-0.0185994897037745,0.00312682054936886
6.38632011413574,-30.3038520812988,-0.0184338316321373,0.00315116811543703
6.64384365081787,-30.3068046569824,-0.0183250531554222,0.00309538003057241
6.90126895904541,-30.3097476959229,-0.0175705030560493,0.00299958791583776
7.15847063064575,-30.3126068115234,-0.0156396571546793,0.00287753995507956
7.4159140586853,-30.3156986236572,-0.0145119875669479,0.00270979665219784
-6.17743921279907,-30.4115581512451,0.0220305733382702,0.00293933041393757
-5.92278528213501,-30.4142875671387,0.0242471843957901,0.00300859287381172
-5.66739654541016,-30.4173049926758,0.0231881812214851,0.00299397110939026
-5.41200113296509,-30.4201850891113,0.0223139673471451,0.00300531834363937
-5.1564245223999,-30.4230670928955,0.0208073928952217,0.00306365638971329
-4.90074491500854,-30.4259223937988,0.0190429650247097,0.00314598344266415
-4.64513969421387,-30.4286041259766,0.0178506299853325,0.0032731406390667
-4.38949966430664,-30.431489944458,0.0167483426630497,0.0033942312002182
-4.13431358337402,-30.4342632293701,0.018025578930974,0.00351410545408726
-3.87915182113647,-30.4371223449707,0.0196491479873657,0.00357034429907799
-3.62340402603149,-30.4402370452881,0.0187573190778494,0.00353324040770531
-3.36747670173645,-30.4432964324951,0.0172458048909903,0.00351037457585335
-3.11162352561951,-30.446252822876,0.0163050163537264,0.00352826528251171
-2.85621309280396,-30.4490146636963,0.0176527835428715,0.00358082912862301
-2.6006121635437,-30.4517955780029,0.0183328036218882,0.00360617786645889
-2.3447949886322,-30.4545116424561,0.0182196702808142,0.00363535992801189
-2.08897018432617,-30.4572448730469,0.0182995405048132,0.00362645648419857
-1.8331286907196,-30.4600944519043,0.0185446459800005,0.003608712926507
-1.57735979557037,-30.462869644165,0.0193439982831478,0.00360769964754581
-1.32119703292847,-30.4655895233154,0.0185337923467159,0.0036235274747014
-1.06475496292114,-30.468433380127,0.0166774597018957,0.00362182687968016
-0.808387160301208,-30.4713973999023,0.0154126062989235,0.00361519586294889
-0.552556455135345,-30.4742374420166,0.0168393924832344,0.00358604174107313
-0.29658454656601,-30.4771156311035,0.0178419258445501,0.0035802973434329
-0.0398566052317619,-30.4802513122559,0.0156287234276533,0.00363387353718281
0.216812089085579,-30.4831829071045,0.0138970660045743,0.00372369587421417
0.473087340593338,-30.4860553741455,0.0141889229416847,0.00378181878477335
0.729171216487885,-30.4887599945068,0.0155575191602111,0.00381588190793991
0.985678553581238,-30.4915618896484,0.0152301415801048,0.00383726507425308
1.24244737625122,-30.4944286346436,0.0139497518539429,0.00384443532675505
1.49909567832947,-30.4973449707031,0.0134513983502984,0.00384871382266283
1.75596582889557,-30.5004997253418,0.0122048612684011,0.0038511985912919
2.01300597190857,-30.50364112854,0.0104187047109008,0.00379389990121126
2.27052998542786,-30.5071392059326,0.00672794319689274,0.00374777056276798
2.52781701087952,-30.5105152130127,0.0043275598436594,0.00373477581888437
2.78440475463867,-30.5133094787598,0.00522644584998488,0.00371042173355818
3.04115605354309,-30.5158100128174,0.00557873072102666,0.00372217036783695
3.29854226112366,-30.5188446044922,0.00337941595353186,0.00367202237248421
3.55622935295105,-30.5223407745361,0.000126314829685725,0.00356974266469479
3.8136157989502,-30.5255641937256,-0.00158494478091598,0.00347817782312632
4.07093191146851,-30.528621673584,-0.0027744269464165,0.00343865714967251
4.32835865020752,-30.5316257476807,-0.0042343563400209,0.00349848344922066
4.58622360229492,-30.5349884033203,-0.00735928071662784,0.00350534450262785
4.8443660736084,-30.5384654998779,-0.0114601757377386,0.00346289202570915
5.10215044021606,-30.5417060852051,-0.0137746660038829,0.00340522360056639
5.3596134185791,-30.5447692871094,-0.0144665203988552,0.00332056172192097
5.61701917648315,-30.5478229522705,-0.0146852284669876,0.0032526757568121
5.87503910064697,-30.5509910583496,-0.0173555463552475,0.00315421540290117
6.13295412063599,-30.5539684295654,-0.0193579122424126,0.00311054941266775
6.3903956413269,-30.5568084716797,-0.0190838929265738,0.00306369457393885
6.64770889282227,-30.5597229003906,-0.0180217735469341,0.00295824371278286
6.9050464630127,-30.56272315979,-0.0168385189026594,0.00285094697028399
7.16241598129272,-30.5657901763916,-0.015569731593132,0.00271961651742458
7.42023658752441,-30.5690994262695,-0.0160086508840322,0.0026067802682519
7.67919063568115,-30.5731582641602,-0.0210274942219257,0.00256845448166132
-6.4282808303833,-30.6614971160889,0.0183242224156857,0.00293400138616562
-6.17394638061523,-30.6635513305664,0.0218311697244644,0.00293871946632862
-5.91911840438843,-30.6662006378174,0.0232442785054445,0.00297917798161507
-5.66385173797607,-30.6690006256104,0.0227941442281008,0.00295490957796574
-5.40838623046875,-30.6719493865967,0.0216377563774586,0.00293765775859356
-5.15301084518433,-30.6747226715088,0.0211300253868103,0.00295662879943848
-4.89775037765503,-30.677375793457,0.0213853940367699,0.00303740426898003
-4.642258644104,-30.6800994873047,0.0207774192094803,0.00317217223346233
-4.38642120361328,-30.6832160949707,0.0188048481941223,0.00330124981701374
-4.13079738616943,-30.6861686706543,0.0180617906153202,0.00339064933359623
-3.87546539306641,-30.6889972686768,0.0189208723604679,0.0034075565636158
-3.61972069740295,-30.6919384002686,0.0180686619132757,0.00335201621055603
-3.36370587348938,-30.6949615478516,0.0161837339401245,0.00336366705596447
-3.10776543617249,-30.6979885101318,0.0148877250030637,0.00340783037245274
-2.85256791114807,-30.7007904052734,0.017285693436861,0.00342505425214767
-2.59729695320129,-30.7034568786621,0.0195411089807749,0.00344998016953468
-2.34177851676941,-30.7060623168945,0.0208514407277107,0.0034546684473753
-2.08584189414978,-30.7089977264404,0.0204711686819792,0.00345532782375813
-1.82959353923798,-30.7120723724365,0.0188866294920444,0.00347783043980598
-1.57354331016541,-30.7149677276611,0.0184350293129683,0.00349091179668903
-1.31751143932343,-30.7176456451416,0.0182709004729986,0.00350840575993061
-1.06142199039459,-30.7203254699707,0.0180683676153421,0.00351677648723125
-0.804932236671448,-30.7233848571777,0.0162907857447863,0.00351544562727213
-0.54868870973587,-30.7264366149902,0.0158812236040831,0.00348868779838085
-0.292579233646393,-30.7293968200684,0.0163048021495342,0.00349712837487459
-0.0361882522702217,-30.732400894165,0.0156664717942476,0.00356904789805412
0.220126420259476,-30.7351760864258,0.0155783202499151,0.00366032868623734
0.476374268531799,-30.7380542755127,0.0160339288413525,0.00368252396583557
0.732515811920166,-30.740779876709,0.0171795170754194,0.00365916267037392
0.9888995885849,-30.7434921264648,0.017441226169467,0.00362559035420418
1.2455233335495,-30.7462749481201,0.0168457608669996,0.00362340826541185
1.50217747688293,-30.7492733001709,0.0163659192621708,0.00364304054528475
1.7591165304184,-30.7524833679199,0.0148494802415371,0.00364368688315153
2.01633810997009,-30.7558250427246,0.012304650619626,0.00360073242336512
2.27406573295593,-30.7595443725586,0.00776067143306136,0.00354242697358131
2.5314633846283,-30.7629432678223,0.00490372255444527,0.00352313555777073
2.78803992271423,-30.7658405303955,0.00590615067631006,0.00355431251227856
3.0445511341095,-30.7683773040771,0.00737588759511709,0.00363953784108162
3.30173325538635,-30.7712478637695,0.00610605953261256,0.00364082399755716
3.55930161476135,-30.7745037078857,0.00338864861987531,0.00354709103703499
3.81686878204346,-30.7778072357178,0.000916842313017696,0.00344139989465475
4.07452154159546,-30.7810935974121,-0.00170347816310823,0.00337643828243017
4.3322286605835,-30.7843170166016,-0.0043397918343544,0.00340257957577705
4.5901927947998,-30.7877292633057,-0.00785832200199366,0.00340167339891195
4.84825134277344,-30.7910900115967,-0.0115609150379896,0.00331101845949888
5.10603857040405,-30.7943382263184,-0.0138469627127051,0.00320275500416756
5.36332702636719,-30.7973346710205,-0.0137375313788652,0.00311803165823221
5.62059020996094,-30.8003807067871,-0.0132906185463071,0.00308696553111076
5.8786506652832,-30.8035583496094,-0.0160990972071886,0.00302312895655632
6.13685703277588,-30.8068370819092,-0.0192999914288521,0.0029688011854887
6.39450311660767,-30.8098583221436,-0.0198552198708057,0.00294861849397421
6.65193128585815,-30.8128433227539,-0.019241152331233,0.00288968067616224
6.90949964523315,-30.8159923553467,-0.0189997982233763,0.00281711667776108
7.16722726821899,-30.8192558288574,-0.0192135144025087,0.00272124540060759
7.42529773712158,-30.8226642608643,-0.0206729788333178,0.00269250757992268
7.68401765823364,-30.8264751434326,-0.0246588997542858,0.00272736698389053
-6.42546939849854,-30.9126567840576,0.0212644208222628,0.00288434699177742
-6.17064476013184,-30.9151573181152,0.0224976949393749,0.00286141224205494
-5.91563177108765,-30.9179210662842,0.023079190403223,0.00288394652307034
-5.66050481796265,-30.9206981658936,0.0233425553888083,0.00290751270949841
-5.40506839752197,-30.9236259460449,0.0223691463470459,0.00285220704972744
-5.14981365203857,-30.9263668060303,0.0224763993173838,0.00285527668893337
-4.89468240737915,-30.9290542602539,0.0233970452100039,0.00291266664862633
-4.63919830322266,-30.9319362640381,0.0228832475841045,0.00302314944565296
-4.38334560394287,-30.9350185394287,0.0208735931664705,0.00314962118864059
-4.12732362747192,-30.9380912780762,0.0182973816990852,0.00320655107498169
-3.87172484397888,-30.9409618377686,0.0179411768913269,0.00317938812077045
-3.61595153808594,-30.9439449310303,0.0170043408870697,0.00316960550844669
-3.35995316505432,-30.9469509124756,0.0152410380542278,0.00326433032751083
-3.10399436950684,-30.9499282836914,0.0138975447043777,0.00331004336476326
-2.84876465797424,-30.9527206420898,0.0161895584315062,0.0033088680356741
-2.59356594085693,-30.9554901123047,0.0188415199518204,0.00329931080341339
-2.33802485466003,-30.9582424163818,0.0201076734811068,0.00329592637717724
-2.08202791213989,-30.9611892700195,0.0194923244416714,0.00328868255019188
-1.82573139667511,-30.9642848968506,0.0177306290715933,0.00332931987941265
-1.56972515583038,-30.9671421051025,0.0175240151584148,0.00341020151972771
-1.31406474113464,-30.9697017669678,0.0191123578697443,0.00345165096223354
-1.05833148956299,-30.9722423553467,0.0205814633518457,0.00345946662127972
-0.80179899930954,-30.9753379821777,0.0186475105583668,0.00346001051366329
-0.545163691043854,-30.9785594940186,0.0164903849363327,0.00344420224428177
-0.28869292140007,-30.9817295074463,0.0153189171105623,0.0034736255183816
-0.0322576202452183,-30.984790802002,0.0145280724391341,0.00353864207863808
0.224065080285072,-30.9875965118408,0.0144509011879563,0.0036139190196991
0.480236142873764,-30.9904537200928,0.0152990501374006,0.00364216417074203
0.736308097839355,-30.9931640625,0.0168031025677919,0.00364301912486553
0.992592394351959,-30.9958744049072,0.0175598878413439,0.00358640775084496
1.24926257133484,-30.99875831604,0.0168069712817669,0.00356995314359665
1.5059586763382,-31.0018291473389,0.0161866396665573,0.00356011744588614
1.7626805305481,-31.0050029754639,0.0156904608011246,0.00349496770650148
2.01970386505127,-31.0081729888916,0.0140589019283652,0.00345853343605995
2.2774224281311,-31.0118217468262,0.00958443526178598,0.00343606248497963
2.5351288318634,-31.015380859375,0.00539697986096144,0.00342289078980684
2.79203319549561,-31.0184993743896,0.00499524315819144,0.00342640746384859
3.04874467849731,-31.0212745666504,0.00564143620431423,0.00350151769816875
3.30588388442993,-31.0241947174072,0.00461334642022848,0.00353209488093853
3.56327962875366,-31.0272636413574,0.0026881112717092,0.00347009487450123
3.82081174850464,-31.030517578125,0.000408632244216278,0.00337408948689699
4.07852029800415,-31.0338439941406,-0.00241419044323266,0.00328831467777491
4.33636331558228,-31.0371952056885,-0.00559321325272322,0.00324116181582212
4.59420871734619,-31.0404396057129,-0.0085629103705287,0.00321980193257332
4.85190439224243,-31.0435390472412,-0.0106531977653503,0.00315138697624207
5.10945701599121,-31.0466804504395,-0.0118789337575436,0.00306609272956848
5.36662864685059,-31.0497436523438,-0.0112114977091551,0.00302816368639469
5.62396430969238,-31.0529556274414,-0.0110265510156751,0.00301509257405996
5.88196611404419,-31.0561180114746,-0.0135424230247736,0.00293650105595589
6.14030838012695,-31.0595264434814,-0.0172844473272562,0.00287394411861897
6.39837694168091,-31.0628261566162,-0.019611531868577,0.00285230111330748
6.65622091293335,-31.0660743713379,-0.0207345504313707,0.0028399582952261
6.91415739059448,-31.0694103240967,-0.0220244489610195,0.00285280495882034
7.17203950881958,-31.0727615356445,-0.0228497590869665,0.00283097382634878
7.43008041381836,-31.0760879516602,-0.0241408161818981,0.00284025445580482
7.68828582763672,-31.0796451568604,-0.0258884746581316,0.00284223724156618
-6.42261600494385,-31.1640205383301,0.024014487862587,0.00280182249844074
-6.16737747192383,-31.1667995452881,0.0233244262635708,0.00273469090461731
-5.91212844848633,-31.1697177886963,0.0228316951543093,0.00273418053984642
-5.65713739395142,-31.1723899841309,0.0237831920385361,0.00276461616158485
-5.40174674987793,-31.175313949585,0.0230728220194578,0.00274386815726757
-5.14648103713989,-31.1780776977539,0.0231746155768633,0.00277910381555557
-4.89115762710571,-31.1809635162354,0.023245008662343,0.00282210670411587
-4.63577795028687,-31.1839771270752,0.0232920851558447,0.00287947803735733
-4.38023376464844,-31.1868591308594,0.0227687750011683,0.00297553837299347
-4.12414216995239,-31.1899032592773,0.0198990553617477,0.00303713418543339
-3.86814618110657,-31.1929340362549,0.0177218317985535,0.00305006466805935
-3.61210036277771,-31.1960639953613,0.0155599871650338,0.003141975030303
-3.35620331764221,-31.1990833282471,0.0143231274560094,0.00325767323374748
-3.10052013397217,-31.2019081115723,0.0143035668879747,0.00329873152077198
-2.84538960456848,-31.2046241760254,0.0170946177095175,0.00329014100134373
-2.5899715423584,-31.2075576782227,0.0187810342758894,0.0032527782022953
-2.33410859107971,-31.2104969024658,0.0186079423874617,0.00322708114981651
-2.07815027236938,-31.2134189605713,0.0182172823697329,0.00319596379995346
-1.82200062274933,-31.2163982391357,0.017170513048768,0.00323525257408619
-1.56618094444275,-31.2191562652588,0.0178624726831913,0.00332417897880077
-1.31071662902832,-31.2217559814453,0.0204072184860706,0.0033729188144207
-1.05513322353363,-31.2243022918701,0.0226101577281952,0.00340934284031391
-0.798615992069244,-31.2273902893066,0.0207842160016298,0.00343265011906624
-0.541735947132111,-31.2306728363037,0.017544437199831,0.00339789874851704
-0.284981399774551,-31.2339305877686,0.0151185458526015,0.00339158810675144
-0.028409019112587,-31.2370872497559,0.0137527203187346,0.00344185624271631
0.227947145700455,-31.2399940490723,0.013578437268734,0.00353816989809275
0.484027504920959,-31.2427768707275,0.014875840395689,0.00356805790215731
0.740210771560669,-31.2455463409424,0.0159225631505251,0.00357893574982882
0.996705710887909,-31.2484817504883,0.0157911721616983,0.00352581776678562
1.25368893146515,-31.2517051696777,0.0137031534686685,0.00352552533149719
1.51045680046082,-31.254846572876,0.0128150172531605,0.00353862345218658
1.76698935031891,-31.257942199707,0.013213699683547,0.00348167587071657
2.02374076843262,-31.2610187530518,0.0128450011834502,0.00348083861172199
2.28105306625366,-31.2643051147461,0.0102014243602753,0.00349298119544983
2.53859949111938,-31.2676963806152,0.00675366725772619,0.00346124917268753
2.795814037323,-31.2709617614746,0.00501593202352524,0.00338049605488777
3.05278873443604,-31.273962020874,0.00455237831920385,0.00341017916798592
3.30988192558289,-31.276927947998,0.0037791496142745,0.00344687048345804
3.56711530685425,-31.2799625396729,0.00261682807467878,0.00338530167937279
3.82460570335388,-31.2832565307617,0.000569638446904719,0.00328949186950922
4.08224821090698,-31.2866020202637,-0.00191568292211741,0.00323659833520651
4.34015464782715,-31.2899971008301,-0.00533163454383612,0.00320304278284311
4.59787750244141,-31.2931537628174,-0.0077287801541388,0.00316155701875687
4.85522317886353,-31.2961044311523,-0.00825184676796198,0.00309825222939253
5.11255741119385,-31.2991161346436,-0.00849357899278402,0.00305537320673466
5.36984777450562,-31.302267074585,-0.00830144062638283,0.0030282661318779
5.62737703323364,-31.305606842041,-0.00891462434083223,0.00299469940364361
5.88561153411865,-31.3089561462402,-0.0123917507007718,0.00293461605906487
6.1443133354187,-31.312536239624,-0.0176448579877615,0.00285807810723782
6.40264272689819,-31.3159561157227,-0.0210525114089251,0.00280913338065147
6.66049098968506,-31.3192348480225,-0.0221454109996557,0.00281313806772232
6.91828346252441,-31.3224430084229,-0.0227796733379364,0.00287297926843166
7.17606353759766,-31.3257160186768,-0.0231275763362646,0.00288231298327446
7.43403244018555,-31.3290843963623,-0.0240594334900379,0.00290637090802193
7.69200801849365,-31.3324813842773,-0.0247924383729696,0.00288332439959049
-6.67627811431885,-31.4120311737061,0.0337649136781693,0.00257734768092632
-6.41993618011475,-31.4154796600342,0.0276075508445501,0.00270541943609715
-6.16418504714966,-31.4185466766357,0.0245151203125715,0.00262871012091637
-5.90893030166626,-31.4214420318604,0.0240361727774143,0.0026259683072567
-5.65377902984619,-31.4242515563965,0.0242788922041655,0.00263253599405289
-5.39863348007202,-31.4270668029785,0.0247749071568251,0.00267517194151878
-5.14329671859741,-31.4298439025879,0.0245816316455603,0.00272558070719242
-4.8875789642334,-31.4328842163086,0.0228294674307108,0.00275297835469246
-4.63213872909546,-31.4359512329102,0.0226407572627068,0.00276551209390163
-4.37695503234863,-31.438648223877,0.0238556358963251,0.00285981968045235
-4.12084150314331,-31.4417572021484,0.0209330841898918,0.00300043262541294
-3.86442732810974,-31.4449863433838,0.0168409515172243,0.00306663475930691
-3.60825896263123,-31.4482936859131,0.0141679933294654,0.00315810926258564
-3.35254216194153,-31.4512634277344,0.0138235008344054,0.00323003903031349
-3.09714531898499,-31.4539813995361,0.0151841035112739,0.00323385745286942
-2.8420786857605,-31.456600189209,0.0183053780347109,0.00323738902807236
-2.58666086196899,-31.4594669342041,0.0200255177915096,0.0032250639051199
-2.33067607879639,-31.4624633789062,0.0193316861987114,0.00322885625064373
-2.07468581199646,-31.4653587341309,0.0188288316130638,0.0032009594142437
-1.81870460510254,-31.4681873321533,0.0185910351574421,0.00318288989365101
-1.56286203861237,-31.4710216522217,0.0192259717732668,0.00324035435914993
-1.30723404884338,-31.4738178253174,0.0210758615285158,0.00326431356370449
-1.05156409740448,-31.4765319824219,0.0229407027363777,0.0033327229321003
-0.795121073722839,-31.4796581268311,0.0215043444186449,0.00336788222193718
-0.538235425949097,-31.4828758239746,0.0182714592665434,0.0033106692135334
-0.281573861837387,-31.4859371185303,0.0162902474403381,0.00326639786362648
-0.0250997301191092,-31.488956451416,0.0153986141085625,0.00329073704779148
0.231439039111137,-31.4920978546143,0.0144555121660233,0.00340140983462334
0.488000631332397,-31.4951362609863,0.0136252781376243,0.00344402529299259
0.744633495807648,-31.4981327056885,0.0126935597509146,0.00343339052051306
1.00134301185608,-31.501256942749,0.0116578238084912,0.00337839405983686
1.2581433057785,-31.5044994354248,0.0104534775018692,0.00342264119535685
1.51457571983337,-31.5075912475586,0.0111287301406264,0.00346824992448092
1.77132022380829,-31.5107746124268,0.0106254639104009,0.00345122255384922
2.02806830406189,-31.513765335083,0.010309130884707,0.00346721708774567
2.28506755828857,-31.5168342590332,0.00909553840756416,0.0035114698112011
2.54213666915894,-31.5198516845703,0.00779128726571798,0.00344838015735149
2.79917120933533,-31.5229816436768,0.00688573066145182,0.00331778824329376
3.05613708496094,-31.5260887145996,0.00651156064122915,0.00328618846833706
3.31319999694824,-31.5292644500732,0.0059381416067481,0.0033543361350894
3.57049489021301,-31.5325241088867,0.0045657460577786,0.00334080122411251
3.8280873298645,-31.5358772277832,0.00210923166014254,0.00327817071229219
4.08574295043945,-31.5391674041748,-0.000403141370043159,0.00321401748806238
4.34358930587769,-31.5425052642822,-0.00352002191357315,0.00318166054785252
4.60120868682861,-31.545654296875,-0.0054216249845922,0.00316691026091576
4.85841751098633,-31.5487422943115,-0.00528717692941427,0.00309697631746531
5.11591339111328,-31.5519142150879,-0.0061858375556767,0.00303497537970543
5.37374353408813,-31.5553531646729,-0.00829615909606218,0.00297181308269501
5.63172817230225,-31.5587673187256,-0.0108563471585512,0.0029414864256978
5.89008760452271,-31.5621585845947,-0.0148270335048437,0.00290996953845024
6.14871311187744,-31.5657196044922,-0.0197033043950796,0.00285347644239664
6.40702247619629,-31.5691585540771,-0.0229740869253874,0.00282592792063951
6.66462516784668,-31.5723762512207,-0.0229598823934793,0.00281666591763496
6.92204809188843,-31.5754776000977,-0.0219576694071293,0.00281828828155994
7.17965793609619,-31.578649520874,-0.0215381272137165,0.00280922651290894
7.43770122528076,-31.5820598602295,-0.0227480977773666,0.00281950645148754
7.69575548171997,-31.5854148864746,-0.0237844660878181,0.00275926943868399
7.95532608032227,-31.5896415710449,-0.0310254693031311,0.00242284033447504
-6.673020362854,-31.6640071868896,0.0345663167536259,0.00249797292053699
-6.4170184135437,-31.6671600341797,0.0300643108785152,0.00260990671813488
-6.16097450256348,-31.6703243255615,0.0256108026951551,0.00256471894681454
-5.90553188323975,-31.6732559204102,0.024276789277792,0.00256259553134441
-5.65039253234863,-31.6761455535889,0.024631654843688,0.00254959613084793
-5.39555788040161,-31.678825378418,0.0266521666198969,0.00259734503924847
-5.14016199111938,-31.6816730499268,0.0262246187776327,0.00264439731836319
-4.88410902023315,-31.6847515106201,0.0229173433035612,0.00265027396380901
-4.62853670120239,-31.6877040863037,0.0221298113465309,0.00266326405107975
-4.37332248687744,-31.6904392242432,0.0232515707612038,0.00280274637043476
-4.11711406707764,-31.6937427520752,0.0199494436383247,0.00298683159053326
-3.86041259765625,-31.6972198486328,0.0145741626620293,0.00309282727539539
-3.60431146621704,-31.7005500793457,0.0122709181159735,0.00314746424555779
-3.34906816482544,-31.7032566070557,0.0141769861802459,0.00315242260694504
-3.09386467933655,-31.705940246582,0.0164872035384178,0.00311986543238163
-2.83848643302917,-31.7086944580078,0.0182034112513065,0.00311638973653316
-2.58290600776672,-31.7115669250488,0.019206415861845,0.00311107002198696
-2.3270218372345,-31.7144927978516,0.0190201904624701,0.00312536954879761
-2.07118892669678,-31.7172775268555,0.0192826725542545,0.00312544219195843
-1.81544709205627,-31.7199764251709,0.0201866403222084,0.00314510986208916
-1.55957114696503,-31.7228984832764,0.0207168646156788,0.00320061855018139
-1.30369901657104,-31.7258415222168,0.0214928276836872,0.00321938842535019
-1.04772019386292,-31.7287902832031,0.0219995696097612,0.00324681587517262
-0.791297018527985,-31.7320327758789,0.0207141675055027,0.00325511768460274
-0.53454726934433,-31.7352466583252,0.018152080476284,0.00321328453719616
-0.278214871883392,-31.7380218505859,0.0176928769797087,0.0031339805573225
-0.0219293460249901,-31.7408695220947,0.0176854114979506,0.00312725640833378
0.234708547592163,-31.744068145752,0.0163332279771566,0.00319533422589302
0.491939127445221,-31.7475967407227,0.0125437909737229,0.00326869077980518
0.749075531959534,-31.7508583068848,0.00939259957522154,0.0032599251717329
1.0058274269104,-31.7539558410645,0.00821029767394066,0.00322739407420158
1.26226580142975,-31.7570114135742,0.008676927536726,0.00330303609371185
1.51853239536285,-31.7599849700928,0.0101352361962199,0.00333060510456562
1.77517795562744,-31.7630786895752,0.010112913325429,0.00334528833627701
2.03193306922913,-31.7661094665527,0.00981247052550316,0.00341314263641834
2.28854823112488,-31.7690391540527,0.0103561617434025,0.00344539247453213
2.54528069496155,-31.7719821929932,0.0105957016348839,0.00336594972759485
2.8022027015686,-31.775053024292,0.0102238161489367,0.00321763008832932
3.05914974212646,-31.7781677246094,0.00997133366763592,0.00317107327282429
3.31619954109192,-31.7814102172852,0.00949887279421091,0.0032513402402401
3.57372164726257,-31.7849082946777,0.00717747071757913,0.00329922512173653
3.83142256736755,-31.7882347106934,0.00427225977182388,0.00323094893246889
4.08910036087036,-31.7915000915527,0.00169636763166636,0.00314915366470814
4.3467493057251,-31.7947940826416,-0.000513168459292501,0.00309449527412653
4.60428333282471,-31.79807472229,-0.00198477902449667,0.00312539096921682
4.86172437667847,-31.8013496398926,-0.00281831785105169,0.00310182850807905
5.11972618103027,-31.8048553466797,-0.00586747238412499,0.0030107693746686
5.37813234329224,-31.8085899353027,-0.0104320989921689,0.00290398485958576
5.63636636734009,-31.8120822906494,-0.0140310628339648,0.00285176280885935
5.89465618133545,-31.8155250549316,-0.0176439192146063,0.00280951429158449
6.15292406082153,-31.8189029693604,-0.0209306143224239,0.00277348514646292
6.41102027893066,-31.8222694396973,-0.0232352949678898,0.00277406722307205
6.66862154006958,-31.8255634307861,-0.0231630802154541,0.00277182180434465
6.92609119415283,-31.8287754058838,-0.0223048496991396,0.0027269683778286
7.18372631072998,-31.831901550293,-0.0219579748809338,0.00269807036966085
7.44167852401733,-31.8352527618408,-0.0227371286600828,0.00267426297068596
7.69968605041504,-31.8384914398193,-0.0235418546944857,0.00262350309640169
7.95868539810181,-31.8423252105713,-0.028327900916338,0.00248318910598755
-6.66927146911621,-31.9162158966064,0.0330032929778099,0.00239081867039204
-6.41354751586914,-31.9191265106201,0.0298687629401684,0.00250218994915485
-6.15781116485596,-31.9220523834229,0.0269200876355171,0.00250146724283695
-5.90202379226685,-31.9250984191895,0.0239809453487396,0.00250973552465439
-5.64695072174072,-31.9278621673584,0.0246881954371929,0.00250294432044029
-5.3922438621521,-31.9305248260498,0.0273661706596613,0.00249649025499821
-5.13701248168945,-31.933443069458,0.0277802404016256,0.00251777842640877
-4.88099527359009,-31.9365844726562,0.0246942173689604,0.00258100032806396
-4.62540769577026,-31.9394111633301,0.0238611847162247,0.00267126597464085
-4.36995840072632,-31.9421653747559,0.0239093750715256,0.00279452092945576
-4.11352157592773,-31.9454956054688,0.0195684991776943,0.00293157249689102
-3.85666036605835,-31.9491729736328,0.0135087510570884,0.00303271971642971
-3.6007559299469,-31.9525165557861,0.0121848220005631,0.00307299941778183
-3.34567284584045,-31.955286026001,0.0148994037881494,0.00304538756608963
-3.09041929244995,-31.9579658508301,0.017016539350152,0.00299018621444702
-2.83457398414612,-31.960994720459,0.0166167132556438,0.00293748639523983
-2.57889127731323,-31.9639453887939,0.0171979814767838,0.00294105149805546
-2.32312989234924,-31.9667625427246,0.0176204089075327,0.00298270583152771
-2.06752061843872,-31.9694061279297,0.0189583264291286,0.00303801521658897
-1.81197249889374,-31.9720783233643,0.0208048652857542,0.0031141210347414
-1.55616915225983,-31.9749984741211,0.0217156950384378,0.00321564823389053
-1.30026686191559,-31.9779644012451,0.0223960839211941,0.0032311212271452
-1.04409515857697,-31.9810276031494,0.0220658294856548,0.0031768660992384
-0.787540018558502,-31.9843120574951,0.0202192943543196,0.00314675085246563
-0.530842900276184,-31.9876136779785,0.0179550480097532,0.00310974381864071
-0.274681746959686,-31.9903869628906,0.0183268282562494,0.00302523374557495
-0.0184256471693516,-31.9932136535645,0.0184935964643955,0.00299668312072754
0.238467559218407,-31.9964790344238,0.0160213876515627,0.00304792635142803
0.495960474014282,-32.0001487731934,0.011093613691628,0.00314652174711227
0.753176867961884,-32.0034446716309,0.00762753840535879,0.00318569131195545
1.00977683067322,-32.006462097168,0.00717312935739756,0.0032213069498539
1.26600766181946,-32.0094184875488,0.00861566606909037,0.00328635983169079
1.52222943305969,-32.0124282836914,0.0103250415995717,0.00326925329864025
1.77866315841675,-32.0153732299805,0.0112848812714219,0.00326021015644073
2.0352144241333,-32.0182762145996,0.011929240077734,0.00328751280903816
2.29181933403015,-32.0212516784668,0.0125627489760518,0.0032991599291563
2.54868483543396,-32.0243988037109,0.0122679648920894,0.00322130788117647
2.80584859848022,-32.0276412963867,0.0108710369095206,0.00311986450105906
3.06295084953308,-32.0308074951172,0.00997048430144787,0.0031003886833787
3.31991720199585,-32.0339393615723,0.00990016013383865,0.00319279544055462
3.57731080055237,-32.0373725891113,0.00818550493568182,0.00320628471672535
3.83501434326172,-32.0407981872559,0.00532059418037534,0.00306996516883373
4.09278774261475,-32.0441818237305,0.00237577315419912,0.00296364352107048
4.35024499893188,-32.0474624633789,0.00105452153366059,0.00292827188968658
4.607741355896,-32.050724029541,-0.000213631588849239,0.00301214586943388
4.8655252456665,-32.0541725158691,-0.00249978830106556,0.00301161967217922
5.12391567230225,-32.0579299926758,-0.00719024706631899,0.00295568257570267
5.38254356384277,-32.0618171691895,-0.0126661993563175,0.00288164615631104
5.64078807830811,-32.0653228759766,-0.016259890049696,0.00285538099706173
5.8986611366272,-32.0685729980469,-0.0180234834551811,0.00276402663439512
6.15633201599121,-32.0716896057129,-0.018688203766942,0.00270021427422762
6.41408491134644,-32.0749702453613,-0.0194682292640209,0.00269242562353611
6.67203521728516,-32.0783615112305,-0.0208664145320654,0.00270368810743093
6.9301381111145,-32.0819320678711,-0.022679815068841,0.00265222135931253
7.18798446655273,-32.0851516723633,-0.0231945589184761,0.00262359529733658
7.44602298736572,-32.0885276794434,-0.0242960676550865,0.00260229408740997
7.70350408554077,-32.0915374755859,-0.022809499874711,0.00257648434489965
7.96184015274048,-32.0949440002441,-0.0247455108910799,0.00251926574856043
-6.91851234436035,-32.1668968200684,0.0216298084706068,0.0023064874112606
-6.66480827331543,-32.1688232421875,0.0280126631259918,0.002299465239048
-6.4095344543457,-32.1713943481445,0.0270743500441313,0.00238803587853909
-6.15416383743286,-32.1741065979004,0.0259194821119308,0.00242063775658607
-5.8984580039978,-32.1769676208496,0.023400355130434,0.00246638245880604
-5.64341878890991,-32.1796112060547,0.0243035480380058,0.00245377607643604
-5.38878965377808,-32.1822891235352,0.0274048317223787,0.00238350965082645
-5.13379573822021,-32.1852416992188,0.0290079470723867,0.00238433293998241
-4.87810516357422,-32.1883811950684,0.0275282971560955,0.00249317847192287
-4.62248468399048,-32.1912574768066,0.026584642007947,0.00264355912804604
-4.36687707901001,-32.1939888000488,0.02591647580266,0.002753846347332
-4.11051988601685,-32.197151184082,0.0219748374074697,0.00281166844069958
-3.85386157035828,-32.2008590698242,0.0169199556112289,0.00292239710688591
-3.59798884391785,-32.2041969299316,0.015784028917551,0.0029598344117403
-3.34242677688599,-32.2072486877441,0.016311414539814,0.00292213633656502
-3.08705925941467,-32.2100257873535,0.0179464034736156,0.00284112244844437
-2.83097815513611,-32.213207244873,0.0165001172572374,0.00276048667728901
-2.57491397857666,-32.2163391113281,0.015362118370831,0.00276179984211922
-2.31911897659302,-32.2192344665527,0.0156855192035437,0.00281895324587822
-2.06375074386597,-32.221736907959,0.0181790553033352,0.00290479324758053
-1.80835342407227,-32.2244186401367,0.020775469020009,0.00298088602721691
-1.55257272720337,-32.2273597717285,0.0218385066837072,0.00313504785299301
-1.29670512676239,-32.2303237915039,0.0227235238999128,0.00319833867251873
-1.04029583930969,-32.2335014343262,0.0213508009910583,0.00311549939215183
-0.783504486083984,-32.2368125915527,0.0184619668871164,0.00303899310529232
-0.526885628700256,-32.2400703430176,0.0166003182530403,0.00299667939543724
-0.270956575870514,-32.2428550720215,0.01808768697083,0.00294441170990467
-0.0146695002913475,-32.2457962036133,0.018170477822423,0.00291538052260876
0.242248877882957,-32.2491493225098,0.0156381502747536,0.00296328216791153
0.499376147985458,-32.2525939941406,0.0123981889337301,0.00306359678506851
0.756300389766693,-32.2557144165039,0.0102838380262256,0.00316121429204941
1.01301896572113,-32.2587776184082,0.00933268014341593,0.00319240987300873
1.2693704366684,-32.2618026733398,0.0102740218862891,0.00321663543581963
1.52555334568024,-32.2648429870605,0.0122030135244131,0.00319743156433105
1.78172540664673,-32.2676467895508,0.0143684800714254,0.00316497683525085
2.03831028938293,-32.2705497741699,0.0148983635008335,0.00315438397228718
2.29524326324463,-32.2737159729004,0.0141140520572662,0.00310757383704185
2.55243730545044,-32.2771110534668,0.0124113094061613,0.00307935290038586
2.80999183654785,-32.2806625366211,0.00934137031435966,0.00304921716451645
3.06728148460388,-32.2838821411133,0.00765418726950884,0.00306326523423195
3.32414078712463,-32.2869300842285,0.00809980556368828,0.00313727743923664
3.58141255378723,-32.2902641296387,0.0069632176309824,0.00308946333825588
3.83893775939941,-32.2937469482422,0.0049446769990027,0.00290569476783276
4.09659814834595,-32.2972297668457,0.00255827629007399,0.00280455872416496
4.35378837585449,-32.3003807067871,0.00244575296528637,0.00286814849823713
4.61124277114868,-32.3035736083984,0.00139630574267358,0.00296234618872404
4.86924600601196,-32.3071327209473,-0.00180626113433391,0.00296028424054384
5.12790060043335,-32.3110122680664,-0.00760331191122532,0.00296933203935623
5.3867301940918,-32.3149604797363,-0.0139139536768198,0.00296942144632339
5.64516401290894,-32.3185768127441,-0.0182820800691843,0.00291982851922512
5.90269041061401,-32.3217124938965,-0.0184933692216873,0.00275120418518782
6.15976476669312,-32.3246459960938,-0.01652891933918,0.00269872229546309
6.41719532012939,-32.327709197998,-0.0158886946737766,0.00267067551612854
6.67553853988647,-32.3311424255371,-0.0189594142138958,0.00268330331891775
6.93420362472534,-32.3350028991699,-0.0231389850378036,0.002655990421772
7.19204616546631,-32.3383712768555,-0.0235735177993774,0.00261285528540611
7.44949340820312,-32.341495513916,-0.0221037324517965,0.002580676227808
7.70692157745361,-32.3444938659668,-0.0203506126999855,0.00253964122384787
7.96478176116943,-32.3476066589355,-0.0202300045639277,0.00249594729393721
-6.91509675979614,-32.4183807373047,0.021520746871829,0.0022715050727129
-6.66071033477783,-32.4209289550781,0.0247181951999664,0.00223078206181526
-6.40574598312378,-32.4234046936035,0.0253210347145796,0.00227497145533562
-6.15043258666992,-32.4261512756348,0.0245005879551172,0.00233370438218117
-5.89505195617676,-32.428840637207,0.0235806461423635,0.00238293595612049
-5.63990783691406,-32.4317092895508,0.0240540951490402,0.00240462459623814
-5.38507127761841,-32.434513092041,0.0262242816388607,0.00237562879920006
-5.1300482749939,-32.4374656677246,0.02773841843009,0.00233875960111618
-4.87466287612915,-32.4405517578125,0.0277588572353125,0.00239169597625732
-4.61918973922729,-32.4434432983398,0.0275673102587461,0.00254443101584911
-4.36375045776367,-32.4460220336914,0.027727035805583,0.00262448377907276
-4.10784387588501,-32.4488754272461,0.0259275138378143,0.00266977772116661
-3.85154914855957,-32.4523735046387,0.0226071905344725,0.00277306139469147
-3.59549236297607,-32.455753326416,0.0206397362053394,0.00281163863837719
-3.33948278427124,-32.459056854248,0.0191222075372934,0.00278538465499878
-3.08382177352905,-32.4620323181152,0.0194405596703291,0.00270897150039673
-2.82768726348877,-32.4652481079102,0.0177896674722433,0.00260549783706665
-2.57139253616333,-32.4685134887695,0.0156294852495193,0.00263557396829128
-2.31560254096985,-32.4715042114258,0.0160328671336174,0.00273801758885384
-2.06044340133667,-32.4739685058594,0.0195419043302536,0.00285422615706921
-1.80508017539978,-32.4766998291016,0.0223457720130682,0.00291235186159611
-1.54903995990753,-32.4797477722168,0.0222569238394499,0.0030000414699316
-1.2927725315094,-32.4829711914062,0.0213628523051739,0.00307540968060493
-1.03603863716125,-32.4863014221191,0.0185531731694937,0.00305351428687572
-0.77914571762085,-32.4895820617676,0.0152413994073868,0.00300628878176212
-0.522831320762634,-32.4926795959473,0.0148145658895373,0.00300286710262299
-0.267195343971252,-32.4954223632812,0.0176927857100964,0.00299081020057201
-0.010946755297482,-32.4984893798828,0.0180130377411842,0.0029313787817955
0.245777323842049,-32.5017852783203,0.0164077486842871,0.00292852148413658
0.502585113048553,-32.5050163269043,0.0146442241966724,0.00301353260874748
0.759488523006439,-32.5081253051758,0.0126619720831513,0.00311124138534069
1.01646685600281,-32.5113182067871,0.0105827366933227,0.00308406539261341
1.2728978395462,-32.5143013000488,0.0111985513940454,0.00306171551346779
1.52893757820129,-32.5172805786133,0.0138108180835843,0.00302502140402794
1.78495645523071,-32.520092010498,0.0167104918509722,0.00301727466285229
2.0415415763855,-32.5230979919434,0.0172899048775434,0.00299195386469364
2.29870510101318,-32.5263900756836,0.0155207300558686,0.00294095277786255
2.55606842041016,-32.5299224853516,0.0131152700632811,0.00296763144433498
2.81393337249756,-32.5336227416992,0.00871155597269535,0.00300300866365433
3.07142162322998,-32.536922454834,0.00618918379768729,0.0030193068087101
3.32853293418884,-32.5401496887207,0.00557721219956875,0.00301044248044491
3.58584094047546,-32.5435256958008,0.00433186301961541,0.0029220636934042
3.84319615364075,-32.5470314025879,0.00312187755480409,0.00284255668520927
4.10051250457764,-32.5504112243652,0.00229698559269309,0.00287294946610928
4.35750198364258,-32.553409576416,0.00310116726905107,0.00294963456690311
4.6150074005127,-32.5566520690918,0.00187393964733928,0.00292682461440563
4.87322854995728,-32.5603370666504,-0.0022328021004796,0.00289312284439802
5.13192081451416,-32.5642051696777,-0.00815259013324976,0.0029727453365922
5.39081048965454,-32.5681343078613,-0.0146879088133574,0.00302775390446186
5.64964437484741,-32.5719757080078,-0.0207379329949617,0.00295259803533554
5.90708923339844,-32.5751571655273,-0.0205368511378765,0.00279144011437893
6.16356563568115,-32.5779571533203,-0.0159275569021702,0.00270924437791109
6.42060041427612,-32.5807075500488,-0.0135566825047135,0.00266302935779095
6.67923593521118,-32.5841827392578,-0.0178561080247164,0.00266848597675562
6.93823671340942,-32.5881767272949,-0.0234373044222593,0.00264805927872658
7.19589757919312,-32.5916213989258,-0.0230288226157427,0.0025783060118556
7.45298624038696,-32.5946044921875,-0.0199803560972214,0.00252101756632328
7.71014404296875,-32.5974769592285,-0.0170352179557085,0.00245714001357555
7.9675817489624,-32.6003608703613,-0.0150838494300842,0.00236866716295481
8.22435283660889,-32.6029930114746,-0.0100798336789012,0.00202274043112993
-6.91203880310059,-32.669734954834,0.0231206603348255,0.00224518217146397
-6.65732955932617,-32.6724624633789,0.0248197577893734,0.00217027589678764
-6.40234851837158,-32.6751365661621,0.0254166461527348,0.00218794122338295
-6.14740180969238,-32.677734375,0.0263962112367153,0.00221334025263786
-5.89215230941772,-32.6805877685547,0.0261744111776352,0.00228502973914146
-5.63669157028198,-32.6837997436523,0.0252118892967701,0.0023862961679697
-5.3814115524292,-32.6868591308594,0.0253296904265881,0.00240536592900753
-5.12609148025513,-32.6898612976074,0.0254762191325426,0.00232542864978313
-4.87072324752808,-32.6929054260254,0.0256285220384598,0.00231526605784893
-4.61529493331909,-32.6958045959473,0.0257023181766272,0.00241849385201931
-4.36006212234497,-32.6983261108398,0.0268861595541239,0.00251135975122452
-4.10472917556763,-32.7009353637695,0.0278313178569078,0.00253789126873016
-3.848881483078,-32.7041320800781,0.0266340617090464,0.0025820154696703
-3.59281730651855,-32.7074851989746,0.0246663745492697,0.00259665586054325
-3.33673691749573,-32.7108039855957,0.0228543411940336,0.00258016213774681
-3.08103847503662,-32.7137641906738,0.0230316985398531,0.00255194306373596
-2.82487487792969,-32.7170104980469,0.0212865434587002,0.00247004628181458
-2.56828713417053,-32.7204742431641,0.0178155675530434,0.0025334320962429
-2.3122820854187,-32.7236328125,0.0172738432884216,0.00267125107347965
-2.05713534355164,-32.7261962890625,0.0208963099867105,0.00280883722007275
-1.80191957950592,-32.7288703918457,0.0244222600013018,0.00286467932164669
-1.54575169086456,-32.7320594787598,0.023797869682312,0.00288241729140282
-1.28901159763336,-32.7355308532715,0.0207840744405985,0.00293978117406368
-1.03203499317169,-32.7389678955078,0.0169095899909735,0.0029849149286747
-0.775544047355652,-32.7420997619629,0.0154847037047148,0.00300289504230022
-0.519546389579773,-32.745002746582,0.0165376905351877,0.00304247625172138
-0.26382127404213,-32.7478523254395,0.0190599914640188,0.00304041616618633
-0.00759204430505633,-32.7509994506836,0.0195204541087151,0.00297848507761955
0.248985707759857,-32.7542686462402,0.0186235923320055,0.00293465331196785
0.505963742733002,-32.7575912475586,0.0161320399492979,0.00297313183546066
0.763185739517212,-32.7608451843262,0.012754918076098,0.00302114710211754
1.02011442184448,-32.7639846801758,0.010938772931695,0.00292226113379002
1.2763546705246,-32.7668647766113,0.0124518759548664,0.00282940268516541
1.53219306468964,-32.7697105407715,0.0160020142793655,0.00280267372727394
1.78825151920319,-32.7726097106934,0.0187731850892305,0.00281808897852898
2.04486322402954,-32.7757377624512,0.0192865096032619,0.00283428654074669
2.30211496353149,-32.779109954834,0.0171694625169039,0.00282746553421021
2.55946159362793,-32.7826156616211,0.0148757863789797,0.00290107913315296
2.81717467308044,-32.7861328125,0.0111714825034142,0.00294802337884903
3.07476997375488,-32.7895088195801,0.00821734126657248,0.00292301177978516
3.33235669136047,-32.7930603027344,0.00555861089378595,0.00282918475568295
3.59002184867859,-32.7966957092285,0.00279614236205816,0.00276526249945164
3.84750843048096,-32.800235748291,0.00105277425609529,0.00283414870500565
4.10462999343872,-32.8034057617188,0.0011157188564539,0.00293940119445324
4.36164236068726,-32.8064842224121,0.00187499495223165,0.00295408815145493
4.6192102432251,-32.8099250793457,0.000440350413555279,0.00282993353903294
4.87750244140625,-32.8137016296387,-0.00392092112451792,0.00277603231370449
5.13598394393921,-32.8174247741699,-0.00888452399522066,0.00286316685378551
5.39447450637817,-32.8211669921875,-0.0136415800079703,0.00290032289922237
5.65324735641479,-32.825023651123,-0.019379636272788,0.0028365571051836
5.9106125831604,-32.8282203674316,-0.0187871679663658,0.0027228519320488
6.16723155975342,-32.8310279846191,-0.0147593785077333,0.00268576294183731
6.42424011230469,-32.8338356018066,-0.0122257759794593,0.00266072899103165
6.68308591842651,-32.8374443054199,-0.0173829030245543,0.00264900922775269
6.94206762313843,-32.8414611816406,-0.0228353682905436,0.00259697623550892
7.19967222213745,-32.8449249267578,-0.0221387036144733,0.00253462139517069
7.45678758621216,-32.8479461669922,-0.0191584788262844,0.00245731230825186
7.71403551101685,-32.8509140014648,-0.016545943915844,0.00234624277800322
7.97143173217773,-32.8537559509277,-0.0143782403320074,0.00220505706965923
8.22915077209473,-32.8568344116211,-0.013354049064219,0.00194879528135061
-6.90886068344116,-32.9213218688965,0.024152684956789,0.00224859453737736
-6.65414810180664,-32.9240074157715,0.0258782431483269,0.00215089693665504
-6.39915084838867,-32.9267196655273,0.0264482889324427,0.00217402540147305
-6.14434766769409,-32.9292984008789,0.0281677059829235,0.00213482417166233
-5.88911867141724,-32.9322891235352,0.0281049590557814,0.0021879319101572
-5.63348913192749,-32.9356498718262,0.0263921469449997,0.0023237057030201
-5.3779468536377,-32.9388961791992,0.0253224968910217,0.00238935649394989
-5.12229347229004,-32.9420890808105,0.0239453800022602,0.00232278369367123
-4.86675930023193,-32.945182800293,0.0233598221093416,0.0022742785513401
-4.61129474639893,-32.9480781555176,0.023314731195569,0.00234883651137352
-4.35598516464233,-32.950756072998,0.0242061913013458,0.00243484973907471
-4.10057020187378,-32.9535598754883,0.0248391889035702,0.00244900397956371
-3.84481072425842,-32.9567031860352,0.0241062995046377,0.00245164148509502
-3.58899712562561,-32.9598846435547,0.023353535681963,0.00246023945510387
-3.33324074745178,-32.9629402160645,0.0230867173522711,0.00248869694769382
-3.07758235931396,-32.9658889770508,0.0234974976629019,0.00250532291829586
-2.82154297828674,-32.969123840332,0.0223795156925917,0.00245517864823341
-2.56526875495911,-32.9725494384766,0.0204176381230354,0.00252470187842846
-2.30931234359741,-32.9756889343262,0.0201422963291407,0.00265128165483475
-2.05406928062439,-32.9782981872559,0.023359565064311,0.00278216972947121
-1.79869854450226,-32.9810371398926,0.0262124370783567,0.00287673063576221
-1.54258453845978,-32.984203338623,0.0258773881942034,0.00287867709994316
-1.28585016727448,-32.9876518249512,0.0229276660829782,0.00287950411438942
-1.02908253669739,-32.9910545349121,0.0200571026653051,0.00295144319534302
-0.772935152053833,-32.9940872192383,0.0202456004917622,0.00302453339099884
-0.516730427742004,-32.9971504211426,0.0203987900167704,0.00305814854800701
-0.260603606700897,-33.0002632141113,0.0211424417793751,0.00301752239465714
-0.00428776303306222,-33.0034255981445,0.0212473887950182,0.00291679240763187
0.252253413200378,-33.006721496582,0.020562132820487,0.00289582833647728
0.509515404701233,-33.0102272033691,0.0168352145701647,0.00292421504855156
0.76688939332962,-33.0135498046875,0.0128160817548633,0.002922547981143
1.02349603176117,-33.0165519714355,0.0124931950122118,0.00278103537857533
1.27952325344086,-33.0193862915039,0.0150097142904997,0.00268371403217316
1.53548443317413,-33.0223007202148,0.0180502459406853,0.00266707316040993
1.79192852973938,-33.0253715515137,0.0191372167319059,0.00270433351397514
2.04864406585693,-33.0285758972168,0.0192362181842327,0.00276651605963707
2.30577850341797,-33.0319862365723,0.0176962111145258,0.00282447226345539
2.56300830841064,-33.0354347229004,0.0159624963998795,0.00291408970952034
2.82044625282288,-33.0387573242188,0.0135108139365911,0.00292258895933628
3.0779230594635,-33.0421409606934,0.0111271366477013,0.00285213626921177
3.33561778068542,-33.0458221435547,0.00804096553474665,0.0027296170592308
3.59364938735962,-33.0495948791504,0.00369961536489427,0.00271466933190823
3.85151219367981,-33.0531883239746,0.000329289119690657,0.0028347559273243
4.10886907577515,-33.0564842224121,-0.000593223434407264,0.0028864424675703
4.36586141586304,-33.0596733093262,0.000317497062496841,0.00284608453512192
4.62323760986328,-33.0630950927734,-0.000224119343329221,0.00269817374646664
4.88151597976685,-33.0668907165527,-0.00447795120999217,0.00265428423881531
5.13979148864746,-33.0705299377441,-0.00849693641066551,0.0026993453502655
5.39785289764404,-33.0741157531738,-0.011342073790729,0.00271584838628769
5.65599155426025,-33.0776824951172,-0.014293129555881,0.0026912409812212
5.91325426101685,-33.0808753967285,-0.0132179716601968,0.00262607634067535
6.17039346694946,-33.083911895752,-0.0114040141925216,0.00262837111949921
6.42789554595947,-33.0870132446289,-0.0109494756907225,0.00258754380047321
6.68675899505615,-33.0908241271973,-0.0161162335425615,0.00253359973430634
6.94558048248291,-33.0948143005371,-0.0208340715616941,0.00250090286135674
7.20361995697021,-33.0984764099121,-0.0219576694071293,0.00248825643211603
7.46104383468628,-33.1015930175781,-0.0202572550624609,0.00241016130894423
7.71851968765259,-33.1045913696289,-0.0185784231871367,0.00226564798504114
7.97606229782104,-33.107608795166,-0.0169708654284477,0.00212880969047546
8.23392581939697,-33.1107635498047,-0.0165123492479324,0.0019408855587244
-6.90558767318726,-33.1731033325195,0.0247347913682461,0.00227423943579197
-6.65088558197021,-33.1757545471191,0.0265546571463346,0.002162991091609
-6.39587020874023,-33.1785850524902,0.0271011851727962,0.0021579060703516
-6.14092016220093,-33.1813545227051,0.0281820427626371,0.002114063128829
-5.88570833206177,-33.1843299865723,0.0282515939325094,0.00214505754411221
-5.63016891479492,-33.1876335144043,0.0270140301436186,0.00227248296141624
-5.37482738494873,-33.1908187866211,0.0269480422139168,0.00236942991614342
-5.11930847167969,-33.1939277648926,0.0262478478252888,0.00233255326747894
-4.86367654800415,-33.1970100402832,0.0252385046333075,0.00228937715291977
-4.60798645019531,-33.2000694274902,0.0241811200976372,0.00230389274656773
-4.35244035720825,-33.2030792236328,0.0240361988544464,0.00236818753182888
-4.09680414199829,-33.2061424255371,0.0236978232860565,0.0023663304746151
-3.84102034568787,-33.2093238830566,0.0229045916348696,0.00238529033958912
-3.58534693717957,-33.2123069763184,0.0228410586714745,0.00245868414640427
-3.32976174354553,-33.2151145935059,0.023398594930768,0.00255153700709343
-3.07404208183289,-33.2180519104004,0.0235650800168514,0.00255616940557957
-2.81805515289307,-33.2213401794434,0.02274782769382,0.00251604244112968
-2.5622398853302,-33.224609375,0.0229636617004871,0.00254521891474724
-2.30664372444153,-33.2275314331055,0.0243875682353973,0.00262603349983692
-2.05108022689819,-33.2303581237793,0.0261727757751942,0.00273948535323143
-1.79528594017029,-33.2333145141602,0.0271190218627453,0.00283324532210827
-1.53925359249115,-33.2363662719727,0.0271935202181339,0.00283532217144966
-1.28283667564392,-33.2396697998047,0.0257410053163767,0.00278988108038902
-1.02620577812195,-33.2431030273438,0.0235471483319998,0.00283010490238667
-0.769937694072723,-33.2463226318359,0.0232388582080603,0.00288241915404797
-0.513588845729828,-33.24951171875,0.022782564163208,0.00289498269557953
-0.25740173459053,-33.252613067627,0.0232873316854239,0.002844063565135
-0.00113863800652325,-33.2557373046875,0.0236703399568796,0.00276863574981689
0.255502104759216,-33.2590866088867,0.0225755609571934,0.00280709192156792
0.512940645217896,-33.262767791748,0.0181038286536932,0.00286703929305077
0.770352602005005,-33.2661247253418,0.0139573998749256,0.00284730456769466
1.02670311927795,-33.2691192626953,0.0148424599319696,0.00270217657089233
1.28274059295654,-33.2719955444336,0.0173573829233646,0.00263488292694092
1.53903901576996,-33.2750968933105,0.0189318712800741,0.00266531109809875
1.79601883888245,-33.2784309387207,0.0176693834364414,0.00267766788601875
2.0529637336731,-33.2817611694336,0.0167949125170708,0.00270149856805801
2.30999612808228,-33.2851104736328,0.0157574135810137,0.00276258029043674
2.56706881523132,-33.2884788513184,0.014769266359508,0.00281336903572083
2.82431268692017,-33.2917823791504,0.013233426027,0.00280597805976868
3.08165216445923,-33.2951965332031,0.0115139679983258,0.00275195948779583
3.33910894393921,-33.2986907958984,0.00951086170971394,0.00269337743520737
3.59712338447571,-33.3023643493652,0.00527444016188383,0.0027178730815649
3.85500955581665,-33.3059387207031,0.00183895218651742,0.00276128575205803
4.11246871948242,-33.3093109130859,0.00051434466149658,0.00275165773928165
4.36962461471558,-33.3126525878906,0.000759014801587909,0.00268158689141273
4.62696838378906,-33.3161010742188,0.000409095053328201,0.00257730670273304
4.88535642623901,-33.3200035095215,-0.00427226303145289,0.00255707092583179
5.14363527297974,-33.3237686157227,-0.00824699550867081,0.00258556008338928
5.40149259567261,-33.3273544311523,-0.0101499119773507,0.0026080310344696
5.6589822769165,-33.3306198120117,-0.0102475713938475,0.00258014909923077
5.91617012023926,-33.3337364196777,-0.00881693884730339,0.00254157185554504
6.17400026321411,-33.3371086120605,-0.00994819868355989,0.0025184266269207
6.43206644058228,-33.3405303955078,-0.0118728317320347,0.00247918255627155
6.69048500061035,-33.3442306518555,-0.0150690646842122,0.00242592580616474
6.94881248474121,-33.3479385375977,-0.0176314674317837,0.00243854336440563
7.20733690261841,-33.3518257141113,-0.0207928828895092,0.00245743617415428
7.4653754234314,-33.3553085327148,-0.021663885563612,0.00238880142569542
7.72314310073853,-33.358455657959,-0.0211813785135746,0.00225239805877209
7.9808349609375,-33.3615875244141,-0.0201523900032043,0.00210880767554045
8.23868274688721,-33.3647575378418,-0.0195696242153645,0.00196037162095308
-6.90211725234985,-33.4251747131348,0.0243771690875292,0.00234045274555683
-6.64734697341919,-33.4278678894043,0.0259250439703465,0.00222186744213104
-6.39256381988525,-33.4305267333984,0.0276274736970663,0.00211233273148537
-6.13758420944214,-33.433292388916,0.0286145061254501,0.00204989872872829
-5.88238716125488,-33.4363136291504,0.0288090892136097,0.0021011121571064
-5.62704563140869,-33.4395484924316,0.0285642128437757,0.002252496778965
-5.37168645858765,-33.4427604675293,0.0284605957567692,0.00236167013645172
-5.11619901657104,-33.4458808898926,0.0279606245458126,0.00231851078569889
-4.86042070388794,-33.4490928649902,0.0263123083859682,0.0022287629544735
-4.60461044311523,-33.4522972106934,0.0247465409338474,0.00224419310688972
-4.34885311126709,-33.4554672241211,0.0236620586365461,0.00230187922716141
-4.09300708770752,-33.4587593078613,0.0224040877074003,0.0022942628711462
-3.83710241317749,-33.4620590209961,0.02110555768013,0.00230656936764717
-3.58140254020691,-33.465015411377,0.0209636222571135,0.0024383831769228
-3.3259608745575,-33.467601776123,0.0222232006490231,0.00257937796413898
-3.07040643692017,-33.4703636169434,0.0231951791793108,0.00259843468666077
-2.81462979316711,-33.4735412597656,0.0233993045985699,0.00253811664879322
-2.558913230896,-33.4767684936523,0.0241187997162342,0.00253292731940746
-2.30343127250671,-33.4797248840332,0.026125805452466,0.00261467695236206
-2.0480489730835,-33.4824409484863,0.0287869274616241,0.00272818841040134
-1.79241478443146,-33.4852638244629,0.0305027421563864,0.00279801152646542
-1.53632462024689,-33.4883995056152,0.0303576663136482,0.00276411883533001
-1.27981603145599,-33.4917945861816,0.0285307075828314,0.00270493701100349
-1.02318549156189,-33.4952735900879,0.0263840518891811,0.00271164625883102
-0.766719460487366,-33.4986343383789,0.0252188835293055,0.00276614166796207
-0.510441780090332,-33.5018424987793,0.0251342840492725,0.00277190282940865
-0.254250675439835,-33.5049362182617,0.0256606731563807,0.00269117951393127
0.00197676499374211,-33.5080757141113,0.0262497458606958,0.00262066349387169
0.258723258972168,-33.5115127563477,0.024720860645175,0.00268593430519104
0.516264975070953,-33.5152397155762,0.0198237150907516,0.00281610526144505
0.773750424385071,-33.5187568664551,0.0154035780578852,0.00280667282640934
1.0302746295929,-33.5218048095703,0.0155461868271232,0.00268097035586834
1.28619313240051,-33.5246849060059,0.0186461396515369,0.00259301252663136
1.54258739948273,-33.5278739929199,0.0198391824960709,0.00261016748845577
1.79971718788147,-33.5313339233398,0.0179572869092226,0.00263996981084347
2.05695939064026,-33.5348052978516,0.0158017240464687,0.00265171378850937
2.31401348114014,-33.5382232666016,0.0147207928821445,0.00270566903054714
2.57104563713074,-33.5415802001953,0.0139610888436437,0.00276344083249569
2.8280348777771,-33.5447959899902,0.0136038204655051,0.00276176072657108
3.08514022827148,-33.5480537414551,0.012957664206624,0.0026935413479805
3.34260535240173,-33.5515670776367,0.0109618101269007,0.00263234227895737
3.60066270828247,-33.5553207397461,0.00658569158986211,0.00263780541718006
3.85878658294678,-33.5590019226074,0.00214693276211619,0.00269372016191483
4.11618900299072,-33.5623931884766,0.00111982552334666,0.00268242508172989
4.37307548522949,-33.565673828125,0.002595225116238,0.00256785750389099
4.63053607940674,-33.5692405700684,0.00178459822200239,0.00244741141796112
4.88895797729492,-33.5731658935547,-0.00300200679339468,0.00242331996560097
5.14745426177979,-33.5770683288574,-0.00787551794201136,0.00249374657869339
5.40532159805298,-33.580623626709,-0.00978126097470522,0.00253094360232353
5.66262197494507,-33.583869934082,-0.00900657195597887,0.00249748304486275
5.91984701156616,-33.5870208740234,-0.00769199011847377,0.00245913676917553
6.17740964889526,-33.5902442932129,-0.00762854656204581,0.0024307556450367
6.43557167053223,-33.5937080383301,-0.00992748979479074,0.00238286890089512
6.69417142868042,-33.5975036621094,-0.0138575006276369,0.00234359316527843
6.95283126831055,-33.6015396118164,-0.0177809819579124,0.00239172205328941
7.21133327484131,-33.6054801940918,-0.0207931473851204,0.0024509783834219
7.46960973739624,-33.6090927124023,-0.0226326081901789,0.00241811573505402
7.72772121429443,-33.6124572753906,-0.0235605072230101,0.00228423066437244
7.9855694770813,-33.6156234741211,-0.0231530535966158,0.0021210340783
8.24342346191406,-33.6188125610352,-0.0225423965603113,0.00200601387768984
-6.898362159729,-33.677547454834,0.0226622726768255,0.0023941770195961
-6.64345693588257,-33.6803550720215,0.0236219074577093,0.00230592675507069
-6.3885612487793,-33.6831359863281,0.0248523056507111,0.00221228040754795
-6.13361597061157,-33.6859092712402,0.0260615721344948,0.00214868783950806
-5.87868118286133,-33.6887588500977,0.0275559462606907,0.0021777618676424
-5.62388324737549,-33.691650390625,0.0299359373748302,0.00230312347412109
-5.36913633346558,-33.6944923400879,0.0327737852931023,0.00240302085876465
-5.11402463912964,-33.6974067687988,0.0340880453586578,0.002360500395298
-4.85827445983887,-33.7006340026855,0.0326112471520901,0.00224707834422588
-4.60225105285645,-33.7040519714355,0.0300905518233776,0.0022126529365778
-4.34618234634399,-33.7075500488281,0.0276046004146338,0.00223252363502979
-4.09005546569824,-33.711124420166,0.0250895749777555,0.0022317711263895
-3.83401393890381,-33.7144889831543,0.0231914818286896,0.00230426527559757
-3.57832407951355,-33.7172966003418,0.023121690377593,0.00251900590956211
-3.32289958000183,-33.719669342041,0.0244779828935862,0.00271530635654926
-3.06724810600281,-33.7223205566406,0.0250211041420698,0.00273060984909534
-2.81142950057983,-33.7254486083984,0.0250661075115204,0.00261148251593113
-2.55585217475891,-33.7286224365234,0.0264752507209778,0.00251743011176586
-2.30047225952148,-33.731616973877,0.029006939381361,0.00250998698174953
-2.04495739936829,-33.7344932556152,0.0311098974198103,0.00256919674575329
-1.78913617134094,-33.7374382019043,0.0320108607411385,0.00262999720871449
-1.53301596641541,-33.7405662536621,0.0317684188485146,0.00259370356798172
-1.27652287483215,-33.7439880371094,0.0300598870962858,0.00249768048524857
-1.01975214481354,-33.747673034668,0.0273334868252277,0.00243673473596573
-0.763015985488892,-33.7513236999512,0.0250004138797522,0.00241880863904953
-0.50658917427063,-33.7546615600586,0.0242914333939552,0.00239267572760582
-0.250478953123093,-33.7576675415039,0.0252264123409986,0.00234470888972282
0.00556565262377262,-33.7606391906738,0.0266804676502943,0.00235975719988346
0.262230068445206,-33.7640228271484,0.0255661197006702,0.00252647325396538
0.519779801368713,-33.767822265625,0.0206854436546564,0.00274125672876835
0.777208089828491,-33.7714157104492,0.0165790040045977,0.00280663929879665
1.03368103504181,-33.7745170593262,0.017005130648613,0.00275561958551407
1.28981447219849,-33.7775344848633,0.0191876050084829,0.00271937251091003
1.54665338993073,-33.7809524536133,0.0184370521456003,0.00272108428180218
1.80418431758881,-33.7846298217773,0.0148143945261836,0.00266163237392902
2.06160521507263,-33.7882194519043,0.011918350122869,0.0025648195296526
2.3186719417572,-33.7916526794434,0.0108366888016462,0.00253874622285366
2.57568550109863,-33.7950325012207,0.0102153774350882,0.0025544036179781
2.83260059356689,-33.798282623291,0.0102488240227103,0.00255693681538105
3.08948040008545,-33.8014831542969,0.0106578040868044,0.00254522450268269
3.34652996063232,-33.8047943115234,0.0105449417605996,0.0025510061532259
3.60406517982483,-33.8082695007324,0.00850982032716274,0.00257239677011967
3.86170482635498,-33.811767578125,0.00624476047232747,0.00257803685963154
4.11879777908325,-33.8150939941406,0.00662239454686642,0.00251100026071072
4.37567663192749,-33.8183898925781,0.00816836208105087,0.00240227952599525
4.63347768783569,-33.822078704834,0.00589958159253001,0.00233748741447926
4.89246559143066,-33.8262748718262,-0.00131770619191229,0.00236048176884651
5.15150499343872,-33.8305053710938,-0.00850264821201563,0.00244658440351486
5.40962600708008,-33.8342475891113,-0.0114540122449398,0.00248328968882561
5.66696834564209,-33.8375358581543,-0.0108102029189467,0.00244054384529591
5.92436742782593,-33.8407783508301,-0.0101972110569477,0.00238418579101562
6.18220233917236,-33.8441581726074,-0.0112538989633322,0.00233714282512665
6.44029235839844,-33.8476028442383,-0.0131872445344925,0.00228243321180344
6.69826030731201,-33.85107421875,-0.0143562685698271,0.00225704163312912
6.95635318756104,-33.8548126220703,-0.0158029422163963,0.00233867578208447
7.2148904800415,-33.8587989807129,-0.0189209580421448,0.00243669003248215
7.47356748580933,-33.8626899719238,-0.0224186666309834,0.00243592821061611
7.73209238052368,-33.8663482666016,-0.0250503420829773,0.00232863985002041
7.990149974823,-33.8696899414062,-0.0254740975797176,0.00220297090709209
8.24803924560547,-33.8729209899902,-0.0249631516635418,0.00215298309922218
