-8.54741668701172,31.6720066070557,-0.0175697095692158,0.281555727124214
-8.29476356506348,31.6751270294189,-0.016271211206913,0.281375929713249
-8.04148101806641,31.6781520843506,-0.0178026780486107,0.281162232160568
-7.78803157806396,31.6810436248779,-0.0199163872748613,0.281001552939415
-7.53492593765259,31.6837635040283,-0.0201439820230007,0.280956476926804
-7.28227806091309,31.6863479614258,-0.0179515015333891,0.281033426523209
-7.02966260910034,31.688943862915,-0.0153942154720426,0.281102061271667
-6.77647590637207,31.6916027069092,-0.0153582207858562,0.281001970171928
-6.52287626266479,31.6943302154541,-0.0170729458332062,0.280791208148003
-6.26907348632812,31.6971740722656,-0.0195277761667967,0.280593365430832
-6.01503038406372,31.7001495361328,-0.022889781743288,0.280436873435974
-5.76118803024292,31.7031631469727,-0.0250676888972521,0.280328810214996
-5.50806617736816,31.706090927124,-0.0236025750637054,0.280259490013123
-5.25546312332153,31.7089519500732,-0.0194745883345604,0.280154541134834
-5.0024881362915,31.7118549346924,-0.0168952699750662,0.279977217316628
-4.74863624572754,31.7148571014404,-0.0182310957461596,0.279830858111382
-4.49454784393311,31.7178649902344,-0.0204491876065731,0.279748395085335
-4.24100875854492,31.7208290100098,-0.0198634061962366,0.279660239815712
-3.98803305625916,31.7238750457764,-0.016428017988801,0.279547214508057
-3.73519611358643,31.7270526885986,-0.0121376626193523,0.279489800333977
-3.48218655586243,31.7303104400635,-0.00844727735966444,0.279486760497093
-3.2288670539856,31.7334861755371,-0.00599102582782507,0.279467537999153
-2.9750657081604,31.7364921569824,-0.00555943325161934,0.279438182711601
-2.72062468528748,31.7394104003906,-0.00786569621413946,0.279402613639832
-2.46556758880615,31.7423572540283,-0.0127850389108062,0.279344350099564
-2.2100145816803,31.7453479766846,-0.0197448246181011,0.279249310493469
-1.95449495315552,31.7483978271484,-0.0263022370636463,0.279110997915268
-1.69954979419708,31.7515392303467,-0.0299764666706324,0.278947457671165
-1.44548285007477,31.7548160552979,-0.0293953567743301,0.278866976499557
-1.19210481643677,31.757999420166,-0.0254516266286373,0.27891580760479
-0.938697755336761,31.7609710693359,-0.0214374680072069,0.278998270630836
-0.684730410575867,31.7639656066895,-0.0197669137269258,0.279028490185738
-0.430211693048477,31.767110824585,-0.0203835982829332,0.279054433107376
-0.175561100244522,31.7702922821045,-0.0213744267821312,0.279122561216354
0.0790472701191902,31.7734260559082,-0.0219503603875637,0.279181867837906
0.333505988121033,31.7766265869141,-0.0216282811015844,0.279194623231888
0.587602078914642,31.779878616333,-0.0194548591971397,0.279222726821899
0.841454327106476,31.7831783294678,-0.0159748941659927,0.279308259487152
1.09545969963074,31.7865753173828,-0.0129744969308376,0.279398888349533
1.3500143289566,31.7899627685547,-0.0122226998209953,0.279418364167213
1.60515296459198,31.7931346893311,-0.0138624366372824,0.279362350702286
1.86065113544464,31.7961444854736,-0.0168787594884634,0.279291182756424
2.11615610122681,31.799201965332,-0.0196923073381186,0.279247313737869
2.37101006507874,31.8023319244385,-0.0193850826472044,0.279230982065201
2.62510967254639,31.8056125640869,-0.0155183756724,0.279256135225296
2.87920832633972,31.8091716766357,-0.0114414021372795,0.279304131865501
3.13407206535339,31.8127117156982,-0.0105353910475969,0.279340133070946
3.38925528526306,31.8159770965576,-0.0108195981010795,0.279349774122238
3.64421081542969,31.8191165924072,-0.0098854061216116,0.279369607567787
3.89940309524536,31.8224563598633,-0.00977000501006842,0.279452845454216
4.15522289276123,31.8260631561279,-0.0121780736371875,0.279637038707733
4.41097354888916,31.8297309875488,-0.0140552371740341,0.279944628477097
4.66618490219116,31.8333568572998,-0.0133558670058846,0.28028392791748
4.92109107971191,31.8367538452148,-0.0111138978973031,0.280528336763382
5.17603445053101,31.8400573730469,-0.00882090628147125,0.280567899346352
6.96238327026367,31.8647613525391,0.00562298996374011,0.28104168176651
7.21777486801147,31.8681392669678,0.007681870367378,0.281083047389984
-8.54505443572998,31.422966003418,-0.0120620988309383,0.281074851751328
-8.29247856140137,31.4260082244873,-0.0103831766173244,0.28088404238224
-8.03935623168945,31.4289226531982,-0.0111384205520153,0.280690133571625
-7.78610134124756,31.4317150115967,-0.0123080825433135,0.280564472079277
-7.53304386138916,31.4343757629395,-0.0123036280274391,0.280551120638847
-7.28002834320068,31.4370059967041,-0.0118757542222738,0.280639573931694
-7.02658414840698,31.4397525787354,-0.0132835851982236,0.280689865350723
-6.77259635925293,31.4425354003906,-0.0170658957213163,0.280552595853806
-6.51871204376221,31.4452381134033,-0.0201177336275578,0.280295327305794
-6.26514673233032,31.4479141235352,-0.0214152187108994,0.280054897069931
-6.01152038574219,31.4507160186768,-0.0227756127715111,0.279880061745644
-5.75793790817261,31.453634262085,-0.0236994419246912,0.279782831668854
-5.50482892990112,31.4565544128418,-0.0221587177366018,0.279727593064308
-5.25209856033325,31.4594783782959,-0.0186131577938795,0.279627963900566
-4.99908208847046,31.4624938964844,-0.0162118822336197,0.279457226395607
-4.74536418914795,31.4656028747559,-0.0168952941894531,0.279341250658035
-4.49140548706055,31.468656539917,-0.0184865165501833,0.279304832220078
-4.23772096633911,31.4715747833252,-0.0185664463788271,0.279234409332275
-3.98423981666565,31.474458694458,-0.017476124688983,0.279086321592331
-3.73077321052551,31.4774188995361,-0.0161008853465319,0.278970614075661
-3.47753024101257,31.4805335998535,-0.0134679600596428,0.278935313224792
-3.22460985183716,31.4836864471436,-0.00912852492183447,0.278925463557243
-2.97137117385864,31.4867172241211,-0.00606135698035359,0.278926059603691
-2.71701622009277,31.4896221160889,-0.00794756412506104,0.27889783680439
-2.46167230606079,31.4925651550293,-0.0141683090478182,0.278806567192078
-2.20605850219727,31.4955997467041,-0.0213843323290348,0.278676018118858
-1.95091736316681,31.4986743927002,-0.0261777080595493,0.278537735342979
-1.69650721549988,31.5017642974854,-0.0273781213909388,0.278409466147423
-1.44273734092712,31.5049362182617,-0.025423051789403,0.278363689780235
-1.18927705287933,31.5080871582031,-0.0218420680612326,0.278429433703423
-0.935569763183594,31.5111598968506,-0.0191817786544561,0.278502762317657
-0.681329488754272,31.5142955780029,-0.0187346637248993,0.278493404388428
-0.426706373691559,31.5174655914307,-0.0198061242699623,0.278462067246437
-0.172111958265305,31.5205192565918,-0.0205234866589308,0.278493389487267
0.0822790265083313,31.5234775543213,-0.0200988966971636,0.27856782078743
0.336461633443832,31.5265865325928,-0.0185150671750307,0.278627157211304
0.590528547763824,31.5298538208008,-0.0161960180848837,0.278678521513939
0.84480482339859,31.5331935882568,-0.0146058788523078,0.278736248612404
1.09937822818756,31.5365829467773,-0.0141333714127541,0.278775155544281
1.35409557819366,31.5399303436279,-0.0140869757160544,0.278761222958565
1.60881471633911,31.5430717468262,-0.0138301961123943,0.278711467981339
1.86362397670746,31.5460624694824,-0.0137566300109029,0.278669357299805
2.11863541603088,31.5491104125977,-0.0143622495234013,0.278652414679527
2.37336325645447,31.5522403717041,-0.0134855564683676,0.278642028570175
2.62759232521057,31.5555191040039,-0.0101849362254143,0.278651162981987
2.88193917274475,31.559024810791,-0.00719591369852424,0.278685703873634
3.13707756996155,31.5624675750732,-0.00748956110328436,0.278750374913216
3.39242935180664,31.5656547546387,-0.00850291457027197,0.278842464089394
3.64734745025635,31.5687713623047,-0.00738828862085938,0.278967395424843
3.90238952636719,31.5720958709717,-0.00660107797011733,0.279118597507477
4.15826606750488,31.5756359100342,-0.00924546644091606,0.279288306832314
4.41442680358887,31.579195022583,-0.0129010528326035,0.279501855373383
4.67010259628296,31.5827236175537,-0.0142068797722459,0.279722988605499
4.92512893676758,31.5861186981201,-0.0124680893495679,0.279894664883614
5.17983198165894,31.5894069671631,-0.00911173224449158,0.279962122440338
6.96651029586792,31.6138515472412,0.00404790323227644,0.280507281422615
7.22221565246582,31.6171836853027,0.004786292091012,0.280586048960686
-8.54151344299316,31.1737384796143,-0.0123007912188768,0.280593991279602
-8.28898811340332,31.1767272949219,-0.0103588560596108,0.280416384339333
-8.03560829162598,31.1795215606689,-0.0123383589088917,0.280367851257324
-7.78243446350098,31.1824131011963,-0.0130969164893031,0.280223771929741
-7.52915573120117,31.1850509643555,-0.0141368610784411,0.280173242092133
-7.27605438232422,31.1877136230469,-0.0140985520556569,0.280207797884941
-7.02244567871094,31.1905059814453,-0.0162706729024649,0.280199289321899
-6.76861429214478,31.1932945251465,-0.0192782245576382,0.280029848217964
-6.51492404937744,31.19606590271,-0.0213762708008289,0.279781758785248
-6.26157999038696,31.1987495422363,-0.0215974450111389,0.279575377702713
-6.00832271575928,31.2015590667725,-0.0211834199726582,0.279402449727058
-5.75490713119507,31.2043724060059,-0.0212986040860415,0.279296785593033
-5.50188970565796,31.2072944641113,-0.0193098671734333,0.279208391904831
-5.24892425537109,31.2101497650146,-0.0168613605201244,0.279120042920113
-4.99573278427124,31.2131290435791,-0.0152665842324495,0.278981924057007
-4.74200105667114,31.2162456512451,-0.0159978121519089,0.278872415423393
-4.4879994392395,31.2192230224609,-0.0177719444036484,0.27884304523468
-4.23419570922852,31.222131729126,-0.018390167504549,0.278745263814926
-3.98045420646667,31.2250118255615,-0.0184956286102533,0.278593808412552
-3.72683453559875,31.2279186248779,-0.0178107935935259,0.278489306569099
-3.47343254089355,31.2309303283691,-0.0158939938992262,0.278434887528419
-3.22025227546692,31.2340259552002,-0.0127346096560359,0.278391927480698
-2.96678280830383,31.2370262145996,-0.0107071315869689,0.278360858559608
-2.71259117126465,31.2399253845215,-0.011808062903583,0.27831394970417
-2.4578754901886,31.2428741455078,-0.0150999454781413,0.27821746468544
-2.20280456542969,31.2459411621094,-0.0197930056601763,0.278105050325394
-1.94811975955963,31.2489833831787,-0.0224707331508398,0.278008878231049
-1.69396352767944,31.2520294189453,-0.0224938243627548,0.277905479073524
-1.4401775598526,31.2552013397217,-0.0206009559333324,0.277889847755432
-1.18646395206451,31.2583122253418,-0.018165547400713,0.27794574201107
-0.93262791633606,31.2613792419434,-0.0160776898264885,0.278001949191093
-0.678264677524567,31.2645492553711,-0.0161745678633451,0.277964651584625
-0.42363315820694,31.2676982879639,-0.0172679889947176,0.277920484542847
-0.169202104210854,31.27073097229,-0.017229376360774,0.277946516871452
0.0852347388863564,31.2736988067627,-0.0169971622526646,0.277998894453049
0.339566946029663,31.2767601013184,-0.0160732492804527,0.278044492006302
0.593891978263855,31.2800025939941,-0.0148993926122785,0.278072252869606
0.848341047763824,31.2832183837891,-0.014067642390728,0.278101623058319
1.10289895534515,31.2865047454834,-0.0135063380002975,0.278147146105766
1.35768389701843,31.2898044586182,-0.0137429041787982,0.278124332427979
1.61222422122955,31.2929172515869,-0.0126675236970186,0.278093114495277
1.86688828468323,31.2959804534912,-0.0119277853518724,0.278094187378883
2.12169861793518,31.2990818023682,-0.0116219772025943,0.278099462389946
2.37631702423096,31.3022480010986,-0.0102451359853148,0.278114482760429
2.63062834739685,31.3054504394531,-0.00729364017024636,0.278146103024483
2.88511729240417,31.3088874816895,-0.00491850124672055,0.278187140822411
3.14043426513672,31.3122711181641,-0.00598446233198047,0.278298988938332
3.39551663398743,31.3155269622803,-0.00579532003030181,0.278428122401237
3.65052485466003,31.3186511993408,-0.0050618820823729,0.278550356626511
3.9054069519043,31.3219871520996,-0.00355686317197978,0.278709188103676
4.16116142272949,31.3254299163818,-0.00565365981310606,0.27884666621685
4.41716241836548,31.3288497924805,-0.00859964359551668,0.27899406850338
4.67263603210449,31.33225440979,-0.00901814177632332,0.279169663786888
4.92789459228516,31.3355846405029,-0.00827840995043516,0.279295966029167
5.18293428421021,31.3389053344727,-0.00637137610465288,0.279399290680885
5.43776512145996,31.3422336578369,-0.00335064739920199,0.27946263551712
5.69268560409546,31.3455829620361,-0.000507803692016751,0.279521569609642
5.94762563705444,31.3490180969238,0.00246149348095059,0.279664129018784
6.20288562774658,31.3525276184082,0.00425919611006975,0.279813125729561
6.45861721038818,31.3560962677002,0.00424440624192357,0.279910430312157
6.7146897315979,31.3595714569092,0.00298568583093584,0.279961585998535
6.97082138061523,31.3628845214844,0.00170000724028796,0.280077502131462
7.22689723968506,31.3661403656006,0.000876496196724474,0.280198380351067
-8.53736305236816,30.9244346618652,-0.0155137712135911,0.280142426490784
-8.28481960296631,30.927375793457,-0.0136358821764588,0.280008494853973
-8.03177165985107,30.930233001709,-0.0139858238399029,0.279947400093079
-7.77891206741333,30.9330444335938,-0.0132018318399787,0.279856607317924
-7.52583026885986,30.9357032775879,-0.0132725862786174,0.27982734143734
-7.27259254455566,30.9384117126465,-0.0138717638328671,0.279811307787895
-7.01843214035034,30.9411869049072,-0.01867082901299,0.279742062091827
-6.76393461227417,30.9440269470215,-0.024838550016284,0.279537975788116
-6.51053762435913,30.9468994140625,-0.0255041550844908,0.279272571206093
-6.25788974761963,30.9495506286621,-0.0223787985742092,0.279057487845421
-6.00528383255005,30.9524116516113,-0.0188468974083662,0.278902128338814
-5.75205326080322,30.9552040100098,-0.0180704295635223,0.278807580471039
-5.49894189834595,30.9580211639404,-0.0165093559771776,0.278736710548401
-5.24565744400024,30.960880279541,-0.015554515644908,0.278628155589104
-4.99229860305786,30.9638957977295,-0.0147299924865365,0.278452053666115
-4.7387056350708,30.9669609069824,-0.0147879887372255,0.27834615111351
-4.48485708236694,30.9698791503906,-0.0158255007117987,0.278341725468636
-4.23105716705322,30.9727363586426,-0.016410605981946,0.278246223926544
-3.97694659233093,30.9756565093994,-0.0182212311774492,0.278094425797462
-3.72251677513123,30.9784526824951,-0.0212929304689169,0.277945756912231
-3.46870088577271,30.9814071655273,-0.0212735086679459,0.277879372239113
-3.21586179733276,30.9844951629639,-0.0164966937154531,0.277842730283737
-2.96301651000977,30.9874973297119,-0.0115476259961724,0.277833819389343
-2.70901823043823,30.9903354644775,-0.0117312716320157,0.277794018387794
-2.45385122299194,30.9932155609131,-0.017084302380681,0.277652084827423
-2.19890809059143,30.9963359832764,-0.0211611147969961,0.27750651538372
-1.94502317905426,30.9994373321533,-0.0201395284384489,0.277427509427071
-1.69131207466125,31.0023860931396,-0.0181047655642033,0.277407586574554
-1.43774282932281,31.0054607391357,-0.0152081120759249,0.277438655495644
-1.1838002204895,31.0085411071777,-0.0138076851144433,0.277469962835312
-0.929421722888947,31.0116195678711,-0.0141781764104962,0.277505084872246
-0.675057828426361,31.0148963928223,-0.0142593216150999,0.277455061674118
-0.420576751232147,31.0181503295898,-0.0146514205262065,0.277370855212212
-0.166046991944313,31.0210418701172,-0.0150439804419875,0.277349427342415
0.088447317481041,31.0238456726074,-0.0150548052042723,0.277381122112274
0.342712104320526,31.0268363952637,-0.013809273019433,0.277456864714622
0.59694242477417,31.0301265716553,-0.0121920499950647,0.277518719434738
0.851731598377228,31.0333728790283,-0.0128710074350238,0.277517661452293
1.1067019701004,31.0366535186768,-0.0141389863565564,0.277493312954903
1.36152672767639,31.0398540496826,-0.0145314875990152,0.277456060051918
1.61575055122375,31.0429630279541,-0.0120199834927917,0.277469530701637
1.8699141740799,31.0459690093994,-0.00903161615133286,0.277511909604073
2.12462568283081,31.0490322113037,-0.00827102269977331,0.277571186423302
2.3792941570282,31.0521774291992,-0.0071015115827322,0.277612641453743
2.63369250297546,31.0554122924805,-0.00452129961922765,0.277629032731056
2.88814091682434,31.058837890625,-0.00195133301895112,0.277681425213814
3.14341259002686,31.0621776580811,-0.00280352565459907,0.277796447277069
3.39870762825012,31.0653781890869,-0.00353512959554791,0.277951613068581
3.65382671356201,31.0685367584229,-0.00327315018512309,0.278118148446083
3.90851807594299,31.0718936920166,-0.000915980199351907,0.278305277228355
4.16382074356079,31.0753040313721,-0.00102180009707808,0.278418630361557
4.41970825195312,31.0786037445068,-0.00346145080402493,0.278497532010078
4.67553424835205,31.081937789917,-0.00540492869913578,0.278590261936188
4.93098783493042,31.0852298736572,-0.00550179881975055,0.278679192066193
5.18603467941284,31.0885219573975,-0.0036119082942605,0.278805121779442
5.44093656539917,31.091869354248,-0.000885057845152915,0.278916507959366
5.69604825973511,31.0951957702637,0.00114646309521049,0.279036462306976
5.95130491256714,31.0985412597656,0.00276366341859102,0.279191181063652
6.20685005187988,31.101921081543,0.00335027556866407,0.279291063547134
6.4626636505127,31.1053619384766,0.0030029765330255,0.279416099190712
6.71901559829712,31.1087455749512,0.000567465031053871,0.279547423124313
6.97504425048828,31.1120643615723,-0.000255859864410013,0.279679223895073
7.23128652572632,31.1152439117432,-0.0017684530466795,0.279834106564522
-8.5328197479248,30.6751861572266,-0.020649703219533,0.279744535684586
-8.28013324737549,30.6780891418457,-0.0194343440234661,0.279671430587769
-8.02717113494873,30.6809253692627,-0.0193352121859789,0.279614955186844
-7.77445363998413,30.6838569641113,-0.017836844548583,0.279583260416985
-7.52158117294312,30.6866359710693,-0.0168685913085938,0.279540047049522
-7.26827239990234,30.689266204834,-0.0177809689193964,0.2794169485569
-7.01387929916382,30.6919612884521,-0.0236661732196808,0.279221415519714
-6.75929594039917,30.6947078704834,-0.0302143152803183,0.278972670435905
-6.50632333755493,30.6976795196533,-0.0288208108395338,0.278719007968903
-6.25436067581177,30.700439453125,-0.0224041156470776,0.278520286083221
-6.00242137908936,30.7033443450928,-0.015681579709053,0.27840381860733
-5.74944400787354,30.706127166748,-0.0136891035363078,0.278327032923698
-5.49615669250488,30.7088394165039,-0.012951435521245,0.278241530060768
-5.24245357513428,30.7116775512695,-0.0139574808999896,0.278110325336456
-4.98890686035156,30.7145767211914,-0.0140016842633486,0.277955442667007
-4.73526954650879,30.7175102233887,-0.0142490928992629,0.277824893593788
-4.48137760162354,30.7203578948975,-0.0154694253578782,0.277770280838013
-4.22761106491089,30.7232322692871,-0.0158762782812119,0.277660876512527
-3.97346425056458,30.7262210845947,-0.0178346037864685,0.277523145079613
-3.71875262260437,30.7291145324707,-0.0221984721720219,0.27738019824028
-3.46456122398376,30.732307434082,-0.023899732157588,0.277334153652191
-3.21169495582581,30.7352447509766,-0.0192225892096758,0.277293652296066
-2.95910215377808,30.7381191253662,-0.0130771370604634,0.277257427573204
-2.70500516891479,30.7408256530762,-0.0136916041374207,0.27715665102005
-2.44994688034058,30.7436618804932,-0.0185160413384438,0.276997208595276
-2.19551610946655,30.7467555999756,-0.0202099923044443,0.276917800307274
-1.94214332103729,30.7499179840088,-0.0168141573667526,0.276863321661949
-1.68884599208832,30.7529430389404,-0.0128663675859571,0.276877716183662
-1.43514335155487,30.7558689117432,-0.0105693014338613,0.276917636394501
-1.18073081970215,30.758846282959,-0.0113019766286016,0.276925921440125
-0.926051557064056,30.7619094848633,-0.0130256991833448,0.27693697810173
-0.671753108501434,30.7652111053467,-0.0127889616414905,0.276869744062424
-0.417535752058029,30.768461227417,-0.0119652580469847,0.276820942759514
-0.163081288337708,30.7712898254395,-0.0120000541210175,0.27679418027401
0.0916259959340096,30.7740612030029,-0.0129570532590151,0.276790782809258
0.346094280481339,30.7770290374756,-0.0126111982390285,0.276838794350624
0.600449442863464,30.7803249359131,-0.0115359351038933,0.276914983987808
0.855207562446594,30.7835674285889,-0.0120547190308571,0.276928052306175
1.11020576953888,30.7866840362549,-0.0134279662743211,0.276892840862274
1.36519622802734,30.7898540496826,-0.0145409256219864,0.276849523186684
1.61953508853912,30.7929916381836,-0.0125211337581277,0.276884347200394
1.87356162071228,30.7960777282715,-0.00889852922409773,0.277003765106201
2.12796449661255,30.7990379333496,-0.00674425018951297,0.277103558182716
2.38267469406128,30.8022174835205,-0.00574201205745339,0.27715340256691
2.6371009349823,30.8054428100586,-0.00326562090776861,0.277120366692543
2.8913881778717,30.8088092803955,3.39613761752844e-05,0.277197867631912
3.14633321762085,30.8120975494385,0.00063909578602761,0.277332365512848
3.40184497833252,30.8153018951416,-0.0010324704926461,0.277534261345863
3.65711259841919,30.8185997009277,-0.00140436319634318,0.277688696980476
3.91182374954224,30.821964263916,0.000882745487615466,0.277817636728287
4.16695642471313,30.8252334594727,0.00153544219210744,0.277870014309883
4.42250156402588,30.8283729553223,0.000605730398092419,0.2779301404953
4.67819404602051,30.8316307067871,-0.000743711832910776,0.278042539954185
4.93375587463379,30.8349609375,-0.00130047125276178,0.278135746717453
5.18904209136963,30.8382816314697,-0.000439017981989309,0.278256103396416
5.44431495666504,30.8416423797607,0.000697497394867241,0.278399899601936
5.69983863830566,30.8449993133545,0.000962907797656953,0.278560042381287
5.95551681518555,30.8482570648193,0.000781898619607091,0.278718113899231
6.21129035949707,30.8515815734863,0.000408370571676642,0.27883742749691
6.46678447723389,30.855001449585,0.0014575804816559,0.278989687561989
6.72239828109741,30.8583679199219,0.00220905127935112,0.279142886400223
6.97872018814087,30.8615207672119,0.000146452657645568,0.279295146465302
7.23493242263794,30.8646144866943,-0.00122215237934142,0.279464036226273
-8.52801036834717,30.4260425567627,-0.02709642611444,0.279386445879936
-8.27501487731934,30.4289360046387,-0.0273406561464071,0.279392883181572
-8.02257823944092,30.4317665100098,-0.0246644970029593,0.279317915439606
-7.76981687545776,30.4347324371338,-0.0233466774225235,0.279302969574928
-7.51716804504395,30.437572479248,-0.0212682820856571,0.279185488820076
-7.26414585113525,30.4402275085449,-0.0207719299942255,0.278958737850189
-7.01018047332764,30.4428844451904,-0.0245804078876972,0.278692364692688
-6.75581407546997,30.4454784393311,-0.0300658512860537,0.278440877795219
-6.5028657913208,30.4484710693359,-0.0285380221903324,0.278216987848282
-6.25089168548584,30.4513320922852,-0.0221530832350254,0.278041049838066
-5.99909496307373,30.4542694091797,-0.0147297540679574,0.2779281437397
-5.74628639221191,30.4569931030273,-0.0119193671271205,0.277828380465508
-5.4928822517395,30.4596481323242,-0.0117162568494678,0.277726113796234
-5.23904180526733,30.4624309539795,-0.0133522376418114,0.277575016021729
-4.98536825180054,30.4652900695801,-0.013971452601254,0.277448490262032
-4.73162841796875,30.4681701660156,-0.0146788135170937,0.277337059378624
-4.47773265838623,30.4709854125977,-0.0158948618918657,0.277188509702682
-4.2241096496582,30.4738826751709,-0.0156055735424161,0.277046352624893
-3.97014164924622,30.4769096374512,-0.016706882044673,0.276915833353996
-3.71558952331543,30.4798183441162,-0.0203068666160107,0.276795044541359
-3.46144485473633,30.4829158782959,-0.0217725913971663,0.276781424880028
-3.20825409889221,30.4858245849609,-0.018583569675684,0.2767473757267
-2.95532917976379,30.4886722564697,-0.0139558436349034,0.276695877313614
-2.70139646530151,30.491361618042,-0.0137854926288128,0.27653181552887
-2.44701361656189,30.4942245483398,-0.0154704814776778,0.276398614048958
-2.19266986846924,30.4972343444824,-0.0167472399771214,0.276362910866737
-1.93892562389374,30.5003604888916,-0.0150427222251892,0.276312723755836
-1.68531227111816,30.5033893585205,-0.0125247510150075,0.276290759444237
-1.43129110336304,30.5062866210938,-0.0116631500422955,0.276307612657547
-1.17669820785522,30.5092754364014,-0.0131935123354197,0.276302203536034
-0.922096848487854,30.5123844146729,-0.0145351346582174,0.276261657476425
-0.668016791343689,30.5155735015869,-0.0132801830768585,0.276191234588623
-0.41391521692276,30.5186614990234,-0.0119079891592264,0.276212781667709
-0.159523323178291,30.5215301513672,-0.0116363866254687,0.276213809847832
0.0949774608016014,30.5243530273438,-0.0116378283128142,0.276177540421486
0.349360466003418,30.5273056030273,-0.0108874086290598,0.276173084974289
0.603731095790863,30.5304927825928,-0.00986321270465851,0.27623076736927
0.85837584733963,30.5336952209473,-0.00985369272530079,0.276283413171768
1.11335492134094,30.5367889404297,-0.0111231515184045,0.276295617222786
1.36867392063141,30.5399875640869,-0.0136872138828039,0.276270568370819
1.62321484088898,30.5431289672852,-0.012548454105854,0.276327028870583
1.87709188461304,30.5462951660156,-0.00823798775672913,0.276450306177139
2.13114166259766,30.5492362976074,-0.00449298787862062,0.276578903198242
2.38594508171082,30.5523567199707,-0.00388718489557505,0.27666600048542
2.64051365852356,30.5555381774902,-0.00202378397807479,0.276643887162209
2.89476990699768,30.5588207244873,0.00143214769195765,0.276725009083748
3.1496274471283,30.562047958374,0.0024424297735095,0.276880845427513
3.40539073944092,30.565336227417,-0.000317832891596481,0.27706515789032
3.66084480285645,30.5686168670654,-0.00148870178963989,0.277180194854736
3.91561436653137,30.5719089508057,0.000563296547625214,0.27726212143898
4.17074966430664,30.5750350952148,0.0012265028199181,0.277304694056511
4.42607736587524,30.5781307220459,0.00126610591541976,0.277402400970459
4.68163442611694,30.5813312530518,0.000525455398019403,0.277553483843803
4.93706178665161,30.5847053527832,0.00057382887462154,0.277673199772835
5.19256925582886,30.5880699157715,0.000491758401039988,0.277789115905762
5.44820165634155,30.5914363861084,8.81180967553519e-05,0.277921885251999
5.70399522781372,30.594762802124,-0.000789754441939294,0.278089433908463
5.95983982086182,30.5979557037354,-0.00166769861243665,0.278271272778511
6.21535301208496,30.6012535095215,-0.000895021541509777,0.278437107801437
6.47045564651489,30.6046543121338,0.00185869610868394,0.278624176979065
6.72563409805298,30.6079502105713,0.00449491804465652,0.278805255889893
6.98146772384644,30.611234664917,0.00453621195629239,0.278974950313568
7.2375636100769,30.6142807006836,0.00367604871280491,0.279136449098587
-8.5236291885376,30.1771335601807,-0.0314698442816734,0.279051184654236
-8.27030086517334,30.1800498962402,-0.0333036407828331,0.279111444950104
-8.01774120330811,30.1828689575195,-0.031186256557703,0.279074549674988
-7.76541805267334,30.1856536865234,-0.0277180746197701,0.27891132235527
-7.51303195953369,30.1884155273438,-0.0243446081876755,0.278700053691864
-7.26045227050781,30.1910533905029,-0.021695252507925,0.278437227010727
-7.00700807571411,30.1937713623047,-0.0229806341230869,0.278174623847008
-6.75300550460815,30.1963768005371,-0.0267095919698477,0.277974635362625
-6.49984264373779,30.1993160247803,-0.0261883400380611,0.277823016047478
-6.24745464324951,30.2022361755371,-0.0217593684792519,0.277703583240509
-5.99522638320923,30.2051582336426,-0.0163665618747473,0.277587443590164
-5.74258470535278,30.2079029083252,-0.0127366138622165,0.277436271309853
-5.48931312561035,30.2104911804199,-0.0118822166696191,0.27730056643486
-5.23553848266602,30.2131423950195,-0.0131856668740511,0.277132794260979
-4.98160219192505,30.2159271240234,-0.0150224100798368,0.277006849646568
-4.72767496109009,30.218921661377,-0.0165858305990696,0.276893019676208
-4.47394847869873,30.2218647003174,-0.016979543492198,0.276689246296883
-4.22046184539795,30.2247562408447,-0.0160262901335955,0.276504397392273
-3.96659421920776,30.2276649475098,-0.016635337844491,0.276354894042015
-3.71225786209106,30.2303867340088,-0.0192062929272652,0.276240110397339
-3.4581310749054,30.2332954406738,-0.0205688253045082,0.276201114058495
-3.20483160018921,30.2362060546875,-0.0178647637367249,0.276123479008675
-2.95178461074829,30.2391242980957,-0.0137797687202692,0.276049718260765
-2.69833326339722,30.2420101165771,-0.0113605540245771,0.275930255651474
-2.44410419464111,30.2448596954346,-0.0123184202238917,0.275842875242233
-2.18957853317261,30.2477264404297,-0.0144159849733114,0.275782257318497
-1.93537855148315,30.2507305145264,-0.0147867659106851,0.275709971785545
-1.68134140968323,30.2537059783936,-0.0141893746331334,0.275653868913651
-1.42701923847198,30.2566318511963,-0.014677464030683,0.275641441345215
-1.17226707935333,30.2596683502197,-0.0169048700481653,0.275639623403549
-0.917932569980621,30.2628211975098,-0.0169994663447142,0.275577500462532
-0.664168953895569,30.2659397125244,-0.0142778363078833,0.275516584515572
-0.410248994827271,30.2689933776855,-0.0120562622323632,0.275593563914299
-0.156066924333572,30.271993637085,-0.0108105204999447,0.275630071759224
0.098115473985672,30.2748928070068,-0.00935144349932671,0.275607839226723
0.35238578915596,30.2777500152588,-0.00807471014559269,0.275545418262482
0.606880128383636,30.2807598114014,-0.00759041728451848,0.275565326213837
0.861497819423676,30.2838916778564,-0.00744138285517693,0.2756217867136
1.11651575565338,30.2869453430176,-0.00886728055775166,0.275684356689453
1.37191843986511,30.2900772094727,-0.0117870904505253,0.275713294744492
1.62644040584564,30.29319190979,-0.0105454605072737,0.27574759721756
1.88018774986267,30.296365737915,-0.0056380657479167,0.27582922577858
2.13418960571289,30.2994022369385,-0.00166339532006532,0.275932982563972
2.38888144493103,30.3025341033936,-0.000544575683306903,0.276059374213219
2.64370441436768,30.3056678771973,0.000208314362680539,0.276130229234695
2.89847540855408,30.3088474273682,0.00140662014018744,0.276219189167023
3.15392088890076,30.3120784759521,-0.000153204819071107,0.276377320289612
3.40970802307129,30.3153343200684,-0.00299081136472523,0.276558831334114
3.66484665870667,30.3185520172119,-0.00275004329159856,0.276667460799217
3.91958379745483,30.3217449188232,-0.000531583267729729,0.276741489768028
4.17486429214478,30.3248100280762,-0.000479120179079473,0.276817083358765
4.43021440505981,30.3279705047607,-0.000513954437337816,0.276962295174599
4.68574666976929,30.3312129974365,-0.00111968594137579,0.277138561010361
4.94093704223633,30.3346080780029,-1.89715356100351e-05,0.277254238724709
5.19618797302246,30.337947845459,0.00103437248617411,0.27740615606308
5.45191335678101,30.3412685394287,0.000249546981649473,0.277528017759323
5.70793390274048,30.3445701599121,-0.00159203889779747,0.277643129229546
5.96369409561157,30.3477973937988,-0.00208249129354954,0.277797788381577
6.21886777877808,30.3510627746582,0.000172212545294315,0.277994334697723
6.47355937957764,30.3543319702148,0.00470998464152217,0.278234869241714
6.72852754592896,30.3577671051025,0.00826065056025982,0.278395131230354
6.9835991859436,30.3610458374023,0.0115763172507286,0.278628125786781
7.23959922790527,30.3641147613525,0.0111297927796841,0.278797790408134
-8.51926517486572,29.9284553527832,-0.0357793755829334,0.278705105185509
-8.26662635803223,29.931339263916,-0.0342382602393627,0.278782516717911
-8.0142993927002,29.9339351654053,-0.0309746377170086,0.278675824403763
-7.76206350326538,29.9366130828857,-0.0270649790763855,0.278443157672882
-7.50951051712036,29.9391670227051,-0.0244758259505033,0.278204426169395
-7.25687026977539,29.9417839050293,-0.0220950748771429,0.277971103787422
-7.00374412536621,29.9445877075195,-0.0218320228159428,0.277780890464783
-6.75022172927856,29.9473285675049,-0.0232428908348083,0.277647286653519
-6.49683523178101,29.9501247406006,-0.0237751975655556,0.277514070272446
-6.24397945404053,29.9530239105225,-0.0215579979121685,0.277361169457436
-5.99136638641357,29.9559764862061,-0.0179712418466806,0.277185052633286
-5.73863697052002,29.958833694458,-0.0147313652560115,0.277010262012482
-5.48540878295898,29.9614524841309,-0.0136451674625278,0.276903286576271
-5.23169946670532,29.9639701843262,-0.0146128395572305,0.276773482561111
-4.97779178619385,29.9667453765869,-0.0162891522049904,0.276612922549248
-4.72387075424194,29.9697723388672,-0.0177969634532928,0.27643395960331
-4.4702262878418,29.9727115631104,-0.0177781339734793,0.276219084858894
-4.21681594848633,29.9755802154541,-0.0164435524493456,0.276039779186249
-3.96313571929932,29.9783229827881,-0.01615384593606,0.275859132409096
-3.70901465415955,29.9809741973877,-0.0176988858729601,0.275674685835838
-3.45466279983521,29.983715057373,-0.0200885627418756,0.275554433465004
-3.20116591453552,29.9866561889648,-0.0182772185653448,0.275465056300163
-2.94818258285522,29.9897308349609,-0.0138727445155382,0.275379002094269
-2.6950798034668,29.9926471710205,-0.00981865450739861,0.275310918688774
-2.44081234931946,29.9954681396484,-0.0109324920922518,0.27524422109127
-2.18624258041382,29.9982490539551,-0.0132127963006496,0.275146633386612
-1.93197774887085,30.0011863708496,-0.0138602470979095,0.275045111775398
-1.67777705192566,30.0041427612305,-0.0139906881377101,0.274994537234306
-1.42326474189758,30.0071411132812,-0.015324829146266,0.275001585483551
-1.16854465007782,30.0101509094238,-0.0173806007951498,0.275026306509972
-0.914368748664856,30.01318359375,-0.0167284961789846,0.274964347481728
-0.66057687997818,30.0161895751953,-0.014112307690084,0.274907797574997
-0.406693071126938,30.0192852020264,-0.011703466065228,0.274974495172501
-0.15255406498909,30.0224075317383,-0.010239246301353,0.27502079308033
0.101619265973568,30.0253982543945,-0.00871628802269697,0.275017157196999
0.355936706066132,30.0282440185547,-0.00762955751270056,0.274965986609459
0.610446810722351,30.0311393737793,-0.00719384755939245,0.274970471858978
0.864831805229187,30.0341968536377,-0.00597777310758829,0.275031000375748
1.11964344978333,30.0372142791748,-0.0064584375359118,0.275082305073738
1.37462544441223,30.0402374267578,-0.00747922249138355,0.275140672922134
1.62905788421631,30.0433521270752,-0.00582328671589494,0.275196492671967
1.88291311264038,30.0464916229248,-0.00138333439826965,0.275242358446121
2.13718891143799,30.0496520996094,0.00138967577368021,0.275303587317467
2.39196062088013,30.052734375,0.00216935621574521,0.275439709424973
2.64675569534302,30.05588722229,0.0030637679155916,0.275593385100365
2.90209746360779,30.0590419769287,0.00175809755455703,0.275713443756104
3.15823554992676,30.0622081756592,-0.0028341596480459,0.275828033685684
3.41426420211792,30.0653553009033,-0.00670770974829793,0.275976315140724
3.66932773590088,30.0685005187988,-0.00610783416777849,0.276116669178009
3.92386031150818,30.0716609954834,-0.00296372966840863,0.276234239339828
4.17885303497314,30.0748138427734,-0.00162574579007924,0.276347398757935
4.43428707122803,30.0780353546143,-0.00200072606094182,0.276501044631004
4.68975782394409,30.0813980102539,-0.00231414474546909,0.276660531759262
4.94483518600464,30.0847434997559,-0.000697650073561817,0.276813626289368
5.19965600967407,30.0879707336426,0.00224399357102811,0.277036964893341
5.45511770248413,30.091178894043,0.00261746090836823,0.277190506458282
5.71115446090698,30.0943775177002,0.000722736469469965,0.277287244796753
5.9670352935791,30.0975131988525,-0.000272399949608371,0.277417317032814
6.22198724746704,30.1006565093994,0.00295322388410568,0.277609214186668
6.47653293609619,30.1040153503418,0.00813223235309124,0.277811869978905
6.73128175735474,30.1074085235596,0.0126370275393128,0.277965262532234
6.98594903945923,30.1107444763184,0.01769426651299,0.278210997581482
7.24143743515015,30.1138019561768,0.0194407999515533,0.278511598706245
-8.2645092010498,29.6825904846191,-0.0276373662054539,0.278426766395569
-8.01210308074951,29.6850337982178,-0.0247531589120626,0.278293043375015
-7.75965976715088,29.6876583099365,-0.0218342207372189,0.278074905276299
-7.50661516189575,29.6902389526367,-0.0216020606458187,0.277822121977806
-7.25352382659912,29.6928443908691,-0.0213728845119476,0.277547627687454
-7.00046491622925,29.6955451965332,-0.0207655038684607,0.277366012334824
-6.74731111526489,29.6982688903809,-0.0203943941742182,0.277288019657135
-6.49398231506348,29.7009983062744,-0.0206352286040783,0.277190014719963
-6.24063920974731,29.7039356231689,-0.0207210816442966,0.276954501867294
-5.98764705657959,29.7069435119629,-0.0189160015434027,0.276687502861023
-5.73475503921509,29.7098197937012,-0.0164228677749634,0.276493206620216
-5.48149156570435,29.7124042510986,-0.0154759557917714,0.276398286223412
-5.22787189483643,29.7148571014404,-0.0159917995333672,0.276296585798264
-4.9740629196167,29.7175388336182,-0.0171762518584728,0.276112258434296
-4.72019958496094,29.7204971313477,-0.0183890406042337,0.275905922055244
-4.46663761138916,29.7234439849854,-0.0179578978568316,0.275703445076942
-4.21337556838989,29.7262992858887,-0.0159040819853544,0.275555372238159
-3.95991921424866,29.7289962768555,-0.0145462797954679,0.275368317961693
-3.70603680610657,29.7317295074463,-0.0149580622091889,0.275131657719612
-3.45167016983032,29.7345333099365,-0.0173982381820679,0.274956405162811
-3.19779467582703,29.7374229431152,-0.0173268988728523,0.274831041693687
-2.94456028938293,29.7404327392578,-0.0140634560957551,0.274745151400566
-2.69137907028198,29.7433662414551,-0.0103462804108858,0.274658769369125
-2.4371063709259,29.74609375,-0.011459844186902,0.274559333920479
-2.18268013000488,29.7488975524902,-0.0130536975339055,0.274463623762131
-1.92858397960663,29.751838684082,-0.0129023930057883,0.274390861392021
-1.67462003231049,29.7548198699951,-0.0119251077994704,0.274357154965401
-1.4202675819397,29.7577781677246,-0.0125077879056334,0.274374216794968
-1.16583061218262,29.7606525421143,-0.0132536552846432,0.274397358298302
-0.911595940589905,29.7636013031006,-0.0128534371033311,0.274356171488762
-0.657531499862671,29.7665748596191,-0.0114606460556388,0.274270340800285
-0.403443455696106,29.7696590423584,-0.00995947234332561,0.274334579706192
-0.149070113897324,29.7727832794189,-0.00953580159693956,0.274421632289886
0.105451248586178,29.775806427002,-0.00956251751631498,0.274437829852104
0.359874218702316,29.7786846160889,-0.00892569031566381,0.274404928088188
0.614048361778259,29.7815570831299,-0.00695178518071771,0.274419203400612
0.868112623691559,29.7845439910889,-0.00427191657945514,0.274472311139107
1.12267780303955,29.7875423431396,-0.00362784648314118,0.274496302008629
1.37716853618622,29.79052734375,-0.0024337840732187,0.274561166763306
1.63150012493134,29.7936191558838,-0.000314209988573566,0.274650633335114
1.88573276996613,29.7967185974121,0.00245674070902169,0.274741098284721
2.14037299156189,29.7998886108398,0.00362493516877294,0.27477365732193
2.39529490470886,29.8029327392578,0.00375754502601922,0.274887040257454
2.65018320083618,29.8060970306396,0.00425864616408944,0.275028631091118
2.90566039085388,29.8092193603516,0.00237539713270962,0.275194764137268
3.16178822517395,29.8123359680176,-0.00214916979894042,0.27530737221241
3.41795253753662,29.8154468536377,-0.00659812614321709,0.275415226817131
3.67340207099915,29.818510055542,-0.00767106702551246,0.275541290640831
3.92814612388611,29.8216133117676,-0.00542859965935349,0.275625914335251
4.18282794952393,29.8248863220215,-0.00270406971685588,0.275764584541321
4.43805742263794,29.8282241821289,-0.00215988862328231,0.275955021381378
4.69344472885132,29.8315658569336,-0.00208863546140492,0.276119455695152
4.94837236404419,29.8347225189209,0.00019941819482483,0.276323795318604
5.20293140411377,29.8378791809082,0.00429766625165939,0.276575282216072
5.45796823501587,29.8410911560059,0.00652725575491786,0.276802584528923
5.71389007568359,29.8441600799561,0.00514438049867749,0.276928648352623
5.9699912071228,29.8472290039062,0.00321127334609628,0.277079284191132
6.22543048858643,29.8502902984619,0.00435270695015788,0.277229458093643
6.48019313812256,29.8537693023682,0.00861701555550098,0.277316644787788
6.73476839065552,29.8571357727051,0.0138858910650015,0.277482181787491
6.98932361602783,29.8605670928955,0.0194391533732414,0.277652993798256
-8.26254081726074,29.433744430542,-0.0203352887183428,0.278075590729713
-8.01000022888184,29.4361629486084,-0.0180911384522915,0.27795085310936
-7.75691175460815,29.4387245178223,-0.0182777438312769,0.277695998549461
-7.50384950637817,29.441370010376,-0.0181170683354139,0.277446284890175
-7.2507266998291,29.4440670013428,-0.0180221069604158,0.277135342359543
-6.99774217605591,29.4467353820801,-0.0170440562069416,0.276916518807411
-6.74446105957031,29.4493827819824,-0.0172655526548624,0.276796773076057
-6.49082565307617,29.4520320892334,-0.0189541559666395,0.276692897081375
-6.23724222183228,29.454906463623,-0.0201650243252516,0.276430323719978
-5.98418712615967,29.457820892334,-0.0186374820768833,0.276142418384552
-5.73112726211548,29.4606399536133,-0.0169177316129208,0.275945037603378
-5.47760391235352,29.4632148742676,-0.0171736367046833,0.275809675455093
-5.22391986846924,29.4657497406006,-0.0179669801145792,0.275693491101265
-4.97024488449097,29.4683933258057,-0.0184926055371761,0.275516957044601
-4.71645021438599,29.4712238311768,-0.0193544384092093,0.27530600130558
-4.46286249160767,29.4741363525391,-0.0190207250416279,0.275098383426666
-4.20981407165527,29.4770603179932,-0.0159402713179588,0.274962976574898
-3.95676779747009,29.4798126220703,-0.0126400757580996,0.274794638156891
-3.70313429832458,29.4826316833496,-0.0118710547685623,0.274603322148323
-3.44880843162537,29.4855136871338,-0.0141030522063375,0.27444788813591
-3.1945652961731,29.4883613586426,-0.0157200805842876,0.274309232831001
-2.9409031867981,29.4912376403809,-0.0144180618226528,0.274164989590645
-2.68740606307983,29.4941444396973,-0.0121359769254923,0.273981675505638
-2.43327474594116,29.4968128204346,-0.0125690838322043,0.27386212348938
-2.1788923740387,29.4996700286865,-0.0139337042346597,0.273799926042557
-1.92477202415466,29.5025959014893,-0.0138668166473508,0.27379322052002
-1.67115271091461,29.5055866241455,-0.0112830474972725,0.273769542574883
-1.41723334789276,29.5084686279297,-0.00986135099083185,0.273770079016685
-1.16311979293823,29.5112972259521,-0.00911174528300762,0.273768678307533
-0.908760190010071,29.5141410827637,-0.00926512386649847,0.273676499724388
-0.65446263551712,29.5170288085938,-0.00891484785825014,0.273574501276016
-0.400178223848343,29.5200843811035,-0.00828545354306698,0.273640111088753
-0.145501106977463,29.5231990814209,-0.0092158867046237,0.273760691285133
0.109279364347458,29.5262451171875,-0.0103893233463168,0.273812115192413
0.363712251186371,29.5291061401367,-0.00977090373635292,0.273792013525963
0.617739498615265,29.5319309234619,-0.00711001548916101,0.273801252245903
0.871604561805725,29.5348739624023,-0.00351129611954093,0.273853287100792
1.12595295906067,29.5379047393799,-0.00187328201718628,0.273864299058914
1.38021516799927,29.5409507751465,0.000363629631465301,0.273945584893227
1.63475406169891,29.5439834594727,0.00157607486471534,0.274038508534431
1.88926482200623,29.5470314025879,0.00312879029661417,0.274164840579033
2.14406228065491,29.5501537322998,0.00362079497426748,0.274227648973465
2.39905118942261,29.5531845092773,0.0034806604962796,0.274324491620064
2.65395379066467,29.5563163757324,0.00394147960469127,0.274467945098877
2.90908813476562,29.5593852996826,0.0035973007325083,0.274619162082672
3.16492462158203,29.5624465942383,0.000377732707420364,0.274747207760811
3.42104172706604,29.5655269622803,-0.00384468119591475,0.274848520755768
3.67668652534485,29.5685272216797,-0.00575726106762886,0.274942472577095
3.93185520172119,29.5715770721436,-0.00535678630694747,0.274996444582939
4.18667459487915,29.5748920440674,-0.00321062956936657,0.275135383009911
4.4416561126709,29.5782585144043,-0.00156284123659134,0.275366306304932
4.69662094116211,29.5814666748047,0.000370068766642362,0.275579765439034
4.95124340057373,29.5845165252686,0.00400361139327288,0.275799110531807
5.20580959320068,29.587646484375,0.00808433722704649,0.27602607011795
5.46088361740112,29.5908946990967,0.0101677151396871,0.276288121938705
5.7167797088623,29.5939521789551,0.00890902895480394,0.276495292782784
5.97307014465332,29.5970325469971,0.00617375457659364,0.276687026023865
6.22864389419556,29.6001663208008,0.00675283139571548,0.276807352900505
6.48374176025391,29.6034317016602,0.00959161296486855,0.276959523558617
6.73831033706665,29.606990814209,0.0149103226140141,0.27700936794281
6.99332189559937,29.6105098724365,0.0185289923101664,0.277099341154099
-8.2599983215332,29.1848278045654,-0.0158242080360651,0.277732893824577
-8.00720310211182,29.1872730255127,-0.0147987147793174,0.277608707547188
-7.75405740737915,29.1899185180664,-0.0152483778074384,0.277318954467773
-7.50056791305542,29.1925487518311,-0.0171261467039585,0.27702808380127
-7.24749898910522,29.195255279541,-0.0167529787868261,0.276697933673859
-6.99450874328613,29.1978740692139,-0.0157811027020216,0.276493117213249
-6.74095916748047,29.2005271911621,-0.0172646883875132,0.276379570364952
-6.48698377609253,29.2031517028809,-0.0205538868904114,0.276280537247658
-6.2332649230957,29.2059345245361,-0.0223821252584457,0.276029199361801
-5.98048067092896,29.2087421417236,-0.0195385161787271,0.275697842240334
-5.72746849060059,29.2114906311035,-0.0175672713667154,0.275398641824722
-5.47378587722778,29.2141284942627,-0.0185515694320202,0.275154232978821
-5.22002220153809,29.2167434692383,-0.0196938756853342,0.274990305304527
-4.9664249420166,29.2194194793701,-0.0198244750499725,0.274843588471413
-4.71258974075317,29.2221851348877,-0.0208487026393414,0.274686828255653
-4.45912837982178,29.2250556945801,-0.019893167540431,0.274472653865814
-4.20633316040039,29.2279491424561,-0.0156007139012218,0.274304047226906
-3.95350933074951,29.2307224273682,-0.0112392222508788,0.274148926138878
-3.69998025894165,29.2335605621338,-0.00996109191328287,0.274041011929512
-3.44566321372986,29.2364253997803,-0.0121312197297812,0.273931950330734
-3.19107604026794,29.2392177581787,-0.0153249390423298,0.273789495229721
-2.93722724914551,29.2420635223389,-0.014862478710711,0.273632377386093
-2.68373918533325,29.2449970245361,-0.0125129306688905,0.273434638977051
-2.4297456741333,29.2476959228516,-0.0122841550037265,0.273331865668297
-2.17528247833252,29.2505035400391,-0.0139957433566451,0.273244127631187
-1.9209908246994,29.2533054351807,-0.0146918008103967,0.273244455456734
-1.66751933097839,29.256275177002,-0.0114035475999117,0.273186713457108
-1.41371071338654,29.2591228485107,-0.00945006683468819,0.273174107074738
-1.15954685211182,29.2619895935059,-0.00890579354017973,0.273150324821472
-0.905019462108612,29.2647724151611,-0.00979890581220388,0.273041665554047
-0.650734543800354,29.2676334381104,-0.00936493836343288,0.272946044802666
-0.396606296300888,29.270637512207,-0.00800135731697083,0.272969827055931
-0.142208203673363,29.273738861084,-0.00764434924349189,0.273062497377396
0.112519636750221,29.2767143249512,-0.00855844281613827,0.273126259446144
0.367101460695267,29.2795066833496,-0.00859060604125261,0.273110613226891
0.621407091617584,29.2823276519775,-0.00715977977961302,0.27311809360981
0.875228345394135,29.2853240966797,-0.00333958747796714,0.273188471794128
1.12942433357239,29.2884006500244,-0.000993831548839808,0.273230463266373
1.38370227813721,29.2914981842041,0.00119522167369723,0.27332715690136
1.63833808898926,29.2944450378418,0.00199813093058765,0.273395374417305
1.89296305179596,29.2974834442139,0.00306571344844997,0.27355270087719
2.14775705337524,29.30055809021,0.00359652983024716,0.273655250668526
2.40268039703369,29.3035564422607,0.00377192650921643,0.273767828941345
2.65751981735229,29.3066158294678,0.00453612767159939,0.273878008127213
2.91256284713745,29.3096179962158,0.00461745960637927,0.274057030677795
3.16820502281189,29.3125953674316,0.00227660313248634,0.274153813719749
3.42421865463257,29.3155956268311,-0.00147120992187411,0.274218484759331
3.67960429191589,29.3185272216797,-0.00222713523544371,0.274325102567673
3.934734582901,29.3215484619141,-0.00164182030130178,0.274462506175041
4.18970632553101,29.3248138427734,-0.000145680533023551,0.274658307433128
4.44461679458618,29.328104019165,0.00182773091364652,0.274879276752472
4.69943237304688,29.3313312530518,0.00442856969311833,0.275084674358368
4.9539647102356,29.3343753814697,0.00846715550869703,0.275281146168709
5.20882940292358,29.3374462127686,0.0112648736685514,0.275474235415459
5.46443843841553,29.3406372070312,0.0110491784289479,0.275747358798981
5.72047138214111,29.3437442779541,0.00922023225575686,0.276003018021584
5.97654819488525,29.3468189239502,0.00742624001577497,0.276233434677124
6.23160839080811,29.349983215332,0.0102349892258644,0.276385515928268
6.48661708831787,29.3532962799072,0.0134739456698298,0.276518642902374
6.74104166030884,29.3568286895752,0.0194215476512909,0.276548877358437
6.99736642837524,29.3604393005371,0.0174329169094563,0.276565387845039
-8.25607776641846,28.9357242584229,-0.018005084246397,0.277358308434486
-8.003342628479,28.9383411407471,-0.0166610684245825,0.277228131890297
-7.75002670288086,28.9410800933838,-0.0179038885980844,0.276917010545731
-7.49683380126953,28.9437046051025,-0.0183253083378077,0.276635870337486
-7.24368667602539,28.9464130401611,-0.0183016397058964,0.276335150003433
-6.99047374725342,28.9489822387695,-0.0183688811957836,0.276137992739677
-6.73669147491455,28.9515228271484,-0.0209381226450205,0.275984898209572
-6.48261594772339,28.9540710449219,-0.0246719066053629,0.27586854994297
-6.22914791107178,28.9568786621094,-0.0252740252763033,0.275647088885307
-5.97659683227539,28.9597949981689,-0.0212904326617718,0.275320500135422
-5.72374677658081,28.9624996185303,-0.0185222662985325,0.274923503398895
-5.47018766403198,28.9650955200195,-0.0188964866101742,0.274597451090813
-5.21631813049316,28.9677734375,-0.0205131135880947,0.274387300014496
-4.96269464492798,28.9704914093018,-0.0207394566386938,0.274261355400085
-4.70883846282959,28.9732284545898,-0.0218360256403685,0.274074152112007
-4.45558547973633,28.9760398864746,-0.0198759865015745,0.273834243416786
-4.202880859375,28.9789161682129,-0.0151358172297478,0.273648306727409
-3.95004320144653,28.9817333221436,-0.0108133675530553,0.273504287004471
-3.69640183448792,28.9845752716064,-0.010033356025815,0.273435905575752
-3.44218969345093,28.9873313903809,-0.0116913393139839,0.273352429270744
-3.18783903121948,28.9900722503662,-0.0137622756883502,0.27321857213974
-2.93406701087952,28.9929809570312,-0.0129217905923724,0.273096963763237
-2.68071365356445,28.9958477020264,-0.00992851238697767,0.272955611348152
-2.42662024497986,28.9985237121582,-0.0101398499682546,0.272868573665619
-2.1721339225769,29.0012359619141,-0.0119382068514824,0.27266950905323
-1.91757810115814,29.0039691925049,-0.0138257266953588,0.272586718201637
-1.6638765335083,29.0068836212158,-0.0115689113736153,0.2725550532341
-1.40990936756134,29.0097999572754,-0.01031494140625,0.272578924894333
-1.15561997890472,29.0127182006836,-0.0103157572448254,0.27257938683033
-0.901133239269257,29.0155086517334,-0.010995214805007,0.272503763437271
-0.646864414215088,29.018310546875,-0.0104603562504053,0.272441893815994
-0.392873346805573,29.02126121521,-0.00844681542366743,0.272387340664864
-0.138895750045776,29.0242767333984,-0.00616006273776293,0.272376120090485
0.115556098520756,29.0272026062012,-0.00580512918531895,0.272430121898651
0.370263278484344,29.0300006866455,-0.00638262229040265,0.272470340132713
0.62496417760849,29.0328330993652,-0.00670925341546535,0.272516489028931
0.87915176153183,29.0358695983887,-0.00450971070677042,0.272588938474655
1.13318109512329,29.0389785766602,-0.00139019463676959,0.272690445184708
1.38745999336243,29.0420246124268,0.000820413639303297,0.272779166698456
1.64193081855774,29.0449161529541,0.00238499115221202,0.272831201553345
1.89657688140869,29.0479068756104,0.00338254403322935,0.27296307682991
2.15127277374268,29.0509452819824,0.00437404727563262,0.273065656423569
2.4060206413269,29.0539321899414,0.00535007426515222,0.273167386651039
2.66092920303345,29.0569896697998,0.0058299065567553,0.273285984992981
2.91626167297363,29.0600070953369,0.00465441076084971,0.273420244455338
3.17183566093445,29.062967300415,0.00263812416233122,0.273466914892197
3.42723727226257,29.0659713745117,0.00160729954950511,0.273575767874718
3.68237090110779,29.0689086914062,0.00197541597299278,0.273824378848076
3.93745183944702,29.0718631744385,0.00279155327007174,0.27408404648304
4.19253873825073,29.0748500823975,0.0037980426568538,0.274258881807327
4.44739103317261,29.0779571533203,0.00604127300903201,0.274383187294006
4.70232343673706,29.0811214447021,0.00814815051853657,0.274553820490837
4.95719337463379,29.0842475891113,0.0107337348163128,0.274721816182137
5.21251201629639,29.0873680114746,0.0115816555917263,0.27490696310997
5.46841478347778,29.0904598236084,0.0101160798221827,0.275187760591507
5.72465562820435,29.0935745239258,0.00741167273372412,0.275487169623375
5.98038196563721,29.0967082977295,0.00715722469612956,0.275742843747139
6.23478889465332,29.0999145507812,0.0128002855926752,0.275935754179955
6.48959159851074,29.1031818389893,0.0169397816061974,0.276112660765648
6.743408203125,29.1066455841064,0.0255088247358799,0.276136308908463
-7.99932861328125,28.689582824707,-0.0192794371396303,0.276892572641373
-7.74573802947998,28.6923294067383,-0.021816611289978,0.276546686887741
-7.49287986755371,28.6949882507324,-0.0205931924283504,0.276251196861267
-7.23982524871826,28.6975765228271,-0.0200972743332386,0.275993093848228
-6.98642921447754,28.7000503540039,-0.0210160426795483,0.275742471218109
-6.73258972167969,28.7024688720703,-0.0238282699137926,0.275562062859535
-6.47877311706543,28.7049598693848,-0.0262959320098162,0.275432646274567
-6.22568225860596,28.7078056335449,-0.0250726137310266,0.275215342640877
-5.97298288345337,28.7107639312744,-0.0217699948698282,0.274886503815651
-5.7201681137085,28.7135410308838,-0.0188074912875891,0.274447530508041
-5.46690511703491,28.7161273956299,-0.0177540276199579,0.274120196700096
-5.21297359466553,28.7187633514404,-0.0196403749287128,0.273936673998833
-4.9589467048645,28.7215366363525,-0.0217437464743853,0.273806199431419
-4.70512056350708,28.7242584228516,-0.0226725693792105,0.273558661341667
-4.45211124420166,28.7270812988281,-0.0195411145687103,0.27326013147831
-4.19932651519775,28.729907989502,-0.0151507621631026,0.273031622171402
-3.94627976417542,28.7327117919922,-0.0117800459265709,0.272910490632057
-3.69256019592285,28.7354793548584,-0.0113387405872345,0.272826448082924
-3.43869924545288,28.7382049560547,-0.0113335950300097,0.272735193371773
-3.18481421470642,28.7409992218018,-0.0112181669101119,0.272630855441093
-2.93122887611389,28.7438201904297,-0.00949284993112087,0.272564306855202
-2.67783761024475,28.7465801239014,-0.00665629515424371,0.272500112652779
-2.42374920845032,28.7492961883545,-0.00682616885751486,0.272373095154762
-2.16944098472595,28.7520923614502,-0.00778402108699083,0.2721346616745
-1.91505765914917,28.7548542022705,-0.00886246468871832,0.271984845399857
-1.66080951690674,28.7576866149902,-0.00909519847482443,0.271893888711929
-1.40625,28.760555267334,-0.0105300471186638,0.271918639540672
-1.15191996097565,28.7634105682373,-0.0106904841959476,0.271913111209869
-0.89771032333374,28.7663154602051,-0.010080854408443,0.271868035197258
-0.643519997596741,28.7691688537598,-0.00916511565446854,0.27184933423996
-0.389395475387573,28.7720184326172,-0.00773406820371747,0.271804288029671
-0.135425195097923,28.7747955322266,-0.00539025710895658,0.271758168935776
0.119016274809837,28.7775936126709,-0.00496433535590768,0.271778494119644
0.373669356107712,28.7804431915283,-0.00527384225279093,0.271856442093849
0.628359973430634,28.7833671569824,-0.00553099019452929,0.271947875618935
0.882685959339142,28.7864208221436,-0.00392957963049412,0.27202020585537
1.13680505752563,28.7895545959473,-0.00118809333071113,0.272125869989395
1.39118266105652,28.7925586700439,0.000605997571256012,0.272233992815018
1.64557707309723,28.7954330444336,0.00253756041638553,0.272323369979858
1.90013790130615,28.7983360290527,0.00393910286948085,0.272401198744774
2.15467596054077,28.8013362884521,0.00565548241138458,0.272437140345573
2.40953612327576,28.8043365478516,0.00615594210103154,0.272549018263817
2.66478133201599,28.8073959350586,0.0051695117726922,0.27268785238266
2.92027878761292,28.8105125427246,0.00329136266373098,0.272776916623116
3.17563223838806,28.8134784698486,0.00227418984286487,0.272843524813652
3.43059372901917,28.8165168762207,0.00320489052683115,0.273025020956993
3.68566226959229,28.8194065093994,0.00387966074049473,0.273403719067574
3.94073820114136,28.8222103118896,0.00473869312554598,0.273690924048424
4.19569778442383,28.8250255584717,0.0063217943534255,0.273822605609894
4.45045042037964,28.8279838562012,0.00902062281966209,0.273886263370514
4.7055230140686,28.831127166748,0.0105310706421733,0.2740258872509
4.9608097076416,28.8342170715332,0.0113256396725774,0.274195671081543
5.21641397476196,28.8373432159424,0.0109565770253539,0.274419054389
5.47244310379028,28.8404159545898,0.00896781496703625,0.274685740470886
5.72870111465454,28.843448638916,0.00621594302356243,0.275052726268768
5.98405599594116,28.8465518951416,0.00758757907897234,0.275376364588737
6.23851251602173,28.8498992919922,0.0130378771573305,0.275606110692024
6.49319553375244,28.8531436920166,0.0177127979695797,0.275802910327911
6.74675130844116,28.8565425872803,0.0274195224046707,0.275789603590965
-7.99530839920044,28.4409523010254,-0.0219392441213131,0.276584178209305
-7.74195003509521,28.4436588287354,-0.023324390873313,0.276153087615967
-7.48960113525391,28.4463081359863,-0.0196240432560444,0.275827258825302
-7.23671007156372,28.4488639831543,-0.0183176659047604,0.275529876351357
-6.98356294631958,28.4512977600098,-0.0180234704166651,0.275225773453712
-6.72972059249878,28.4537372589111,-0.0208288878202438,0.275032475590706
-6.47604370117188,28.4562320709229,-0.0226121749728918,0.274895563721657
-6.22280502319336,28.4590435028076,-0.0220749508589506,0.274726763367653
-5.96971464157104,28.4618892669678,-0.0206122621893883,0.274424031376839
-5.71681213378906,28.4646587371826,-0.0180441085249186,0.274041920900345
-5.46380710601807,28.4672317504883,-0.015745896846056,0.273775354027748
-5.20979690551758,28.4698162078857,-0.0179828014224768,0.27360887825489
-4.95543003082275,28.4725551605225,-0.0216661412268877,0.273432001471519
-4.70178842544556,28.4753150939941,-0.0217011868953705,0.273121848702431
-4.44889974594116,28.4781684875488,-0.0179815702140331,0.27280256152153
-4.19586896896362,28.4809436798096,-0.0147199677303433,0.272556245326996
-3.94238424301147,28.4836750030518,-0.0133693898096681,0.27236832678318
-3.68873333930969,28.4863586425781,-0.0125780897215009,0.272225186228752
-3.4351921081543,28.4890842437744,-0.0110573610290885,0.272108241915703
-3.18167090415955,28.4918441772461,-0.00922755617648363,0.272040471434593
-2.92799830436707,28.4945888519287,-0.00788482557982206,0.271999135613441
-2.67420816421509,28.4973373413086,-0.00686898548156023,0.271960079669952
-2.42026448249817,28.5000648498535,-0.00634411908686161,0.271819114685059
-2.16627860069275,28.5029125213623,-0.00579420430585742,0.271625339984894
-1.91230797767639,28.505729675293,-0.00495441537350416,0.271470293402672
-1.65776348114014,28.5086078643799,-0.00652694143354893,0.271382823586464
-1.40271198749542,28.5113735198975,-0.0101914824917912,0.271347403526306
-1.14850556850433,28.5141868591309,-0.00976151973009109,0.271329313516617
-0.894714713096619,28.5170555114746,-0.0072201699949801,0.271308362483978
-0.640855371952057,28.5200958251953,-0.00477953581139445,0.271291702985764
-0.386422991752625,28.5228958129883,-0.0047280085273087,0.271282136440277
-0.131941869854927,28.5254211425781,-0.0046767950989306,0.271251440048218
0.122665792703629,28.5280437469482,-0.00497698271647096,0.27122974395752
0.377256274223328,28.5310020446777,-0.00497821159660816,0.27126781642437
0.631743311882019,28.5340023040771,-0.00429375329986215,0.271324187517166
0.886002540588379,28.5370407104492,-0.00236958358436823,0.271370351314545
1.14027345180511,28.5400505065918,-0.00028601213125512,0.271470606327057
1.3947479724884,28.5430374145508,0.00109901768155396,0.271649181842804
1.64914894104004,28.545934677124,0.0030257145408541,0.271780461072922
1.90359008312225,28.5488052368164,0.00498498044908047,0.271806016564369
2.15814352035522,28.5517349243164,0.00665609398856759,0.271809428930283
2.41321969032288,28.5546112060547,0.00622176378965378,0.271932452917099
2.6688506603241,28.5576877593994,0.00355332274921238,0.27211856842041
2.92423677444458,28.5608558654785,0.00219516246579587,0.272210940718651
3.17931699752808,28.5639038085938,0.00240915594622493,0.27233000099659
3.43413758277893,28.5668697357178,0.00398417748510838,0.272562772035599
3.68943810462952,28.5697422027588,0.00366442883387208,0.272949248552322
3.94455027580261,28.5725402832031,0.00438984157517552,0.273173049092293
4.19925117492676,28.5753726959229,0.00712891994044185,0.273280635476112
4.45381689071655,28.5782375335693,0.0106652220711112,0.273380443453789
4.70886945724487,28.5811996459961,0.0122856963425875,0.273569241166115
4.96424961090088,28.5842533111572,0.0126927644014359,0.273810043931007
5.21997117996216,28.5874156951904,0.0118366116657853,0.274085313081741
5.47606086730957,28.5905017852783,0.00960610713809729,0.274332582950592
5.73221349716187,28.5934600830078,0.00733202090486884,0.274644896388054
5.98757076263428,28.596622467041,0.00871384050697088,0.274973303079605
6.24306201934814,28.5997905731201,0.00973277166485786,0.275298327207565
6.49711847305298,28.6032028198242,0.0171283092349768,0.27553716301918
6.75059604644775,28.6065559387207,0.0271941591054201,0.275492668151855
-7.7388334274292,28.1949768066406,-0.0216048955917358,0.275689721107483
-7.48691940307617,28.1976470947266,-0.0157884135842323,0.275365874171257
-7.23380613327026,28.2001438140869,-0.0155356917530298,0.275133073329926
-6.98104047775269,28.202657699585,-0.0133919166401029,0.274807348847389
-6.72742509841919,28.2051582336426,-0.0150971654802561,0.274621486663818
-6.47358417510986,28.2076835632324,-0.0176500137895346,0.274437859654427
-6.21987390518188,28.2103157043457,-0.0193447526544333,0.274242430925369
-5.96622323989868,28.212926864624,-0.0205253213644028,0.273952841758728
-5.71319723129272,28.2156600952148,-0.0185151379555464,0.273616209626198
-5.460289478302,28.2183418273926,-0.0157304704189301,0.273357108235359
-5.20669460296631,28.2209033966064,-0.0159795247018337,0.273142755031586
-4.95247077941895,28.2235488891602,-0.0189677830785513,0.272951483726501
-4.69915866851807,28.2263164520264,-0.0174332652240992,0.272675737738609
-4.44627571105957,28.2291622161865,-0.013669328764081,0.272422224283218
-4.19268178939819,28.231954574585,-0.0130284251645207,0.272137150168419
-3.93861532211304,28.2345733642578,-0.0143719594925642,0.271858856081963
-3.68507504463196,28.2372303009033,-0.0130361141636968,0.271686032414436
-3.4315779209137,28.239953994751,-0.0112833753228188,0.271542102098465
-3.17804360389709,28.2426795959473,-0.00948666501790285,0.27143931388855
-2.9240870475769,28.2454147338867,-0.0094326538965106,0.271348208189011
-2.66998505592346,28.2482357025146,-0.00982829090207815,0.27129739522934
-2.41616678237915,28.2510681152344,-0.00869213603436947,0.271191895008087
-2.16275668144226,28.2538642883301,-0.00545985950157046,0.271065071225166
-1.90905237197876,28.2566356658936,-0.00337105989456177,0.270928457379341
-1.65437293052673,28.2594718933105,-0.00553914112970233,0.27084481716156
-1.39925682544708,28.2622203826904,-0.00947398040443659,0.270752280950546
-1.14497721195221,28.2649898529053,-0.00935372430831194,0.270749226212502
-0.891323983669281,28.2677936553955,-0.00615924643352628,0.270729765295982
-0.637403070926666,28.270751953125,-0.00397448800504208,0.270647913217545
-0.382758647203445,28.2734870910645,-0.00485955830663443,0.270636975765228
-0.127966269850731,28.2760276794434,-0.00619032653048635,0.270657479763031
0.126646339893341,28.2786903381348,-0.00648318324238062,0.270687505602837
0.381180137395859,28.2816848754883,-0.00619935570284724,0.270667314529419
0.635403692722321,28.2846813201904,-0.00430100271478295,0.270711615681648
0.889468014240265,28.2876396179199,-0.00147529190871865,0.27075469493866
1.14379966259003,28.290506362915,0.000360786041710526,0.2708400785923
1.39831399917603,28.2934474945068,0.00159224576782435,0.270994290709496
1.65277826786041,28.296350479126,0.00326132774353027,0.27113564312458
1.90721273422241,28.2992706298828,0.00527569744735956,0.271170407533646
2.16189885139465,28.3021602630615,0.0063832588493824,0.271207422018051
2.41707801818848,28.3049697875977,0.00551800150424242,0.271371886134148
2.67258930206299,28.307991027832,0.00340563547797501,0.271551206707954
2.9279248714447,28.311092376709,0.00229720724746585,0.271666377782822
3.18297052383423,28.3141021728516,0.00268941395916045,0.271843478083611
3.43801641464233,28.3170413970947,0.00329746399074793,0.272091820836067
3.69332671165466,28.3199653625488,0.00296073849312961,0.272337168455124
3.94833993911743,28.3229427337646,0.00414631608873606,0.272540375590324
4.20315885543823,28.3258571624756,0.0063944417051971,0.272734761238098
4.45774364471436,28.3287029266357,0.0098741352558136,0.272938802838326
4.71266269683838,28.331470489502,0.0121019994840026,0.27319410443306
4.96774005889893,28.3344707489014,0.0138498321175575,0.273469880223274
5.22343921661377,28.3375587463379,0.0131115177646279,0.273773118853569
5.47958660125732,28.3405799865723,0.0106540052220225,0.273999571800232
5.73564291000366,28.3434600830078,0.00881701707839966,0.274188801646233
5.99088716506958,28.3465976715088,0.0107080647721887,0.27448858320713
6.24640512466431,28.3498268127441,0.0116289192810655,0.27479200065136
6.50075483322144,28.3533020019531,0.0177848059684038,0.275142788887024
6.75425815582275,28.3568286895752,0.0277611389756203,0.275200426578522
-7.73576593399048,27.9462203979492,-0.0196602419018745,0.275324612855911
-7.48385095596313,27.9488620758057,-0.0138274542987347,0.275019079446793
-7.23152589797974,27.9514026641846,-0.0097660580649972,0.27471512556076
-6.97790479660034,27.9538307189941,-0.0117100272327662,0.274488762021065
-6.72483396530151,27.9563312530518,-0.0107898926362395,0.274232104420662
-6.47090816497803,27.9588603973389,-0.0137294800952077,0.274058759212494
-6.21662282943726,27.9614753723145,-0.0181464441120625,0.273844346404076
-5.9624171257019,27.9640636444092,-0.0219402853399515,0.273505538702011
-5.70925426483154,27.966796875,-0.0205509699881077,0.273148953914642
-5.45651721954346,27.9694862365723,-0.0169280860573053,0.272822678089142
-5.20355558395386,27.972074508667,-0.0141587425023317,0.272573485970497
-4.95004415512085,27.9746074676514,-0.0137675683945417,0.27237294614315
-4.6969165802002,27.9773025512695,-0.0113503132015467,0.272163137793541
-4.44374465942383,27.9801445007324,-0.00892843119800091,0.271970376372337
-4.18967533111572,27.9828948974609,-0.0104943253099918,0.271631494164467
-3.93525338172913,27.9855289459229,-0.0134778972715139,0.271318316459656
-3.68156027793884,27.9882488250732,-0.0128302145749331,0.271196633577347
-3.42810797691345,27.9909439086914,-0.0108409076929092,0.271069884300232
-3.17443299293518,27.993579864502,-0.00967254303395748,0.270933166146278
-2.92027378082275,27.9962158203125,-0.0105291921645403,0.27072936296463
-2.66591143608093,27.9990177154541,-0.0120989605784416,0.270644173026085
-2.41206765174866,28.0019359588623,-0.0110484156757593,0.270566254854202
-2.15875768661499,28.0047454833984,-0.00732380989938974,0.270442843437195
-1.90523386001587,28.0074157714844,-0.00437477976083755,0.270320415496826
-1.65072095394135,28.010232925415,-0.00575024029240012,0.270252376794815
-1.39569425582886,28.0130500793457,-0.00924905855208635,0.270195201039314
-1.14124417304993,28.0158615112305,-0.00987990945577621,0.270181015133858
-0.887436628341675,28.0186214447021,-0.00736051704734564,0.270125225186348
-0.633294999599457,28.0212326049805,-0.0061491122469306,0.269983127713203
-0.378799051046371,28.0239505767822,-0.00632930546998978,0.269948571920395
-0.124071732163429,28.0266189575195,-0.00733554922044277,0.270035520195961
0.130465894937515,28.0294933319092,-0.00726046226918697,0.270120218396187
0.384835451841354,28.032470703125,-0.00620786147192121,0.270070135593414
0.638762652873993,28.0354423522949,-0.00294947414658964,0.270116969943047
0.89260470867157,28.0383625030518,0.000897483201697469,0.270185977220535
1.14696288108826,28.0411586761475,0.00263648643158376,0.270253017544746
1.40156209468842,28.0439605712891,0.00351042463444173,0.270322814583778
1.65619277954102,28.0467472076416,0.00445945700630546,0.270387426018715
1.91084921360016,28.0496501922607,0.00550965452566743,0.270446330308914
2.16568803787231,28.0525131225586,0.00596376648172736,0.270590767264366
2.42069149017334,28.0553722381592,0.00590573251247406,0.270850464701653
2.67577695846558,28.0583019256592,0.00570247415453196,0.271029353141785
2.93116116523743,28.06130027771,0.00439971219748259,0.271131977438927
3.18637490272522,28.0642337799072,0.00407321518287063,0.271297708153725
3.44160223007202,28.0671691894531,0.00390616129152477,0.271474733948708
3.69673800468445,28.0701675415039,0.00436021387577057,0.271700352430344
3.95190858840942,28.0732593536377,0.00487711885944009,0.271970748901367
4.20705556869507,28.0762042999268,0.00571439880877733,0.27227395772934
4.4618067741394,28.0790748596191,0.00849359668791294,0.272527068853378
4.71663856506348,28.0817699432373,0.0111303264275193,0.27274315059185
4.97159194946289,28.0846309661865,0.0134440110996366,0.273006215691566
5.22729825973511,28.0875988006592,0.0126997381448746,0.273354634642601
5.48330068588257,28.0905475616455,0.0108951786532998,0.273615568876266
5.739098072052,28.0935153961182,0.01020138990134,0.273753896355629
5.9941291809082,28.0967102050781,0.0130313578993082,0.273976430296898
6.24961519241333,28.0998210906982,0.0141100268810987,0.27422708272934
6.50410461425781,28.1032562255859,0.0196834169328213,0.274610087275505
-7.7324595451355,27.6974658966064,-0.0188779458403587,0.275066912174225
-7.48008251190186,27.6999607086182,-0.0152460895478725,0.274759352207184
-7.22794723510742,27.7023754119873,-0.0102445306256413,0.274462163448334
-6.97428035736084,27.7048568725586,-0.0123796686530113,0.274133458733559
-6.72118330001831,27.7072257995605,-0.0115592991933227,0.27380059659481
-6.46700716018677,27.709716796875,-0.0156656447798014,0.273538708686829
-6.21297407150269,27.7123928070068,-0.018847893923521,0.273292675614357
-5.95914316177368,27.7152194976807,-0.0208354406058788,0.273010566830635
-5.70550966262817,27.7179985046387,-0.0216512139886618,0.272664278745651
-5.45258951187134,27.7206268310547,-0.0188670102506876,0.272287234663963
-5.19989728927612,27.7232494354248,-0.0147946514189243,0.271985754370689
-4.94715452194214,27.725700378418,-0.0107533102855086,0.271737024188042
-4.69422054290771,27.7283630371094,-0.00740557862445712,0.271566465497017
-4.4409441947937,27.7311363220215,-0.00545580964535475,0.271380081772804
-4.18687677383423,27.7338848114014,-0.00699362671002746,0.271022602915764
-3.9324107170105,27.7366104125977,-0.010163452476263,0.270712614059448
-3.67835116386414,27.7392673492432,-0.0112027516588569,0.270582363009453
-3.42476296424866,27.7419013977051,-0.00982258375734091,0.27050407230854
-3.17089581489563,27.7445240020752,-0.00951991882175207,0.270356595516205
-2.91675710678101,27.7471618652344,-0.010254436172545,0.270139679312706
-2.66217827796936,27.7498989105225,-0.012797606177628,0.27004998922348
-2.4080216884613,27.7527732849121,-0.0131607679650187,0.269981816411018
-2.15443706512451,27.7556171417236,-0.0106687154620886,0.269835263490677
-1.90076124668121,27.7582511901855,-0.00838385615497828,0.269698187708855
-1.64623212814331,27.7609958648682,-0.00979785993695259,0.269624888896942
-1.39139020442963,27.7637329101562,-0.0124155953526497,0.269555792212486
-1.1371603012085,27.7666187286377,-0.0120072420686483,0.269477710127831
-0.883411109447479,27.769458770752,-0.00919056124985218,0.26937273144722
-0.629241049289703,27.7720069885254,-0.0080772303044796,0.269322991371155
-0.375018298625946,27.7745914459229,-0.00698675680905581,0.269300386309624
-0.120687276124954,27.7772483825684,-0.0061704246327281,0.269370406866074
0.133554980158806,27.7802715301514,-0.00473650591447949,0.269424051046371
0.387744575738907,27.7832870483398,-0.00285086571238935,0.269403517246246
0.641720116138458,27.7862281799316,0.000209930571145378,0.269496306777
0.895679771900177,27.7891483306885,0.00354968197643757,0.269618660211563
1.15004646778107,27.7918720245361,0.0052719390951097,0.269699692726135
1.40465152263641,27.7946300506592,0.00614112056791782,0.26971922814846
1.65945243835449,27.7973518371582,0.00635241437703371,0.269731551408768
1.91444456577301,27.8001556396484,0.00593025656417012,0.269811511039734
2.16931128501892,27.802978515625,0.00628677243366838,0.270002663135529
2.42411756515503,27.8058319091797,0.00712788617238402,0.270267218351364
2.67902159690857,27.808650970459,0.00775280641391873,0.270453587174416
2.9343056678772,27.8115577697754,0.00691463658586144,0.270558878779411
3.18943619728088,27.8145198822021,0.00697510177269578,0.270751550793648
3.44464516639709,27.8174781799316,0.00690893270075321,0.270929381251335
3.70007920265198,27.8204326629639,0.00607347069308162,0.271160691976547
3.955646276474,27.8234100341797,0.00487571535632014,0.271442517638206
4.21126651763916,27.8263835906982,0.00366858579218388,0.271827355027199
4.46615171432495,27.8292655944824,0.00589220970869064,0.272092774510384
4.72099876403809,27.8320426940918,0.00849242880940437,0.272285357117653
4.97603797912598,27.8349342346191,0.0104645993560553,0.272548258304596
5.23153781890869,27.8378562927246,0.0106466365978122,0.272903054952621
5.48712253570557,27.8407230377197,0.0106784291565418,0.273236885666847
5.74237775802612,27.8437519073486,0.012351555749774,0.273420244455338
5.99722766876221,27.8469085693359,0.0159842818975449,0.273585677146912
6.25254249572754,27.850004196167,0.0178177617490292,0.27379222214222
6.50696420669556,27.8533611297607,0.0236968714743853,0.274121731519699
-7.4756293296814,27.4509334564209,-0.0199709106236696,0.274446114897728
-7.22388935089111,27.4533576965332,-0.0130322678014636,0.274215668439865
-6.97061920166016,27.4557228088379,-0.0132351722568274,0.273833632469177
-6.71685743331909,27.4584102630615,-0.015563540160656,0.273426875472069
-6.46296167373657,27.4609680175781,-0.0182970762252808,0.273021429777145
-6.20971012115479,27.4636974334717,-0.0177264120429754,0.272704318165779
-5.95633554458618,27.4664916992188,-0.0175212267786264,0.272432267665863
-5.70250129699707,27.4692535400391,-0.0192687381058931,0.272159546613693
-5.44915676116943,27.4719009399414,-0.0184712577611208,0.271783500909805
-5.19614219665527,27.4745044708252,-0.0158944167196751,0.271460607647896
-4.94338893890381,27.4769096374512,-0.0118740079924464,0.271181702613831
-4.69067192077637,27.4795036315918,-0.00747577240690589,0.271000191569328
-4.43762159347534,27.4821949005127,-0.00443786522373557,0.270756334066391
-4.18388700485229,27.4849548339844,-0.00439117942005396,0.270416125655174
-3.92954730987549,27.4877433776855,-0.00694981683045626,0.270142510533333
-3.67533206939697,27.4903736114502,-0.00869379378855228,0.26998944580555
-3.42127871513367,27.4929256439209,-0.0094543918967247,0.269885078072548
-3.16712617874146,27.4955196380615,-0.010449237190187,0.269718289375305
-2.91309213638306,27.4981803894043,-0.0106699159368873,0.269558325409889
-2.65877819061279,27.5009212493896,-0.0119605511426926,0.269481316208839
-2.40455508232117,27.5037612915039,-0.0126043269410729,0.269400998950005
-2.15078067779541,27.5065937042236,-0.0109589444473386,0.269268438220024
-1.89687263965607,27.5092334747314,-0.00971219688653946,0.269100517034531
-1.64186441898346,27.5118541717529,-0.0132914679124951,0.268996402621269
-1.38690114021301,27.5145416259766,-0.016428479924798,0.268889039754868
-1.13300359249115,27.5174999237061,-0.0144677488133311,0.268716394901276
-0.87968385219574,27.5202713012695,-0.00966213643550873,0.268630191683769
-0.625616908073425,27.522891998291,-0.00805143360048532,0.268606439232826
-0.371615201234818,27.5255260467529,-0.00593065889552236,0.268610268831253
-0.117807433009148,27.5282421112061,-0.00272047729231417,0.268657952547073
0.135989010334015,27.531156539917,0.000747682875953615,0.268711626529694
0.390224546194077,27.5341243743896,0.00244235573336482,0.268748760223389
0.64457780122757,27.5370121002197,0.00382066494785249,0.268857181072235
0.898830711841583,27.5398979187012,0.00586379785090685,0.268964231014252
1.1532986164093,27.5425777435303,0.00715525401756167,0.269131809473038
1.40793287754059,27.5452632904053,0.00791742000728846,0.269217967987061
1.6627482175827,27.5480003356934,0.00808788742870092,0.269271329045296
1.91787815093994,27.5507678985596,0.00707594817504287,0.269324660301208
2.17274308204651,27.5536022186279,0.00746444007381797,0.269422516226768
2.42757344245911,27.5563850402832,0.00822412315756083,0.269640550017357
2.68242454528809,27.559139251709,0.00910735595971346,0.26983916759491
2.93753790855408,27.5620136260986,0.00904684606939554,0.270038902759552
3.19274282455444,27.5649700164795,0.00880152452737093,0.270284116268158
3.44809913635254,27.5678329467773,0.00810970924794674,0.27049545943737
3.70382928848267,27.5706634521484,0.00599790643900633,0.27075420320034
3.95963621139526,27.5735092163086,0.0037767116446048,0.271003171801567
4.21542596817017,27.5763874053955,0.00185626547317952,0.271292105317116
4.47027730941772,27.5793209075928,0.00425819959491491,0.271518006920815
4.72504854202271,27.582311630249,0.0072152060456574,0.271755948662758
4.98014307022095,27.5853309631348,0.0089746518060565,0.272056341171265
5.23538589477539,27.5882301330566,0.0102996397763491,0.27239902317524
5.49050617218018,27.5910587310791,0.0123683735728264,0.272781908512115
5.74547624588013,27.5940723419189,0.015294867567718,0.273041427135468
6.00067186355591,27.5971069335938,0.0174550078809261,0.273286059498787
6.25534963607788,27.6003437042236,0.0220518931746483,0.273453369736671
6.50960159301758,27.6037101745605,0.0286742337048054,0.273724898695946
-7.47130870819092,27.201997756958,-0.0240651536732912,0.274054691195488
-7.22009229660034,27.204776763916,-0.014578141272068,0.27400666475296
-6.96641254425049,27.2072315216064,-0.0167136993259192,0.273570343852043
-6.71305656433105,27.2099800109863,-0.0170687641948462,0.273138016462326
-6.45944690704346,27.2125453948975,-0.0184059329330921,0.272621870040894
-6.20642995834351,27.2152557373047,-0.0166905149817467,0.272210478782654
-5.95321702957153,27.2179851531982,-0.015690989792347,0.271890446543694
-5.69917297363281,27.2206439971924,-0.0184123795479536,0.271634206175804
-5.44580554962158,27.2232551574707,-0.0176957547664642,0.271279111504555
-5.19253778457642,27.2258720397949,-0.0162871517241001,0.270947828888893
-4.93940210342407,27.2283229827881,-0.0140411667525768,0.270657882094383
-4.68667030334473,27.230884552002,-0.00968012120574713,0.270470350980759
-4.43380975723267,27.2334365844727,-0.0057186670601368,0.270217269659042
-4.18042993545532,27.2360515594482,-0.0039817332290113,0.269914612174034
-3.92613220214844,27.2387866973877,-0.00631670700386167,0.269671127200127
-3.6718168258667,27.2413921356201,-0.00850129313766956,0.269512847065926
-3.41754770278931,27.2439498901367,-0.0102381007745862,0.269377991557121
-3.16350650787354,27.2466354370117,-0.0106863109394908,0.269227862358093
-2.90968370437622,27.2493495941162,-0.00989987328648567,0.269092246890068
-2.65567374229431,27.2520618438721,-0.00975897256284952,0.26897557079792
-2.40160512924194,27.2548389434814,-0.00966714508831501,0.268854230642319
-2.14768314361572,27.2575931549072,-0.00867880415171385,0.26869136095047
-1.89354956150055,27.2602348327637,-0.00844461098313332,0.268480330705643
-1.6383250951767,27.2627849578857,-0.0129885822534561,0.268315121531487
-1.38349211215973,27.2654094696045,-0.0155023466795683,0.268205136060715
-1.12957239151001,27.2682361602783,-0.0136167025193572,0.268068343400955
-0.876046299934387,27.2710742950439,-0.00972465705126524,0.268016874790192
-0.62175989151001,27.2737922668457,-0.00908334273844957,0.26795220375061
-0.367865920066833,27.2764320373535,-0.00644398387521505,0.267914459109306
-0.114431001245975,27.2791481018066,-0.00151718279812485,0.26794445514679
0.138895556330681,27.2819385528564,0.00409903284162283,0.268073081970215
0.39306116104126,27.284725189209,0.00613015983253717,0.26819221675396
0.64771556854248,27.2875595092773,0.00617403769865632,0.268255844712257
0.90226936340332,27.290412902832,0.00688932277262211,0.268347561359406
1.15698421001434,27.2931938171387,0.00709965452551842,0.268493309617043
1.41150176525116,27.2958583831787,0.00841140188276768,0.26861983537674
1.6661137342453,27.2986068725586,0.00951557699590921,0.268733531236649
1.92117702960968,27.301399230957,0.00882487837225199,0.268801301717758
2.1763322353363,27.3042392730713,0.00794716738164425,0.26888670027256
2.43146586418152,27.3069591522217,0.00738775497302413,0.269055634737015
2.68632221221924,27.3096790313721,0.00827720202505589,0.269243508577347
2.94120526313782,27.3125267028809,0.00926236435770988,0.269459396600723
3.1965491771698,27.3153495788574,0.0084308423101902,0.26971572637558
3.45202541351318,27.3180980682373,0.00723948981612921,0.269960999488831
3.70767283439636,27.3208694458008,0.00551984226331115,0.270237982273102
3.96319818496704,27.3236465454102,0.00455960538238287,0.270418867468834
4.21881294250488,27.3264579772949,0.00343019189313054,0.270635187625885
4.47364473342896,27.3294677734375,0.0059388130903244,0.270937740802765
4.72842407226562,27.3326282501221,0.00888164434581995,0.271255254745483
4.98366594314575,27.3356742858887,0.0100218057632446,0.271569490432739
5.2388596534729,27.3385467529297,0.0115846637636423,0.271846890449524
5.49377584457397,27.3413619995117,0.0145601751282811,0.272226423025131
5.74867963790894,27.3442821502686,0.0177946798503399,0.272561222314835
6.00368356704712,27.3473777770996,0.0207999553531408,0.272881120443344
6.25841283798218,27.3505744934082,0.0251932758837938,0.273112386465073
6.51254844665527,27.3541984558105,0.0323340818285942,0.273406907916069
-7.21677875518799,26.9566745758057,-0.0138126732781529,0.273824095726013
-6.96268844604492,26.9591484069824,-0.0178895555436611,0.273292154073715
-6.70941591262817,26.9616928100586,-0.0178146474063396,0.272757142782211
-6.45627164840698,26.9641876220703,-0.0169032830744982,0.272235989570618
-6.20304822921753,26.9667778015137,-0.0161474719643593,0.271772384643555
-5.9494514465332,26.969331741333,-0.0169441737234592,0.271452561020851
-5.69556331634521,26.971996307373,-0.0188942458480597,0.271176487207413
-5.44238424301147,26.9746417999268,-0.0172593984752893,0.270798906683922
-5.18902587890625,26.9771633148193,-0.0162516832351685,0.27044452726841
-4.93550539016724,26.9796314239502,-0.0157898478209972,0.270204484462738
-4.68263149261475,26.9821949005127,-0.0120639875531197,0.2700375020504
-4.4298038482666,26.9847068786621,-0.00791591592133045,0.269795164465904
-4.17667865753174,26.9872398376465,-0.00495516927912831,0.269482582807541
-3.92241597175598,26.9898815155029,-0.00709528895094991,0.269215494394302
-3.66811776161194,26.9924659729004,-0.00916937924921513,0.268980011343956
-3.41400170326233,26.9951095581055,-0.0101635670289397,0.26875863969326
-3.16006588935852,26.9978332519531,-0.0100956037640572,0.26859650015831
-2.90620756149292,27.0004863739014,-0.00944655761122704,0.268451720476151
-2.65229225158691,27.0031585693359,-0.0088399276137352,0.26831579208374
-2.39862847328186,27.0058403015137,-0.00685467990115285,0.268210500478745
-2.144855260849,27.0085277557373,-0.00515932217240334,0.268077149987221
-1.89053690433502,27.011157989502,-0.00575210712850094,0.267860859632492
-1.63559114933014,27.0137405395508,-0.00899644009768963,0.267673060297966
-1.38092052936554,27.016321182251,-0.0107468562200665,0.267597183585167
-1.1267386674881,27.0190830230713,-0.0100387912243605,0.267534181475639
-0.872661173343658,27.021800994873,-0.00863711722195148,0.267448589205742
-0.617974817752838,27.0244922637939,-0.00978755857795477,0.267284885048866
-0.36401030421257,27.0272827148438,-0.00743859726935625,0.267253547906876
-0.110545985400677,27.0299396514893,-0.00261443224735558,0.26735557615757
0.142796576023102,27.0326175689697,0.0029601261485368,0.267526656389236
0.396733164787292,27.0352535247803,0.0060545401647687,0.267633736133575
0.651237845420837,27.038028717041,0.00680040987208486,0.267667651176453
0.905919373035431,27.0409297943115,0.00696857925504446,0.267720654606819
1.16072475910187,27.0438232421875,0.00680101476609707,0.267849683761597
1.41527760028839,27.0465793609619,0.00798334740102291,0.267979696393013
1.66988933086395,27.0492877960205,0.00911713112145662,0.268103584647179
1.92480885982513,27.0519886016846,0.00909507088363171,0.268238246440887
2.17999887466431,27.0548343658447,0.00808990094810724,0.268337100744247
2.43536376953125,27.0576324462891,0.00653255684301257,0.268483981490135
2.69037842750549,27.0603828430176,0.00674904650077224,0.268658220767975
2.94533061981201,27.0631217956543,0.00746016995981336,0.268868625164032
3.20056390762329,27.0657615661621,0.00714833848178387,0.269124820828438
3.45578718185425,27.068416595459,0.00709896301850677,0.269359767436981
3.71112966537476,27.0711917877197,0.00674507906660438,0.269609749317169
3.96631097793579,27.0740642547607,0.00731575349345803,0.269794836640358
4.22162818908691,27.0768985748291,0.00750882690772414,0.270048677921295
4.47660303115845,27.079776763916,0.00941147655248642,0.270426407456398
4.73145914077759,27.082893371582,0.0120400916785002,0.270758584141731
4.98684644699097,27.085916519165,0.0125668849796057,0.271044090390205
5.24219655990601,27.0886707305908,0.0134725533425808,0.271287307143211
5.49716138839722,27.0914516448975,0.0162584781646729,0.271650195121765
5.75223445892334,27.0943660736084,0.0187840331345797,0.271986305713654
6.00680637359619,27.0973739624023,0.0236756559461355,0.272343918681145
6.26161193847656,27.1003475189209,0.0277615170925856,0.272618532180786
-7.21298599243164,26.7085056304932,-0.0153570733964443,0.27342863380909
-6.95893239974976,26.7109375,-0.019227646291256,0.272861480712891
-6.70599842071533,26.7133693695068,-0.0175006464123726,0.272298619151115
-6.45309257507324,26.7158031463623,-0.0154239917173982,0.271839529275894
-6.19997310638428,26.7183036804199,-0.0141503252089024,0.271417453885078
-5.9462776184082,26.7208347320557,-0.0153929889202118,0.271089121699333
-5.69246006011963,26.7234916687012,-0.0169846601784229,0.270775273442268
-5.43925380706787,26.7260761260986,-0.0154523868113756,0.2703767567873
-5.18577814102173,26.7285041809082,-0.0149748390540481,0.270004540681839
-4.93223237991333,26.7309417724609,-0.0146050984039903,0.269705787301064
-4.67919158935547,26.7335205078125,-0.0116393249481916,0.269486710429192
-4.42610025405884,26.736026763916,-0.00870121642947197,0.26928548514843
-4.17292261123657,26.7385997772217,-0.00595375802367926,0.269023329019547
-3.91866135597229,26.7412376403809,-0.00805746670812368,0.268713518977165
-3.66451692581177,26.7438259124756,-0.00938302464783192,0.268344476819038
-3.41065263748169,26.7463970184326,-0.00917802751064301,0.268060371279716
-3.15678739547729,26.7489490509033,-0.00875549297779799,0.267870008945465
-2.90274739265442,26.7515544891357,-0.00892161391675472,0.267719954252243
-2.64850401878357,26.7541790008545,-0.00980303343385458,0.267562165856361
-2.3948380947113,26.7567882537842,-0.0077970689162612,0.267461895942688
-2.14127206802368,26.7593955993652,-0.00511710066348314,0.267378285527229
-1.88710629940033,26.7620372772217,-0.00498022604733706,0.267216861248016
-1.63262498378754,26.7646389007568,-0.00606884714215994,0.267099440097809
-1.37833189964294,26.7672367095947,-0.00607017846778035,0.267047852277756
-1.12410056591034,26.7699851989746,-0.00556875579059124,0.266973659396172
-0.869558691978455,26.7726440429688,-0.0062623112462461,0.266853094100952
-0.614866614341736,26.7753028869629,-0.00741487462073565,0.266728028655052
-0.360763609409332,26.7779998779297,-0.00566999800503254,0.266759037971497
-0.106685981154442,26.7807121276855,-0.00359709374606609,0.26687154173851
0.147262051701546,26.7833251953125,-0.000726627593394369,0.267013534903526
0.40136992931366,26.7859897613525,0.0016316189430654,0.267040207982063
0.655430912971497,26.7886753082275,0.00441106595098972,0.266988351941109
0.909691393375397,26.7915954589844,0.00650253426283598,0.267028570175171
1.1644059419632,26.7945423126221,0.00677096098661423,0.267167881131172
1.41914558410645,26.7973117828369,0.0071463119238615,0.267342835664749
1.67395341396332,26.7999610900879,0.00743500562384725,0.267499715089798
1.92874193191528,26.8026599884033,0.0080279940739274,0.267649501562119
2.18379259109497,26.8054733276367,0.00767229124903679,0.267731964588165
2.43911933898926,26.8083076477051,0.00631209975108504,0.267862796783447
2.69434714317322,26.8111038208008,0.00561386439949274,0.268033087253571
2.94959163665771,26.8137664794922,0.00506421504542232,0.268230199813843
3.20462441444397,26.8162651062012,0.00566860288381577,0.268504247069359
3.45945191383362,26.8188705444336,0.00739122275263071,0.268763408064842
3.71436929702759,26.8216590881348,0.00893002841621637,0.269047170877457
3.9694299697876,26.8246688842773,0.0100515875965357,0.269293934106827
4.22455930709839,26.8275966644287,0.0110853491351008,0.269605323672295
4.47954368591309,26.8304214477539,0.0129666505381465,0.270016342401505
4.73457765579224,26.8332824707031,0.0148417949676514,0.270374745130539
4.9900074005127,26.836109161377,0.0152053823694587,0.270657941699028
5.24538135528564,26.8388710021973,0.0160292182117701,0.270931854844093
5.50070190429688,26.8416843414307,0.0172960963100195,0.271298319101334
5.75574684143066,26.8444538116455,0.0199670735746622,0.27152481675148
6.01027774810791,26.84743309021,0.0250596348196268,0.271863743662834
6.26483154296875,26.850118637085,0.0302512813359499,0.272069931030273
-7.2084813117981,26.4601726531982,-0.0203286223113537,0.272852793335915
-6.95496845245361,26.4624366760254,-0.0215676538646221,0.272311344742775
-6.70254945755005,26.4647598266602,-0.0173478815704584,0.271834388375282
-6.44973516464233,26.4671592712402,-0.014806023798883,0.271438136696815
-6.19678544998169,26.4696922302246,-0.0126950973644853,0.271071925759315
-5.94333124160767,26.4722576141357,-0.01276577077806,0.270728915929794
-5.68957281112671,26.4748859405518,-0.0140561191365123,0.270379483699799
-5.43605899810791,26.4774723052979,-0.0139553165063262,0.26994800567627
-5.18263101577759,26.4799480438232,-0.0132278650999069,0.269509300589561
-4.92937088012695,26.4824180603027,-0.0114893419668078,0.269086837768555
-4.67620182037354,26.4849014282227,-0.00910470634698868,0.268833443522453
-4.42271041870117,26.4874324798584,-0.00801753997802734,0.268704548478127
-4.1691312789917,26.4899845123291,-0.00712335575371981,0.268514424562454
-3.91500520706177,26.4926433563232,-0.00856269616633654,0.268087670207024
-3.66115164756775,26.4951725006104,-0.00850326381623745,0.267633825540543
-3.4073121547699,26.4975509643555,-0.00815557222813368,0.267353743314743
-3.15331554412842,26.499963760376,-0.00831439346075058,0.26720666885376
-2.89889311790466,26.5025253295898,-0.0102230664342642,0.267057448625565
-2.64440488815308,26.5051784515381,-0.0122056100517511,0.266841918230057
-2.39067482948303,26.5078163146973,-0.0104609793052077,0.266695320606232
-2.13726019859314,26.5104904174805,-0.0070499056018889,0.266655251383781
-1.88348484039307,26.5131187438965,-0.0050870468840003,0.266615331172943
-1.62924039363861,26.515739440918,-0.00506024062633514,0.266565561294556
-1.37524545192719,26.5183658599854,-0.00367138627916574,0.266502216458321
-1.12123715877533,26.5210418701172,-0.00212772749364376,0.266372248530388
-0.866771936416626,26.5236835479736,-0.00245037814602256,0.266205996274948
-0.612163424491882,26.5262680053711,-0.00320147280581295,0.266133859753609
-0.357674151659012,26.528902053833,-0.00318807526491582,0.266211301088333
-0.103072144091129,26.5315284729004,-0.0034644475672394,0.266329929232597
0.151487693190575,26.5341053009033,-0.00332853966392577,0.266399458050728
0.405762642621994,26.5368251800537,-0.00168939563445747,0.26638175547123
0.659630179405212,26.5395584106445,0.00199558702297509,0.266332685947418
0.913605570793152,26.5424022674561,0.00540052400901914,0.2663504332304
1.16823577880859,26.5451984405518,0.00607822090387344,0.266490951180458
1.42335557937622,26.5479145050049,0.00478392327204347,0.266716226935387
1.67852544784546,26.5505676269531,0.00349091738462448,0.266882121562958
1.93330550193787,26.5533084869385,0.00415791803970933,0.26702493429184
2.18806076049805,26.5561618804932,0.0051507605239749,0.267090439796448
2.4429771900177,26.5590515136719,0.00564232794567943,0.267233371734619
2.69807052612305,26.5618133544922,0.0055687497369945,0.267432376742363
2.95353364944458,26.5644359588623,0.0040819738060236,0.267646417021751
3.20873403549194,26.5669021606445,0.0039779101498425,0.267981097102165
3.46336126327515,26.5695190429688,0.00661216117441654,0.26830480992794
3.71789360046387,26.5723972320557,0.0098691126331687,0.268630430102348
3.9728262424469,26.5753746032715,0.0115769691765308,0.268897086381912
4.22795534133911,26.5782890319824,0.0126360701397061,0.269198551774025
4.48303890228271,26.5810489654541,0.0141101712360978,0.269571676850319
4.73801708221436,26.5837631225586,0.0162515640258789,0.269980251789093
4.99314451217651,26.5865612030029,0.0179555341601372,0.270353928208351
5.24839067459106,26.5893440246582,0.0193523876368999,0.270676225423813
5.50409555435181,26.5919914245605,0.0189766194671392,0.271004229784012
5.75930976867676,26.5948257446289,0.0209379326552153,0.271293550729752
6.01413154602051,26.5978469848633,0.0248003527522087,0.271623730659485
-6.95150232315063,26.2136993408203,-0.0215316582471132,0.271802991628647
-6.69908571243286,26.2159595489502,-0.0172718670219183,0.271434783935547
-6.44653987884521,26.2184982299805,-0.0134202120825648,0.271084949374199
-6.19344615936279,26.2210559844971,-0.0119698913767934,0.270722165703773
-5.94045495986938,26.223653793335,-0.0098154665902257,0.270379960536957
-5.68678665161133,26.226224899292,-0.0106543889269233,0.26999719440937
-5.43301725387573,26.2287521362305,-0.0117417834699154,0.269523784518242
-5.17962694168091,26.2313175201416,-0.0108125545084476,0.268986999988556
-4.92661571502686,26.2338600158691,-0.0078769288957119,0.268527567386627
-4.67346525192261,26.2362957000732,-0.0053833513520658,0.26828208565712
-4.41969633102417,26.2387657165527,-0.00557712139561772,0.268160313367844
-4.16579532623291,26.241247177124,-0.00616409024223685,0.267940521240234
-3.9118025302887,26.2438182830811,-0.00695467507466674,0.267450198531151
-3.65802311897278,26.2463359832764,-0.00652331206947565,0.267032191157341
-3.40406608581543,26.2487030029297,-0.00669680023565888,0.266797006130219
-3.14986610412598,26.2509479522705,-0.00777328619733453,0.266662284731865
-2.89536833763123,26.2535037994385,-0.0100024584680796,0.266485065221786
-2.64087009429932,26.2562484741211,-0.0120018012821674,0.266239777207375
-2.38696527481079,26.2589836120605,-0.0110337035730481,0.266088709235191
-2.13347411155701,26.2617511749268,-0.00794481486082077,0.266035452485085
-1.87991392612457,26.2643356323242,-0.00496271997690201,0.265965402126312
-1.62582683563232,26.2669143676758,-0.00418602116405964,0.265881955623627
-1.37203621864319,26.2695369720459,-0.00183502805884928,0.265829220414162
-1.11824417114258,26.2721862792969,0.000721241522114724,0.265738353133202
-0.863869309425354,26.2747669219971,0.000833856523968279,0.265573233366013
-0.608948707580566,26.2773208618164,-0.00131290452554822,0.2655059248209
-0.354082345962524,26.2798862457275,-0.00298405112698674,0.265575841069221
-0.0993504226207733,26.2824535369873,-0.00381921930238605,0.265687674283981
0.155125230550766,26.2850494384766,-0.00327320978976786,0.265757337212563
0.40933883190155,26.2877731323242,-0.0013285493478179,0.265761077404022
0.663187325000763,26.290548324585,0.00247001810930669,0.265754848718643
0.917081952095032,26.2933197021484,0.0062658004462719,0.265786916017532
1.1716787815094,26.2959690093994,0.00712044490501285,0.265920013189316
1.42697322368622,26.2985324859619,0.00507283909246325,0.266072198748589
1.68221747875214,26.301290512085,0.00347587582655251,0.266148746013641
1.93722534179688,26.3041534423828,0.00315671740099788,0.266295865178108
2.19208717346191,26.3069820404053,0.00370595837011933,0.266428381204605
2.44663047790527,26.3097763061523,0.00588498963043094,0.266666933894157
2.70121288299561,26.3124809265137,0.00810015574097633,0.266928568482399
2.95646333694458,26.3151149749756,0.00757554639130831,0.267204761505127
3.21192073822021,26.3176937103271,0.00635896483436227,0.267524063587189
3.46692252159119,26.3202857971191,0.00736913690343499,0.267841577529907
3.72149181365967,26.3230571746826,0.0104911020025611,0.268178075551987
3.97639846801758,26.3259048461914,0.0123398480936885,0.2684585750103
4.23143768310547,26.3287143707275,0.0138191366568208,0.268756523728371
4.48633337020874,26.331470489502,0.0161359682679176,0.26906256377697
4.74114036560059,26.334171295166,0.0190476905554533,0.269463956356049
4.99633646011353,26.3369636535645,0.0204721298068762,0.269887253642082
5.25166273117065,26.339750289917,0.021543612703681,0.27032707631588
5.50728321075439,26.342565536499,0.021556070074439,0.27076044678688
5.76248216629028,26.3454093933105,0.0236041340976954,0.271121993660927
6.01779890060425,26.3484172821045,0.0253528021275997,0.271427318453789
-6.94861125946045,25.9650630950928,-0.0187491253018379,0.271317511796951
-6.69529390335083,25.9671611785889,-0.0187716651707888,0.271077767014503
-6.44279050827026,25.9698333740234,-0.0146866654977202,0.270767524838448
-6.18969774246216,25.9723682403564,-0.0131998062133789,0.270344510674477
-5.93710231781006,25.9749603271484,-0.00913229957222939,0.269955083727837
-5.68352746963501,25.9774436950684,-0.00950124580413103,0.269546195864677
-5.42966651916504,25.9798793792725,-0.01099550165236,0.269072249531746
-5.17635774612427,25.9824409484863,-0.00965320970863104,0.268501862883568
-4.92324781417847,25.9850749969482,-0.00715453270822763,0.268048688769341
-4.66997718811035,25.9876365661621,-0.00519821466878057,0.267789021134377
-4.41626739501953,25.9901695251465,-0.00508685596287251,0.267599523067474
-4.16256237030029,25.9925289154053,-0.00472765509039164,0.267294585704803
-3.90866661071777,25.9949493408203,-0.00503862462937832,0.266852349042892
-3.65479731559753,25.9974384307861,-0.00500063551589847,0.266471385955811
-3.40066647529602,25.9998779296875,-0.00595566304400563,0.266310781240463
-3.14638662338257,26.0022315979004,-0.00737440027296543,0.266211777925491
-2.89208173751831,26.0047760009766,-0.00868163723498583,0.266030162572861
-2.63783550262451,26.0074977874756,-0.00948964152485132,0.265789285302162
-2.38379955291748,26.0102844238281,-0.00910219922661781,0.265592932701111
-2.12988829612732,26.0130004882812,-0.00792050641030073,0.265479877591133
-1.8761214017868,26.0155239105225,-0.00585765764117241,0.265387833118439
-1.6220760345459,26.0180282592773,-0.00485748844221234,0.265275806188583
-1.36848151683807,26.0206413269043,-0.00157832680270076,0.265166983008385
-1.11490178108215,26.0232677459717,0.00197582063265145,0.26509228348732
-0.860638916492462,26.0258045196533,0.00262572825886309,0.264969602227211
-0.605313122272491,26.0283527374268,-0.00133635639213026,0.264927878975868
-0.35008504986763,26.0309066772461,-0.00461834575980902,0.264938578009605
-0.0955934971570969,26.0335559844971,-0.00433300854638219,0.264987498521805
0.158362120389938,26.0361557006836,-0.00140767742414027,0.265073716640472
0.412247717380524,26.0387516021729,0.00204147188924253,0.265120580792427
0.66633677482605,26.0414218902588,0.0047810017131269,0.265155583620071
0.920454204082489,26.044095993042,0.0076017021201551,0.265228182077408
1.17508459091187,26.0467128753662,0.00833263993263245,0.26536925137043
1.43000936508179,26.0493640899658,0.00796384178102016,0.265399649739265
1.68514704704285,26.0521831512451,0.00686507765203714,0.265369847416878
1.94031369686127,26.0549697875977,0.00586109329015017,0.265497773885727
2.19539284706116,26.057710647583,0.00546870054677129,0.265777975320816
2.45004773139954,26.0603008270264,0.00717866886407137,0.266167238354683
2.70429062843323,26.0630912780762,0.0109223909676075,0.266483977437019
2.95929408073425,26.0657806396484,0.0115109188482165,0.266774550080299
3.21470332145691,26.0683898925781,0.0105263506993651,0.267077103257179
3.47016739845276,26.0709495544434,0.0095242578536272,0.267351090908051
3.72529435157776,26.0735950469971,0.0102214766666293,0.267604932188988
3.98027896881104,26.0762996673584,0.0117580769583583,0.267906457185745
4.23486566543579,26.0790920257568,0.0152453519403934,0.268253907561302
4.48940515518188,26.081844329834,0.0191400889307261,0.268547430634499
4.7442307472229,26.0845069885254,0.0219938773661852,0.268846079707146
4.99985885620117,26.0873374938965,0.0215624552220106,0.269202291965485
5.25509738922119,26.0901222229004,0.0230389796197414,0.269661217927933
5.51088571548462,26.0930595397949,0.0223458707332611,0.27020688354969
5.76538419723511,26.0959987640381,0.0274453591555357,0.270850390195847
-6.69069957733154,25.718297958374,-0.0241146460175514,0.270761907100677
-6.43856430053711,25.7212333679199,-0.0182357374578714,0.270384177565575
-6.18647527694702,25.7239398956299,-0.0119329951703548,0.269946217536926
-5.93329668045044,25.726469039917,-0.0106092747300863,0.269450142979622
-5.67996883392334,25.7287998199463,-0.00977405160665512,0.269025474786758
-5.42626094818115,25.7310771942139,-0.0105136567726731,0.268570005893707
-5.17276334762573,25.7335758209229,-0.0100345285609365,0.268074989318848
-4.9192419052124,25.7362251281738,-0.0094432020559907,0.267610713839531
-4.66563415527344,25.7388553619385,-0.00903767440468073,0.267270252108574
-4.41210556030273,25.7414798736572,-0.0080384872853756,0.266957968473434
-4.15888929367065,25.7439441680908,-0.0053552002646029,0.26662303507328
-3.90534424781799,25.7463397979736,-0.00399719690904021,0.266281723976135
-3.65133881568909,25.7487773895264,-0.00456546153873205,0.266014829277992
-3.39688229560852,25.7512130737305,-0.0070060221478343,0.265794783830643
-3.14240765571594,25.7536163330078,-0.00929667893797159,0.265569046139717
-2.88831806182861,25.7560691833496,-0.00957175903022289,0.265408083796501
-2.63442444801331,25.7586421966553,-0.00871861539781094,0.265265390276909
-2.38046717643738,25.7613525390625,-0.00793913006782532,0.265090718865395
-2.1262035369873,25.7640266418457,-0.00835118722170591,0.264905750751495
-1.87220585346222,25.7665767669678,-0.00731755699962378,0.264724835753441
-1.61810338497162,25.7690334320068,-0.00654577556997538,0.26455482840538
-1.36449408531189,25.7715873718262,-0.00330083770677447,0.26443737745285
-1.11102020740509,25.7742137908936,0.000769937119912356,0.264397472143173
-0.856951534748077,25.7767486572266,0.00233701406978071,0.264342918992043
-0.601565718650818,25.779296875,-0.00186730327550322,0.264310702681541
-0.346119940280914,25.7819061279297,-0.00610560271888971,0.264285117387772
-0.0918399691581726,25.784553527832,-0.00482982536777854,0.264321058988571
0.161991089582443,25.7872161865234,-0.00131151173263788,0.264406025409698
0.415773957967758,25.78977394104,0.00263037998229265,0.264456078410149
0.670036911964417,25.7922859191895,0.00461697904393077,0.26449254155159
0.924273490905762,25.7948665618896,0.0069331806153059,0.26459276676178
1.17887079715729,25.7974624633789,0.00784345529973507,0.264723807573318
1.43340802192688,25.8001670837402,0.00923735927790403,0.264753699302673
1.68824315071106,25.8029766082764,0.00951535534113646,0.264749258756638
1.9433798789978,25.8056488037109,0.00866853445768356,0.264861255884171
2.19839811325073,25.8082618713379,0.00857098679989576,0.265200018882751
2.45330762863159,25.8108539581299,0.00917526800185442,0.265571489930153
2.7077100276947,25.8136596679688,0.0122376894578338,0.265886649489403
2.96259546279907,25.8164100646973,0.01337222289294,0.266217708587646
3.21789932250977,25.8190422058105,0.0128782736137509,0.266513735055923
3.47362589836121,25.8214645385742,0.0107445688918233,0.266765430569649
3.72914385795593,25.8239612579346,0.00975385680794716,0.266948565840721
3.98415732383728,25.8266906738281,0.0111916540190578,0.267264023423195
4.23843431472778,25.8294658660889,0.0160611364990473,0.267680466175079
4.49271535873413,25.8322505950928,0.0211128499358892,0.268071517348289
4.74769830703735,25.8349075317383,0.023302162066102,0.268349811434746
5.00281286239624,25.8375854492188,0.0251300167292356,0.26859886944294
5.25894355773926,25.8403644561768,0.0227578449994326,0.268872633576393
5.51510524749756,25.8433570861816,0.0204753298312426,0.269307121634483
-6.68625736236572,25.4696159362793,-0.0287407003343105,0.270371273159981
-6.43417453765869,25.4727478027344,-0.0225716456770897,0.269861966371536
-6.1822304725647,25.4754238128662,-0.0155404256656766,0.269351005554199
-5.92914915084839,25.477855682373,-0.0137163931503892,0.268856212496758
-5.67623662948608,25.4802398681641,-0.0108764981850982,0.268413946032524
-5.42274236679077,25.4824810028076,-0.0105719836428761,0.268036857247353
-5.16905546188354,25.48486328125,-0.010955442674458,0.267597019672394
-4.9153037071228,25.4874057769775,-0.0114185381680727,0.267134308815002
-4.66159200668335,25.4900360107422,-0.0114665552973747,0.266687721014023
-4.40819072723389,25.4926319122314,-0.00983381643891335,0.2662643045187
-4.15485954284668,25.4950923919678,-0.0076572890393436,0.265942439436913
-3.90131616592407,25.4975318908691,-0.00625449698418379,0.265708565711975
-3.64731669425964,25.5000286102295,-0.00676000397652388,0.265497088432312
-3.39307713508606,25.5025615692139,-0.00815743766725063,0.265177056193352
-3.13872981071472,25.5049839019775,-0.00982434581965208,0.264914199709892
-2.88470530509949,25.5073337554932,-0.00976621080189943,0.26477724313736
-2.63091206550598,25.5097980499268,-0.00841742102056742,0.264703050255775
-2.37691974639893,25.5123996734619,-0.00777033716440201,0.264527872204781
-2.1225483417511,25.5149879455566,-0.00864751543849707,0.2642802298069
-1.86846053600311,25.5174884796143,-0.00799589417874813,0.264035150408745
-1.61426305770874,25.5200214385986,-0.00762811955064535,0.263882502913475
-1.360520362854,25.5225944519043,-0.0049605704843998,0.263777121901512
-1.10701990127563,25.5251960754395,-0.000977463671006262,0.263709709048271
-0.853047609329224,25.5277214050293,0.0010624669957906,0.263656243681908
-0.597803592681885,25.530252456665,-0.00246431073173881,0.263594657182693
-0.342335224151611,25.5328464508057,-0.00677360733971,0.263550847768784
-0.0878432989120483,25.5355091094971,-0.00642568012699485,0.263561084866524
0.166345924139023,25.5381870269775,-0.00449170125648379,0.263628914952278
0.420294225215912,25.5406246185303,-0.00125830864999443,0.263697028160095
0.674426019191742,25.5429973602295,0.00135698355734348,0.263767138123512
0.92843097448349,25.5455341339111,0.00474985176697373,0.263910681009293
1.1828019618988,25.5482368469238,0.00670764595270157,0.264054268598557
1.43709182739258,25.5510177612305,0.00923872366547585,0.264170676469803
1.69167864322662,25.5537128448486,0.0106543889269233,0.264281123876572
1.94666290283203,25.5562038421631,0.0105150612071157,0.264422401785851
2.20154166221619,25.5587062835693,0.011064144782722,0.264672353863716
2.45662331581116,25.5613307952881,0.0109285125508904,0.26494687795639
2.71169114112854,25.5640602111816,0.0110724531114101,0.265234872698784
2.9669713973999,25.566801071167,0.0104953590780497,0.265558585524559
3.22230768203735,25.5694103240967,0.00989270862191916,0.265853106975555
3.47734045982361,25.571949005127,0.0108449868857861,0.266146898269653
3.73252367973328,25.574499130249,0.0113515965640545,0.266377821564674
3.9876401424408,25.5771903991699,0.0123643111437559,0.266679063439369
4.24201393127441,25.5799579620361,0.0168373305350542,0.267125308513641
4.49645185470581,25.5827560424805,0.021228913217783,0.267570182681084
4.75166702270508,25.585376739502,0.0224357899278402,0.267902314662933
5.00661563873291,25.5880069732666,0.0250145513564348,0.26816913485527
5.26318311691284,25.5906772613525,0.0207767859101295,0.268297538161278
5.51913499832153,25.5936813354492,0.0194339230656624,0.268485382199287
-6.429603099823,25.2243995666504,-0.0277821812778711,0.269224748015404
-6.17786169052124,25.2268772125244,-0.0197441000491381,0.268737971782684
-5.9254412651062,25.2292098999023,-0.0147424722090364,0.268303468823433
-5.67241382598877,25.2315254211426,-0.0124115319922566,0.26788118481636
-5.41909074783325,25.2338638305664,-0.0112659856677055,0.267466172575951
-5.16538763046265,25.2362518310547,-0.011693898588419,0.267012774944305
-4.91174030303955,25.2387428283691,-0.0116334753111005,0.266590252518654
-4.65836238861084,25.2413024902344,-0.0100816395133734,0.266161918640137
-4.40514898300171,25.2438163757324,-0.00754075264558196,0.265740275382996
-4.15155982971191,25.2462310791016,-0.00654268497601151,0.265422388911247
-3.89774489402771,25.2486915588379,-0.00638140272349119,0.265155389904976
-3.64372515678406,25.2512741088867,-0.00695198960602283,0.264877989888191
-3.38969397544861,25.2538795471191,-0.00734905526041985,0.264527276158333
-3.1356143951416,25.2563285827637,-0.00774530321359634,0.264282152056694
-2.88152551651001,25.258617401123,-0.00795769318938255,0.264163672924042
-2.62766480445862,25.2610130310059,-0.00689412700012326,0.264104500412941
-2.37366318702698,25.2634983062744,-0.00626098643988371,0.263931199908257
-2.11928677558899,25.2659397125244,-0.00713317142799497,0.263672560453415
-1.86504948139191,25.2684631347656,-0.00714074447751045,0.263417050242424
-1.61070096492767,25.2710494995117,-0.00743649806827307,0.263290122151375
-1.35690689086914,25.2736530303955,-0.00497364718466997,0.263222977519035
-1.10336542129517,25.2761878967285,-0.00114686856977642,0.263134941458702
-0.849399507045746,25.2786865234375,0.000953187118284404,0.263003170490265
-0.594360947608948,25.2812404632568,-0.0016092857113108,0.262908279895782
-0.339011490345001,25.2838268280029,-0.00535045564174652,0.262860894203186
-0.0840620473027229,25.2864513397217,-0.00704530905932188,0.26290437579155
0.170554161071777,25.2890796661377,-0.00700786244124174,0.262971684336662
0.424420535564423,25.2915267944336,-0.00336970016360283,0.263015136122704
0.678199887275696,25.2938175201416,0.000865976966451854,0.263083353638649
0.932050049304962,25.2962799072266,0.00498519791290164,0.263231888413429
1.18632340431213,25.2990322113037,0.00740944594144821,0.263392403721809
1.44049775600433,25.3018093109131,0.0104856602847576,0.263535708189011
1.69512915611267,25.3045196533203,0.0117295971140265,0.263721242547035
1.95024180412292,25.3069686889648,0.0110466685146093,0.263971045613289
2.20515966415405,25.3093910217285,0.0114505542442203,0.264152020215988
2.46029710769653,25.3119640350342,0.0110970912501216,0.264337345957756
2.71595788002014,25.3145351409912,0.008647789247334,0.264562696218491
2.97167229652405,25.3172435760498,0.00618731090798974,0.264830246567726
3.22635078430176,25.3199882507324,0.00852136593312025,0.265132889151573
3.48053359985352,25.3226795196533,0.013243199326098,0.265507951378822
3.73535442352295,25.3252735137939,0.0153639931231737,0.265827059745789
3.99073696136475,25.3278198242188,0.0152325918897986,0.26614998281002
4.24540615081787,25.3304615020752,0.0184374190866947,0.266619548201561
4.50005197525024,25.3332195281982,0.0219487436115742,0.267116039991379
4.75478553771973,25.3359069824219,0.0252781677991152,0.267576634883881
5.01038312911987,25.338529586792,0.0250589102506638,0.267908722162247
5.26788520812988,25.3410797119141,0.0167973879724741,0.268012493848801
-6.425461769104,24.9757537841797,-0.0309435762465,0.268673107028008
-6.17377185821533,24.978048324585,-0.0226253382861614,0.268260657787323
-5.92153358459473,24.9803428649902,-0.016718715429306,0.267851069569588
-5.66855764389038,24.9827136993408,-0.0141127938404679,0.267438068985939
-5.41555500030518,24.9851818084717,-0.0114159137010574,0.266985356807709
-5.16198110580444,24.9877033233643,-0.0112040638923645,0.266486033797264
-4.90850400924683,24.9902248382568,-0.010313181206584,0.266088485717773
-4.65538311004639,24.9927062988281,-0.00752524612471461,0.265742808580399
-4.40231704711914,24.9951801300049,-0.0042662788182497,0.265391945838928
-4.14862442016602,24.9975395202637,-0.00373086426407099,0.26503823697567
-3.89466333389282,24.9999599456787,-0.00422587664797902,0.264660999178886
-3.64059042930603,25.0025520324707,-0.00501770805567503,0.264315739274025
-3.38646793365479,25.0051002502441,-0.00581178441643715,0.263976156711578
-3.13247847557068,25.0075588226318,-0.00576188508421183,0.263721734285355
-2.87850284576416,25.009895324707,-0.00542442500591278,0.263546854257584
-2.62473797798157,25.0123157501221,-0.00389134231954813,0.263449251651764
-2.3707103729248,25.0146999359131,-0.00335382274352014,0.263295710086823
-2.11612296104431,25.0170917510986,-0.00517133018001914,0.263078093528748
-1.86174309253693,25.0196552276611,-0.0058070826344192,0.262832581996918
-1.6073032617569,25.0222492218018,-0.00649299984797835,0.262719541788101
-1.35359072685242,25.0248489379883,-0.00362897966988385,0.262651592493057
-1.10005223751068,25.0273303985596,0.000240245281020179,0.262529656291008
-0.846192121505737,25.0298271179199,0.0028500163462013,0.262339234352112
-0.591297328472137,25.0323867797852,0.000967683095950633,0.262226969003677
-0.336091786623001,25.0348834991455,-0.0020945577416569,0.262221202254295
-0.080966904759407,25.0374374389648,-0.00455899629741907,0.262310594320297
0.173767745494843,25.0399799346924,-0.00503035262227058,0.262366786599159
0.427787721157074,25.0424137115479,-0.00205780169926584,0.262350529432297
0.681738615036011,25.0447292327881,0.00143414561171085,0.262372136116028
0.935735166072845,25.0471687316895,0.00492568081244826,0.262544348835945
1.18990361690521,25.0498600006104,0.00785065442323685,0.262774989008904
1.4439150094986,25.0527076721191,0.0116838505491614,0.262949123978615
1.69860756397247,25.0554180145264,0.0126829398795962,0.263173609972
1.95395863056183,25.0578002929688,0.010967000387609,0.263472571969032
2.20899033546448,25.0602245330811,0.0108952466398478,0.263661503791809
2.46414685249329,25.0628299713135,0.0104882419109344,0.263796776533127
2.71965432167053,25.065357208252,0.00874859746545553,0.263936802744865
2.97523069381714,25.0680179595947,0.00692728534340858,0.26410947740078
3.22975897789001,25.0707206726074,0.00995141454041004,0.264466837048531
3.48365902900696,25.0734214782715,0.0159429963678122,0.264897599816322
3.73828172683716,25.0760383605957,0.0189576670527458,0.265317067503929
3.99364757537842,25.078483581543,0.0189219359308481,0.265685796737671
4.2485089302063,25.0810203552246,0.0213094726204872,0.26611852645874
4.50322484970093,25.0836696624756,0.024537768214941,0.266598135232925
4.75796604156494,25.08642578125,0.0278584156185389,0.267129376530647
5.01339292526245,25.0890941619873,0.028403228148818,0.267548814415932
5.27212762832642,25.0917205810547,0.0148151684552431,0.267648622393608
-6.16971874237061,24.7290229797363,-0.0253345649689436,0.267907381057739
-5.91790580749512,24.7314624786377,-0.0173734966665506,0.267477869987488
-5.66546869277954,24.7340488433838,-0.0121817169710994,0.266967251896858
-5.4121298789978,24.7366313934326,-0.0110501013696194,0.266476631164551
-5.15866565704346,24.7392482757568,-0.0102901803329587,0.265992432832718
-4.90503978729248,24.7417736053467,-0.0100703621283174,0.265529051423073
-4.65166854858398,24.7441921234131,-0.00842721108347178,0.265174478292465
-4.39843416213989,24.7466259002686,-0.00592697924003005,0.26486736536026
-4.14488697052002,24.7489395141602,-0.00467456551268697,0.26452249288559
-3.89115810394287,24.7512836456299,-0.00405260222032666,0.264128610491753
-3.63724899291992,24.7537498474121,-0.004048858769238,0.263801112771034
-3.38308644294739,24.7562255859375,-0.00499979127198458,0.263502091169357
-3.1291937828064,24.7587471008301,-0.00447155954316258,0.263207152485847
-2.87541389465332,24.7611675262451,-0.00319960271008313,0.262890622019768
-2.62170433998108,24.7635555267334,-0.00138487480580807,0.262672930955887
-2.36758041381836,24.7658748626709,-0.00126396061386913,0.262549802660942
-2.11288142204285,24.7683067321777,-0.00356844090856612,0.262410625815392
-1.85843753814697,24.7708854675293,-0.00447055790573359,0.262255907058716
-1.6040678024292,24.7734184265137,-0.00480674440041184,0.262117952108383
-1.35035490989685,24.776050567627,-0.00191687373444438,0.261953487992287
-1.09672105312347,24.7785778045654,0.00154442724306136,0.261833801865578
-0.842812776565552,24.7810649871826,0.00396313285455108,0.261729866266251
-0.587946355342865,24.7835597991943,0.00223928410559893,0.26164536178112
-0.332855582237244,24.7859497070312,-0.000273503188509494,0.261679545044899
-0.0777749568223953,24.7884330749512,-0.00250980840064585,0.26179364323616
0.176813468337059,24.790901184082,-0.00229353946633637,0.261853277683258
0.430950701236725,24.7934284210205,0.000175194611074403,0.261778190732002
0.685038030147552,24.7958126068115,0.00307903485372663,0.261770814657211
0.939135909080505,24.7983455657959,0.0061423946171999,0.261916235089302
1.19339716434479,24.8009967803955,0.00867998320609331,0.262120574712753
1.44760954380035,24.8037147521973,0.0116447685286403,0.262296661734581
1.7026914358139,24.8061752319336,0.010939160361886,0.262547492980957
1.95793962478638,24.8085498809814,0.00971558224409819,0.262860536575317
2.2130184173584,24.8109798431396,0.00946756079792976,0.263093337416649
2.46819567680359,24.813570022583,0.00900144968181849,0.263202965259552
2.72356057167053,24.81614112854,0.00792457442730665,0.26328632235527
2.97858500480652,24.8187808990479,0.00857368670403957,0.26348340511322
3.23305535316467,24.821418762207,0.011879819445312,0.263869076967239
3.48729968070984,24.8240089416504,0.0163842979818583,0.26435475051403
3.74203014373779,24.826566696167,0.0189542472362518,0.264791950583458
3.99679279327393,24.8291721343994,0.0215896759182215,0.265169069170952
4.25148105621338,24.831787109375,0.0247552860528231,0.265571370720863
4.50633716583252,24.8343925476074,0.027394650503993,0.266059368848801
4.76064682006836,24.8369674682617,0.0326187759637833,0.266581356525421
5.01535320281982,24.8395595550537,0.0363159105181694,0.267092198133469
-6.16541385650635,24.4800624847412,-0.0292490925639868,0.267535164952278
-5.91466331481934,24.4828796386719,-0.0162053778767586,0.26707236468792
-5.66237640380859,24.4856624603271,-0.0102724293246865,0.266556039452553
-5.40909099578857,24.4883575439453,-0.0088631147518754,0.266058951616287
-5.15538263320923,24.4909000396729,-0.0092290760949254,0.265560448169708
-4.90146446228027,24.4933128356934,-0.0103544453158975,0.265030413866043
-4.64759063720703,24.4956588745117,-0.0110423499718308,0.264570474624634
-4.39380502700806,24.4980316162109,-0.0110888509079814,0.264205083250999
-4.1400032043457,24.5002670288086,-0.0109852598980069,0.263897553086281
-3.88661074638367,24.5025062561035,-0.00874725077301264,0.263548105955124
-3.63340210914612,24.5048809051514,-0.00543741462752223,0.2632707208395
-3.37969613075256,24.5073432922363,-0.00423187483102083,0.263006210327148
-3.12595224380493,24.5099411010742,-0.00298348651267588,0.262703761458397
-2.87218713760376,24.51243019104,-0.0016152854077518,0.262316033244133
-2.61833667755127,24.5147609710693,-0.000423161312937737,0.262007385492325
-2.36422538757324,24.5170516967773,-0.000214501458685845,0.261837750673294
-2.10957622528076,24.5194988250732,-0.00226057227700949,0.261732801795006
-1.85507905483246,24.5220794677734,-0.00337831303477287,0.261638760566711
-1.60089576244354,24.5246543884277,-0.00283081294037402,0.261503651738167
-1.34713280200958,24.5273284912109,-0.000143146011396311,0.26132433116436
-1.09315776824951,24.5298652648926,0.00178900163155049,0.261239811778069
-0.839018583297729,24.5323123931885,0.00318735768087208,0.261208012700081
-0.584459960460663,24.5346775054932,0.0028961964417249,0.261144444346428
-0.329679518938065,24.5370235443115,0.00182116765063256,0.261143058538437
-0.0745406895875931,24.5394268035889,-0.000651010836008936,0.261196106672287
0.180187731981277,24.541877746582,-0.00103944388683885,0.261252626776695
0.434440732002258,24.5443897247314,0.000936152588110417,0.26120488345623
0.688262343406677,24.546947479248,0.00506323529407382,0.261191442608833
0.942393243312836,24.5495834350586,0.00800460297614336,0.26129412651062
1.19693470001221,24.5522365570068,0.00931405648589134,0.261459618806839
1.45154666900635,24.5547943115234,0.0105227306485176,0.261633023619652
1.70674550533295,24.557107925415,0.0093302596360445,0.261884987354279
1.96172440052032,24.559383392334,0.00934010930359364,0.262168124318123
2.21695327758789,24.5617275238037,0.0084576103836298,0.262434497475624
2.47222661972046,24.5642509460449,0.00759823387488723,0.262599304318428
2.72717928886414,24.5668125152588,0.00837954878807068,0.262697920203209
2.98181986808777,24.5694541931152,0.0107516841962934,0.262929797172546
3.23632955551147,24.5719909667969,0.0139110926538706,0.263375580310822
3.4909520149231,24.5745429992676,0.0167787428945303,0.263845354318619
3.74601769447327,24.5770320892334,0.01790601760149,0.264215081930161
4.00071907043457,24.5797061920166,0.0208419393748045,0.264594942331314
4.25531816482544,24.5823917388916,0.0244291238486767,0.265007361769676
4.50957679748535,24.5852127075195,0.0297021828591824,0.2654849588871
4.7634973526001,24.5877208709717,0.0366450920701027,0.265976637601852
5.01815605163574,24.5901641845703,0.0405717752873898,0.266489431262016
-5.91234254837036,24.2348041534424,-0.0106661049649119,0.266653642058372
-5.65950965881348,24.2375202178955,-0.0073019927367568,0.266181081533432
-5.40588855743408,24.2400970458984,-0.00745521858334541,0.265605911612511
-5.15194082260132,24.2423992156982,-0.0089205214753747,0.265116170048714
-4.89795827865601,24.2447357177734,-0.0103200394660234,0.264584437012672
-4.64369916915894,24.2470111846924,-0.0127845332026482,0.26402573287487
-4.38921689987183,24.2492580413818,-0.0160628147423267,0.263496920466423
-4.13512849807739,24.2514820098877,-0.0172589682042599,0.263160482048988
-3.8821074962616,24.253776550293,-0.0132400374859571,0.262895375490189
-3.62927937507629,24.2562503814697,-0.00811653677374125,0.262661322951317
-3.37609004974365,24.2588443756104,-0.00447242334485054,0.262395903468132
-3.12259149551392,24.2614154815674,-0.00205364008434117,0.262130692601204
-2.86882424354553,24.2637042999268,-0.000663070706650615,0.261771261692047
-2.61480450630188,24.265941619873,-0.000222180999116972,0.261402234435081
-2.3607029914856,24.2682247161865,6.26578694209456e-05,0.261132434010506
-2.10628581047058,24.2706661224365,-0.000884617620613426,0.260985940694809
-1.85184943675995,24.2732353210449,-0.00169460754841566,0.26090843975544
-1.59784865379333,24.2758693695068,-0.000283197325188667,0.260827705264091
-1.34397113323212,24.2785320281982,0.00190739380195737,0.260740354657173
-1.0895984172821,24.2809238433838,0.00205333135090768,0.260716676712036
-0.834880769252777,24.2832260131836,0.000849949545226991,0.260697275400162
-0.580615222454071,24.2855644226074,0.00192709895782173,0.26063734292984
-0.326400190591812,24.2880687713623,0.00344838015735149,0.260579615831375
-0.0714270994067192,24.2906455993652,0.0017531180055812,0.260557293891907
0.183550670742989,24.2930850982666,0.000265264941845089,0.260565534234047
0.437880665063858,24.2954883575439,0.00192332162987441,0.260529458522797
0.691788554191589,24.2979736328125,0.00569231016561389,0.260529339313507
0.946059226989746,24.3006019592285,0.00803611986339092,0.260641291737556
1.20070374011993,24.3032093048096,0.00891548022627831,0.260807499289513
1.45530760288239,24.3056545257568,0.0101935639977455,0.260970950126648
1.71005392074585,24.3080081939697,0.0110508166253567,0.261192575097084
1.96489369869232,24.3103046417236,0.0117072043940425,0.26144315302372
2.22041010856628,24.3126258850098,0.00957406125962734,0.261709228157997
2.47625589370728,24.3150100708008,0.00620582327246666,0.261916235089302
2.73152709007263,24.3174304962158,0.00561169348657131,0.262111037969589
2.98578763008118,24.3200092315674,0.00969952251762152,0.262470811605453
3.2399697303772,24.3226585388184,0.0143336849287152,0.262902051210403
3.4944543838501,24.3252773284912,0.0178355406969786,0.263276293873787
3.74954009056091,24.3277587890625,0.0189042445272207,0.263599529862404
4.00461578369141,24.3304138183594,0.0202278550714254,0.263964489102364
4.25940990447998,24.3330020904541,0.0229921210557222,0.264401584863663
4.51371765136719,24.3360366821289,0.0280829891562462,0.264918476343155
4.7666449546814,24.3386936187744,0.0393825359642506,0.265390649437904
-5.90979814529419,23.9867305755615,-0.00619590887799859,0.266304150223732
-5.65620613098145,23.989200592041,-0.00640552118420601,0.265857025980949
-5.40236520767212,23.9916496276855,-0.00756849767640233,0.265235364437103
-5.148362159729,23.9938774108887,-0.00926355086266994,0.264688864350319
-4.89444494247437,23.9961242675781,-0.0103193363174796,0.264167264103889
-4.64017724990845,23.9983749389648,-0.0127953924238682,0.263591125607491
-4.3856029510498,24.0006103515625,-0.016471553593874,0.263001725077629
-4.13147640228271,24.0028762817383,-0.0178135056048632,0.262599095702171
-3.87850952148438,24.0052528381348,-0.0135094299912453,0.262308597564697
-3.62574982643127,24.0078067779541,-0.00803611427545547,0.262054353952408
-3.37251496315002,24.0104751586914,-0.00457174889743328,0.261752709746361
-3.11886763572693,24.0128765106201,-0.00280967750586569,0.261464461684227
-2.86497712135315,24.015007019043,-0.00195594527758658,0.261095002293587
-2.61092901229858,24.0172252655029,-0.00161034369375557,0.26072795689106
-2.35690641403198,24.019458770752,-0.000926248321775347,0.260436207056046
-2.10291075706482,24.0218448638916,0.000100723460491281,0.260266035795212
-1.84885740280151,24.0243988037109,0.00107930065132678,0.260129451751709
-1.59467780590057,24.0270729064941,0.00169697951059788,0.260075718164444
-1.34057891368866,24.0296649932861,0.00290338206104934,0.260080218315125
-1.08607172966003,24.0319671630859,0.00246630515903234,0.260072842240334
-0.831128478050232,24.0341320037842,0.000268307107035071,0.260022446513176
-0.576915502548218,24.0364742279053,0.00161769113037735,0.25996769964695
-0.322823345661163,24.0391235351562,0.00372724724002182,0.259925380349159
-0.0682694166898727,24.0419178009033,0.00395805668085814,0.259868234395981
0.186748474836349,24.0444850921631,0.00231504533439875,0.259825363755226
0.441342890262604,24.0468120574951,0.00280966120772064,0.259779185056686
0.695759177207947,24.0489902496338,0.00432448135688901,0.259766489267349
0.950425565242767,24.0513076782227,0.00492930272594094,0.259902238845825
1.20493650436401,24.0537929534912,0.006445636972785,0.260122194886208
1.45894753932953,24.0564041137695,0.0104082589969039,0.260273218154907
1.71307170391083,24.0589466094971,0.0140700545161963,0.260407462716103
1.96778786182404,24.0613594055176,0.0153009779751301,0.260609820485115
2.2235164642334,24.0636901855469,0.0122484210878611,0.260907262563705
2.47960591316223,24.0659484863281,0.00782761815935373,0.261216908693314
2.73512887954712,24.0683403015137,0.00614712294191122,0.261526629328728
2.98957180976868,24.0707950592041,0.00946013629436493,0.262005254626274
3.24372816085815,24.0733871459961,0.0142387356609106,0.262417748570442
3.49789881706238,24.076114654541,0.0191517323255539,0.262715414166451
3.75277709960938,24.0786838531494,0.0211571510881186,0.262974262237549
4.00790643692017,24.0811061859131,0.0222734976559877,0.263330891728401
4.26352691650391,24.0836639404297,0.0214530266821384,0.263729751110077
4.51864385604858,24.0867195129395,0.0230426620692015,0.264308661222458
-5.65213298797607,23.7406349182129,-0.00916216615587473,0.265499323606491
-5.39859485626221,23.7431316375732,-0.00885334610939026,0.26478910446167
-5.14486122131348,23.7454032897949,-0.00924248062074184,0.264289915561676
-4.89100551605225,23.7476406097412,-0.00997845642268658,0.263707980513573
-4.63700342178345,23.7498359680176,-0.0111723402515054,0.263185277581215
-4.38300609588623,23.752067565918,-0.0121158631518483,0.262602090835571
-4.12931632995605,23.7543430328369,-0.0113895880058408,0.262134090065956
-3.87610054016113,23.756721496582,-0.00822976231575012,0.261780753731728
-3.62282228469849,23.7592468261719,-0.00515179662033916,0.26148921251297
-3.36919283866882,23.7617931365967,-0.00349491485394537,0.261147573590279
-3.11546659469604,23.7641220092773,-0.00206912867724895,0.260784819722176
-2.86153030395508,23.7662792205811,-0.00139620213303715,0.260377645492554
-2.6074481010437,23.7685642242432,-0.00117740104906261,0.260022521018982
-2.35338258743286,23.7708072662354,-0.000659641867969185,0.259783342480659
-2.09968638420105,23.7731781005859,0.0017760134069249,0.259641274809837
-1.84602117538452,23.7756233215332,0.00456732045859098,0.259459316730499
-1.59162712097168,23.7781066894531,0.00422851881012321,0.259333536028862
-1.33694219589233,23.7806491851807,0.00278323469683528,0.259338080883026
-1.08248019218445,23.7829475402832,0.00258502899669111,0.259290352463722
-0.82789671421051,23.7851333618164,0.00205665291287005,0.259196355938911
-0.57357919216156,23.7875385284424,0.00295885046944022,0.259160175919533
-0.319331616163254,23.7901611328125,0.00439308676868677,0.259151503443718
-0.0650634244084358,23.7930507659912,0.00594648625701666,0.259152635931969
0.189661383628845,23.7956981658936,0.00565407704561949,0.259118944406509
0.444496810436249,23.7980422973633,0.00508741941303015,0.259070351719856
0.699230194091797,23.8001670837402,0.00520397536456585,0.259048461914062
0.953968346118927,23.8022861480713,0.00551867578178644,0.259137615561485
1.20836448669434,23.8046264648438,0.00758134946227074,0.259348079562187
1.4623156785965,23.8072471618652,0.0118402019143105,0.259472250938416
1.7162971496582,23.8099842071533,0.0161651223897934,0.259569406509399
1.97128367424011,23.8124179840088,0.0162193477153778,0.259823083877563
2.22712349891663,23.8145847320557,0.0127039980143309,0.260220482945442
2.48306155204773,23.8167400360107,0.00898555852472782,0.260643690824509
2.73842906951904,23.8191318511963,0.00802122429013252,0.261004716157913
2.99306344985962,23.8215847015381,0.0105164898559451,0.261477112770081
3.24726486206055,23.8241748809814,0.0151253882795572,0.261884614825249
3.50119733810425,23.8269386291504,0.0211133640259504,0.262166142463684
3.75577545166016,23.8295516967773,0.0244621224701405,0.26246976852417
4.01076030731201,23.8320732116699,0.0262339673936367,0.262701511383057
4.26708507537842,23.834545135498,0.0223568920046091,0.263052552938461
4.52316236495972,23.8374843597412,0.0197893977165222,0.26367849111557
-5.64808225631714,23.4921970367432,-0.0118167269974947,0.264974310994148
-5.39527940750122,23.4947910308838,-0.0079940902069211,0.264205202460289
-5.14159822463989,23.4970283508301,-0.00810344982892275,0.263756796717644
-4.88796472549438,23.4992008209229,-0.00776215689256787,0.263181865215302
-4.6340765953064,23.501392364502,-0.00839463155716658,0.262696325778961
-4.38054370880127,23.50364112854,-0.00713149877265096,0.262172386050224
-4.12729263305664,23.5058784484863,-0.0043317899107933,0.261662214994431
-3.87372040748596,23.5082359313965,-0.0028191979508847,0.261223301291466
-3.61980962753296,23.5106105804443,-0.00266565196216106,0.260881319642067
-3.3660306930542,23.5130233764648,-0.00167573860380799,0.260531112551689
-3.11238646507263,23.5153827667236,0.000159354283823632,0.260134786367416
-2.85860228538513,23.5176773071289,0.00156314251944423,0.259744435548782
-2.60465335845947,23.5200233459473,0.00242316024377942,0.259433686733246
-2.35052442550659,23.5222511291504,0.00267273257486522,0.259249910712242
-2.09661221504211,23.5245113372803,0.00414227275177836,0.259095460176468
-1.84285724163055,23.5268516540527,0.0065492382273078,0.258864223957062
-1.58851373195648,23.5292091369629,0.0064720157533884,0.258618742227554
-1.33354818820953,23.5316009521484,0.00377295515500009,0.258503302931786
-1.07932126522064,23.5339775085449,0.00467690825462341,0.258460164070129
-0.825280785560608,23.5364570617676,0.00664648087695241,0.25842772424221
-0.570826649665833,23.5388832092285,0.00695039285346866,0.258434772491455
-0.316214889287949,23.5413513183594,0.00675873784348369,0.258444145321846
-0.0617911890149117,23.5439796447754,0.00763817364349961,0.258458971977234
0.192788362503052,23.546594619751,0.00803070981055498,0.258462950587273
0.44746857881546,23.5490455627441,0.00818976946175098,0.258450567722321
0.702004849910736,23.551248550415,0.0092178164049983,0.258447214961052
0.956597805023193,23.5533618927002,0.010208192281425,0.258470863103867
1.21108973026276,23.5556449890137,0.0118644526228309,0.258614227175713
1.46543979644775,23.5581512451172,0.0143648572266102,0.258738279342651
1.71983110904694,23.5608520507812,0.0168882980942726,0.258900538086891
1.97515606880188,23.5633220672607,0.0154658956453204,0.259189516305923
2.23113298416138,23.5654048919678,0.0113750817254186,0.25960573554039
2.48683190345764,23.5674839019775,0.00875242333859205,0.260036677122116
2.74180483818054,23.5698127746582,0.00956630054861307,0.26045760512352
2.99612212181091,23.5723915100098,0.0134888514876366,0.260883018374443
3.25025105476379,23.5749950408936,0.0184408631175756,0.261288896203041
3.50408720970154,23.5776100158691,0.0248787812888622,0.261620163917542
3.75844764709473,23.5802764892578,0.0292058140039444,0.261966213583946
4.01282024383545,23.5828742980957,0.0336802154779434,0.262190863490105
4.2693452835083,23.5854663848877,0.0289423987269402,0.262397617101669
-5.39280319213867,23.2465362548828,-0.00316964345984161,0.263505145907402
-5.13863182067871,23.2486629486084,-0.00557082379236817,0.26314888894558
-4.88456678390503,23.2507247924805,-0.00723401224240661,0.262675121426582
-4.63098526000977,23.252872467041,-0.00639214832335711,0.262152224779129
-4.37756776809692,23.2551441192627,-0.00456190807744861,0.261634930968285
-4.12439298629761,23.2574100494385,-0.0013769343495369,0.261145696043968
-3.87058925628662,23.2597389221191,-0.000918066711165011,0.260653257369995
-3.61640763282776,23.2619934082031,-0.00199637818150222,0.260238692164421
-3.36249589920044,23.2643241882324,-0.00159229221753776,0.259850665926933
-3.10885906219482,23.2667388916016,0.000308885180857033,0.259492576122284
-2.85532188415527,23.2691249847412,0.00288834399543703,0.259144484996796
-2.60178232192993,23.2714500427246,0.00566915003582835,0.258854806423187
-2.34777522087097,23.273624420166,0.00650817900896072,0.25868321955204
-2.09334564208984,23.275857925415,0.00562198460102081,0.258543759584427
-1.83906328678131,23.2782039642334,0.00563722662627697,0.258270680904388
-1.58463084697723,23.2805271148682,0.00518750073388219,0.257926121354103
-1.33015954494476,23.2828330993652,0.00478387949988246,0.25773012638092
-1.07625436782837,23.2852077484131,0.00718678208068013,0.257729008793831
-0.822329640388489,23.2877407073975,0.00971031282097101,0.257821306586266
-0.567985057830811,23.2901954650879,0.0105378916487098,0.25788451731205
-0.313302159309387,23.2924900054932,0.0100506581366062,0.257858827710152
-0.0586411543190479,23.2947978973389,0.00988512299954891,0.257810905575752
0.195954978466034,23.2972640991211,0.0102320834994316,0.257806703448296
0.450617045164108,23.2997913360596,0.0104998983442783,0.257799789309502
0.704967319965363,23.3022117614746,0.0123900882899761,0.257792472839355
0.959452867507935,23.3044567108154,0.0138867124915123,0.257785245776176
1.21423184871674,23.3066177368164,0.0142832659184933,0.257895454764366
1.46900069713593,23.3089714050293,0.0149404583498836,0.258090734481812
1.72361433506012,23.3115272521973,0.0165046043694019,0.258314937353134
1.97883462905884,23.3140411376953,0.0155802760273218,0.258598074316978
2.2346830368042,23.3161849975586,0.0120918359607458,0.258958265185356
2.49015712738037,23.3183937072754,0.0104943569749594,0.259385272860527
2.74487113952637,23.3207340240479,0.0124824829399586,0.259826734662056
2.99895787239075,23.3232707977295,0.0174481850117445,0.26025153696537
3.25301623344421,23.3257923126221,0.0227362252771854,0.260647922754288
3.50696921348572,23.3283424377441,0.0286828279495239,0.261086702346802
3.76101613044739,23.3308906555176,0.0344105437397957,0.261416256427765
4.01478481292725,23.3333778381348,0.0415501892566681,0.261744305491447
-5.39044046401978,22.9980297088623,0.00218830467201769,0.262843087315559
-5.13550901412964,23.0001659393311,-0.00377884740009904,0.26258596777916
-4.8812518119812,23.0021724700928,-0.00631759408861399,0.26209357380867
-4.62787103652954,23.0044097900391,-0.0045025572180748,0.261604160070419
-4.37444972991943,23.0066318511963,-0.00265921582467854,0.261066690087318
-4.12121772766113,23.0089321136475,0.000286369875539094,0.260571762919426
-3.86730313301086,23.0112743377686,0.000255708815529943,0.260070562362671
-3.61307215690613,23.0135517120361,-0.00102241663262248,0.259597137570381
-3.35892248153687,23.0158081054688,-0.00169285084120929,0.259186044335365
-3.10493135452271,23.0181274414062,-0.00140065758023411,0.25885334610939
-2.85115242004395,23.0204639434814,9.58573436946608e-05,0.258501142263412
-2.59767413139343,23.0227432250977,0.0031998606864363,0.258170872926712
-2.34405946731567,23.0249328613281,0.00588640291243792,0.25794130563736
-2.08965563774109,23.0272426605225,0.00515141943469644,0.257843255996704
-1.83499562740326,23.0296363830566,0.00346646830439568,0.257622897624969
-1.58068227767944,23.0319480895996,0.00360003532841802,0.257303893566132
-1.32672536373138,23.0341911315918,0.00558567745611072,0.257098913192749
-1.07277524471283,23.0364551544189,0.00781546905636787,0.257127687335014
-0.818635642528534,23.0388889312744,0.00939339026808739,0.257272824645042
-0.564331114292145,23.0413589477539,0.0104363206773996,0.257319286465645
-0.310008227825165,23.0437297821045,0.0116136558353901,0.257247015833855
-0.0555482693016529,23.0459308624268,0.0123885292559862,0.257114142179489
0.199108719825745,23.0482311248779,0.0124899558722973,0.257050275802612
0.454076766967773,23.050630569458,0.0114082880318165,0.257040336728096
0.708659589290619,23.0530891418457,0.0122827282175422,0.257057085633278
0.963162541389465,23.0554370880127,0.0137327956035733,0.257120490074158
1.2178145647049,23.0576915740967,0.0147300651296973,0.257235363125801
1.47258865833282,23.0600414276123,0.0153952045366168,0.257466718554497
1.72724485397339,23.0623893737793,0.0168027356266975,0.257724747061729
1.98201966285706,23.0648517608643,0.0178936254233122,0.257965207099915
2.23748278617859,23.0671615600586,0.0161423627287149,0.258243143558502
2.49292922019958,23.0694046020508,0.0146902063861489,0.258654862642288
2.74771022796631,23.0717506408691,0.0164057724177837,0.259119212627411
3.00166034698486,23.0742874145508,0.0219979640096426,0.259551092982292
3.25585436820984,23.0767230987549,0.0267108976840973,0.25993774831295
3.50967240333557,23.0792083740234,0.0332753472030163,0.260409042239189
3.76398944854736,23.0816383361816,0.0378412641584873,0.260758459568024
4.01750612258911,23.0840110778809,0.046111274510622,0.261295691132545
-5.13188600540161,22.7516975402832,-0.00435192510485649,0.262154638767242
-4.87780141830444,22.7536487579346,-0.0060410900041461,0.261557951569557
-4.62458944320679,22.7558307647705,-0.00340061937458813,0.261000081896782
-4.37139511108398,22.7581748962402,-0.000463665666757151,0.260478973388672
-4.1181492805481,22.7604579925537,0.00244614970870316,0.259986266493797
-3.86433076858521,22.7627811431885,0.00289322668686509,0.259513422846794
-3.61018395423889,22.765022277832,0.00203469698317349,0.25901897251606
-3.35592293739319,22.7672748565674,0.000873058044817299,0.258577093482018
-3.10151624679565,22.7695693969727,-0.000734447385184467,0.258175119757652
-2.84702730178833,22.7718200683594,-0.0024924729950726,0.257801473140717
-2.59304094314575,22.7739791870117,-0.00169669557362795,0.257436841726303
-2.33954572677612,22.7761669158936,0.00158469309099019,0.257167622447014
-2.08575820922852,22.7786102294922,0.00372699345462024,0.257013767957687
-1.83132195472717,22.7810592651367,0.00310419802553952,0.256865441799164
-1.57696855068207,22.7833061218262,0.00308886636048555,0.256666094064713
-1.323002576828,22.7854747772217,0.00506810285151005,0.256517991423607
-1.06905019283295,22.7877006530762,0.00732258567586541,0.256445035338402
-0.814891338348389,22.7901077270508,0.00884700845927,0.256509080529213
-0.560786843299866,22.7925701141357,0.0108328284695745,0.256532937288284
-0.30672612786293,22.7950458526611,0.0132300509139895,0.256492853164673
-0.0522866770625114,22.7972583770752,0.0141272684559226,0.25633804500103
0.20251826941967,22.7994117736816,0.0135915437713265,0.256230533123016
0.457602292299271,22.801643371582,0.0120197087526321,0.256231933832169
0.712254703044891,22.8040466308594,0.0126132005825639,0.256305426359177
0.966689825057983,22.8064022064209,0.0143998702988029,0.256416916847229
1.22101414203644,22.808801651001,0.0168938748538494,0.25651291012764
1.47569799423218,22.8112964630127,0.0179891679435968,0.256714686751366
1.73044240474701,22.8136882781982,0.0190294627100229,0.2569540143013
1.98513555526733,22.8158626556396,0.0205149464309216,0.257181510329247
2.24025177955627,22.8180541992188,0.0203332342207432,0.25749084353447
2.4954879283905,22.8203964233398,0.0198361407965422,0.257865890860558
2.75047039985657,22.822774887085,0.020680658519268,0.258325472474098
3.0046706199646,22.8252201080322,0.0251928810030222,0.258759841322899
3.25893688201904,22.8276271820068,0.029613709077239,0.259265810251236
3.51284050941467,22.8300724029541,0.0358274951577187,0.25966565310955
3.76754355430603,22.832462310791,0.0387262366712093,0.259924337267876
-5.12880563735962,22.5033130645752,-0.00236779032275081,0.261590078473091
-4.8748025894165,22.5052757263184,-0.00364385009743273,0.260966077446938
-4.6217942237854,22.5074920654297,-1.80612405529246e-05,0.260413020849228
-4.36848640441895,22.5098056793213,0.00241148378700018,0.259905055165291
-4.11508131027222,22.5120639801025,0.00460375053808093,0.259405791759491
-3.86117649078369,22.5143127441406,0.00467751966789365,0.258940249681473
-3.60687160491943,22.5164566040039,0.00311348517425358,0.258455112576485
-3.35253477096558,22.518590927124,0.00163183792028576,0.257969796657562
-3.09801268577576,22.5207824707031,-0.000478811474749818,0.257492452859879
-2.84321022033691,22.5230007171631,-0.00365391396917403,0.257088705897331
-2.58881092071533,22.5252113342285,-0.00473075453191996,0.256726399064064
-2.33550262451172,22.5275096893311,-0.000549120246432722,0.256449431180954
-2.08217549324036,22.5299911499023,0.00374827021732926,0.256229981780052
-1.82810056209564,22.5323238372803,0.00481969490647316,0.256069883704185
-1.57363522052765,22.5344791412354,0.0043222364038229,0.255927711725235
-1.31947469711304,22.5366287231445,0.00544325448572636,0.25582529604435
-1.06525683403015,22.5389442443848,0.00651791179552674,0.255664691329002
-0.810975849628448,22.5413913726807,0.00752057321369648,0.25558964908123
-0.556921243667603,22.5438213348389,0.00976946577429771,0.255615770816803
-0.303019970655441,22.5462532043457,0.0129254525527358,0.255622014403343
-0.0489063672721386,22.5484943389893,0.0153306713327765,0.255520924925804
0.205711826682091,22.5506343841553,0.0156691372394562,0.255387097597122
0.460712373256683,22.5527515411377,0.0145037183538079,0.255404010415077
0.715283095836639,22.5550212860107,0.0154941529035568,0.255539298057556
0.969593405723572,22.5573825836182,0.017867574468255,0.255690172314644
1.22367346286774,22.5599212646484,0.0214800965040922,0.255782186985016
1.47834467887878,22.5625133514404,0.0226535797119141,0.255948290228844
1.73352682590485,22.564826965332,0.021765299141407,0.256206542253494
1.98872697353363,22.5669116973877,0.0210220161825418,0.256448268890381
2.24385976791382,22.5689678192139,0.02079938352108,0.256763949990273
2.49891209602356,22.5712738037109,0.0211495999246836,0.257108241319656
2.75394082069397,22.5736312866211,0.0218197982758284,0.25753878057003
3.00840616226196,22.5759773254395,0.0251926612108946,0.258045241236687
3.26265001296997,22.5784130096436,0.0297434274107218,0.258508339524269
3.51639199256897,22.5808048248291,0.0367003306746483,0.259004205465317
3.77109217643738,22.5833034515381,0.0396391004323959,0.259237498044968
-4.87194871902466,22.2570323944092,-0.000571377109736204,0.260412782430649
-4.61881971359253,22.2592067718506,0.00251620751805604,0.259862512350082
-4.36552333831787,22.2614326477051,0.00502836937084794,0.259345009922981
-4.1116681098938,22.2636470794678,0.00514390738680959,0.258812367916107
-3.85774993896484,22.2658405303955,0.00518862484022975,0.258328020572662
-3.60333847999573,22.2679233551025,0.00316145760007203,0.257838860154152
-3.34878873825073,22.2699432373047,0.00072463828837499,0.257323935627937
-3.09410285949707,22.272045135498,-0.00210922467522323,0.256806612014771
-2.83932137489319,22.2742309570312,-0.00515041360631585,0.256373465061188
-2.58525991439819,22.2765502929688,-0.00463025690987706,0.256020218133926
-2.33183908462524,22.2788925170898,-0.000934835057705641,0.255742877721786
-2.07858681678772,22.2813377380371,0.00374231371097267,0.255503788590431
-1.82490289211273,22.2835636138916,0.00664344849064946,0.255300611257553
-1.57054483890533,22.2856674194336,0.00666831852868199,0.255147024989128
-1.31626737117767,22.2878513336182,0.0072828852571547,0.255025684833527
-1.06163454055786,22.2902355194092,0.0064931707456708,0.254857257008553
-0.80716598033905,22.2926731109619,0.00667547760531306,0.254725858569145
-0.552997350692749,22.2949714660645,0.00844314228743315,0.254715532064438
-0.299034118652344,22.2972793579102,0.0113557456061244,0.25476561486721
-0.0450456440448761,22.2995433807373,0.0143634881824255,0.254727050662041
0.209390416741371,22.3017158508301,0.0155593687668443,0.254608482122421
0.464211076498032,22.3038902282715,0.0152374086901546,0.254601284861565
0.718637645244598,22.3060932159424,0.0169085022062063,0.254756540060043
0.972688019275665,22.3084373474121,0.0204791780561209,0.254948243498802
1.22672474384308,22.3109397888184,0.024313198402524,0.255078971385956
1.48145830631256,22.3134803771973,0.0252357944846153,0.255276218056679
1.73673737049103,22.3157825469971,0.0239432416856289,0.255513876676559
1.99199557304382,22.3178596496582,0.0229700431227684,0.255770236253738
2.24716973304749,22.3199558258057,0.0225922614336014,0.256051808595657
2.50227022171021,22.3221988677979,0.0227581672370434,0.256389319896698
2.75733041763306,22.3244590759277,0.0233198627829552,0.25682470202446
3.01242065429688,22.3267555236816,0.0239624753594398,0.257218345999718
3.26677465438843,22.3290901184082,0.0280644968152046,0.257754147052765
3.52036046981812,22.33131980896,0.0357451848685741,0.258353427052498
-4.86920642852783,22.0087490081787,0.00302504701539874,0.259959727525711
-4.61515331268311,22.0107555389404,0.00179831322748214,0.259311750531197
-4.36136436462402,22.0128746032715,0.00203782087191939,0.258735328912735
-4.10752010345459,22.0150871276855,0.00224316562525928,0.258204653859138
-3.85395908355713,22.0173225402832,0.00399643508717418,0.257647752761841
-3.59985160827637,22.0193729400635,0.00342169986106455,0.257099494338036
-3.34503531455994,22.021354675293,-0.000218998771742918,0.256606727838516
-3.09017586708069,22.0233402252197,-0.00382125750184059,0.256109356880188
-2.83547854423523,22.0255699157715,-0.00643589906394482,0.255654022097588
-2.58156418800354,22.0279560089111,-0.00519996182993054,0.255277037620544
-2.32800507545471,22.0303630828857,-0.00210850453004241,0.25501324236393
-2.0747435092926,22.0326652526855,0.00256446329876781,0.254783153533936
-1.82141423225403,22.0348377227783,0.00713070575147867,0.254564687609673
-1.56725120544434,22.036994934082,0.00808138772845268,0.254392430186272
-1.31269121170044,22.0392169952393,0.00743441237136722,0.25424288213253
-1.0580826997757,22.0414543151855,0.00679064681753516,0.254092007875443
-0.80388206243515,22.04368019104,0.00822895392775536,0.253977343440056
-0.549836993217468,22.0459041595459,0.0105893341824412,0.25396591424942
-0.295462608337402,22.0481281280518,0.0116679891943932,0.254003137350082
-0.0411903858184814,22.0505332946777,0.0134228765964508,0.253976121544838
0.213243409991264,22.0527725219727,0.014663620851934,0.253868281841278
0.467938899993896,22.0550689697266,0.0149395251646638,0.253849193453789
0.722233593463898,22.0573596954346,0.017236489802599,0.253981739282608
0.97624796628952,22.0596752166748,0.0210014712065458,0.254203125834465
1.23053872585297,22.061990737915,0.0237325020134449,0.254389762878418
1.48533153533936,22.0643672943115,0.0244268178939819,0.254613280296326
1.74034667015076,22.0666980743408,0.0243457518517971,0.254877164959908
1.99538362026215,22.0688762664795,0.0243879538029432,0.255141466856003
2.25039720535278,22.070972442627,0.0247538611292839,0.255410328507423
2.50541591644287,22.0731449127197,0.0253116302192211,0.255771934986115
2.76060271263123,22.0753192901611,0.0253413617610931,0.256211161613464
3.0157790184021,22.0775871276855,0.0256334897130728,0.256590455770493
3.27061438560486,22.0798835754395,0.0276431683450937,0.257100656628609
3.52453327178955,22.0818214416504,0.033896841108799,0.257703304290771
-4.61028242111206,21.7620410919189,-0.00458024302497506,0.258626461029053
-4.35641860961914,21.7641010284424,-0.00464116502553225,0.257994413375854
-4.10355854034424,21.7664127349854,0.000216556247323751,0.257399961352348
-3.84993171691895,21.7686939239502,0.00169813178945333,0.256820857524872
-3.59652709960938,21.7708015441895,0.00443805102258921,0.256287559866905
-3.34188032150269,21.7728672027588,0.00161577551625669,0.255866706371307
-3.08708477020264,21.7749843597412,-0.0016611359314993,0.255422100424767
-2.83233499526978,21.777135848999,-0.00448752287775278,0.254921957850456
-2.57814455032349,21.7794551849365,-0.0044968044385314,0.254512414336205
-2.32427358627319,21.7817459106445,-0.00280866050161421,0.25423127412796
-2.07062768936157,21.7839012145996,0.000132161352667026,0.253994449973106
-1.81748807430267,21.7860908508301,0.00560859218239784,0.253789529204369
-1.56367874145508,21.7882652282715,0.00821676570922136,0.253625780344009
-1.30927515029907,21.7905120849609,0.00831877440214157,0.253460511565208
-1.05497610569,21.7926616668701,0.00912007410079241,0.253323972225189
-0.800927042961121,21.7948341369629,0.011278273537755,0.253240376710892
-0.546974897384644,21.7970581054688,0.0140883680433035,0.25321464240551
-0.292295813560486,21.7992839813232,0.0138121172785759,0.253220766782761
-0.0377397798001766,21.801628112793,0.0143129657953978,0.253191247582436
0.216673254966736,21.8039150238037,0.015678720548749,0.253141209483147
0.471325486898422,21.8062515258789,0.0161804854869843,0.253156781196594
0.725770711898804,21.8086280822754,0.0178305581212044,0.253307312726974
0.980292797088623,21.8109111785889,0.0193494856357574,0.25351956486702
1.23495578765869,21.8130569458008,0.0204528551548719,0.253706574440002
1.48985111713409,21.8153858184814,0.0207292083650827,0.253919899463654
1.74463975429535,21.8177013397217,0.0216994192451239,0.254142686724663
1.99933004379272,21.8198719024658,0.0233237314969301,0.254424169659615
2.2539689540863,21.8219451904297,0.0253893956542015,0.254780322313309
2.50857186317444,21.8240852355957,0.0278223995119333,0.255220532417297
2.76370763778687,21.8263111114502,0.0281050577759743,0.255638495087624
3.01866459846497,21.8285503387451,0.0293926745653152,0.256072863936424
3.27393054962158,21.8308773040771,0.0295303985476494,0.256523489952087
-4.60521697998047,21.5133228302002,-0.0118735022842884,0.257920905947685
-4.35158205032349,21.5153141021729,-0.0108117805793881,0.25721187889576
-4.09958648681641,21.5177211761475,-0.00186429172754288,0.256614074110985
-3.846275806427,21.5200634002686,0.00113384681753814,0.256104007363319
-3.59316563606262,21.5223331451416,0.00527779525145888,0.255608156323433
-3.33858013153076,21.5244026184082,0.00277269631624222,0.255236938595772
-3.08388805389404,21.5265865325928,7.46936393625219e-06,0.254798904061317
-2.82949662208557,21.5287036895752,-0.00112895003985614,0.254250079393387
-2.57524514198303,21.530912399292,-0.00139150279574096,0.253761947154999
-2.32109928131104,21.5331020355225,-0.000941414851695299,0.253464832901955
-2.0671124458313,21.5351390838623,0.000463543721707538,0.253212496638298
-1.81380653381348,21.5373210906982,0.00521003687754273,0.253014802932739
-1.56024742126465,21.5394802093506,0.00899944081902504,0.252845227718353
-1.30623531341553,21.5416831970215,0.0109244976192713,0.252688989043236
-1.05205762386322,21.5438747406006,0.0123081589117646,0.252556979656219
-0.797857701778412,21.5460414886475,0.0138067668303847,0.252467140555382
-0.54355400800705,21.5482292175293,0.0150490943342447,0.252434507012367
-0.28876855969429,21.550464630127,0.0143222911283374,0.252408683300018
-0.0341536216437817,21.5527744293213,0.0145900258794427,0.252420380711555
0.220314964652061,21.5550651550293,0.0157381948083639,0.252428501844406
0.475032448768616,21.5574169158936,0.0159794352948666,0.252448126673698
0.729779839515686,21.559757232666,0.0163051784038544,0.252558648586273
0.98452365398407,21.5619049072266,0.0168680623173714,0.252716660499573
1.23919749259949,21.5639343261719,0.0179629400372505,0.252903327345848
1.49401450157166,21.5661849975586,0.0186289083212614,0.25312739610672
1.74878668785095,21.5684661865234,0.0197106078267097,0.253335162997246
2.00348663330078,21.5706005096436,0.0213300827890635,0.253658965229988
2.25783634185791,21.5726833343506,0.0247173234820366,0.254144892096519
2.51201629638672,21.5749206542969,0.0290597174316645,0.254633978009224
2.76650857925415,21.5771656036377,0.0322183854877949,0.255146265029907
3.02141380310059,21.5795555114746,0.033757034689188,0.255550548434258
3.27717709541321,21.5818386077881,0.0317278243601322,0.255948156118393
-4.34741926193237,21.266622543335,-0.0138251390308142,0.256438374519348
-4.09622097015381,21.2691669464111,-0.00110791204497218,0.255930110812187
-3.84369945526123,21.2716197967529,0.00560434767976403,0.25544536113739
-3.58968234062195,21.2739086151123,0.0055480720475316,0.255020380020142
-3.33509874343872,21.2759304046631,0.0030869385227561,0.254604443907738
-3.08047223091125,21.2780246734619,0.000659960496705025,0.254140183329582
-2.82640719413757,21.2800979614258,0.0010688048787415,0.253542900085449
-2.57240748405457,21.2823066711426,0.00199972139671445,0.252992957830429
-2.31802558898926,21.2845039367676,0.00138839648570865,0.252674147486687
-2.06377172470093,21.2865543365479,0.0015943442704156,0.252450287342072
-1.81032800674438,21.2887306213379,0.00574039993807673,0.252259984612465
-1.556924700737,21.290828704834,0.0102777658030391,0.252039268612862
-1.30308365821838,21.2929744720459,0.01301743183285,0.25184640288353
-1.04871046543121,21.2951736450195,0.0135386548936367,0.251700088381767
-0.793872117996216,21.29736328125,0.012162365950644,0.251620084047318
-0.539158463478088,21.2995586395264,0.0115794986486435,0.251577466726303
-0.284777998924255,21.3017501831055,0.0127311479300261,0.251520246267319
-0.0303986724466085,21.3039722442627,0.0141035420820117,0.251565888524055
0.224247634410858,21.3061771392822,0.0144856059923768,0.251629516482353
0.479192137718201,21.3083248138428,0.0137433307245374,0.251648008823395
0.733987927436829,21.3105907440186,0.0138910403475165,0.251707762479782
0.98847770690918,21.3127632141113,0.0156324058771133,0.25180459022522
1.2428435087204,21.314826965332,0.0181428603827953,0.252000987529755
1.49750626087189,21.3170433044434,0.0195323396474123,0.252268463373184
1.75231409072876,21.3192386627197,0.0204880908131599,0.252515196800232
2.00709891319275,21.3213634490967,0.0217617936432362,0.252869516611099
2.26136064529419,21.3235206604004,0.025570971891284,0.253377318382263
2.51544880867004,21.3257503509521,0.0303514450788498,0.253874406218529
2.76971745491028,21.3280544281006,0.0345307365059853,0.254491850733757
3.02419257164001,21.3305740356445,0.0379941388964653,0.254905432462692
3.28058886528015,21.332799911499,0.0332006216049194,0.255370453000069
-4.34402799606323,21.0182209014893,-0.0132284853607416,0.255812436342239
-4.09295511245728,21.0207042694092,0.000110096145363059,0.255371585488319
-3.84023427963257,21.0231246948242,0.00592333404347301,0.254878714680672
-3.58596038818359,21.0253562927246,0.00470509845763445,0.254401683807373
-3.33160519599915,21.0273818969727,0.00334237283095717,0.253897830843925
-3.07728457450867,21.029390335083,0.00237098475918174,0.253387823700905
-2.82333278656006,21.0314617156982,0.00333514413796365,0.252794176340103
-2.56919980049133,21.0336360931396,0.00368080311454833,0.252255231142044
-2.31468367576599,21.0358390808105,0.00248183286748827,0.251907721161842
-2.06063556671143,21.037992477417,0.00366535759530962,0.251671925187111
-1.80719304084778,21.0401649475098,0.00784663576632738,0.251456797122955
-1.55363082885742,21.04225730896,0.0116867609322071,0.25119061768055
-1.29950833320618,21.0443897247314,0.0131712453439832,0.250976890325546
-1.04498708248138,21.0465679168701,0.0130517836660147,0.250809118151665
-0.790058434009552,21.0486869812012,0.0113009819760919,0.250705435872078
-0.535308420658112,21.0507831573486,0.0105907320976257,0.250638097524643
-0.281116306781769,21.0529708862305,0.0126327145844698,0.250616177916527
-0.0265917908400297,21.0551910400391,0.0133827077224851,0.250710591673851
0.228406935930252,21.0572891235352,0.0122107826173306,0.250805571675301
0.483291745185852,21.0593338012695,0.0117780156433582,0.25082740187645
0.737868130207062,21.0615062713623,0.012952072545886,0.250840649008751
0.992195904254913,21.0636425018311,0.015456885099411,0.250907137989998
1.24658358097076,21.0658092498779,0.0179022904485464,0.251118063926697
1.50102436542511,21.0680370330811,0.020317567512393,0.251418605446815
1.75564134120941,21.0701789855957,0.0221578534692526,0.251726150512695
2.01034021377563,21.0722980499268,0.0238448046147823,0.252081632614136
2.26468849182129,21.0744876861572,0.0272990446537733,0.252545535564423
2.51882100105286,21.0767879486084,0.0319114699959755,0.253053531050682
2.77315878868103,21.0789775848389,0.035815853625536,0.253635406494141
3.02705049514771,21.0816059112549,0.041884358972311,0.254030153155327
-4.08928823471069,20.7720890045166,-0.000550288648810238,0.254809111356735
-3.83649134635925,20.7745246887207,0.00494546256959438,0.254197403788567
-3.58237862586975,20.7767581939697,0.00451536616310477,0.253675475716591
-3.32798314094543,20.7788162231445,0.00300025730393827,0.253079757094383
-3.07397699356079,20.7808856964111,0.00352259259670973,0.252576872706413
-2.8199462890625,20.7829608917236,0.00415320601314306,0.252070039510727
-2.56562733650208,20.7850399017334,0.00367409223690629,0.251585304737091
-2.31118202209473,20.7871627807617,0.00283833453431726,0.251166433095932
-2.05715465545654,20.7893676757812,0.00415047397837043,0.250875025987625
-1.80369544029236,20.7915706634521,0.00828839559108019,0.250631242990494
-1.54996824264526,20.7937164306641,0.011405760422349,0.250341281294823
-1.29588258266449,20.795862197876,0.0130938943475485,0.250096380710602
-1.04148411750793,20.7979774475098,0.0135703580453992,0.249877855181694
-0.786832392215729,20.8000106811523,0.0131149906665087,0.249771878123283
-0.532262980937958,20.8020305633545,0.0132575668394566,0.249767258763313
-0.277862668037415,20.804162979126,0.0143854869529605,0.249803975224495
-0.0229689907282591,20.8063888549805,0.0134959686547518,0.249863803386688
0.232298269867897,20.8084125518799,0.0111469896510243,0.249920234084129
0.487039297819138,20.8103828430176,0.0114000011235476,0.249972090125084
0.741445064544678,20.8124084472656,0.0133786648511887,0.250017538666725
0.995894491672516,20.8145370483398,0.0153708895668387,0.25010222196579
1.25055742263794,20.8167400360107,0.0166172944009304,0.25030654668808
1.50499045848846,20.8190174102783,0.0191032588481903,0.250609219074249
1.75941264629364,20.8211879730225,0.0218483991920948,0.250931188464165
2.0139012336731,20.8233184814453,0.0245050992816687,0.251263737678528
2.26841163635254,20.8254795074463,0.0272716153413057,0.251700505614281
2.52284979820251,20.827600479126,0.0305661614984274,0.252184480428696
2.77704048156738,20.829891204834,0.0351567156612873,0.252735003829002
3.03071284294128,20.8325443267822,0.0422277338802814,0.253098666667938
-4.08474397659302,20.5233325958252,-0.00531366188079119,0.254043623805046
-3.83270072937012,20.5259609222412,0.00374231766909361,0.253321453928947
-3.57871222496033,20.528226852417,0.00392791116610169,0.252779856324196
-3.32446217536926,20.530330657959,0.0031247369479388,0.252216085791588
-3.07035756111145,20.5324459075928,0.00322447693906724,0.251721724867821
-2.81614208221436,20.5344791412354,0.00303611741401255,0.251248583197594
-2.56196141242981,20.5365123748779,0.00323464861139655,0.250794157385826
-2.30772566795349,20.5385341644287,0.00340195372700691,0.250384539365768
-2.05364775657654,20.5406742095947,0.00451616337522864,0.250066712498665
-1.80015480518341,20.5429229736328,0.00853328965604305,0.249788492918015
-1.54656076431274,20.5452175140381,0.0122921532019973,0.249468326568604
-1.2926744222641,20.5473957061768,0.0149241555482149,0.249202340841293
-1.03824138641357,20.5493564605713,0.0152766006067395,0.248996794223785
-0.783487498760223,20.5512752532959,0.0143893249332905,0.248912781476974
-0.528920948505402,20.5532779693604,0.0145771317183971,0.248957291245461
-0.274471670389175,20.5554122924805,0.0155152007937431,0.249038487672806
-0.0196638908237219,20.5576057434082,0.0150472624227405,0.249084278941154
0.23568719625473,20.5596790313721,0.0123505359515548,0.249076500535011
0.490611404180527,20.5616779327393,0.0118097504600883,0.249129101634026
0.745312035083771,20.5635871887207,0.0124980378895998,0.249232783913612
0.999987959861755,20.5655136108398,0.0135135911405087,0.249386414885521
1.25463628768921,20.5675716400146,0.0148657038807869,0.249571427702904
1.50888168811798,20.5698642730713,0.0182279795408249,0.249798089265823
1.76309525966644,20.5721244812012,0.0219378042966127,0.250083014369011
2.01734447479248,20.5743274688721,0.0256928540766239,0.250416859984398
2.27192497253418,20.5764846801758,0.0281797349452972,0.250868946313858
2.5265781879425,20.5785980224609,0.0305528528988361,0.251338824629784
2.78132724761963,20.580696105957,0.0327097065746784,0.251916885375977
3.03549814224243,20.5832653045654,0.0376194566488266,0.252248018980026
-3.82953572273254,20.2776565551758,0.0054553747177124,0.252373844385147
-3.5752866268158,20.2797813415527,0.00445995107293129,0.251891404390335
-3.32080054283142,20.2818355560303,0.0025942693464458,0.251389488577843
-3.06668925285339,20.2838230133057,0.00270148389972746,0.250859767198563
-2.81242847442627,20.2858600616455,0.00233929394744337,0.250348135828972
-2.55833101272583,20.2878932952881,0.00295913987793028,0.249904826283455
-2.30412554740906,20.2898635864258,0.00330265332013369,0.24951046705246
-2.04991459846497,20.2919464111328,0.00384062249213457,0.249198943376541
-1.79645466804504,20.2942867279053,0.00804450176656246,0.248929888010025
-1.5431352853775,20.2966480255127,0.0130973504856229,0.24864536523819
-1.28944337368011,20.2987213134766,0.0166528951376677,0.2483891248703
-1.03483402729034,20.3005123138428,0.0162351690232754,0.248208656907082
-0.779907166957855,20.3023567199707,0.0145949367433786,0.248132690787315
-0.525492906570435,20.3044548034668,0.0155078088864684,0.248184725642204
-0.271251529455185,20.3066444396973,0.0174206029623747,0.248265132308006
-0.0166977029293776,20.3087558746338,0.0181338749825954,0.24827840924263
0.238658055663109,20.310791015625,0.0154451951384544,0.248227089643478
0.493986964225769,20.3128414154053,0.0131084695458412,0.248213052749634
0.749094247817993,20.3148307800293,0.0119988508522511,0.248330414295197
1.00377357006073,20.31667137146,0.013036104850471,0.248541757464409
1.2581799030304,20.3185844421387,0.0155101111158729,0.248761489987373
1.51220166683197,20.3208065032959,0.0199063643813133,0.24896228313446
1.76627433300018,20.3231067657471,0.0242745708674192,0.249220460653305
2.02037405967712,20.3254070281982,0.0287228133529425,0.249575287103653
2.27490329742432,20.3275470733643,0.0314651057124138,0.249970093369484
2.52948951721191,20.3296852111816,0.0341617241501808,0.250490054488182
2.78473448753357,20.3315773010254,0.0341550260782242,0.251133427023888
-3.82607102394104,20.0292320251465,0.00576786464080215,0.251531198620796
-3.57197046279907,20.0312080383301,0.00550252618268132,0.251097649335861
-3.31740021705627,20.0332088470459,0.00327901169657707,0.250543922185898
-3.06314635276794,20.0351905822754,0.00275927945040166,0.250028640031815
-2.8088686466217,20.0372085571289,0.00235489895567298,0.249430388212204
-2.55458498001099,20.0392055511475,0.00214886642061174,0.248957544565201
-2.30016922950745,20.0411682128906,0.00156035495456308,0.248590275645256
-2.04608082771301,20.0432224273682,0.00270289671607316,0.248310461640358
-1.79271006584167,20.0454978942871,0.00735421013087034,0.248063579201698
-1.53952991962433,20.0478248596191,0.0130821252241731,0.247807458043098
-1.28566443920135,20.0498390197754,0.0158805344253778,0.24757906794548
-1.03076446056366,20.0515460968018,0.0141753889620304,0.247406139969826
-0.77588027715683,20.0533790588379,0.0127691328525543,0.247341170907021
-0.521713495254517,20.0555458068848,0.014844368211925,0.247372657060623
-0.267841786146164,20.0577487945557,0.0184691790491343,0.247406899929047
-0.0133263412863016,20.0597019195557,0.0193916577845812,0.247391030192375
0.242046728730202,20.0617141723633,0.0166576560586691,0.247334331274033
0.497452020645142,20.0638980865479,0.0140069248154759,0.247301712632179
0.75256884098053,20.0660438537598,0.0128848385065794,0.247361645102501
1.00729167461395,20.067892074585,0.0137600125744939,0.247564405202866
1.26164567470551,20.0697956085205,0.0165013149380684,0.247792333364487
1.51544606685638,20.071949005127,0.0219207350164652,0.248023226857185
1.76922512054443,20.0742626190186,0.0276282504200935,0.24833171069622
2.02338290214539,20.0764694213867,0.031847670674324,0.24873423576355
2.27759742736816,20.0786323547363,0.0360155403614044,0.249132767319679
2.53224921226501,20.0807647705078,0.0384466610848904,0.249620229005814
2.78736662864685,20.0825939178467,0.0390307195484638,0.250259086489677
-3.56883764266968,19.7825908660889,0.00739700719714165,0.250371858477592
-3.31413269042969,19.7845764160156,0.00458050705492496,0.249729916453362
-3.05974555015564,19.7865295410156,0.00347513239830732,0.249089926481247
-2.80537343025208,19.7884922027588,0.00266886572353542,0.248607188463211
-2.55092787742615,19.7904281616211,0.00175189948640764,0.248107776045799
-2.29640817642212,19.792423248291,0.000719371309969574,0.247725456953049
-2.04258322715759,19.7945232391357,0.00311004254035652,0.247418001294136
-1.78916454315186,19.796745300293,0.00757699878886342,0.247169718146324
-1.5357905626297,19.7989540100098,0.0124539006501436,0.246940135955811
-1.28156495094299,19.8009643554688,0.0136429676786065,0.246742963790894
-1.02643024921417,19.8027477264404,0.010905827395618,0.246606200933456
-0.771499991416931,19.8045673370361,0.00933226570487022,0.246526688337326
-0.517226874828339,19.8065319061279,0.0109701324254274,0.246511682868004
-0.263566315174103,19.8086395263672,0.0155971888452768,0.246472045779228
-0.00905913766473532,19.8105354309082,0.0165993086993694,0.246450245380402
0.246194735169411,19.8125553131104,0.0144443614408374,0.246446892619133
0.501232862472534,19.8148231506348,0.0134860100224614,0.246429607272148
0.755865812301636,19.8170890808105,0.014573598280549,0.246434971690178
1.01036882400513,19.8189659118652,0.016466211527586,0.246556133031845
1.26499152183533,19.8209743499756,0.0180320981889963,0.246811285614967
1.5190304517746,19.8231468200684,0.0224159862846136,0.247111648321152
1.77264022827148,19.8253955841064,0.0289134103804827,0.24747371673584
2.02692770957947,19.8273983001709,0.0325906276702881,0.247893676161766
2.28075242042542,19.829704284668,0.0385209359228611,0.248295426368713
2.53565549850464,19.83176612854,0.03986856341362,0.248769700527191
-3.56541228294373,19.5341949462891,0.00792447384446859,0.249634295701981
-3.31064748764038,19.536018371582,0.00486650597304106,0.248926252126694
-3.05619835853577,19.5378246307373,0.0035118805244565,0.248282983899117
-2.80174779891968,19.5397987365723,0.00237793545238674,0.247793763875961
-2.54730367660522,19.5417232513428,0.00150378537364304,0.247291803359985
-2.29285478591919,19.5437297821045,0.000834762584418058,0.246878683567047
-2.03910279273987,19.5458469390869,0.00359551189467311,0.246554002165794
-1.78551375865936,19.5480213165283,0.00731639238074422,0.246285736560822
-1.53186428546906,19.5501270294189,0.0109682334586978,0.246070444583893
-1.27754485607147,19.5521831512451,0.0117665752768517,0.245883211493492
-1.02247321605682,19.5540008544922,0.0093562351539731,0.2457375228405
-0.767439961433411,19.5557689666748,0.00735350418835878,0.245636731386185
-0.512741565704346,19.5575180053711,0.00710267294198275,0.24555841088295
-0.258689731359482,19.5594615936279,0.0100022377446294,0.245474398136139
-0.00435978313907981,19.5614471435547,0.0118515836074948,0.245433911681175
0.250686258077621,19.5635681152344,0.0106781721115112,0.245472833514214
0.505353271961212,19.5659370422363,0.0114332921802998,0.245493173599243
0.759320497512817,19.5680923461914,0.015555583871901,0.245539993047714
1.01343786716461,19.5700531005859,0.0192100200802088,0.245641887187958
1.26823806762695,19.5720539093018,0.0200103726238012,0.245877683162689
1.5226229429245,19.5742301940918,0.0228791404515505,0.246184170246124
1.77632164955139,19.5764865875244,0.0290136262774467,0.246541306376457
2.03005743026733,19.5787029266357,0.0351763963699341,0.246920719742775
2.28435635566711,19.5807361602783,0.0390348099172115,0.247391417622566
2.53950953483582,19.582670211792,0.0393094643950462,0.247916549444199
-3.30695033073425,19.2873229980469,0.00416911579668522,0.248093634843826
-3.05251216888428,19.2891063690186,0.00290210824459791,0.247482597827911
-2.79809165000916,19.2911376953125,0.00194396579172462,0.246952310204506
-2.54406309127808,19.2931938171387,0.00302441883832216,0.246510669589043
-2.28977465629578,19.2951889038086,0.00312720309011638,0.246085733175278
-2.03576993942261,19.2972354888916,0.00475874915719032,0.245744332671165
-1.78176665306091,19.2992687225342,0.00661312928423285,0.245431378483772
-1.52781081199646,19.3012981414795,0.00890033319592476,0.245159015059471
-1.27366936206818,19.3033390045166,0.0105525953695178,0.244919568300247
-1.01910328865051,19.3051261901855,0.0104876151308417,0.244733855128288
-0.763974547386169,19.3068313598633,0.00808483827859163,0.244605273008347
-0.508949220180511,19.3085803985596,0.00638305768370628,0.244512647390366
-0.254675567150116,19.3105659484863,0.00831310171633959,0.244448930025101
-0.000504614901728928,19.3127002716064,0.0109180826693773,0.244413584470749
0.254233330488205,19.3148517608643,0.0111726112663746,0.244452401995659
0.508910715579987,19.3171329498291,0.0119166290387511,0.244511067867279
0.763075292110443,19.3191051483154,0.0151890311390162,0.244614228606224
1.0173100233078,19.3210124969482,0.0183543097227812,0.244776159524918
1.2719315290451,19.3230400085449,0.0199911836534739,0.245034635066986
1.52629959583282,19.3252124786377,0.0229701530188322,0.245283588767052
1.7802197933197,19.3274078369141,0.0281524267047644,0.245595440268517
2.03413462638855,19.3295917510986,0.0335553511977196,0.245952129364014
2.28840017318726,19.3316650390625,0.0375992730259895,0.246392905712128
2.54372978210449,19.3336200714111,0.0371291227638721,0.246965304017067
-3.30388236045837,19.0388069152832,0.00639150757342577,0.247267842292786
-3.04870963096619,19.0406551361084,0.00174776127096266,0.24661223590374
-2.7945921421051,19.0428028106689,0.00222892453894019,0.246109485626221
-2.54056596755981,19.0447406768799,0.0033572637476027,0.24566338956356
-2.28669214248657,19.0467109680176,0.00540793081745505,0.245246514678001
-2.03246378898621,19.0485572814941,0.0060451989993453,0.244910567998886
-1.77804470062256,19.0504837036133,0.00602622330188751,0.244587957859039
-1.52393579483032,19.052453994751,0.00765058724209666,0.24422512948513
-1.26989018917084,19.0544719696045,0.00977965630590916,0.243901073932648
-1.01567041873932,19.0562877655029,0.0113312108442187,0.243676230311394
-0.760943472385406,19.0580654144287,0.0107910251244903,0.243563130497932
-0.506069004535675,19.0599250793457,0.00980263669043779,0.243518531322479
-0.251616597175598,19.0619812011719,0.0109495539218187,0.243486240506172
0.00278050848282874,19.0641250610352,0.0125611759722233,0.243457481265068
0.257443487644196,19.0661201477051,0.0131892561912537,0.243487522006035
0.512458682060242,19.0681037902832,0.0124480416998267,0.243557631969452
0.76715612411499,19.0700531005859,0.0133594386279583,0.243687659502029
1.02161979675293,19.0719509124756,0.0155363138765097,0.243868544697762
1.27590370178223,19.0739250183105,0.0187271051108837,0.244153529405594
1.53011572360992,19.0759201049805,0.0224444959312677,0.244436770677567
1.78441095352173,19.0780372619629,0.0259915851056576,0.244738951325417
2.03850936889648,19.080192565918,0.030617743730545,0.245027795433998
2.29270052909851,19.0823917388916,0.0350294634699821,0.245414316654205
-3.04448413848877,18.7922325134277,-0.00136959715746343,0.245599865913391
-2.79071950912476,18.7944011688232,0.000786808610428125,0.245135769248009
-2.53671526908875,18.7961750030518,0.00205866293981671,0.24470728635788
-2.28295350074768,18.798059463501,0.00466586090624332,0.244338288903236
-2.02875852584839,18.7997760772705,0.00549738435074687,0.244023874402046
-1.77426862716675,18.8016147613525,0.00519227655604482,0.243726581335068
-1.52010881900787,18.8035678863525,0.00662129418924451,0.243365779519081
-1.2662125825882,18.8055992126465,0.00947142858058214,0.243026033043861
-1.01222598552704,18.8075351715088,0.0121214641258121,0.242779985070229
-0.757796585559845,18.8094387054443,0.0129672316834331,0.242691844701767
-0.503202319145203,18.8114032745361,0.0132812792435288,0.242688283324242
-0.248688623309135,18.8133869171143,0.0141803901642561,0.242619559168816
0.00603126781061292,18.8153476715088,0.0143642416223884,0.242582365870476
0.260907590389252,18.8172245025635,0.0140632800757885,0.242610767483711
0.51612788438797,18.8191261291504,0.012433503754437,0.242663457989693
0.771046102046967,18.8210430145264,0.0123884119093418,0.242784202098846
1.02570819854736,18.8229541778564,0.0137119982391596,0.242959126830101
1.27989709377289,18.8248310089111,0.0173693411052227,0.243230119347572
1.5341534614563,18.8266525268555,0.0209302511066198,0.243537783622742
1.78859210014343,18.8286285400391,0.0238788761198521,0.243831291794777
2.04313087463379,18.8306751251221,0.0265864841639996,0.244140297174454
2.29723691940308,18.8330135345459,0.0314171835780144,0.244551047682762
-3.04069018363953,18.5437126159668,-0.00248482706956565,0.244542568922043
-2.78711247444153,18.5458087921143,0.000576497055590153,0.244087383151054
-2.53317475318909,18.547607421875,0.00219270796515048,0.243705675005913
-2.27924728393555,18.5493335723877,0.00407538143917918,0.243357941508293
-2.02501463890076,18.5509815216064,0.00477176019921899,0.243088126182556
-1.77040386199951,18.5528011322021,0.00394993834197521,0.242854878306389
-1.51633405685425,18.554780960083,0.0058296681381762,0.242543324828148
-1.26257765293121,18.5568408966064,0.00935622863471508,0.24220435321331
-1.00880062580109,18.5588550567627,0.0129967564716935,0.241943567991257
-0.754392623901367,18.5608158111572,0.0139734838157892,0.241869628429413
-0.499823033809662,18.5627899169922,0.0144333699718118,0.241864234209061
-0.245318084955215,18.5646743774414,0.015407606959343,0.241810277104378
0.00952521804720163,18.5664329528809,0.0150705706328154,0.241787508130074
0.264566034078598,18.5683498382568,0.0140605848282576,0.241808041930199
0.519702434539795,18.5702934265137,0.0128437019884586,0.241842597723007
0.774391531944275,18.5722179412842,0.0138635560870171,0.241926267743111
1.0290287733078,18.5740242004395,0.0153335612267256,0.242098033428192
1.28343415260315,18.5758171081543,0.0180554538965225,0.242295697331429
1.53800904750824,18.5776309967041,0.0202270001173019,0.242553025484085
1.79264974594116,18.5794086456299,0.022315489128232,0.2428377866745
2.047682762146,18.581298828125,0.0228652860969305,0.243129163980484
2.3024001121521,18.5834217071533,0.0250267703086138,0.24371774494648
-3.03764367103577,18.295093536377,-0.000131787484860979,0.24348047375679
-2.78437829017639,18.297119140625,0.00440789153799415,0.243033185601234
-2.53026127815247,18.2988319396973,0.00522578367963433,0.242663905024529
-2.27606773376465,18.3005561828613,0.00591247389093041,0.242352500557899
-2.02155137062073,18.3021945953369,0.00533660035580397,0.242088973522186
-1.76684308052063,18.3040218353271,0.00410245219245553,0.241901040077209
-1.51266360282898,18.3060131072998,0.00551548646762967,0.241672813892365
-1.25881230831146,18.3080215454102,0.00864618550986052,0.241401702165604
-1.00496971607208,18.3100566864014,0.0120254401117563,0.241138339042664
-0.750355899333954,18.3120098114014,0.0121030742302537,0.240996241569519
-0.495688676834106,18.3139495849609,0.0121600637212396,0.240914985537529
-0.241332426667213,18.3158054351807,0.0138499205932021,0.24083386361599
0.0131725380197167,18.31764793396,0.015081143938005,0.240832060575485
0.267952769994736,18.3196258544922,0.0152823450043797,0.240847080945969
0.522968769073486,18.3216037750244,0.014640623703599,0.240889102220535
0.777582347393036,18.3234558105469,0.0160335972905159,0.241001099348068
1.03221356868744,18.3250751495361,0.0175660904496908,0.241221636533737
1.28679382801056,18.3267784118652,0.0195378512144089,0.241367638111115
1.5413978099823,18.3286800384521,0.0216098614037037,0.241532534360886
1.79618465900421,18.330509185791,0.0230783503502607,0.241768017411232
2.05136704444885,18.3324508666992,0.0229953490197659,0.241988003253937
-3.03569674491882,18.0465450286865,0.00731925293803215,0.242475241422653
-2.78201413154602,18.0484752655029,0.00995131768286228,0.242073073983192
-2.52727842330933,18.0501327514648,0.00793681293725967,0.241694986820221
-2.27283072471619,18.051887512207,0.00748252123594284,0.241368368268013
-2.01816558837891,18.0535869598389,0.00625398335978389,0.241105869412422
-1.76354420185089,18.0554504394531,0.00545292254537344,0.240920454263687
-1.5091609954834,18.0572948455811,0.00596969667822123,0.240705385804176
-1.25497162342072,18.0592060089111,0.00759206851944327,0.240445882081985
-1.00068354606628,18.0611991882324,0.00897797662764788,0.240188628435135
-0.74620920419693,18.0632133483887,0.00973235815763474,0.239999771118164
-0.491665750741959,18.0651607513428,0.0103925988078117,0.239871665835381
-0.237483665347099,18.0669746398926,0.0129126468673348,0.239781260490417
0.0168289095163345,18.068790435791,0.0150530682876706,0.239811420440674
0.271326452493668,18.0708198547363,0.0165657047182322,0.239835351705551
0.526160001754761,18.0727710723877,0.0167799759656191,0.239878788590431
0.780821263790131,18.0745525360107,0.0179914254695177,0.239999204874039
1.03545212745667,18.0761451721191,0.0195580627769232,0.240234583616257
1.29012382030487,18.0778636932373,0.0211520474404097,0.240378707647324
1.54492723941803,18.0798397064209,0.0223634634166956,0.240527018904686
1.7999153137207,18.0816593170166,0.0229687429964542,0.240749061107635
2.05522727966309,18.0836849212646,0.0223426800221205,0.240972265601158
-2.77837181091309,17.7998237609863,0.00957736652344465,0.241230353713036
-2.52333164215088,17.801477432251,0.00619391351938248,0.240793451666832
-2.26884460449219,17.8032264709473,0.00559857627376914,0.240461722016335
-2.01446080207825,17.8049755096436,0.00570447184145451,0.240137666463852
-1.76009273529053,17.8068389892578,0.00610357662662864,0.23994380235672
-1.50559771060944,17.808614730835,0.00614480068907142,0.239749014377594
-1.25078690052032,17.8103771209717,0.00496534444391727,0.239507615566254
-0.996342957019806,17.8123168945312,0.00568360928446054,0.239249646663666
-0.742076456546783,17.8143424987793,0.00742680300027132,0.239038527011871
-0.487822353839874,17.8162670135498,0.00944335293024778,0.238898009061813
-0.233752965927124,17.8180084228516,0.0125143500044942,0.238809317350388
0.0206771474331617,17.8197593688965,0.01416149828583,0.238841503858566
0.275115817785263,17.821756362915,0.0159785337746143,0.238901719450951
0.529658138751984,17.8237590789795,0.017541266977787,0.238936111330986
0.784146666526794,17.8255863189697,0.0195629615336657,0.239021092653275
1.03874611854553,17.8272361755371,0.0213022865355015,0.239197999238968
1.29363214969635,17.8289909362793,0.021967776119709,0.239378750324249
1.54883253574371,17.8309154510498,0.0214406847953796,0.239566892385483
1.80373930931091,17.8327941894531,0.0224447809159756,0.239752754569054
2.05928897857666,17.8348236083984,0.020797360688448,0.240011587738991
-2.77411365509033,17.5511112213135,0.0063529028557241,0.240336820483208
-2.51900506019592,17.5527610778809,0.00269733695313334,0.239834636449814
-2.26472496986389,17.5544967651367,0.00309987785294652,0.23944528400898
-2.01042151451111,17.5562515258789,0.00361772556789219,0.239106133580208
-1.75614273548126,17.5580615997314,0.0044690971262753,0.238919764757156
-1.50158286094666,17.5598125457764,0.0042534270323813,0.238726079463959
-1.24676835536957,17.5615863800049,0.00309787574224174,0.238539412617683
-0.992574036121368,17.5636005401611,0.00499382568523288,0.238304361701012
-0.738460600376129,17.5655574798584,0.0074731819331646,0.23813197016716
-0.484311789274216,17.5673999786377,0.0100063178688288,0.238000988960266
-0.230261772871017,17.5690860748291,0.0132016139104962,0.237908005714417
0.0241668354719877,17.5707607269287,0.0148922884836793,0.237929180264473
0.278662711381912,17.5727138519287,0.0164868142455816,0.238001331686974
0.53315144777298,17.5746898651123,0.0183267015963793,0.238052517175674
0.787592172622681,17.5765953063965,0.0205962490290403,0.23808342218399
1.04215455055237,17.5783920288086,0.0225327331572771,0.238155230879784
1.29701805114746,17.5801753997803,0.023332079872489,0.238293349742889
1.55228507518768,17.5819778442383,0.0225426815450191,0.238517239689827
1.80737388134003,17.5838737487793,0.0227681305259466,0.238693982362747
2.06309270858765,17.5858573913574,0.0204043798148632,0.238980501890182
-2.77031111717224,17.3024673461914,0.00523555651307106,0.239315047860146
-2.51517653465271,17.304105758667,0.00150037417188287,0.238759651780128
-2.26097321510315,17.3058338165283,0.0022958645131439,0.238376587629318
-2.00657749176025,17.3074340820312,0.00243109138682485,0.237992286682129
-1.75222635269165,17.3091220855713,0.00299218855798244,0.237760588526726
-1.49783861637115,17.3109169006348,0.00360476551577449,0.237592250108719
-1.24327480792999,17.3128223419189,0.00363008305430412,0.237459823489189
-0.989133238792419,17.3148708343506,0.00580125022679567,0.237322300672531
-0.734937071800232,17.3167190551758,0.00794162880629301,0.237224236130714
-0.480624049901962,17.3184146881104,0.00976753700524569,0.237108588218689
-0.226464182138443,17.3201141357422,0.0125017035752535,0.237000405788422
0.027956772595644,17.321949005127,0.0142613556236029,0.236939176917076
0.282414317131042,17.3238658905029,0.0160673968493938,0.237000420689583
0.537006914615631,17.3257427215576,0.0174787752330303,0.237068146467209
0.791509032249451,17.3276176452637,0.0195109490305185,0.2370914965868
1.04603445529938,17.3294143676758,0.0216517075896263,0.237115114927292
1.30069923400879,17.3311939239502,0.0233787447214127,0.237199649214745
1.55576241016388,17.3329887390137,0.0235367901623249,0.237392455339432
1.81080186367035,17.3348236083984,0.0240177195519209,0.237585484981537
2.06647157669067,17.3367595672607,0.0219065453857183,0.237868711352348
-2.76685070991516,17.0538997650146,0.0056997430510819,0.238241776823997
-2.51179218292236,17.0555763244629,0.00235154945403337,0.237663686275482
-2.25762248039246,17.057279586792,0.00333816232159734,0.237282678484917
-2.00314593315125,17.05881690979,0.00313792168162763,0.236870303750038
-1.74870979785919,17.0603485107422,0.00334760011173785,0.236647963523865
-1.49436986446381,17.0620517730713,0.004217020701617,0.23651759326458
-1.23995900154114,17.0639820098877,0.00497674103826284,0.236409962177277
-0.985602259635925,17.0659828186035,0.00620116991922259,0.236310422420502
-0.731179535388947,17.0677394866943,0.00734837865456939,0.236239418387413
-0.476694017648697,17.0693759918213,0.00842998176813126,0.236124753952026
-0.222460642457008,17.0712070465088,0.010867340490222,0.236011698842049
0.0320028178393841,17.0731639862061,0.0124718174338341,0.235902473330498
0.286467105150223,17.0750503540039,0.0142882624641061,0.235904693603516
0.541003286838531,17.0768356323242,0.0159960296005011,0.235943958163261
0.795527815818787,17.0786018371582,0.0179691985249519,0.235949113965034
1.04997062683105,17.0804252624512,0.0205191858112812,0.23601458966732
1.30448842048645,17.082181930542,0.0229441486299038,0.23610720038414
1.5593638420105,17.0839500427246,0.0239786636084318,0.236286282539368
1.81414604187012,17.085807800293,0.0256412029266357,0.236491143703461
2.06960415840149,17.0876998901367,0.0245053712278605,0.236741989850998
-2.76322603225708,16.8052711486816,0.00540470657870173,0.237151965498924
-2.50838160514832,16.8070468902588,0.00308080716058612,0.236605986952782
-2.25411820411682,16.8086681365967,0.0036725455429405,0.236227631568909
-1.99976992607117,16.810302734375,0.00409694341942668,0.235849544405937
-1.7454172372818,16.8117561340332,0.0047269007191062,0.23562628030777
-1.49108028411865,16.8133068084717,0.0056477109901607,0.235479652881622
-1.23675346374512,16.815149307251,0.00682740425691009,0.23532834649086
-0.982144296169281,16.8170471191406,0.00693584093824029,0.235196590423584
-0.727572858333588,16.8188457489014,0.00744033046066761,0.235162973403931
-0.472911030054092,16.8204402923584,0.00775873847305775,0.235088050365448
-0.218403100967407,16.8221893310547,0.00899138767272234,0.235002234578133
0.0362153798341751,16.8240928649902,0.00993635132908821,0.234862133860588
0.290699303150177,16.8259925842285,0.0117056639865041,0.234750956296921
0.545027673244476,16.8277606964111,0.014391865581274,0.234757199883461
0.799497127532959,16.8295249938965,0.0166526399552822,0.234777256846428
1.05394399166107,16.831428527832,0.0192220397293568,0.234886482357979
1.3083062171936,16.8332557678223,0.0223801843822002,0.235004082322121
1.56287574768066,16.8350315093994,0.0248190816491842,0.235181108117104
1.81747388839722,16.8368759155273,0.027337646111846,0.23537914454937
2.07259583473206,16.8387451171875,0.0277315974235535,0.235579654574394
-2.75955724716187,16.5564975738525,0.00490814307704568,0.235966920852661
-2.50494432449341,16.5583515167236,0.00369030353613198,0.235521972179413
-2.25068020820618,16.5599880218506,0.00431429734453559,0.235160887241364
-1.99650657176971,16.5617332458496,0.00557490345090628,0.234854966402054
-1.7422844171524,16.5632705688477,0.00683635892346501,0.234626471996307
-1.48781430721283,16.5647354125977,0.00718206865713,0.234441816806793
-1.23333346843719,16.5664443969727,0.00769530842080712,0.23424831032753
-0.978767335414886,16.5683040618896,0.00803594477474689,0.234091460704803
-0.724116683006287,16.5701217651367,0.00821395311504602,0.234046950936317
-0.469188213348389,16.5716094970703,0.0073589039966464,0.234050050377846
-0.214393690228462,16.5731639862061,0.00733469054102898,0.233988299965858
0.0401982180774212,16.5749130249023,0.00844372715801001,0.233839675784111
0.294644415378571,16.5767669677734,0.0104242311790586,0.233667120337486
0.549112915992737,16.5785961151123,0.012517080642283,0.23361599445343
0.80377322435379,16.5804214477539,0.0139585733413696,0.233618125319481
1.05823242664337,16.5823040008545,0.016514852643013,0.23373518884182
1.31229674816132,16.5841445922852,0.0210488252341747,0.233889639377594
1.56642723083496,16.5859889984131,0.0254873614758253,0.234067738056183
1.82075583934784,16.5877895355225,0.0292432606220245,0.234238609671593
2.07550835609436,16.589672088623,0.0313129909336567,0.23437774181366
-2.75635504722595,16.3077602386475,0.00657009379938245,0.234656676650047
-2.50180697441101,16.3095817565918,0.00568594597280025,0.234338581562042
-2.2475380897522,16.3112640380859,0.00632167514413595,0.234015271067619
-1.99325907230377,16.3129901885986,0.00713027408346534,0.233799636363983
-1.73909139633179,16.3146686553955,0.00867259129881859,0.233569920063019
-1.4844970703125,16.3161697387695,0.0084816999733448,0.233320355415344
-1.22984731197357,16.3177661895752,0.00825987476855516,0.233137652277946
-0.975329220294952,16.3195648193359,0.00885699037462473,0.233010232448578
-0.720727443695068,16.3213348388672,0.00929395202547312,0.23296232521534
-0.465743750333786,16.3227996826172,0.00822355039417744,0.232944056391716
-0.210668325424194,16.3242702484131,0.0069632469676435,0.232878386974335
0.0439310520887375,16.3259983062744,0.00807667709887028,0.232716530561447
0.298332273960114,16.3278770446777,0.0102971559390426,0.232545077800751
0.553154647350311,16.3295783996582,0.010835669003427,0.232484132051468
0.808070302009583,16.3312911987305,0.0111720412969589,0.232492461800575
1.06234979629517,16.3330135345459,0.01458072476089,0.232582047581673
1.3160400390625,16.3348751068115,0.0208300594240427,0.232737809419632
1.56983149051666,16.3367519378662,0.0268192607909441,0.232895448803902
1.82396233081818,16.3385429382324,0.0314913392066956,0.233088299632072
2.07851719856262,16.3404579162598,0.0344714932143688,0.233177185058594
-2.75376129150391,16.05930519104,0.0110418759286404,0.23331892490387
-2.49914884567261,16.0609931945801,0.00989196635782719,0.233084782958031
-2.2447304725647,16.0626106262207,0.0098680779337883,0.232813596725464
-1.99002230167389,16.0641841888428,0.00873623508960009,0.232612237334251
-1.7355078458786,16.0658111572266,0.00872215908020735,0.232374623417854
-1.48075079917908,16.0674247741699,0.00782069098204374,0.232143729925156
-1.22603368759155,16.0690517425537,0.00732861505821347,0.231982126832008
-0.971455454826355,16.0707740783691,0.00769244367256761,0.231871694326401
-0.716702222824097,16.0724086761475,0.00748269492760301,0.231795638799667
-0.461803674697876,16.073902130127,0.00683940714225173,0.231725916266441
-0.206587105989456,16.0754528045654,0.0049772597849369,0.231648430228233
0.0479073785245419,16.0772686004639,0.00660400511696935,0.231530711054802
0.301883965730667,16.0792331695557,0.0107793444767594,0.231434226036072
0.556294620037079,16.0809631347656,0.0132079478353262,0.231368079781532
0.811132609844208,16.082592010498,0.0139274839311838,0.231323942542076
1.06551241874695,16.0841674804688,0.0169206243008375,0.231387212872505
1.31923234462738,16.0859203338623,0.0230716560035944,0.231576949357986
1.57318770885468,16.0877246856689,0.0283622574061155,0.231751829385757
1.82713937759399,16.0894584655762,0.0338678508996964,0.231961905956268
2.08175802230835,16.0913581848145,0.0365962348878384,0.23202808201313
-2.75106716156006,15.8110322952271,0.0150432139635086,0.231994360685349
-2.49647426605225,15.8125896453857,0.0140164811164141,0.231810435652733
-2.2419445514679,15.8141555786133,0.0135089354589581,0.2316043227911
-1.9870810508728,15.8155422210693,0.0116976089775562,0.231376305222511
-1.73219215869904,15.8170213699341,0.00999973341822624,0.231138616800308
-1.47712206840515,15.8186435699463,0.00769852381199598,0.230968296527863
-1.22209250926971,15.8202800750732,0.00581561168655753,0.230852916836739
-0.967324674129486,15.8218822479248,0.0053581683896482,0.230725005269051
-0.71240496635437,15.823429107666,0.00443492736667395,0.23058095574379
-0.457284331321716,15.8249740600586,0.00282502151094377,0.230499133467674
-0.202182963490486,15.8266744613647,0.00152671337127686,0.230459600687027
0.0519645735621452,15.8285303115845,0.00476623699069023,0.230403870344162
0.30533492565155,15.8304824829102,0.0117194941267371,0.23033244907856
0.5594761967659,15.8321886062622,0.0153972925618291,0.230200931429863
0.814135015010834,15.833794593811,0.0169555675238371,0.230104222893715
1.0686811208725,15.8353443145752,0.0192339941859245,0.230140551924706
1.32260990142822,15.8370676040649,0.0244819261133671,0.23035791516304
1.57671558856964,15.8388195037842,0.0291362181305885,0.230587676167488
1.83058178424835,15.8406066894531,0.0350564382970333,0.230862691998482
2.08535480499268,15.8424196243286,0.0371335484087467,0.230943992733955
-2.74761033058167,15.562554359436,0.0155195975676179,0.230696707963943
-2.4932324886322,15.5640897750854,0.0155228180810809,0.230581372976303
-2.23854064941406,15.5655298233032,0.0143053038045764,0.230406150221825
-1.98395442962646,15.5669326782227,0.0138056734576821,0.230195790529251
-1.72905170917511,15.568395614624,0.0120774079114199,0.229985326528549
-1.4737811088562,15.5699586868286,0.00889269355684519,0.229838594794273
-1.21842467784882,15.5714588165283,0.00555404042825103,0.22971473634243
-0.963388741016388,15.5729427337646,0.00391445076093078,0.229526951909065
-0.708415031433105,15.5744743347168,0.00278623052872717,0.229322150349617
-0.4532650411129,15.5760793685913,0.00108206260483712,0.229246631264687
-0.198296591639519,15.5777978897095,0.000426599872298539,0.229274928569794
0.0557837225496769,15.5795660018921,0.00401182612404227,0.229292526841164
0.309183865785599,15.5814924240112,0.0108697712421417,0.229242399334908
0.563308715820312,15.5832014083862,0.0146603854373097,0.229072272777557
0.817858994007111,15.5848608016968,0.016743628308177,0.228919684886932
1.07248520851135,15.5864973068237,0.0186973009258509,0.228936210274696
1.32652735710144,15.5881567001343,0.0234774053096771,0.229176342487335
1.58071160316467,15.5898180007935,0.0278213284909725,0.22942741215229
1.83460831642151,15.591552734375,0.0336459279060364,0.229691967368126
2.08944177627563,15.5932550430298,0.035496823489666,0.229822233319283
-2.74366402626038,15.3137559890747,0.0137375462800264,0.229452922940254
-2.48953175544739,15.3153505325317,0.0149142760783434,0.229416504502296
-2.23491978645325,15.3167495727539,0.0141066778451204,0.229240268468857
-1.98051702976227,15.3182125091553,0.0144865745678544,0.229116648435593
-1.72591698169708,15.3197088241577,0.0141832605004311,0.228919431567192
-1.47065818309784,15.3211164474487,0.0110899554565549,0.228715464472771
-1.21527540683746,15.3225297927856,0.0076657785102725,0.228531017899513
-0.960034847259521,15.3240184783936,0.00512573728337884,0.228332385420799
-0.704897880554199,15.3255729675293,0.0032887039706111,0.228078901767731
-0.449694216251373,15.3271503448486,0.00137774017639458,0.227983966469765
-0.194730266928673,15.3287963867188,0.000781307986471802,0.228037893772125
0.0593242645263672,15.3305397033691,0.00452027749270201,0.228114888072014
0.313142031431198,15.3324089050293,0.00953020434826612,0.228074222803116
0.567657351493835,15.3340425491333,0.0116030490025878,0.227887958288193
0.822374641895294,15.3356199264526,0.0129808988422155,0.227734565734863
1.0767662525177,15.3372220993042,0.0160331390798092,0.227729856967926
1.33070743083954,15.3389101028442,0.0213066358119249,0.227938309311867
1.58488595485687,15.3405380249023,0.0257186070084572,0.228195413947105
1.83910083770752,15.3421382904053,0.0301685389131308,0.22838793694973
2.0939404964447,15.3437347412109,0.0320385545492172,0.228533864021301
-2.73981308937073,15.0648412704468,0.0123994499444962,0.228254377841949
-2.48584818840027,15.0664901733398,0.0143892411142588,0.228262096643448
-2.23133707046509,15.0679311752319,0.0140838902443647,0.228063523769379
-1.9768203496933,15.0694589614868,0.013975434936583,0.227941378951073
-1.72207176685333,15.0708560943604,0.0130318887531757,0.227711275219917
-1.46705198287964,15.072135925293,0.0110768247395754,0.227424502372742
-1.21206653118134,15.0735425949097,0.00950686354190111,0.2271668612957
-0.956899583339691,15.0751171112061,0.00733431428670883,0.226998716592789
-0.701501607894897,15.0766448974609,0.00434278976172209,0.226813316345215
-0.446348398923874,15.0781488418579,0.00269828154705465,0.22678305208683
-0.191322088241577,15.0796937942505,0.00185637397225946,0.226839452981949
0.0631458386778831,15.0813646316528,0.00376208126544952,0.226927787065506
0.317508280277252,15.0831212997437,0.00635459925979376,0.226846292614937
0.572161078453064,15.0847444534302,0.00785199459642172,0.226698935031891
0.826832473278046,15.0863304138184,0.00948075950145721,0.226604610681534
1.08099281787872,15.0879688262939,0.0136141180992126,0.226644158363342
1.33496057987213,15.0896396636963,0.018810635432601,0.226739674806595
1.58897888660431,15.0912618637085,0.0239807479083538,0.226832196116447
1.84325230121613,15.0928249359131,0.0282109621912241,0.226951107382774
2.09814262390137,15.094313621521,0.0298987105488777,0.227045401930809
-2.7361478805542,14.8159914016724,0.011919504031539,0.226967573165894
-2.48230481147766,14.8176403045654,0.0145111093297601,0.226982221007347
-2.22770309448242,14.8190851211548,0.0138252936303616,0.226843163371086
-1.97294867038727,14.8205862045288,0.0126628801226616,0.226698532700539
-1.7177187204361,14.8218746185303,0.00955335889011621,0.226443067193031
-1.46269917488098,14.8232383728027,0.00764200976118445,0.226162433624268
-1.20819401741028,14.8247833251953,0.00830877758562565,0.225920304656029
-0.953531384468079,14.8263053894043,0.00847813952714205,0.225772365927696
-0.698062539100647,14.8276901245117,0.00520301796495914,0.225639894604683
-0.44261160492897,14.8290719985962,0.00224510510452092,0.22562849521637
-0.187189698219299,14.8305130004883,-0.000348881381796673,0.225663527846336
0.0676923617720604,14.8321113586426,-0.000272922858130187,0.225692763924599
0.322053074836731,14.8337659835815,0.00237571052275598,0.225607857108116
0.576265811920166,14.8354797363281,0.00589902140200138,0.225575909018517
0.830619752407074,14.8371562957764,0.00899363309144974,0.225595757365227
1.08442413806915,14.8389682769775,0.0147572420537472,0.225642785429955
1.3382396697998,14.8407249450684,0.0206681620329618,0.225630730390549
1.59216403961182,14.8423624038696,0.0262899156659842,0.225583225488663
1.84653222560883,14.843879699707,0.0301311872899532,0.225545257329941
2.10152435302734,14.8452949523926,0.0314003005623817,0.225548893213272
-2.732506275177,14.5673446655273,0.0115436669439077,0.225630193948746
-2.47878336906433,14.5689401626587,0.0147301033139229,0.225630342960358
-2.22407579421997,14.5702972412109,0.0135962450876832,0.225517570972443
-1.96916079521179,14.5716733932495,0.0117373513057828,0.225413233041763
-1.71358144283295,14.5729341506958,0.00706366123631597,0.225214689970016
-1.45855534076691,14.5742826461792,0.00516599230468273,0.22498944401741
-1.20418131351471,14.5758447647095,0.00647469656541944,0.224775344133377
-0.949775874614716,14.5773591995239,0.00785938650369644,0.224630907177925
-0.694429576396942,14.578670501709,0.00518302991986275,0.22452349960804
-0.438904404640198,14.5800161361694,0.00192660291213542,0.224468231201172
-0.183315694332123,14.5814599990845,-0.00138553522992879,0.224448308348656
0.0718567222356796,14.5830793380737,-0.00258429208770394,0.224429741501808
0.326289862394333,14.5846643447876,-0.000218530083657242,0.224386319518089
0.580349147319794,14.5863466262817,0.00403940631076694,0.224436417222023
0.834275126457214,14.5880765914917,0.00909790489822626,0.224577635526657
1.08788299560547,14.5898904800415,0.0157799832522869,0.22463721036911
1.34152722358704,14.5916891098022,0.0224914643913507,0.22450689971447
1.59554815292358,14.5933504104614,0.0277143865823746,0.224339321255684
1.84973239898682,14.594916343689,0.0324088893830776,0.224297419190407
2.10477828979492,14.5963201522827,0.0334716439247131,0.224239334464073
-2.72866368293762,14.3187341690063,0.0102354576811194,0.224420472979546
-2.47502660751343,14.3202838897705,0.013861115090549,0.224382698535919
-2.22027969360352,14.3216409683228,0.0125857265666127,0.224286988377571
-1.96541512012482,14.3229303359985,0.0110009564086795,0.224202558398247
-1.70997285842896,14.324125289917,0.00699826003983617,0.224054932594299
-1.45486557483673,14.3254661560059,0.00476705050095916,0.223908543586731
-1.2003847360611,14.3269119262695,0.00562949059531093,0.223726660013199
-0.945970773696899,14.3283920288086,0.0070153153501451,0.223597705364227
-0.690772235393524,14.3297567367554,0.00504970550537109,0.223494097590446
-0.435525447130203,14.3311729431152,0.00309380632825196,0.223393484950066
-0.180285215377808,14.332667350769,0.00139515451155603,0.223289832472801
0.0747184380888939,14.3342542648315,0.000992551795206964,0.223165407776833
0.329389601945877,14.3357677459717,0.00231569656170905,0.223117232322693
0.583759009838104,14.3372650146484,0.00521372957155108,0.223186284303665
0.837887048721313,14.3388404846191,0.0094030536711216,0.223410099744797
1.09173333644867,14.3405752182007,0.0150539157912135,0.223511055111885
1.34536015987396,14.3423852920532,0.0218813773244619,0.223359033465385
1.59931135177612,14.3440923690796,0.027453038841486,0.22319333255291
1.85358417034149,14.3456420898438,0.0317902527749538,0.223092541098595
2.1084988117218,14.3470687866211,0.0334742739796638,0.223032772541046
-2.72474145889282,14.0699424743652,0.00856460724025965,0.223376005887985
-2.47107839584351,14.0714817047119,0.01211151573807,0.223267287015915
-2.21629214286804,14.0727376937866,0.0106985606253147,0.22315925359726
-1.96153521537781,14.0740280151367,0.00965163949877024,0.223062634468079
-1.70646893978119,14.0752210617065,0.00741621013730764,0.222908779978752
-1.45179295539856,14.0765981674194,0.00719656888395548,0.222780421376228
-1.19705379009247,14.0780210494995,0.00691119441762567,0.222642943263054
-0.941950082778931,14.079402923584,0.00518863275647163,0.222537010908127
-0.686784148216248,14.0808019638062,0.00341199687682092,0.222430124878883
-0.432265281677246,14.0823631286621,0.00480002583935857,0.222293451428413
-0.177886053919792,14.0839624404907,0.0070358831435442,0.222169280052185
0.0769243910908699,14.0854501724243,0.00753607554361224,0.222006022930145
0.331811666488647,14.0868654251099,0.00791038107126951,0.221929997205734
0.586701273918152,14.088228225708,0.00849441718310118,0.221968352794647
0.841373264789581,14.0896806716919,0.0102720214053988,0.222105234861374
1.09564113616943,14.0913057327271,0.014069770462811,0.222197189927101
1.34962546825409,14.0929889678955,0.0193389654159546,0.2220668643713
1.60362243652344,14.094705581665,0.0247483961284161,0.221946686506271
1.8578314781189,14.09632396698,0.0294101666659117,0.221833467483521
2.11260628700256,14.0977268218994,0.0317587926983833,0.221804618835449
-2.7208731174469,13.8209400177002,0.00714820716530085,0.222344920039177
-2.46704292297363,13.8224763870239,0.00996403302997351,0.222169131040573
-2.2123281955719,13.823769569397,0.00892381370067596,0.222022578120232
-1.95763659477234,13.8251142501831,0.0082165589556098,0.221899196505547
-1.70281398296356,13.8264055252075,0.00713782850652933,0.221742019057274
-1.44834661483765,13.8278465270996,0.00791075266897678,0.221602872014046
-1.19348657131195,13.829216003418,0.0071111642755568,0.221515566110611
-0.937940835952759,13.830358505249,0.00341625162400305,0.22149170935154
-0.68306028842926,13.8317518234253,0.00298068509437144,0.22136677801609
-0.428667187690735,13.8333625793457,0.00497708842158318,0.221216484904289
-0.174513712525368,13.8350229263306,0.00827178824692965,0.221082612872124
0.0800915285944939,13.8365106582642,0.00973545107990503,0.220960944890976
0.334781646728516,13.8379430770874,0.0110322516411543,0.220891430974007
0.589784741401672,13.839280128479,0.0111368633806705,0.220867514610291
0.844694793224335,13.8406791687012,0.0118776485323906,0.220830246806145
1.09922027587891,13.8422861099243,0.0145541485399008,0.220794543623924
1.35327410697937,13.8440427780151,0.01954604126513,0.220684811472893
1.60722410678864,13.8457126617432,0.0252026449888945,0.22063335776329
1.86159479618073,13.8472967147827,0.0291810315102339,0.220552071928978
2.1165246963501,13.8485851287842,0.0308808572590351,0.22054685652256
-2.71708130836487,13.5720129013062,0.00608515739440918,0.221186801791191
-2.46304869651794,13.5735292434692,0.00800654850900173,0.220978423953056
-2.20838332176208,13.5748500823975,0.00723416917026043,0.220816448330879
-1.95353245735168,13.5761299133301,0.00583904096856713,0.22067978978157
-1.69871389865875,13.5774393081665,0.00482145510613918,0.220548763871193
-1.44421422481537,13.578932762146,0.00548751791939139,0.220428392291069
-1.18956398963928,13.58034324646,0.00568836648017168,0.220361977815628
-0.934311926364899,13.581467628479,0.0033749477006495,0.220338001847267
-0.679519414901733,13.5827646255493,0.00338100269436836,0.220181778073311
-0.425018697977066,13.584321975708,0.00492692925035954,0.220039755105972
-0.170802399516106,13.585973739624,0.00797480903565884,0.219945594668388
0.0836171582341194,13.5874710083008,0.0103164408355951,0.219903200864792
0.338115692138672,13.5889387130737,0.0125136571004987,0.219834879040718
0.593223571777344,13.5902538299561,0.0121813537552953,0.219759196043015
0.848077654838562,13.5916481018066,0.01320896204561,0.219618543982506
1.10219347476959,13.5933456420898,0.0177553314715624,0.21948878467083
1.35614573955536,13.5951662063599,0.0232308357954025,0.219411805272102
1.61073017120361,13.5967445373535,0.0260847136378288,0.219404131174088
1.86515653133392,13.5983829498291,0.0298479702323675,0.219369143247604
2.12050414085388,13.5995616912842,0.0297275874763727,0.21936622262001
-2.71340179443359,13.3233203887939,0.00553377391770482,0.219961225986481
-2.45934724807739,13.3248481750488,0.0073929182253778,0.219760924577713
-2.20483112335205,13.3261957168579,0.00734817562624812,0.219593241810799
-1.95001006126404,13.3274946212769,0.00612703198567033,0.219438463449478
-1.6951402425766,13.3287696838379,0.00491256918758154,0.219278275966644
-1.44050741195679,13.3301248550415,0.00501044327393174,0.219157800078392
-1.1859335899353,13.3314847946167,0.00560167105868459,0.219111189246178
-0.931098163127899,13.3326787948608,0.00522473827004433,0.219098702073097
-0.676324188709259,13.3339262008667,0.00535066286101937,0.218955129384995
-0.421663820743561,13.3353586196899,0.00620880955830216,0.218793928623199
-0.167372539639473,13.3369665145874,0.00895305629819632,0.218741729855537
0.0868762135505676,13.3384628295898,0.0121031450107694,0.218720003962517
0.341501235961914,13.3399600982666,0.0137621602043509,0.218640476465225
0.596979200839996,13.3412275314331,0.0117988390848041,0.218490213155746
0.85168844461441,13.3426742553711,0.0135145001113415,0.218318685889244
1.10570287704468,13.3443412780762,0.0185535661876202,0.218235641717911
1.35980451107025,13.3460531234741,0.0233987271785736,0.218239292502403
1.61469566822052,13.3476181030273,0.0249191056936979,0.218270719051361
1.86954748630524,13.3491315841675,0.0268281325697899,0.218299210071564
2.12520122528076,13.3502597808838,0.0253899805247784,0.218303635716438
-2.70985507965088,13.0746431350708,0.00559790804982185,0.218722239136696
-2.45601677894592,13.0762414932251,0.00849119760096073,0.218553245067596
-2.20149993896484,13.0775651931763,0.00847997236996889,0.218371987342834
-1.94692373275757,13.0789413452148,0.00841852650046349,0.218207851052284
-1.69203341007233,13.0801239013672,0.00714574148878455,0.218011990189552
-1.4371874332428,13.0812759399414,0.00630713067948818,0.217891320586205
-1.18241488933563,13.082498550415,0.00602931901812553,0.217856138944626
-0.927744090557098,13.083758354187,0.00643884809687734,0.217817366123199
-0.67322051525116,13.0850963592529,0.00773714017122984,0.217647314071655
-0.418842434883118,13.086555480957,0.00990976020693779,0.217495203018188
-0.164473459124565,13.0880069732666,0.0123367346823215,0.217517927289009
0.0901438072323799,13.0893907546997,0.0138537921011448,0.21750995516777
0.345191180706024,13.0908603668213,0.0136407492682338,0.217394843697548
0.600716829299927,13.0921306610107,0.0115004144608974,0.217204794287682
0.855360567569733,13.0936050415039,0.0135475927963853,0.217069938778877
1.10941553115845,13.0951948165894,0.0184445455670357,0.217037543654442
1.36407172679901,13.0967407226562,0.0208488050848246,0.217080324888229
1.61928129196167,13.0981788635254,0.0209927074611187,0.217149555683136
1.87476325035095,13.0995073318481,0.020142575725913,0.217214643955231
2.1305730342865,13.1006059646606,0.0180613584816456,0.217240497469902
-2.70622134208679,12.8257761001587,0.00526365870609879,0.217473834753036
-2.45268416404724,12.8274545669556,0.00958549417555332,0.217343688011169
-2.19816780090332,12.8287162780762,0.00961368903517723,0.217163294553757
-1.94379317760468,12.8301134109497,0.0105149708688259,0.216993451118469
-1.68898463249207,12.8312587738037,0.00965301506221294,0.216787576675415
-1.43406867980957,12.8322505950928,0.00853140838444233,0.216664671897888
-1.17881596088409,12.8333559036255,0.00609557190909982,0.216656073927879
-0.923908174037933,12.8346605300903,0.00546041410416365,0.216633066534996
-0.669441103935242,12.8360376358032,0.00705492263659835,0.216448739171028
-0.415427684783936,12.8375673294067,0.0109213748946786,0.216306120157242
-0.16113056242466,12.8390626907349,0.0137083185836673,0.216300636529922
0.0940162688493729,12.8404321670532,0.0128647647798061,0.216274827718735
0.3497693836689,12.8416728973389,0.00951225310564041,0.216159656643867
0.605008661746979,12.8429470062256,0.0087082302197814,0.216023668646812
0.859126031398773,12.8444728851318,0.0131638599559665,0.215918511152267
1.11311674118042,12.8460397720337,0.0183880142867565,0.215875878930092
1.36815524101257,12.8474349975586,0.0191229339689016,0.21588097512722
1.62366950511932,12.8487358093262,0.0179500132799149,0.215940192341805
1.87957084178925,12.8499240875244,0.0152773698791862,0.215963706374168
2.13560771942139,12.8509464263916,0.0122354738414288,0.215982735157013
-2.70235729217529,12.576810836792,0.00386789371259511,0.216217175126076
-2.44903612136841,12.5785160064697,0.00922727305442095,0.216121032834053
-2.19464349746704,12.5797929763794,0.00986478105187416,0.215947657823563
-1.94041430950165,12.5811729431152,0.0114728352054954,0.215794712305069
-1.68554782867432,12.582257270813,0.0103828823193908,0.215608984231949
-1.43037092685699,12.5831098556519,0.00810755975544453,0.215521827340126
-1.17501246929169,12.5842332839966,0.00522653758525848,0.215501725673676
-0.920041739940643,12.5856342315674,0.00434133317321539,0.215455859899521
-0.665381193161011,12.5870227813721,0.00509493658319116,0.215274035930634
-0.411201566457748,12.5885848999023,0.00824693590402603,0.21512833237648
-0.156747564673424,12.5900650024414,0.0103665078058839,0.215098023414612
0.0984591543674469,12.5914249420166,0.00929690804332495,0.21503110229969
0.354240536689758,12.5925931930542,0.00586422067135572,0.214919969439507
0.609283745288849,12.5937967300415,0.0059908670373261,0.214828073978424
0.863240778446198,12.5952157974243,0.0112141873687506,0.214813381433487
1.11704671382904,12.5968685150146,0.0173057615756989,0.214717775583267
1.37188518047333,12.5982666015625,0.0189759153872728,0.214629560709
1.62758505344391,12.5995044708252,0.0170133262872696,0.214593589305878
1.88333642482758,12.6006870269775,0.0150489322841167,0.214526116847992
2.13965630531311,12.6016244888306,0.0107880784198642,0.214481219649315
-2.69836759567261,12.3278751373291,0.00188867968972772,0.214918851852417
-2.44516849517822,12.3295450210571,0.0078556640073657,0.214837953448296
-2.19096684455872,12.3308553695679,0.00941369775682688,0.214694499969482
-1.93682181835175,12.3322153091431,0.0114489737898111,0.214561015367508
-1.6818208694458,12.3332614898682,0.00978103931993246,0.214405611157417
-1.42647087574005,12.3341579437256,0.00675134034827352,0.21430130302906
-1.17120575904846,12.335298538208,0.00433780904859304,0.214216187596321
-0.916339635848999,12.3366088867188,0.00397208565846086,0.214134857058525
-0.661638557910919,12.3379669189453,0.00458087306469679,0.213994324207306
-0.407007992267609,12.3394117355347,0.00572698144242167,0.213891118764877
-0.152415588498116,12.3409452438354,0.00726039847359061,0.213855922222137
0.10259547829628,12.3424024581909,0.00711698224768043,0.21379280090332
0.357875794172287,12.3436288833618,0.0059869890101254,0.213667571544647
0.612781345844269,12.3448610305786,0.00677060056477785,0.213565558195114
0.867158710956573,12.3461894989014,0.0101425517350435,0.213597729802132
1.12112009525299,12.3477439880371,0.0155795505270362,0.213549226522446
1.37554001808167,12.3492193222046,0.0191622022539377,0.213393792510033
1.63094210624695,12.3503637313843,0.0185708124190569,0.213221684098244
1.88630700111389,12.3516044616699,0.0183623246848583,0.213121607899666
2.14267253875732,12.352518081665,0.0139296734705567,0.212983101606369
-2.69450998306274,12.0789222717285,0.000522026675753295,0.21354503929615
-2.4413468837738,12.0805034637451,0.00669995043426752,0.213457837700844
-2.1872181892395,12.0818223953247,0.00863401219248772,0.213344261050224
-1.9332879781723,12.0831956863403,0.0116966543719172,0.213261783123016
-1.67850685119629,12.0843172073364,0.0110737336799502,0.213134929537773
-1.42308557033539,12.085391998291,0.00774686923250556,0.213028565049171
-1.16781187057495,12.0865592956543,0.00532963406294584,0.21288825571537
-0.913216233253479,12.087739944458,0.00623822445049882,0.212813422083855
-0.658674001693726,12.0890293121338,0.00760590517893434,0.212692201137543
-0.403707444667816,12.0902786254883,0.00726361107081175,0.212603330612183
-0.148570343852043,12.0916614532471,0.00636698165908456,0.21256785094738
0.106474198400974,12.0931673049927,0.00611017365008593,0.212582185864449
0.361329823732376,12.0944910049438,0.00693434569984674,0.21250556409359
0.615946412086487,12.0958375930786,0.00905185099691153,0.21234792470932
0.870640277862549,12.0971908569336,0.0110328234732151,0.212305992841721
1.12501764297485,12.0985717773438,0.0146443760022521,0.212294653058052
1.37938404083252,12.0999631881714,0.0185093730688095,0.212201714515686
1.63438701629639,12.1010723114014,0.0197412148118019,0.212026715278625
1.88945758342743,12.1022987365723,0.0208809748291969,0.211907953023911
2.1455020904541,12.1032724380493,0.0179065335541964,0.211722150444984
-2.69078397750854,11.8299694061279,-0.000235287327086553,0.212174609303474
-2.43752908706665,11.8314380645752,0.00556227145716548,0.212073937058449
-2.18359541893005,11.8327579498291,0.00843595433980227,0.21200604736805
-1.92963802814484,11.8341655731201,0.01141157746315,0.211936324834824
-1.67517399787903,11.8354473114014,0.0122782364487648,0.211847558617592
-1.41998755931854,11.8365831375122,0.0100607434287667,0.211738377809525
-1.16463029384613,11.8377389907837,0.00729467906057835,0.211593970656395
-0.910039305686951,11.8388681411743,0.00826065987348557,0.211560800671577
-0.65559446811676,11.8400535583496,0.0101087903603911,0.211483642458916
-0.400488257408142,11.8411731719971,0.00916937366127968,0.211342319846153
-0.144958034157753,11.8423757553101,0.00653046742081642,0.211280718445778
0.110472649335861,11.8437957763672,0.00456684408709407,0.21131606400013
0.365248739719391,11.8452110290527,0.00578799284994602,0.211349993944168
0.619536578655243,11.8466529846191,0.00942361168563366,0.211178824305534
0.874128460884094,11.8480043411255,0.011900071054697,0.211032226681709
1.12878489494324,11.8492727279663,0.0142991747707129,0.210951924324036
1.38345563411713,11.8505611419678,0.0168423596769571,0.210909605026245
1.63820731639862,11.8517036437988,0.019237456843257,0.210816383361816
1.89308333396912,11.8528881072998,0.0212843399494886,0.210744738578796
2.14859414100647,11.8539724349976,0.0207188241183758,0.210589036345482
-2.68717622756958,11.5810642242432,-0.000446222460595891,0.210943207144737
-2.43376636505127,11.5824689865112,0.00467626238241792,0.210827499628067
-2.17989492416382,11.5838527679443,0.00787513330578804,0.210757255554199
-1.92586231231689,11.5852298736572,0.0105448840186,0.210684090852737
-1.67160546779633,11.586573600769,0.0124005526304245,0.210624858736992
-1.41664624214172,11.58766746521,0.0112632876262069,0.210526630282402
-1.16118550300598,11.5887537002563,0.008062525652349,0.210395276546478
-0.905905306339264,11.5897312164307,0.00592600321397185,0.210389658808708
-0.651057422161102,11.5908651351929,0.00598410610109568,0.210352867841721
-0.395806789398193,11.5918893814087,0.00443820934742689,0.210192933678627
-0.140545397996902,11.5930776596069,0.00306639121845365,0.210107013583183
0.114923447370529,11.5943660736084,0.000979623291641474,0.210084646940231
0.369760185480118,11.5958271026611,0.00197054399177432,0.210082784295082
0.623552441596985,11.5974035263062,0.00788005441427231,0.209881842136383
0.87763237953186,11.5988159179688,0.0126973772421479,0.209676906466484
1.13228058815002,11.6000680923462,0.0151698431000113,0.209556475281715
1.38713240623474,11.6013431549072,0.0169385988265276,0.209515929222107
1.64176726341248,11.6025524139404,0.0198902115225792,0.209512688219547
1.89657461643219,11.603705406189,0.0222809929400682,0.209424555301666
2.15163826942444,11.6048860549927,0.0237378235906363,0.209327377378941
-2.68365597724915,11.3320817947388,-0.000248643540544435,0.209833830595016
-2.43020415306091,11.3335266113281,0.00471615698188543,0.209696531295776
-2.17647075653076,11.3349666595459,0.00858805421739817,0.209594309329987
-1.92239129543304,11.336353302002,0.0110785840079188,0.20952932536602
-1.66817808151245,11.3377113342285,0.0131705971434712,0.209417387843132
-1.41320538520813,11.3387403488159,0.012010739184916,0.209330856800079
-1.15747702121735,11.3397169113159,0.007627391256392,0.20920518040657
-0.901526391506195,11.3405790328979,0.00247504329308867,0.209146797657013
-0.646017014980316,11.3416261672974,-0.000430182146374136,0.209077045321465
-0.390839874744415,11.3427467346191,-0.00159416254609823,0.20896515250206
-0.135699242353439,11.3438987731934,-0.00236668391153216,0.208882093429565
0.119630560278893,11.3451509475708,-0.00377409579232335,0.208820298314095
0.373923599720001,11.346586227417,-0.00027987125213258,0.208649381995201
0.62720787525177,11.348165512085,0.00796081032603979,0.208500385284424
0.880799114704132,11.3496046066284,0.0150120388716459,0.208397291600704
1.13531994819641,11.350926399231,0.0180868282914162,0.208265475928783
1.39016366004944,11.3522291183472,0.0199218727648258,0.208187691867352
1.64493238925934,11.3534746170044,0.0223057009279728,0.208111964166164
1.89968979358673,11.3546409606934,0.0249508861452341,0.208009794354439
2.15464663505554,11.3558359146118,0.0269139185547829,0.207939021289349
-2.68005037307739,11.0827894210815,-0.00043667692807503,0.208720326423645
-2.42680048942566,11.0843734741211,0.00549526046961546,0.208550035953522
-2.17301607131958,11.0858373641968,0.00916821975260973,0.208434283733368
-1.91912400722504,11.087329864502,0.0125546343624592,0.208284348249435
-1.66496014595032,11.0887241363525,0.0149071058258414,0.208239585161209
-1.40990257263184,11.089747428894,0.0133936163038015,0.208172991871834
-1.1540048122406,11.090615272522,0.00827465020120144,0.208037212491035
-0.897793710231781,11.0914554595947,0.00197165249846876,0.207865610718727
-0.641756415367126,11.0924663543701,-0.00329666188918054,0.207704916596413
-0.386418849229813,11.0936670303345,-0.00514812162145972,0.207622304558754
-0.13147734105587,11.0949258804321,-0.004976368509233,0.207604743540287
0.12335566431284,11.0960521697998,-0.00408822298049927,0.207472190260887
0.377117305994034,11.0974931716919,0.00184355990495533,0.207244403660297
0.630517363548279,11.0990419387817,0.00959683395922184,0.207112491130829
0.883992195129395,11.1005306243896,0.0172041300684214,0.207118339836597
1.13834714889526,11.10182762146,0.0210571698844433,0.207091510295868
1.39311015605927,11.103063583374,0.0232875030487776,0.206987537443638
1.64806032180786,11.1042776107788,0.0248922910541296,0.206853747367859
1.90288698673248,11.1054420471191,0.0272607430815697,0.206712782382965
2.15812921524048,11.1065464019775,0.0279898289591074,0.206625573337078
-2.67628574371338,10.8334293365479,-0.00135616771876812,0.207507945597172
-2.42341899871826,10.8351802825928,0.00637968862429261,0.207326151430607
-2.16953802108765,10.8367385864258,0.0096399849280715,0.207217559218407
-1.91577422618866,10.8382511138916,0.0136531312018633,0.20706744492054
-1.66142690181732,10.8396158218384,0.0152007089927793,0.207034409046173
-1.40628027915955,10.8406562805176,0.0133160166442394,0.207037799060345
-1.1504328250885,10.8415403366089,0.00846511777490377,0.206927500665188
-0.894315600395203,10.8423919677734,0.00262797717005014,0.206685595214367
-0.638541042804718,10.8433818817139,-0.00140642013866454,0.206460908055305
-0.383477568626404,10.844575881958,-0.00197828025557101,0.20631480962038
-0.128570809960365,10.8458137512207,-0.00161693664267659,0.206277258694172
0.12633952498436,10.8469562530518,-0.00104828248731792,0.20617900043726
0.380227535963058,10.8483810424805,0.00434505054727197,0.206018105149269
0.633804738521576,10.8498210906982,0.0113365268334746,0.205899991095066
0.887388110160828,10.8513870239258,0.0184869524091482,0.20596095174551
1.1414966583252,10.8527336120605,0.0234788283705711,0.205962754786015
1.39634501934052,10.8538837432861,0.0253627970814705,0.205854117870331
1.65166521072388,10.8549575805664,0.0253520216792822,0.205694951117039
1.90660905838013,10.8561687469482,0.0272326339036226,0.205571174621582
2.16224431991577,10.8571643829346,0.0262527875602245,0.205456368625164
-2.67219662666321,10.5843324661255,-0.00378728681243956,0.206227444112301
-2.4197940826416,10.586238861084,0.00613089557737112,0.206076368689537
-2.16600632667542,10.5877494812012,0.00986126810312271,0.205971442162991
-1.91223251819611,10.5892972946167,0.0138649735599756,0.205872818827629
-1.65755879878998,10.590503692627,0.013957723043859,0.205818317830563
-1.40234279632568,10.5914440155029,0.0117995953187346,0.205796003341675
-1.14675545692444,10.5923318862915,0.0081790080294013,0.205703794956207
-0.89108544588089,10.5933237075806,0.00441632652655244,0.20551123470068
-0.635692298412323,10.5943508148193,0.00215124874375761,0.205262713134289
-0.380455613136292,10.5954532623291,0.000826515955850482,0.205055609345436
-0.125433340668678,10.5966653823853,0.000697233597747982,0.204997554421425
0.129370987415314,10.5978937149048,0.00177557987626642,0.205001026391983
0.383635371923447,10.5992193222046,0.00550491968169808,0.204904295504093
0.637573778629303,10.6005735397339,0.0109073184430599,0.204817339777946
0.891391634941101,10.6020307540894,0.0170456599444151,0.204833373427391
1.14536011219025,10.6034288406372,0.0227047745138407,0.204853296279907
1.40013337135315,10.6046648025513,0.0249608848243952,0.204736538231373
1.65559411048889,10.605749130249,0.0243595950305462,0.204585000872612
1.91060554981232,10.6069583892822,0.0259783491492271,0.204460546374321
2.16635179519653,10.6079196929932,0.0245465748012066,0.204336933791637
-2.66788268089294,10.3355121612549,-0.00726887909695506,0.204904302954674
-2.4158296585083,10.3374977111816,0.00430636014789343,0.204812273383141
-2.16197443008423,10.3389091491699,0.00777145801112056,0.204725340008736
-1.90818095207214,10.3403768539429,0.0117302164435387,0.204683817923069
-1.65342056751251,10.3414573669434,0.0114725073799491,0.204602293670177
-1.39837539196014,10.3423910140991,0.0101410020142794,0.204492621123791
-1.14323782920837,10.3433036804199,0.00861756410449743,0.204351037740707
-0.888132870197296,10.3444204330444,0.00746527314186096,0.20421676337719
-0.632965981960297,10.345495223999,0.00626046396791935,0.204042755067348
-0.37746399641037,10.3464698791504,0.00376443075947464,0.203851453959942
-0.122148863971233,10.3475160598755,0.00234533566981554,0.203771814703941
0.132733106613159,10.3486604690552,0.00310993101447821,0.203711599111557
0.387100011110306,10.3499631881714,0.00641234265640378,0.203659482300282
0.641164779663086,10.3512401580811,0.0112839192152023,0.203624553978443
0.895252287387848,10.352578163147,0.0162510052323341,0.203642502427101
1.14962899684906,10.3539333343506,0.0201187282800674,0.203655891120434
1.40431880950928,10.3552532196045,0.0227885954082012,0.203521877527237
1.65941405296326,10.3564767837524,0.0238575395196676,0.203381977975368
1.91443240642548,10.3576526641846,0.0254850946366787,0.203269809484482
2.16983199119568,10.3586683273315,0.0256316754966974,0.203186042606831
-2.66397500038147,10.086651802063,-0.00886815972626209,0.203558653593063
-2.41188383102417,10.0885877609253,0.00257486430928111,0.203501626849174
-2.15796184539795,10.0899066925049,0.00577686913311481,0.203461490571499
-1.90404295921326,10.0912799835205,0.00920454505831003,0.203448988497257
-1.64920854568481,10.0922689437866,0.00865392293781042,0.203324884176254
-1.39440929889679,10.0932102203369,0.00849333684891462,0.203138440847397
-1.14002358913422,10.094313621521,0.0104415314272046,0.202999167144299
-0.885664105415344,10.095630645752,0.0127177350223064,0.202955156564713
-0.630771458148956,10.0968189239502,0.0127844084054232,0.202894307672977
-0.375092297792435,10.0976686477661,0.00951253902167082,0.202706687152386
-0.119483254849911,10.0984773635864,0.00679577887058258,0.202569231390953
0.135465949773788,10.0994873046875,0.00728992559015751,0.202475242316723
0.390004724264145,10.1007461547852,0.00984698999673128,0.202452160418034
0.644408106803894,10.1020002365112,0.0132243158295751,0.202456757426262
0.898915827274323,10.1032361984253,0.0163391828536987,0.202431932091713
1.15371668338776,10.1044445037842,0.0183463264256716,0.202331535518169
1.40845000743866,10.1057462692261,0.0208630431443453,0.202185541391373
1.66305220127106,10.1069860458374,0.0241763889789581,0.202086582779884
1.91790556907654,10.1081438064575,0.0265770591795444,0.201988771557808
2.17277193069458,10.1092233657837,0.0291304215788841,0.201996140182018
-2.66104793548584,9.83773899078369,-0.00592559156939387,0.202231325209141
-2.40844798088074,9.8394832611084,0.00320637784898281,0.202167481184006
-2.15434432029724,9.8407678604126,0.00561002595350146,0.202158309519291
-1.90023446083069,9.8419075012207,0.00820564571768045,0.202101849019527
-1.64541566371918,9.8428955078125,0.00776737509295344,0.201984412968159
-1.39086925983429,9.84399509429932,0.00879899598658085,0.20183764398098
-1.13697338104248,9.845290184021,0.0130173740908504,0.20177885890007
-0.883306860923767,9.84675598144531,0.0184820219874382,0.201803088188171
-0.628914654254913,9.84797763824463,0.0208521876484156,0.201769180595875
-0.373162835836411,9.84883880615234,0.0172711275517941,0.20160961151123
-0.116997458040714,9.84943103790283,0.0120621509850025,0.201460853219032
0.138452604413033,9.85034656524658,0.0103206532076001,0.201362773776054
0.393228352069855,9.85154151916504,0.0118415979668498,0.201298244297504
0.647919356822968,9.85276508331299,0.0139576839283109,0.201247483491898
0.902557373046875,9.8539981842041,0.0165227837860584,0.201155267655849
1.15743470191956,9.85511589050293,0.0182274207472801,0.20096393674612
1.41211700439453,9.85631084442139,0.0210144016891718,0.200836718082428
1.66644728183746,9.85746192932129,0.0255840197205544,0.200850911438465
1.92094075679779,9.85866165161133,0.0296227298676968,0.200710147619247
2.17545175552368,9.85979080200195,0.0337877050042152,0.200797028839588
-2.65880441665649,9.58895301818848,0.000177761961822398,0.200976200401783
-2.40545392036438,9.59045314788818,0.00587596138939261,0.200878530740738
-2.15107750892639,9.59165382385254,0.00705839274451137,0.200896054506302
-1.89658200740814,9.59274768829346,0.0079174293205142,0.200793892145157
-1.64190697669983,9.59378814697266,0.0081759337335825,0.200719818472862
-1.38752698898315,9.5949010848999,0.0100068859755993,0.200660556554794
-1.13345539569855,9.59604930877686,0.0134636284783483,0.200694859027863
-0.87991601228714,9.59745502471924,0.0195473171770573,0.200703948736191
-0.625879168510437,9.59864807128906,0.0235724672675133,0.200629621744156
-0.370041310787201,9.59952545166016,0.0196322910487652,0.200494155287743
-0.113604716956615,9.60012340545654,0.013226623646915,0.200406074523926
0.142372325062752,9.60087490081787,0.00914249289780855,0.200359955430031
0.397416293621063,9.60197067260742,0.00949634984135628,0.200290501117706
0.652080714702606,9.60333156585693,0.0117694353684783,0.20014201849699
0.906354248523712,9.60468101501465,0.0160114206373692,0.199973821640015
1.16087448596954,9.60580825805664,0.0193570349365473,0.199775159358978
1.41534006595612,9.60692024230957,0.0231532268226147,0.199688494205475
1.66957426071167,9.60807704925537,0.0281845573335886,0.199708938598633
1.9235326051712,9.60939025878906,0.0346379168331623,0.199590936303139
2.17786598205566,9.61060619354248,0.0396170690655708,0.199676245450974
-2.65649437904358,9.34032535552979,0.00596671318635345,0.199815943837166
-2.40253806114197,9.34159755706787,0.0089018763974309,0.199697807431221
-2.14786815643311,9.34269618988037,0.0087663447484374,0.199682973325253
-1.89308452606201,9.34369468688965,0.00833808444440365,0.199592143297195
-1.63831722736359,9.34474086761475,0.00821063760668039,0.199575312435627
-1.38367426395416,9.34573745727539,0.0088792946189642,0.199623018503189
-1.12902081012726,9.34671115875244,0.00972254294902086,0.199661113321781
-0.874812424182892,9.34783935546875,0.012811022810638,0.199572995305061
-0.620532870292664,9.34892272949219,0.0157874189317226,0.199390329420567
-0.365222960710526,9.34994220733643,0.0142948273569345,0.19926019012928
-0.109275475144386,9.35069370269775,0.010150033980608,0.199229501187801
0.146633297204971,9.35141754150391,0.00642027286812663,0.199188075959682
0.401833564043045,9.35239124298096,0.00611665518954396,0.199089229106903
0.656510531902313,9.35370826721191,0.0083793830126524,0.19894728064537
0.910700082778931,9.35507202148438,0.0130431707948446,0.198846407234669
1.16479873657227,9.35628795623779,0.018321031704545,0.198761612176895
1.4188060760498,9.35754299163818,0.0242032818496227,0.19869726151228
1.67288100719452,9.35879611968994,0.0299785118550062,0.198689445853233
1.92665767669678,9.36007118225098,0.0372771732509136,0.198618672788143
2.18078207969666,9.36139297485352,0.0432139821350574,0.198648057878017
-2.65374684333801,9.09167385101318,0.00973176956176758,0.198738366365433
-2.39950609207153,9.09275722503662,0.0113896997645497,0.198635965585709
-2.14461255073547,9.09370803833008,0.0102626010775566,0.198564112186432
-1.88968074321747,9.09469985961914,0.00918845646083355,0.198456436395645
-1.63454556465149,9.09570693969727,0.00740984734147787,0.198446474969387
-1.37945210933685,9.0965576171875,0.00606020307168365,0.198550723493099
-1.12423896789551,9.0972957611084,0.00439784210175276,0.198545068502426
-0.86937814950943,9.0981330871582,0.00456999707967043,0.198369972407818
-0.615032613277435,9.09925937652588,0.00729947118088603,0.198106966912746
-0.360400468111038,9.10050487518311,0.00893334951251745,0.197966784238815
-0.105209067463875,9.10146903991699,0.00825762655586004,0.197941511869431
0.150239154696465,9.10223293304443,0.0066521605476737,0.19785238057375
0.405553132295609,9.10308742523193,0.00587705103680491,0.197723746299744
0.660472214221954,9.10422325134277,0.00709427474066615,0.197650298476219
0.914904773235321,9.10553169250488,0.0107072992250323,0.197648197412491
1.16925144195557,9.10666084289551,0.0149177340790629,0.197713367640972
1.42347455024719,9.10783290863037,0.0198815520852804,0.197683423757553
1.67745637893677,9.10904216766357,0.0261207055300474,0.19763795286417
1.93120729923248,9.11041831970215,0.0335757099092007,0.19758029282093
2.18507552146912,9.11178970336914,0.0406958498060703,0.197542823851109
-2.65065431594849,8.84280681610107,0.0119082611054182,0.197701968252659
-2.39640140533447,8.8437557220459,0.0135495541617274,0.19762010127306
-2.14146518707275,8.84468936920166,0.0122595150023699,0.197469137609005
-1.88647663593292,8.84561538696289,0.0109614059329033,0.19735162705183
-1.63098049163818,8.84654426574707,0.00756280310451984,0.197248846292496
-1.37560939788818,8.84733390808105,0.00498159835115075,0.197296105325222
-1.12038660049438,8.84807205200195,0.00331606063991785,0.19726724177599
-0.865278482437134,8.84891891479492,0.00239967228844762,0.197113305330276
-0.610663235187531,8.85001468658447,0.00394484959542751,0.196869671344757
-0.356208145618439,8.85129165649414,0.0064266943372786,0.196730613708496
-0.1015744805336,8.85242557525635,0.00831636227667332,0.19668897241354
0.153622761368752,8.85320568084717,0.0078837675973773,0.196580320596695
0.409150391817093,8.85397052764893,0.00618279306218028,0.196442693471909
0.66423088312149,8.85493659973145,0.00671623041853309,0.196442924439907
0.918915212154388,8.85606575012207,0.00924260728061199,0.196552760899067
1.17363083362579,8.85706233978271,0.0118430340662599,0.196646273136139
1.42831301689148,8.85817527770996,0.0147973913699389,0.196523271501064
1.68237268924713,8.85939598083496,0.0207355283200741,0.196408785879612
1.9364287853241,8.86063003540039,0.0268832501024008,0.19631738960743
2.19024562835693,8.86196994781494,0.0342836938798428,0.196209348738194
-2.64708924293518,8.59366035461426,0.0119084753096104,0.196631528437138
-2.39298105239868,8.59460544586182,0.0142562408000231,0.196527652442455
-2.13805365562439,8.59558296203613,0.013042981736362,0.196334265172482
-1.88321650028229,8.59649276733398,0.0124780619516969,0.196182876825333
-1.62796008586884,8.59734535217285,0.0102185420691967,0.19601534307003
-1.37283527851105,8.59822559356689,0.0087952446192503,0.195982530713081
-1.11753559112549,8.59902763366699,0.00680549629032612,0.19601109623909
-0.861977100372314,8.59977054595947,0.00386949046514928,0.195945590734482
-0.606892347335815,8.60080909729004,0.00331402174197137,0.195762261748314
-0.35220867395401,8.60196590423584,0.00480124587193131,0.19563914090395
-0.0977286994457245,8.60310459136963,0.00742877880111337,0.195566579699516
0.157221466302872,8.60402870178223,0.00814818497747183,0.195434726774693
0.412705063819885,8.60476398468018,0.00668452912941575,0.195304788649082
0.667851209640503,8.60565757751465,0.00696187233552337,0.195328295230865
0.922668814659119,8.60666942596436,0.00893065147101879,0.195398770272732
1.17755591869354,8.60763072967529,0.0108013451099396,0.195440515875816
1.4324756860733,8.60868167877197,0.012733094394207,0.195295989513397
1.68685936927795,8.6098690032959,0.0172665175050497,0.195135079324245
1.94117140769958,8.61101627349854,0.0223200563341379,0.194976016879082
2.19528031349182,8.61226367950439,0.028471177443862,0.194810397922993
-2.64296841621399,8.34441375732422,0.00933954305946827,0.195510543882847
-2.38903903961182,8.34545230865479,0.0125537980347872,0.195352874696255
-2.13433694839478,8.34638977050781,0.0124228363856673,0.195170678198338
-1.87978732585907,8.34738349914551,0.0132172703742981,0.194978058338165
-1.62483048439026,8.34823703765869,0.0123697072267532,0.194827936589718
-1.36970412731171,8.34899139404297,0.0109781827777624,0.194775752723217
-1.11418628692627,8.34975147247314,0.0080264862626791,0.194780297577381
-0.858412444591522,8.35056400299072,0.00414050975814462,0.19471225887537
-0.603040933609009,8.35157871246338,0.0023176777176559,0.194553405046463
-0.348282784223557,8.35262584686279,0.00351104163564742,0.194464959204197
-0.0938842073082924,8.35360717773438,0.00655470602214336,0.194410905241966
0.160838738083839,8.35449600219727,0.00834343954920769,0.194350130856037
0.416132032871246,8.35528659820557,0.00777438515797257,0.194260999560356
0.671758592128754,8.35617065429688,0.00592245906591415,0.194222457706928
0.92700731754303,8.35718250274658,0.00599236786365509,0.194235518574715
1.18196856975555,8.35811042785645,0.00757503323256969,0.194210879504681
1.4365541934967,8.35921573638916,0.0110455779358745,0.194052338600159
1.69099879264832,8.36032104492188,0.0153503557667136,0.193892054259777
1.9453182220459,8.3615255355835,0.0204102080315351,0.193779312074184
2.20000100135803,8.36259937286377,0.0240548420697451,0.193630211055279
-2.63886380195618,8.09525203704834,0.00684363767504692,0.194425076246262
-2.38506174087524,8.09634590148926,0.0106878327205777,0.19422122836113
-2.13048386573792,8.09728050231934,0.0111712729558349,0.194041982293129
-1.87603580951691,8.09832668304443,0.0124715194106102,0.19380521774292
-1.62097322940826,8.09910297393799,0.0111814681440592,0.193676479160786
-1.36561858654022,8.0998010635376,0.00878673139959574,0.19359727948904
-1.11020243167877,8.1005163192749,0.006344691850245,0.193530485033989
-0.854956686496735,8.10133838653564,0.00490968022495508,0.193411521613598
-0.599823594093323,8.10235023498535,0.00420896802097559,0.193283714354038
-0.344784885644913,8.10328006744385,0.0041662803851068,0.19324966520071
-0.0899393036961555,8.10407257080078,0.00522734085097909,0.193269908428192
0.164935231208801,8.10479640960693,0.00637758430093527,0.193238347768784
0.420051574707031,8.10564994812012,0.00664687529206276,0.193198248744011
0.675788223743439,8.10664367675781,0.00433429330587387,0.193092569708824
0.931580603122711,8.10763454437256,0.00200083991512656,0.192993730306625
1.18670427799225,8.10860633850098,0.00289860228076577,0.192888095974922
1.44077515602112,8.1096887588501,0.00872248504310846,0.192845016717911
1.69520235061646,8.11070823669434,0.0131505811586976,0.192786522209644
1.94992172718048,8.11179256439209,0.0164732746779919,0.192744694650173
2.20555663108826,8.11260318756104,0.0159350279718637,0.192699290812016
-2.63511610031128,7.84599494934082,0.00600437354296446,0.193345166742802
-2.38134121894836,7.84702968597412,0.010016618296504,0.193142935633659
-2.12682700157166,7.84803152084351,0.0108298938721418,0.192895948886871
-1.87233817577362,7.84903001785278,0.0119839664548635,0.192688196897507
-1.61710977554321,7.84989976882935,0.0099681168794632,0.192498661577702
-1.36142945289612,7.85051012039185,0.00612570717930794,0.192364558577538
-1.10620629787445,7.85115718841553,0.00461264606565237,0.192308560013771
-0.851559460163116,7.85206079483032,0.00594860455021262,0.192238725721836
-0.596943140029907,7.85314226150513,0.00763389468193054,0.19214853644371
-0.341606676578522,7.85402536392212,0.00627083377912641,0.192078307271004
-0.0860821306705475,7.85467433929443,0.00429264036938548,0.192103885114193
0.169036507606506,7.85545444488525,0.00437573762610555,0.192083716392517
0.424006581306458,7.85635614395142,0.00534543115645647,0.192037150263786
0.679491519927979,7.85728693008423,0.00421017641201615,0.191908925771713
0.935338020324707,7.85812377929688,0.00167748925741762,0.191752642393112
1.19040548801422,7.85903120040894,0.00286813615821302,0.191610120236874
1.44500994682312,7.86000680923462,0.00634419079869986,0.191609904170036
1.70002543926239,7.86093473434448,0.00818914361298084,0.191661216318607
1.95585799217224,7.86163997650146,0.00660904496908188,0.191695906221867
2.21298813819885,7.8620753288269,-0.000511776830535382,0.191754288971424
-2.63130712509155,7.59662628173828,0.00488608935847878,0.192102953791618
-2.37747645378113,7.59752464294434,0.00868670549243689,0.19195494800806
-2.12307906150818,7.59859561920166,0.0100782727822661,0.191768333315849
-1.86866629123688,7.59952640533447,0.0116243036463857,0.191577032208443
-1.61361455917358,7.60055780410767,0.0104515058919787,0.191333383321762
-1.35808920860291,7.60131597518921,0.00735057517886162,0.191141799092293
-1.10290467739105,7.60198211669922,0.00604863092303276,0.191085547208786
-0.848019123077393,7.60272932052612,0.00633715884760022,0.191067315638065
-0.593315005302429,7.60376644134521,0.00766165368258953,0.191024236381054
-0.338071793317795,7.60473728179932,0.00675645936280489,0.190950743854046
-0.0824140906333923,7.60551595687866,0.00420578895136714,0.190894097089767
0.173009842634201,7.60629940032959,0.00294514396227896,0.19083895534277
0.428067684173584,7.60718965530396,0.00355960801243782,0.190772049129009
0.68320220708847,7.60799264907837,0.00405032699927688,0.190656803548336
0.938608348369598,7.60872316360474,0.00354043603874743,0.19055949151516
1.19361591339111,7.60971212387085,0.00503036519512534,0.190425202250481
1.44915533065796,7.61043500900269,0.00436227768659592,0.190395750105381
1.70558559894562,7.61094951629639,-5.80056221224368e-05,0.190436236560345
1.96244537830353,7.61131620407104,-0.00615149876102805,0.190461456775665
2.22119331359863,7.61135196685791,-0.0203944686800241,0.190518788993359
-2.62676000595093,7.34729671478271,0.000349790207110345,0.190664798021317
-2.37283682823181,7.34808397293091,0.00377581920474768,0.190584011375904
-2.11862254142761,7.3491358757019,0.00606030924245715,0.1904411688447
-1.86428368091583,7.35013723373413,0.00799029506742954,0.190333425998688
-1.60996997356415,7.35127353668213,0.0102475360035896,0.190177634358406
-1.35516238212585,7.3521614074707,0.0104681067168713,0.190022386610508
-1.09979939460754,7.35288524627686,0.00837964378297329,0.189964786171913
-0.844525575637817,7.35356521606445,0.00693227257579565,0.189936473965645
-0.589331686496735,7.35447263717651,0.00606872281059623,0.189878717064857
-0.334311455488205,7.35540866851807,0.00621953560039401,0.189809292554855
-0.0789623036980629,7.35623836517334,0.00510486355051398,0.189690560102463
0.176467001438141,7.35704898834229,0.00385457347147167,0.18959779292345
0.431651055812836,7.35781240463257,0.00394022418186069,0.189519599080086
0.686940670013428,7.35846281051636,0.00377528835088015,0.189440712332726
0.942297160625458,7.35925722122192,0.00352427316829562,0.189345560967922
1.19715452194214,7.36030864715576,0.00572318071499467,0.189229197800159
1.45295321941376,7.36095142364502,0.00393315590918064,0.189163111150265
1.71027410030365,7.36126232147217,-0.00442095566540956,0.189089946448803
1.96779322624207,7.36126756668091,-0.0133940801024437,0.18905932456255
2.22734689712524,7.36105680465698,-0.031161105260253,0.18901863694191
-2.62219905853271,7.09815645217896,-0.00425820238888264,0.189197063446045
-2.36821889877319,7.09892654418945,-0.00104662985540926,0.189141221344471
-2.11420273780823,7.09986639022827,0.00220462516881526,0.189072005450726
-1.85980796813965,7.10081148147583,0.00392591115087271,0.189004585146904
-1.60557067394257,7.10192728042603,0.00658168131485581,0.188962608575821
-1.35128462314606,7.10289859771729,0.00923396646976471,0.188894368708134
-1.09636735916138,7.10369539260864,0.00922093447297812,0.188845232129097
-0.840857625007629,7.10436725616455,0.00673370435833931,0.188762344419956
-0.585280299186707,7.10509729385376,0.004170096013695,0.1887062266469
-0.330188810825348,7.10591077804565,0.00404390739277005,0.188669301569462
-0.075348287820816,7.10668516159058,0.00528052728623152,0.188516646623611
0.179600566625595,7.10751724243164,0.00624090153723955,0.18834326416254
0.435098469257355,7.10824584960938,0.00494354404509068,0.188257358968258
0.690769076347351,7.10889720916748,0.00309700495563447,0.188192568719387
0.946346282958984,7.10973072052002,0.00189048936590552,0.188123285770416
1.20114314556122,7.11083745956421,0.00439905561506748,0.188009209930897
1.45667350292206,7.11139678955078,0.00385465216822922,0.187922030687332
1.71339571475983,7.11165904998779,-0.0017835428006947,0.187769770622253
1.97078359127045,7.11181926727295,-0.0101458439603448,0.187659993767738
2.22990012168884,7.1116681098938,-0.0259381700307131,0.18749775737524
-2.61865305900574,6.84915065765381,-0.00417199451476336,0.187877282500267
-2.36474967002869,6.84996557235718,-0.000569883442949504,0.187809817492962
-2.11083602905273,6.85091972351074,0.00319072417914867,0.187777541577816
-1.85635221004486,6.8518180847168,0.00454017519950867,0.187696896493435
-1.60178303718567,6.85267210006714,0.00572021072730422,0.18766812235117
-1.34728252887726,6.85358953475952,0.00743193924427032,0.18767449259758
-1.09259688854218,6.85436248779297,0.00852084625512362,0.187702864408493
-0.837228715419769,6.85501956939697,0.00671991938725114,0.187639310956001
-0.581397294998169,6.85558366775513,0.00304450583644211,0.187561869621277
-0.326067477464676,6.85631895065308,0.00187890534289181,0.187440074980259
-0.0712870508432388,6.85708665847778,0.00343052158132195,0.187252052128315
0.183749303221703,6.85786962509155,0.00403863331303,0.187084421515465
0.439120531082153,6.85862874984741,0.00335418316535652,0.187030911445618
0.694777369499207,6.85937023162842,0.00160662352573127,0.186965107917786
0.950116217136383,6.86028385162354,0.00150930543895811,0.186870947480202
1.2046263217926,6.86127281188965,0.00534817250445485,0.186800770461559
1.45978832244873,6.86200761795044,0.00648158695548773,0.186735697090626
1.71579134464264,6.86246299743652,0.00408171582967043,0.186595045030117
1.97241032123566,6.86283493041992,-0.000834425096400082,0.186444088816643
2.2304630279541,6.86296224594116,-0.0118850218132138,0.186227135360241
-2.61594915390015,6.60011386871338,-0.000185051001608372,0.186699211597443
-2.3621940612793,6.6009669303894,0.00413069082424045,0.18661092966795
-2.10802674293518,6.6017632484436,0.00675723515450954,0.186540722846985
-1.85364627838135,6.60268068313599,0.00861186347901821,0.186431720852852
-1.59889268875122,6.60348844528198,0.0089767724275589,0.186364196240902
-1.34396028518677,6.6042799949646,0.00874578114598989,0.186361059546471
-1.08891367912292,6.60491609573364,0.00822574645280838,0.186444528400898
-0.833453297615051,6.60548543930054,0.0060464097186923,0.1864413022995
-0.577619433403015,6.6060094833374,0.00240067578852177,0.186385840177536
-0.322291135787964,6.60678625106812,0.00127935654018074,0.186192207038403
-0.0673440992832184,6.60753631591797,0.00211530132219195,0.186006285250187
0.187904447317123,6.60833692550659,0.00180269288830459,0.185903325676918
0.443348824977875,6.60899591445923,0.000834555132314563,0.185872279107571
0.69869989156723,6.60976314544678,0.000506781740114093,0.185789480805397
0.953453898429871,6.61072969436646,0.00307689001783729,0.185651369392872
1.20795953273773,6.61167669296265,0.00697165820747614,0.185647308826447
1.46309292316437,6.61255216598511,0.00826107710599899,0.185628920793533
1.71870946884155,6.61318063735962,0.00761481933295727,0.185511842370033
1.97443270683289,6.61373090744019,0.00671669561415911,0.185333125293255
2.23165440559387,6.61407947540283,-0.00062190426979214,0.18512874096632
-2.61319923400879,6.35108757019043,0.00358954234980047,0.185581795871258
-2.35952758789062,6.3519172668457,0.00832172110676765,0.185472637414932
-2.10513424873352,6.35269832611084,0.00993616972118616,0.185390934348106
-1.85063707828522,6.35350704193115,0.0112900016829371,0.18528825044632
-1.59579288959503,6.35423135757446,0.0112748667597771,0.185226626694202
-1.34087526798248,6.35495138168335,0.0111482739448547,0.185199685394764
-1.08558428287506,6.35550498962402,0.00954744126647711,0.185227043926716
-0.829881310462952,6.3560094833374,0.00629902631044388,0.185211397707462
-0.574045717716217,6.35653972625732,0.00268246582709253,0.18514096736908
-0.318809777498245,6.35733318328857,0.00201743002980947,0.184986628592014
-0.0636633113026619,6.35806131362915,0.00198597786948085,0.184835687279701
0.191941455006599,6.35868072509766,0.000107278559880797,0.184770606458187
0.44761461019516,6.35927438735962,-0.00185015762690455,0.184748791158199
0.70291668176651,6.35998201370239,-0.00191141292452812,0.184635207056999
0.957776725292206,6.36090612411499,0.000226253498112783,0.184512838721275
1.21225261688232,6.36184358596802,0.00429809000343084,0.184496074914932
1.46689105033875,6.36277532577515,0.0078448923304677,0.184426687657833
1.72216808795929,6.36340045928955,0.00875427573919296,0.184287272393703
1.97728621959686,6.36414003372192,0.0105822747573256,0.184145741164684
2.23412775993347,6.3645167350769,0.00496409879997373,0.183967977762222
-2.61017060279846,6.10211944580078,0.00607061898335814,0.184479363262653
-2.35651087760925,6.10289621353149,0.0108945351094007,0.184351101517677
-2.10202527046204,6.1036319732666,0.0121166380122304,0.184259846806526
-1.84751808643341,6.10434150695801,0.0134635167196393,0.184139259159565
-1.59267377853394,6.10502862930298,0.0134827950969338,0.184078626334667
-1.33763337135315,6.10571098327637,0.0128286220133305,0.184057161211967
-1.0820769071579,6.10623741149902,0.0100488839671016,0.184023462235928
-0.826254546642303,6.10669755935669,0.00629475247114897,0.183955043554306
-0.570346891880035,6.10721254348755,0.00238857185468078,0.183884084224701
-0.315110832452774,6.10793781280518,0.0017643051687628,0.183821879327297
-0.0600185096263885,6.10865259170532,0.00201719044707716,0.183735772967339
0.195544049143791,6.10921335220337,0.000369695568224415,0.183686755597591
0.451295256614685,6.1096830368042,-0.00189759931527078,0.183649055659771
0.70707243680954,6.11023139953613,-0.00405551539734006,0.183533497154713
0.96242481470108,6.11107778549194,-0.00408710306510329,0.183400146663189
1.21687984466553,6.11197471618652,0.000126748942420818,0.183315582573414
1.47102272510529,6.11295413970947,0.00593643728643656,0.183197364211082
1.72588360309601,6.11352014541626,0.00875047314912081,0.183060981333256
1.98069334030151,6.11430215835571,0.0119893634691834,0.182916380465031
2.23722958564758,6.11466312408447,0.00776524469256401,0.182763166725636
-2.6070728302002,5.85302829742432,0.00823811814188957,0.183333940804005
-2.35336446762085,5.85377407073975,0.012872033752501,0.183216571807861
-2.09869170188904,5.85437154769897,0.0132725704461336,0.183127082884312
-1.84423267841339,5.85507965087891,0.014875684864819,0.18303593993187
-1.58928048610687,5.8557300567627,0.0144361210986972,0.182974882423878
-1.33392632007599,5.85634994506836,0.0123831871896982,0.182935051620007
-1.07821047306061,5.85678386688232,0.00891777779906988,0.18286395072937
-0.822487711906433,5.85726642608643,0.00565695762634277,0.182768404483795
-0.566804111003876,5.85787105560303,0.00280643603764474,0.182689800858498
-0.311448633670807,5.85856294631958,0.00167754082940519,0.182647570967674
-0.0561585798859596,5.85918998718262,0.0010754574323073,0.182587243616581
0.199289351701736,5.85976600646973,-1.44651412483654e-05,0.182550497353077
0.454905420541763,5.86030626296997,-0.00163622642867267,0.182502433657646
0.710794389247894,5.8608136177063,-0.00425923801958561,0.1823920160532
0.966758966445923,5.86131572723389,-0.00699114706367254,0.182234309613705
1.22160029411316,5.86211109161377,-0.00446332199499011,0.182132616639137
1.47537744045258,5.8631272315979,0.00302966753952205,0.182003140449524
1.7299702167511,5.86388111114502,0.00707672350108624,0.181886285543442
1.9846009016037,5.8647027015686,0.0111530451104045,0.181740425527096
2.24064779281616,5.86514520645142,0.0091423150151968,0.18162490427494
-2.60365605354309,5.6036229133606,0.00894427672028542,0.182144723832607
-2.34974575042725,5.6043815612793,0.0126799494028091,0.182073101401329
-2.09504795074463,5.60501861572266,0.0130018386989832,0.182006098330021
-1.8404324054718,5.60576295852661,0.0139216687530279,0.18196365237236
-1.58531939983368,5.60640382766724,0.0127837350592017,0.181927539408207
-1.32988893985748,5.60691499710083,0.0104273296892643,0.181836873292923
-1.07429158687592,5.60730361938477,0.00754805887117982,0.181737296283245
-0.818845987319946,5.60783815383911,0.00559077505022287,0.181647375226021
-0.563284695148468,5.60847997665405,0.00333287357352674,0.181587010622025
-0.307578146457672,5.6089940071106,0.000653341005090624,0.18152990937233
-0.0517775751650333,5.60945510864258,-0.00221657706424594,0.1814234405756
0.203542619943619,5.61007928848267,-0.00268624816089869,0.181399896740913
0.458627879619598,5.61084127426147,-0.00187806168105453,0.181355394423008
0.714259505271912,5.61137866973877,-0.00330461375415325,0.181260347366333
0.970301449298859,5.61171722412109,-0.00634135492146015,0.181072652339935
1.22552120685577,5.61249399185181,-0.00547565659508109,0.180916778743267
1.47958147525787,5.61353778839111,0.000787011929787695,0.180806003510952
1.733966588974,5.61448049545288,0.00579487252980471,0.180733934044838
1.98865401744843,5.6153883934021,0.00965361762791872,0.180632367730141
2.24413967132568,5.61596632003784,0.0101748639717698,0.180559135973454
-2.59989619255066,5.35393047332764,0.0080744381994009,0.18097360432148
-2.34573602676392,5.35479211807251,0.0106911491602659,0.180940449237823
-2.09087753295898,5.35548305511475,0.0103115728124976,0.180874809622765
-1.83599483966827,5.35621976852417,0.0100459447130561,0.180869288742542
-1.58083236217499,5.3568959236145,0.00872536562383175,0.180841438472271
-1.32567524909973,5.35740423202515,0.00766834570094943,0.180747389793396
-1.07053565979004,5.35781764984131,0.00692472141236067,0.180666506290436
-0.815445303916931,5.35833978652954,0.00662786699831486,0.180605471134186
-0.559573948383331,5.35879564285278,0.00300236721523106,0.180550873279572
-0.303480833768845,5.35916185379028,-0.00138882105238736,0.180453829467297
-0.047402985394001,5.35954093933105,-0.00547067308798432,0.180344827473164
0.207381904125214,5.36042261123657,-0.00348541419953108,0.180305995047092
0.462169140577316,5.36128616333008,-0.00129686598666012,0.180255867540836
0.717618703842163,5.36183834075928,-0.00186745414976031,0.180127821862698
0.973415851593018,5.36221599578857,-0.0037704948335886,0.179929733276367
1.228670835495,5.36298227310181,-0.00303086685016751,0.179744578897953
1.48313844203949,5.36405467987061,0.00143763888627291,0.179674059152603
1.73770225048065,5.36496114730835,0.00568462070077658,0.179679200053215
1.99244928359985,5.36597490310669,0.00930891465395689,0.179602980613708
2.2476372718811,5.36663007736206,0.0111894849687815,0.179552741348743
-2.59589958190918,5.10419702529907,0.00611166330054402,0.17995123565197
-2.34174394607544,5.10525465011597,0.00878197513520718,0.179908320307732
-2.08701920509338,5.10601615905762,0.00905729550868273,0.179816693067551
-1.83204782009125,5.10688018798828,0.00841871649026871,0.179749749600887
-1.57694673538208,5.10755586624146,0.00742125976830721,0.179696410894394
-1.32181024551392,5.10796880722046,0.00650374544784427,0.179603740572929
-1.06676125526428,5.10838603973389,0.00621426850557327,0.179532364010811
-0.811600387096405,5.10880041122437,0.00564031861722469,0.179503902792931
-0.555229544639587,5.10908269882202,-0.000212255486985669,0.179452396929264
-0.298983842134476,5.10933876037598,-0.00524731539189816,0.179339483380318
-0.0430791638791561,5.10974311828613,-0.00849950686097145,0.179220512509346
0.211426928639412,5.11055278778076,-0.00520537979900837,0.179154552519321
0.466089427471161,5.1114501953125,-0.00241412199102342,0.179112806916237
0.72126841545105,5.11205196380615,-0.00172762933652848,0.178969524800777
0.976422429084778,5.11270809173584,-0.000714285066351295,0.178773559629917
1.23146522045135,5.11347436904907,0.00100905902218074,0.178649455308914
1.48635315895081,5.11439418792725,0.00363056058995426,0.178652204573154
1.74149870872498,5.11517810821533,0.0053141568787396,0.178656548261642
1.99618244171143,5.11616373062134,0.00926040019840002,0.178640276193619
2.25141358375549,5.11684322357178,0.0109851583838463,0.178578518331051
-2.59178447723389,4.85458993911743,0.00359526555985212,0.179027520120144
-2.33797216415405,4.85584878921509,0.00788614992052317,0.178939044475555
-2.08320307731628,4.85662221908569,0.00799607299268246,0.178800500929356
-1.82844150066376,4.85749006271362,0.00836233701556921,0.178659245371819
-1.57317090034485,4.85802793502808,0.0066307857632637,0.178544715046883
-1.31782293319702,4.85840702056885,0.00478527834638953,0.178409829735756
-1.06273651123047,4.85885858535767,0.00436433730646968,0.178330920636654
-0.80754953622818,4.85936450958252,0.00370824639685452,0.178294189274311
-0.551118969917297,4.85950994491577,-0.00236822036094964,0.178250022232533
-0.29514867067337,4.85972213745117,-0.00610736478120089,0.178162015974522
-0.0393635295331478,4.86004495620728,-0.00877420604228973,0.178054973483086
0.215211555361748,4.8607006072998,-0.00574702955782413,0.177969560027122
0.470152407884598,4.86155796051025,-0.00417285319417715,0.177876554429531
0.724960088729858,4.86235284805298,-0.00178118830081075,0.17773349583149
0.979542791843414,4.86319446563721,0.00183067820034921,0.177579462528229
1.23479664325714,4.86378383636475,0.00264662667177618,0.177503667771816
1.48997366428375,4.86445379257202,0.00401886366307735,0.177569650113583
1.74538969993591,4.86517190933228,0.00453280890360475,0.17757823318243
2.0003080368042,4.86601686477661,0.00747703993692994,0.177606128156185
2.25564885139465,4.86672258377075,0.00875206291675568,0.177516885101795
-2.58743453025818,4.60510063171387,-1.36533390104887e-05,0.178008891642094
-2.33401346206665,4.60644197463989,0.00612597819417715,0.177889347076416
-2.07937145233154,4.60722923278809,0.00686287460848689,0.17772463709116
-1.82482707500458,4.60802221298218,0.00827258452773094,0.177548579871655
-1.56928813457489,4.60846376419067,0.00535150058567524,0.177350632846355
-1.31365275382996,4.60873556137085,0.00223418604582548,0.177219614386559
-1.05862975120544,4.6092472076416,0.00214368058368564,0.177133843302727
-0.803576350212097,4.60989475250244,0.00213242974132299,0.177105955779552
-0.547742366790771,4.61026382446289,-0.00119671854190528,0.177023194730282
-0.292042672634125,4.61049604415894,-0.00367196346633136,0.176935233175755
-0.036216277629137,4.61071729660034,-0.00648853555321693,0.176842823624611
0.219175174832344,4.61110162734985,-0.00711070420220494,0.176759906113148
0.474314779043198,4.61186456680298,-0.00638979068025947,0.176698550581932
0.728792905807495,4.61283302307129,-0.00247936137020588,0.176602981984615
0.983406960964203,4.61359310150146,0.0010338342981413,0.17644377052784
1.23904752731323,4.61391115188599,0.000165916266269051,0.17635215818882
1.49427938461304,4.61442995071411,0.0013413968263194,0.176395915448666
1.74951958656311,4.61508321762085,0.00268708448857069,0.176375672221184
2.0045952796936,4.61578369140625,0.00497729750350118,0.176391489803791
2.25981211662292,4.61652803421021,0.00684442697092891,0.176316782832146
-2.58315777778625,4.35582733154297,-0.00329382182098925,0.176797784864902
-2.32986283302307,4.35708475112915,0.00347807281650603,0.176701724529266
-2.0753653049469,4.35780477523804,0.00492814090102911,0.176549054682255
-1.82098746299744,4.35848426818848,0.00715118506923318,0.176377594470978
-1.56555044651031,4.35881805419922,0.00474341819062829,0.176167443394661
-1.30968332290649,4.35903310775757,0.000605755252763629,0.176070794463158
-1.05440592765808,4.35958099365234,-0.000608957197982818,0.176008760929108
-0.799338042736053,4.36019802093506,-0.000641839753370732,0.175980009138584
-0.543955564498901,4.36062240600586,-0.00187400216236711,0.175867207348347
-0.288554221391678,4.36095809936523,-0.00295929866842926,0.175754509866238
-0.0329031050205231,4.36132621765137,-0.00495220068842173,0.175663992762566
0.222687721252441,4.36184406280518,-0.00644931243732572,0.175566397607327
0.477864116430283,4.36249923706055,-0.00585362408310175,0.175534136593342
0.732564270496368,4.36324882507324,-0.00289741274900734,0.175489693880081
0.987374067306519,4.36383724212646,-0.000218493791180663,0.175341665744781
1.2431126832962,4.36411762237549,-0.00148551352322102,0.175161138176918
1.4983423948288,4.36454772949219,-0.00025547610130161,0.175137989223003
1.75334537029266,4.36513900756836,0.00219405046664178,0.175104841589928
2.00843596458435,4.36570405960083,0.00446233432739973,0.175114654004574
2.26340413093567,4.36644172668457,0.00747483316808939,0.175122991204262
-2.57942771911621,4.10673999786377,-0.00404994329437613,0.175500087440014
-2.3259334564209,4.10783195495605,0.00184826017357409,0.175470300018787
-2.07135200500488,4.10837411880493,0.00296054687350988,0.175355032086372
-1.81695353984833,4.10892724990845,0.00513644004240632,0.175229623913765
-1.56177663803101,4.10918474197388,0.0039692772552371,0.17504657804966
-1.30623650550842,4.10949039459229,0.00136496755294502,0.174976542592049
-1.05056738853455,4.10992193222046,-0.0015996714355424,0.174949921667576
-0.795388698577881,4.11048269271851,-0.00209574005566537,0.174896374344826
-0.540278494358063,4.1108980178833,-0.00204699579626322,0.174731381237507
-0.28498113155365,4.1113429069519,-0.0026273422408849,0.1745765209198
-0.0294375289231539,4.11185836791992,-0.00410327175632119,0.174478784203529
0.226067766547203,4.11243057250977,-0.00518051069229841,0.174409754574299
0.481181055307388,4.11304616928101,-0.00426332280039787,0.174398854374886
0.736112236976624,4.1135835647583,-0.00230435142293572,0.174370229244232
0.991065919399261,4.11404800415039,-0.000230485195061192,0.174241878092289
1.24670517444611,4.11442565917969,-0.00101946748327464,0.174000091850758
1.50199937820435,4.11484909057617,-4.18211820942815e-05,0.173917554318905
1.756880402565,4.11544132232666,0.00298949214629829,0.173847533762455
2.01173710823059,4.11593675613403,0.00633895210921764,0.173868842422962
2.26664352416992,4.11655473709106,0.00966539513319731,0.17399812489748
-2.57624626159668,3.85767388343811,-0.00226561911404133,0.174244083464146
-2.32251381874084,3.85863852500916,0.00257083913311362,0.174278005957603
-2.0677707195282,3.85906887054443,0.00297988275997341,0.174203865230083
-1.81321060657501,3.85955023765564,0.00445293355733156,0.174134314060211
-1.55804431438446,3.8597400188446,0.00337678915821016,0.173957623541355
-1.30245447158813,3.86002635955811,0.000584396126214415,0.173870548605919
-1.04680359363556,3.86032724380493,-0.00225089257583022,0.173841573297977
-0.79161936044693,3.86079788208008,-0.00272923125885427,0.173794537782669
-0.53655332326889,3.86124515533447,-0.00244203233160079,0.173611983656883
-0.281226873397827,3.86170196533203,-0.00311723444610834,0.173401527106762
-0.0257217288017273,3.86216568946838,-0.00437789317220449,0.173305206000805
0.22969077527523,3.86273765563965,-0.00499743781983852,0.173272430896759
0.484819799661636,3.86333131790161,-0.00411356892436743,0.173268534243107
0.739968657493591,3.86382079124451,-0.00309671252034605,0.173249408602715
0.995106756687164,3.864333152771,-0.00181655259802938,0.173147447407246
1.25038301944733,3.8648943901062,-0.000944257073570043,0.172919310629368
1.50544679164886,3.86539149284363,0.00109840952791274,0.172716684639454
1.7602105140686,3.86595892906189,0.00468934187665582,0.172636516392231
2.01504516601562,3.86639404296875,0.0081746494397521,0.172651678323746
2.27020478248596,3.86678743362427,0.0104173561558127,0.172867208719254
-2.57329940795898,3.60845375061035,0.000613053794950247,0.173044480383396
-2.31942582130432,3.60934376716614,0.00483248708769679,0.173111587762833
-2.06435441970825,3.60962319374084,0.00376753159798682,0.173053078353405
-1.80924677848816,3.61004304885864,0.00275989272631705,0.172989383339882
-1.55372607707977,3.61017060279846,0.000100260338513181,0.172828800976276
-1.29842007160187,3.61037540435791,-0.00134241452906281,0.172714307904243
-1.04309964179993,3.61062693595886,-0.00262307096272707,0.172632686793804
-0.787966787815094,3.61109066009521,-0.00282812886871397,0.172561638057232
-0.532979547977448,3.61171174049377,-0.0021534776315093,0.172392904758453
-0.277842402458191,3.61224365234375,-0.00193524628411978,0.172215513885021
-0.0222474355250597,3.6126229763031,-0.00356434984132648,0.172171749174595
0.233458206057549,3.61302065849304,-0.00546668702736497,0.172144487500191
0.488947063684464,3.61351561546326,-0.00616540014743805,0.172117449343204
0.744280874729156,3.61400008201599,-0.00594075862318277,0.172111302614212
0.999518096446991,3.61454105377197,-0.00506524788215756,0.172025248408318
1.25439012050629,3.6152651309967,-0.00234320666640997,0.171810418367386
1.509033203125,3.61597776412964,0.00161300611216575,0.171541281044483
1.76407933235168,3.61630034446716,0.00398979615420103,0.171503983438015
2.01901078224182,3.61680912971497,0.0070767137221992,0.171491988003254
2.27457213401794,3.61698150634766,0.00758119858801365,0.171729050576687
-2.57031893730164,3.35903215408325,0.00334615632891655,0.171861089766026
-2.31628656387329,3.35987329483032,0.00686643132939935,0.171952277421951
-2.06077456474304,3.36017751693726,0.00380153674632311,0.171955235302448
-1.80548489093781,3.36039757728577,0.00200373050756752,0.17181121557951
-1.54998528957367,3.36062097549438,-0.000524667557328939,0.17165694385767
-1.29484355449677,3.36082029342651,-0.00117543258238584,0.171519532799721
-1.03963589668274,3.36102294921875,-0.00190035696141422,0.171409584581852
-0.784276247024536,3.36142015457153,-0.00310166482813656,0.171327613294125
-0.528970539569855,3.3619921207428,-0.00383725203573704,0.171221844851971
-0.273745357990265,3.36257171630859,-0.00398107757791877,0.17110637575388
-0.0182450283318758,3.36295628547668,-0.00513990549370646,0.171085521578789
0.237391278147697,3.36332964897156,-0.00668686116114259,0.170976668596268
0.493253231048584,3.36364388465881,-0.00902225263416767,0.170867808163166
0.748891472816467,3.36401772499084,-0.0101217245683074,0.170871570706367
1.0040545463562,3.36469125747681,-0.00887403078377247,0.170822478830814
1.25846672058105,3.36555910110474,-0.00405007833614945,0.170674510300159
1.51318097114563,3.36622381210327,-0.000370252557331696,0.170479394495487
1.76840877532959,3.36654138565063,0.00123501208145171,0.170416332781315
2.02363610267639,3.36699080467224,0.00304686254821718,0.170392900705338
2.27934527397156,3.3671190738678,0.00293965777382255,0.170592792332172
-2.56732058525085,3.10943722724915,0.00600765878334641,0.170687772333622
-2.31270432472229,3.1101541519165,0.00686670327559114,0.170834966003895
-2.05692529678345,3.11038160324097,0.00261207041330636,0.17081019282341
-1.80158126354218,3.11070036888123,0.000598826038185507,0.170678779482841
-1.54661822319031,3.1110954284668,0.000566288770642132,0.170517206192017
-1.29188704490662,3.11148762702942,0.0018225684762001,0.170357145369053
-1.03654336929321,3.11165428161621,0.00050818407908082,0.170270457863808
-0.780447065830231,3.11185240745544,-0.00401273695752025,0.170188136398792
-0.524534642696381,3.11212778091431,-0.00745798787102103,0.170124806463718
-0.269216358661652,3.11259007453918,-0.00797435734421015,0.170047886669636
-0.0141088888049126,3.11306977272034,-0.00731059117242694,0.170015387237072
0.241242200136185,3.11354875564575,-0.00753034604713321,0.169834479689598
0.497140347957611,3.11386251449585,-0.00999070703983307,0.169625885784626
0.752988219261169,3.11416006088257,-0.0119923111051321,0.169574081897736
1.00815224647522,3.11474847793579,-0.0107038477435708,0.169574938714504
1.26273846626282,3.1154797077179,-0.00661423988640308,0.169487074017525
1.51754176616669,3.1161367893219,-0.00329107069410384,0.169357724487782
1.77254295349121,3.11665368080139,-0.000639948237221688,0.169264979660511
2.02774143218994,3.11706137657166,0.00134275469463319,0.169237516820431
2.28315734863281,3.1173300743103,0.00257517257705331,0.169382199645042
-2.30834221839905,2.86023712158203,0.00327334390021861,0.169820480048656
-2.05289840698242,2.86053824424744,0.000606189481914043,0.169736064970493
-1.79792106151581,2.86097097396851,0.000316242425469682,0.169575467705727
-1.54320561885834,2.86155557632446,0.00144928810186684,0.16940601170063
-1.28856158256531,2.86211252212524,0.00313181150704622,0.169239856302738
-1.0331619977951,2.86233520507812,0.0015938114374876,0.169126994907856
-0.776859939098358,2.86238622665405,-0.00382423982955515,0.169018477201462
-0.520647883415222,2.862548828125,-0.00859155785292387,0.168977372348309
-0.265431672334671,2.86291098594666,-0.00859936140477657,0.168941251933575
-0.0104714427143335,2.86335182189941,-0.00722747249528766,0.16893009096384
0.244755163788795,2.8638002872467,-0.00684539694339037,0.168790943920612
0.500408887863159,2.86418581008911,-0.00816987175494432,0.168546251952648
0.756022393703461,2.8645875453949,-0.00908732321113348,0.168377093970776
1.01147985458374,2.86501216888428,-0.00907962955534458,0.168301284313202
1.26654636859894,2.86551642417908,-0.00710138399153948,0.168257661163807
1.52130115032196,2.86613178253174,-0.00352101097814739,0.168175585567951
1.77577519416809,2.86676383018494,0.00151769130025059,0.168086543679237
2.03058362007141,2.86725616455078,0.00526931369677186,0.168025396764278
2.28565716743469,2.86765217781067,0.00804797280579805,0.168114498257637
-2.30387902259827,2.61037373542786,-0.000789379409980029,0.168763130903244
-2.04880404472351,2.61079454421997,-0.0017156177200377,0.168627053499222
-1.79398095607758,2.61127281188965,-0.00125552318058908,0.168449357151985
-1.53938353061676,2.61189985275269,0.000457877584267408,0.168318718671799
-1.28466868400574,2.61246085166931,0.00185521738603711,0.168153345584869
-1.02918422222137,2.61266469955444,-3.02109674521489e-05,0.168001659214497
-0.773198127746582,2.61273455619812,-0.0039664451032877,0.167851194739342
-0.517456591129303,2.61302757263184,-0.00656002480536699,0.16779313236475
-0.262512654066086,2.61336994171143,-0.00529637606814504,0.16778688877821
-0.00754807703197002,2.61369061470032,-0.00390767864882946,0.167828053236008
0.247933492064476,2.6139976978302,-0.00464249309152365,0.167770452797413
0.503560543060303,2.61442065238953,-0.00581596046686172,0.167549349367619
0.759144723415375,2.61489963531494,-0.00657351175323129,0.167324557900429
1.01449012756348,2.61535739898682,-0.00603255955502391,0.167162045836449
1.26976025104523,2.61573958396912,-0.00493144989013672,0.167109243571758
1.52431380748749,2.6163227558136,-0.000415352580603212,0.167025990784168
1.77853119373322,2.61700224876404,0.00579866813495755,0.16694363951683
2.03303241729736,2.61759662628174,0.0109430113807321,0.166869327425957
2.28810143470764,2.61802792549133,0.0137649113312364,0.166901312768459
-2.299560546875,2.36067128181458,-0.00418988289311528,0.167597129940987
-2.04460549354553,2.36114096641541,-0.00452172849327326,0.167399533092976
-1.78995966911316,2.36168813705444,-0.00320574827492237,0.167235381901264
-1.53527569770813,2.3622670173645,-0.00184617971535772,0.167121328413486
-1.28042185306549,2.36264252662659,-0.00103494140785187,0.167026169598103
-1.02512395381927,2.3627758026123,-0.00201991479843855,0.166856534779072
-0.769739508628845,2.36303496360779,-0.00317825027741492,0.166662730276585
-0.51441103219986,2.36346960067749,-0.00386238610371947,0.166609823703766
-0.259323567152023,2.36396527290344,-0.00322789791971445,0.166643977165222
-0.00391876325011253,2.36415791511536,-0.00379704288206995,0.166718192398548
0.251748532056808,2.36425542831421,-0.00532494392246008,0.166732251644135
0.507399260997772,2.36450481414795,-0.00655821431428194,0.16657742857933
0.763116478919983,2.36491537094116,-0.00787381362169981,0.166338376700878
1.01840925216675,2.36543536186218,-0.00705976039171219,0.166145145893097
1.27331221103668,2.36580109596252,-0.0042708171531558,0.166075304150581
1.52758824825287,2.36645102500916,0.00152027071453631,0.165968239307404
1.78201365470886,2.36718559265137,0.00683354958891869,0.165857180953026
2.03627157211304,2.36791729927063,0.0130914142355323,0.165743738412857
2.29150438308716,2.36838006973267,0.0152128422632813,0.16570882499218
-2.29568791389465,2.11116695404053,-0.005539839155972,0.166274935007095
-2.04076075553894,2.11162495613098,-0.00570252537727356,0.166014589369297
-1.78603231906891,2.11207962036133,-0.00472217332571745,0.165942475199699
-1.53106737136841,2.1124587059021,-0.00460241781547666,0.165795519948006
-1.27598774433136,2.11263346672058,-0.00477246660739183,0.165738373994827
-1.02090203762054,2.1128351688385,-0.00474559981375933,0.165680900216103
-0.765909910202026,2.11314558982849,-0.00407286360859871,0.165608093142509
-0.510808646678925,2.11360359191895,-0.00368459965102375,0.165614776313305
-0.255629479885101,2.11414456367493,-0.00343299866653979,0.165627129375935
-8.5833620687481e-05,2.11448740959167,-0.00460275169461966,0.16560473293066
0.255581855773926,2.11465954780579,-0.00609795330092311,0.16553658246994
0.511435985565186,2.11467862129211,-0.0081997187808156,0.165407381951809
0.767555773258209,2.11467170715332,-0.0112679759040475,0.16516849398613
1.02301847934723,2.11495041847229,-0.0111620975658298,0.165016762912273
1.27761495113373,2.11551380157471,-0.00696253217756748,0.164934054017067
1.53160417079926,2.11638736724854,0.000143877856316976,0.164821669459343
1.78587353229523,2.11731553077698,0.00618332205340266,0.164739184081554
2.04013323783875,2.11804866790771,0.0124701075255871,0.164628721773624
2.29535412788391,2.11856031417847,0.0146798053756356,0.164527550339699
-2.29253816604614,1.86183154582977,-0.00355686759576201,0.164939284324646
-2.0377631187439,1.86229050159454,-0.00298497639596462,0.16464601457119
-1.78290808200836,1.86266446113586,-0.00255136704072356,0.164591878652573
-1.52779603004456,1.86296224594116,-0.00307063036598265,0.164427079260349
-1.27251470088959,1.86306762695312,-0.00412728544324636,0.164450779557228
-1.01723062992096,1.86324071884155,-0.0049708322621882,0.164534002542496
-0.762177467346191,1.86348724365234,-0.00453601451590657,0.164584182202816
-0.507187902927399,1.8638299703598,-0.00359472073614597,0.164577975869179
-0.252152502536774,1.86431121826172,-0.00264995871111751,0.16448137909174
0.00323270098306239,1.86478567123413,-0.00307295331731439,0.164365492761135
0.258969068527222,1.86502051353455,-0.0048490958288312,0.164259292185307
0.514952898025513,1.86496484279633,-0.00749853439629078,0.164177350699902
0.771245896816254,1.86472105979919,-0.0112996688112617,0.163986727595329
1.02674460411072,1.86481285095215,-0.0113092567771673,0.16385068744421
1.28126895427704,1.86543023586273,-0.00675215199589729,0.163807570934296
1.53528308868408,1.86641693115234,0.000271980679826811,0.163752183318138
1.78951823711395,1.86731505393982,0.0065022362396121,0.163685314357281
2.04386782646179,1.86806535720825,0.0124230897054076,0.163584731519222
2.29891467094421,1.86856257915497,0.0154449641704559,0.163434110581875
-2.28976583480835,1.61259126663208,0.000166598969371989,0.163805790245533
-2.0352668762207,1.6130542755127,0.00204079831019044,0.163547269999981
-1.77995479106903,1.6132390499115,0.0004069029528182,0.163532264530659
-1.52483320236206,1.61353707313538,-0.000124894504551776,0.163390204310417
-1.26931595802307,1.61365163326263,-0.00223272223956883,0.163440100848675
-1.01372063159943,1.61371076107025,-0.00446108914911747,0.163510993123055
-0.758423566818237,1.6138710975647,-0.00509913312271237,0.163528256118298
-0.503592550754547,1.61407124996185,-0.00338976853527129,0.163414053618908
-0.248964503407478,1.61450445652008,-0.000554136873688549,0.163226269185543
0.00626086816191673,1.61495900154114,-0.000218732238863595,0.163083009421825
0.262086451053619,1.61521482467651,-0.00236917100846767,0.162971556186676
0.517880022525787,1.61519026756287,-0.00412914389744401,0.162946626543999
0.773934304714203,1.61508238315582,-0.0068318503908813,0.162807360291481
1.02961421012878,1.61517524719238,-0.00762946298345923,0.162713006138802
1.28457391262054,1.61563277244568,-0.00498985685408115,0.162725001573563
1.53909730911255,1.61645603179932,-0.000206319440621883,0.162735246121883
1.79345595836639,1.6172034740448,0.00551690300926566,0.162684082984924
2.04786372184753,1.61788845062256,0.0112190926447511,0.162577904760838
2.30268335342407,1.61833345890045,0.0152945080772042,0.162396252155304
-2.28661489486694,1.36325752735138,0.0021452100481838,0.162907004356384
-2.03222370147705,1.36363160610199,0.00455501163378358,0.16272946447134
-1.77673673629761,1.3637375831604,0.00215189624577761,0.162629276514053
-1.52182984352112,1.36405801773071,0.00263821147382259,0.162484668195248
-1.26615595817566,1.36415219306946,-0.000155883972183801,0.162438243627548
-1.01018702983856,1.3641619682312,-0.00405780831351876,0.162457756698132
-0.754613757133484,1.36416244506836,-0.00591231090947986,0.162359111011028
-0.499908626079559,1.36423826217651,-0.00358400796540082,0.162185169756413
-0.245581492781639,1.36467301845551,0.000656727701425552,0.161999970674515
0.00951669923961163,1.3650621175766,0.00160681933630258,0.161873742938042
0.265245646238327,1.36527371406555,-7.09737796569243e-05,0.161765068769455
0.520899593830109,1.36531662940979,-0.00117190985474735,0.161765418946743
0.77649199962616,1.36550879478455,-0.00177809130400419,0.161732763051987
1.03246200084686,1.36568593978882,-0.00385992648079991,0.161708176136017
1.28822898864746,1.36594998836517,-0.00480599934235215,0.161719650030136
1.54338753223419,1.3664448261261,-0.00281528336927295,0.161650538444519
1.79802322387695,1.36700022220612,0.00172089959960431,0.161543443799019
2.05250453948975,1.36756193637848,0.00714539457112551,0.161391481757164
2.3070182800293,1.368035197258,0.0126261729747057,0.16119496524334
-2.28294992446899,1.11376750469208,0.00175632617902011,0.161960855126381
-2.02834510803223,1.11391162872314,0.00323198223486543,0.161865457892418
-1.77296483516693,1.11397349834442,0.00136172643397003,0.161772780120373
-1.51776969432831,1.11417698860168,0.000568724994082004,0.161671973764896
-1.26196885108948,1.1142874956131,-0.00276648788712919,0.161549724638462
-1.00599431991577,1.11429071426392,-0.00665160501375794,0.161402747035027
-0.750613391399384,1.11428475379944,-0.00758559163659811,0.161185815930367
-0.496279120445251,1.11447632312775,-0.00353390048258007,0.16103096306324
-0.242213517427444,1.11501491069794,0.00192663201596588,0.160926811397076
0.0127649791538715,1.11533403396606,0.00345756462775171,0.160852260887623
0.26848903298378,1.11542117595673,0.00184150971472263,0.160741582512856
0.524256646633148,1.11545348167419,0.00025987732806243,0.160705775022507
0.779837429523468,1.11575245857239,-0.000266513379756361,0.160689376294613
1.03600800037384,1.11595964431763,-0.00321888807229698,0.160675317049026
1.29229402542114,1.11604726314545,-0.00645134458318353,0.16059660166502
1.54771149158478,1.11630475521088,-0.0055684382095933,0.160426110029221
1.80227112770081,1.11680471897125,-0.000647228036541492,0.160287529230118
2.05678153038025,1.11734330654144,0.00468936283141375,0.160079397261143
2.31094217300415,1.11790120601654,0.0117788026109338,0.159887976944447
-2.27929592132568,0.864210247993469,0.00142324203625321,0.160764679312706
-2.02437019348145,0.864110231399536,0.00146931840572506,0.16070843487978
-1.76898980140686,0.864134132862091,-0.000358489691279829,0.160584948956966
-1.51324439048767,0.864060938358307,-0.0036234725266695,0.160556048154831
-1.25726914405823,0.864124119281769,-0.00771042518317699,0.160490103065968
-1.00153791904449,0.864299595355988,-0.0104451598599553,0.160336330533028
-0.746655702590942,0.864503800868988,-0.00906913913786411,0.160099349915981
-0.492478609085083,0.86481386423111,-0.00426808651536703,0.159984290599823
-0.238503605127335,0.865353465080261,0.00164224929176271,0.159911692142487
0.0163373555988073,0.865643858909607,0.0038358187302947,0.159873150289059
0.27196130156517,0.865669786930084,0.00271207583136857,0.15976919233799
0.527862250804901,0.865668952465057,0.000564482004847378,0.159660302102566
0.783584237098694,0.86595219373703,-0.000562138156965375,0.159641467034817
1.03964507579803,0.866206288337708,-0.00298672704957426,0.159638479351997
1.29583239555359,0.866294622421265,-0.00574051076546311,0.159575663506985
1.55119919776917,0.866431415081024,-0.00458908639848232,0.159326411783695
1.80553030967712,0.866936087608337,0.0013880105689168,0.159101724624634
2.05997204780579,0.867355704307556,0.00706946896389127,0.158942639827728
2.31397438049316,0.867922425270081,0.014894699677825,0.158802680671215
-2.2758002281189,0.614700675010681,0.00181937275920063,0.159543842077255
-2.02083921432495,0.61453104019165,0.00174308032728732,0.159474849700928
-1.76559591293335,0.614483296871185,0.00058681913651526,0.159406937658787
-1.5097279548645,0.61431473493576,-0.0032010548748076,0.15938014537096
-1.25350189208984,0.614280104637146,-0.00839689373970032,0.159364245831966
-0.997921526432037,0.614568293094635,-0.0104095786809921,0.159261487424374
-0.74314284324646,0.614856779575348,-0.00852903258055449,0.159091793000698
-0.488278567790985,0.614986896514893,-0.0068134218454361,0.158981382846832
-0.233559906482697,0.61526346206665,-0.00422761961817741,0.158867754042149
0.0214121788740158,0.615542352199554,-0.00257981522008777,0.158771708607674
0.276554465293884,0.615694999694824,-0.0014800849603489,0.158665254712105
0.5318323969841,0.615813314914703,-0.00077414617408067,0.158606432378292
0.787735998630524,0.615997314453125,-0.0026755197905004,0.158608622848988
1.04388284683228,0.616199553012848,-0.00544377509504557,0.158567167818546
1.29963099956512,0.616388976573944,-0.00619026366621256,0.15851079672575
1.5544695854187,0.616565406322479,-0.00263668783009052,0.158308804035187
1.80881440639496,0.616935729980469,0.00331888603977859,0.158142805099487
2.0631091594696,0.617422938346863,0.00968438573181629,0.157997772097588
2.31730651855469,0.617873072624207,0.0166785884648561,0.157943487167358
-2.27189040184021,0.365111470222473,0.00030614688876085,0.158501468598843
-2.01726603507996,0.365092068910599,0.00181377562694252,0.15839684009552
-1.76204609870911,0.36496964097023,0.000806821044534445,0.158372610807419
-1.50656282901764,0.364870011806488,-0.00118104182183743,0.158297263085842
-1.25042498111725,0.364687442779541,-0.00593141140416265,0.15821760892868
-0.994747757911682,0.364882290363312,-0.0083509273827076,0.15810814499855
-0.739862084388733,0.365247070789337,-0.0069309757091105,0.158013686537743
-0.484592318534851,0.365275859832764,-0.00702408980578184,0.157938815653324
-0.22872157394886,0.365230619907379,-0.00962154660373926,0.157772816717625
0.0267826393246651,0.365214049816132,-0.0103238737210631,0.157578557729721
0.281111687421799,0.365601986646652,-0.00550274830311537,0.157500028610229
0.535768568515778,0.365883141756058,-0.001955212559551,0.157523050904274
0.791697323322296,0.365984737873077,-0.00392677029594779,0.157549403607845
1.04797267913818,0.366030961275101,-0.00722619937732816,0.157452814280987
1.30351281166077,0.366198927164078,-0.00699692452326417,0.157329201698303
1.55828487873077,0.366525948047638,-0.00311603350564837,0.157137148082256
1.81303799152374,0.36686173081398,0.00105194747447968,0.157005496323109
2.06751418113708,0.367194563150406,0.00665766187012196,0.156899400055408
2.3220956325531,0.367498964071274,0.0119896344840527,0.156906396150589
-2.26760482788086,0.115273162722588,-0.00292964605614543,0.157504603266716
-2.01338171958923,0.115500941872597,0.000459942384622991,0.157393768429756
-1.75839591026306,0.115367256104946,0.000569991883821785,0.157329328358173
-1.50344443321228,0.1153195053339,0.00105951738078147,0.157221630215645
-1.24763715267181,0.115107282996178,-0.00214108685031533,0.157071270048618
-0.991775035858154,0.115203723311424,-0.00537247955799103,0.15693648904562
-0.736603617668152,0.115614600479603,-0.0052299159578979,0.156862840056419
-0.481188356876373,0.115606434643269,-0.0059506599791348,0.156827360391617
-0.224731504917145,0.115226045250893,-0.0111598493531346,0.156666122376919
0.0310754701495171,0.114911079406738,-0.0131792556494474,0.156483396887779
0.285213083028793,0.11552769690752,-0.00746243679895997,0.156409204006195
0.539601862430573,0.11591038107872,-0.00266895303502679,0.156390175223351
0.795566141605377,0.115936011075974,-0.00475871376693249,0.156365722417831
1.05201721191406,0.115777015686035,-0.00879956688731909,0.156267717480659
1.30757141113281,0.11594146490097,-0.00859430525451899,0.156082853674889
1.56269681453705,0.116286680102348,-0.00625910749658942,0.155842296779156
1.81773555278778,0.116531021893024,-0.00332116452045739,0.155668199062347
2.07271504402161,0.116775117814541,8.76030899235047e-05,0.155506886541843
2.32757544517517,0.117006197571754,0.00423096725717187,0.155515380203724
-2.26384997367859,-0.134764835238457,-0.00369905587285757,0.156333565711975
-2.00975394248962,-0.134368970990181,0.000304810731904581,0.156273573637009
-1.75485694408417,-0.134436011314392,0.000858136103488505,0.15620382130146
-1.50018000602722,-0.134420067071915,0.00264140777289867,0.156111679971218
-1.24464154243469,-0.134599268436432,0.00070404150756076,0.155958712100983
-0.988668024539948,-0.134579345583916,-0.00300164287909865,0.155831165611744
-0.733044981956482,-0.134225323796272,-0.00488668726757169,0.155760481953621
-0.477714955806732,-0.134156048297882,-0.00518817128613591,0.15569268912077
-0.221666023135185,-0.134535640478134,-0.00850771833211184,0.155547186732292
0.0344033986330032,-0.135025769472122,-0.0116770388558507,0.155421949923038
0.289165496826172,-0.13458189368248,-0.00874517485499382,0.155337564647198
0.54397189617157,-0.134224727749825,-0.00579872168600559,0.155244462192059
0.799525737762451,-0.134120255708694,-0.00599967641755939,0.155117213726044
1.05589604377747,-0.134329795837402,-0.00963528919965029,0.155046902596951
1.31151449680328,-0.134206160902977,-0.00967879686504602,0.154817759990692
1.56681311130524,-0.133921012282372,-0.00807840283960104,0.154525965452194
1.82183504104614,-0.133635461330414,-0.0050285691395402,0.154273696243763
2.07721996307373,-0.133451342582703,-0.00338636594824493,0.154081612825394
2.33225297927856,-0.133246704936028,3.21199077006895e-05,0.154074013233185
-2.26078605651855,-0.384784072637558,-0.00127316638827324,0.155137404799461
-2.00646829605103,-0.384385794401169,0.00173867959529161,0.155147850513458
-1.75155782699585,-0.384328782558441,0.00225608586333692,0.155079714953899
-1.49686789512634,-0.384258896112442,0.00400994066148996,0.155025199055672
-1.24144220352173,-0.384400874376297,0.00262182601727545,0.154904946684837
-0.985474169254303,-0.384357541799545,-0.00102831877302378,0.154745295643806
-0.729529678821564,-0.384115964174271,-0.00434250384569168,0.154590457677841
-0.473986506462097,-0.384101033210754,-0.00557695142924786,0.154457628726959
-0.218300461769104,-0.384424895048141,-0.00721248053014278,0.154353052377701
0.0376414023339748,-0.384698539972305,-0.00978203862905502,0.154280163347721
0.292966991662979,-0.384504735469818,-0.00935518741607666,0.154213465750217
0.548085033893585,-0.384180843830109,-0.0077782990410924,0.154082618653774
0.803406417369843,-0.38413679599762,-0.00688706338405609,0.153903730213642
1.05942916870117,-0.384231597185135,-0.00892749428749084,0.153790891170502
1.31487119197845,-0.384069889783859,-0.0081463661044836,0.153542295098305
1.57005262374878,-0.383826434612274,-0.00598582997918129,0.153270415961742
1.82508814334869,-0.383563816547394,-0.00296421721577644,0.153085567057133
2.08053278923035,-0.38343134522438,-0.00155476713553071,0.152860969305038
2.33587455749512,-0.383329898118973,0.000526326359249651,0.152862429618835
-2.25782084465027,-0.634543061256409,0.00159466301556677,0.154074884951115
-2.00303483009338,-0.6343013048172,0.00248589436523616,0.154114879667759
-1.74780797958374,-0.634318768978119,0.00158521207049489,0.154027216136456
-1.49275159835815,-0.634279489517212,0.00169505120720714,0.153969407081604
-1.2372921705246,-0.634305119514465,0.000186441073310561,0.153857752680779
-0.981648445129395,-0.634214639663696,-0.00194115331396461,0.153697773814201
-0.725763142108917,-0.63415801525116,-0.00493639428168535,0.153510354459286
-0.470073252916336,-0.63422018289566,-0.00679730670526624,0.153269857168198
-0.21442611515522,-0.634431481361389,-0.00822372082620859,0.153126694262028
0.0411462597548962,-0.634490787982941,-0.00909098889678717,0.153022639453411
0.296502470970154,-0.634392142295837,-0.00876270048320293,0.152959115803242
0.551769375801086,-0.634223937988281,-0.00781474076211452,0.152853168547153
0.807144701480865,-0.634192943572998,-0.00713014928624034,0.152716860175133
1.06273400783539,-0.634131669998169,-0.00719280354678631,0.152569405734539
1.31784904003143,-0.633901715278625,-0.00491500226780772,0.152353771030903
1.57286906242371,-0.633679389953613,-0.00200082641094923,0.152116246521473
1.82822465896606,-0.633603274822235,-0.000372002163203433,0.151959426701069
2.08331680297852,-0.633380949497223,0.00263617653399706,0.151776567101479
2.3391056060791,-0.633434116840363,0.00276136235333979,0.151778928935528
-2.2544846534729,-0.884091317653656,0.00273506133817136,0.15303910523653
-1.99923825263977,-0.884062886238098,0.00154796859715134,0.153042085468769
-1.74397552013397,-0.884053945541382,0.000519198772963136,0.152899034321308
-1.4884033203125,-0.884211897850037,-0.00169054989237338,0.152780130505562
-1.23263907432556,-0.884406387805939,-0.00454363040626049,0.152656473219395
-0.976960062980652,-0.884459137916565,-0.00677802739664912,0.152517139911652
-0.72104412317276,-0.884527206420898,-0.00985944550484419,0.152384914457798
-0.46537446975708,-0.884563744068146,-0.0115833971649408,0.152165703475475
-0.210078820586205,-0.884581923484802,-0.0113768987357616,0.1519605666399
0.0449376031756401,-0.88451224565506,-0.00968634989112616,0.151802234351635
0.300009697675705,-0.884391844272614,-0.0080356290563941,0.151723630726337
0.555476307868958,-0.884320199489594,-0.00794995203614235,0.151629686355591
0.810953378677368,-0.884203910827637,-0.00769330421462655,0.151497319340706
1.06627202033997,-0.884090900421143,-0.0065042176283896,0.151340171694756
1.32113361358643,-0.883951485157013,-0.00304788444191217,0.151166468858719
1.57602334022522,-0.883745610713959,0.000483019306557253,0.150966882705688
1.83153986930847,-0.883740663528442,0.00142660469282418,0.150810860097408
2.08658742904663,-0.883526802062988,0.00466539664193988,0.150668852031231
2.34264183044434,-0.883678019046783,0.00364535069093108,0.150633431971073
-2.25120306015015,-1.1335391998291,0.00412174733355641,0.151927709579468
-1.99574184417725,-1.13364219665527,0.00198524026200175,0.151857852935791
-1.74037981033325,-1.13377165794373,0.00054344447562471,0.151702292263508
-1.4844833612442,-1.13399839401245,-0.00311640789732337,0.151539400219917
-1.22840893268585,-1.13436770439148,-0.00734254345297813,0.151375092566013
-0.972307145595551,-1.1347564458847,-0.0114490408450365,0.15130827575922
-0.716166198253632,-1.13498342037201,-0.0155025944113731,0.151199750602245
-0.460816413164139,-1.13485991954803,-0.015730757266283,0.151029154658318
-0.205872371792793,-1.13477373123169,-0.0138869127258658,0.15079003572464
0.0490206964313984,-1.13472604751587,-0.011594039388001,0.150586873292923
0.304278522729874,-1.13471007347107,-0.0107383644208312,0.150478899478912
0.559584200382233,-1.13450908660889,-0.00989188067615032,0.150387562811375
0.814752757549286,-1.13420367240906,-0.00821556523442268,0.150247447192669
1.06996464729309,-1.13411200046539,-0.00650783302262425,0.150105334818363
1.32505536079407,-1.1340970993042,-0.00403757859021425,0.149980261921883
1.58007228374481,-1.13397014141083,-0.0010347735369578,0.149822063744068
1.83556175231934,-1.1339316368103,6.63386526866816e-05,0.149658732116222
2.09078645706177,-1.13383364677429,0.00255952519364655,0.149512737989426
2.34673762321472,-1.13397264480591,0.00203880155459046,0.149425528943539
-2.24804949760437,-1.38305604457855,0.00610599620267749,0.15072987228632
-1.99259769916534,-1.38318657875061,0.00404714653268456,0.15060893446207
-1.73692965507507,-1.38349413871765,0.00123825774062425,0.15046089142561
-1.48117017745972,-1.38371193408966,-0.00175774819217622,0.150313265621662
-1.22510886192322,-1.38407349586487,-0.00589101947844028,0.150144055485725
-0.968627214431763,-1.38463962078094,-0.0116922315210104,0.150010526180267
-0.712137937545776,-1.38511598110199,-0.0172847714275122,0.149938151240349
-0.456689983606339,-1.38516211509705,-0.0179103594273329,0.149835914373398
-0.201869621872902,-1.38509023189545,-0.0154626360163093,0.149640023708344
0.0531958043575287,-1.38505578041077,-0.0139120444655418,0.14940283447504
0.308636546134949,-1.3850314617157,-0.0138447461649776,0.149240262806416
0.563827753067017,-1.38471508026123,-0.0124457525089383,0.149144612252712
0.818607568740845,-1.38433313369751,-0.00897983182221651,0.149039842188358
1.07362413406372,-1.3842431306839,-0.00635567912831903,0.148911543190479
1.32912230491638,-1.38425660133362,-0.00567930191755295,0.148762822151184
1.58448874950409,-1.3842169046402,-0.00419850880280137,0.148621998727322
1.83993136882782,-1.38413882255554,-0.00284860120154917,0.148471981287003
2.09550666809082,-1.38416147232056,-0.0018712900346145,0.148337252438068
2.35120964050293,-1.38427495956421,-0.00124413403682411,0.148224093019962
-2.24467015266418,-1.63274383544922,0.00705722440034151,0.149496458470821
-1.98921155929565,-1.63286864757538,0.00500018196180463,0.14935577660799
-1.73354196548462,-1.63323378562927,0.00222219503484666,0.149236880242825
-1.47780978679657,-1.63348400592804,-0.000612233765423298,0.149115696549416
-1.2219398021698,-1.63387882709503,-0.00383184570819139,0.148969434201717
-0.965687036514282,-1.63438332080841,-0.00855768378823996,0.148794531822205
-0.709232687950134,-1.63480293750763,-0.0139649650081992,0.148678958415985
-0.45355898141861,-1.63495719432831,-0.0155837684869766,0.148614980280399
-0.198598802089691,-1.63501083850861,-0.0137333646416664,0.148457638919353
0.0566307194530964,-1.63503563404083,-0.0128917507827282,0.148170873522758
0.312258064746857,-1.63497292995453,-0.0136383976787329,0.14795283973217
0.567544758319855,-1.63486015796661,-0.012623724527657,0.147868238389492
0.822154581546783,-1.63459300994873,-0.00834799371659756,0.147815205156803
1.07703673839569,-1.63450133800507,-0.00508454628288746,0.147695302963257
1.33269226551056,-1.6344165802002,-0.00508829858154058,0.147547237575054
1.5884565114975,-1.63439559936523,-0.00535570830106735,0.147422850131989
1.84418499469757,-1.63437736034393,-0.00524304015561938,0.14727908372879
2.09983468055725,-1.63439583778381,-0.00455864565446973,0.147144787013531
2.35538005828857,-1.63453757762909,-0.00318620400503278,0.147038087248802
-2.24090051651001,-1.88267731666565,0.00621875934302807,0.148304134607315
-1.98540008068085,-1.88278913497925,0.00400628568604589,0.148151524364948
-1.72983574867249,-1.88308596611023,0.00174675171729177,0.148009233176708
-1.47411668300629,-1.88341569900513,-0.000985164777375758,0.147896088659763
-1.21845948696136,-1.88385009765625,-0.00319006945937872,0.147739045321941
-0.962456285953522,-1.88425374031067,-0.00674501899629831,0.147573411464691
-0.705965340137482,-1.88464665412903,-0.0122890369966626,0.147455781698227
-0.450157821178436,-1.88480019569397,-0.0144855519756675,0.147432468831539
-0.195470348000526,-1.88477766513824,-0.0113659342750907,0.147327393293381
0.0592218115925789,-1.88459241390228,-0.00806758180260658,0.147053644061089
0.314932763576508,-1.88466930389404,-0.00915886927396059,0.146734684705734
0.570609271526337,-1.8848659992218,-0.00986052397638559,0.146617516875267
0.825714468955994,-1.88490843772888,-0.00777065474539995,0.14660057425499
1.08063852787018,-1.88479506969452,-0.00466281920671463,0.146499149501324
1.336057305336,-1.88463616371155,-0.00357303232885897,0.146360822021961
1.59184050559998,-1.8845282793045,-0.00389878847636282,0.146210730075836
1.84770095348358,-1.88455271720886,-0.00434198882430792,0.146092116832733
2.10338568687439,-1.88455545902252,-0.00378166628070176,0.145949363708496
2.35892915725708,-1.88474178314209,-0.00236492371186614,0.145874559879303
-2.2368369102478,-2.13283324241638,0.00403648754581809,0.147209532558918
-1.98142635822296,-2.13290238380432,0.00227613304741681,0.147036135196686
-1.72595906257629,-2.13312339782715,0.000498394365422428,0.146875724196434
-1.47057020664215,-2.13337922096252,-0.000681806588545442,0.146712154150009
-1.21514523029327,-2.13372874259949,-0.00179128535091877,0.146515943109989
-0.959312915802002,-2.13403701782227,-0.00453742500394583,0.146340571343899
-0.702886641025543,-2.13435816764832,-0.00975948758423328,0.146212346851826
-0.44698441028595,-2.13454389572144,-0.0123551078140736,0.146206945180893
-0.19232003390789,-2.13448023796082,-0.00910185091197491,0.146128781139851
0.0620180629193783,-2.13418555259705,-0.00417243549600244,0.145923711359501
0.317551076412201,-2.13429355621338,-0.00442829728126526,0.145619928836823
0.573588848114014,-2.13467407226562,-0.00672587985172868,0.145456612110138
0.829405844211578,-2.13503313064575,-0.00779825448989868,0.145444966852665
1.08463394641876,-2.13506412506104,-0.00601474335417151,0.145373575389385
1.33979845046997,-2.13495588302612,-0.00374165247194469,0.145204454660416
1.59536504745483,-2.13478112220764,-0.0030646538361907,0.145018428564072
1.85107159614563,-2.13473892211914,-0.00279008829966187,0.144911594688892
2.10657715797424,-2.13465118408203,-0.00140367716085166,0.144772343337536
2.36222457885742,-2.13482284545898,-0.000420545402448624,0.144736513495445
-2.23257064819336,-2.38299798965454,0.000917110068257898,0.146131835877895
-1.97735857963562,-2.38302087783813,0.000112643494503573,0.145943716168404
-1.72199296951294,-2.38318729400635,-0.00115935585927218,0.145770311355591
-1.46690762042999,-2.38338017463684,-0.000909250462427735,0.145571142435074
-1.21161150932312,-2.38359832763672,-0.00139974581543356,0.145363345742226
-0.955994784832001,-2.38385319709778,-0.00312743149697781,0.145179763436317
-0.700011968612671,-2.38405275344849,-0.00629889592528343,0.145040720701218
-0.444169670343399,-2.38432788848877,-0.00858738645911217,0.144985117018223
-0.1892309486866,-2.38426780700684,-0.00655400846153498,0.144868515431881
0.065520778298378,-2.38412094116211,-0.00346258049830794,0.144730940461159
0.320877730846405,-2.38413119316101,-0.00289313867688179,0.144501134753227
0.577227592468262,-2.38464879989624,-0.00656062597408891,0.144305996596813
0.833560049533844,-2.38510298728943,-0.00991714932024479,0.144270949065685
1.08901798725128,-2.38535380363464,-0.00911481119692326,0.144200578331947
1.34391713142395,-2.38528537750244,-0.00560559146106243,0.144056044518948
1.59909582138062,-2.38504505157471,-0.00315476534888148,0.143862910568714
1.8546861410141,-2.38493871688843,-0.00232866173610091,0.143756590783596
2.11004519462585,-2.38480877876282,-0.00025670844479464,0.143630385398865
2.36576843261719,-2.3848762512207,0.000414356065448374,0.143608115613461
-2.22833514213562,-2.63297033309937,-0.00207118107937276,0.144948065280914
-1.97321212291718,-2.63299059867859,-0.00242266640998423,0.144759833812714
-1.71798408031464,-2.63316583633423,-0.00301903206855059,0.144577205181122
-1.46292519569397,-2.63332891464233,-0.00260953744873405,0.144415274262428
-1.20773315429688,-2.63352370262146,-0.00258481688797474,0.144246757030487
-0.952326357364655,-2.63375329971313,-0.00331505876965821,0.144084274768829
-0.696829974651337,-2.63394927978516,-0.00422898773103952,0.143966682255268
-0.441260606050491,-2.63413095474243,-0.00524816988036036,0.143828168511391
-0.186050027608871,-2.63409972190857,-0.00442094076424837,0.143665753304958
0.0693672150373459,-2.63411116600037,-0.00430953130125999,0.143524095416069
0.325134813785553,-2.63430452346802,-0.00555162318050861,0.143359050154686
0.581328928470612,-2.63469862937927,-0.00848198775202036,0.143178999423981
0.837348937988281,-2.63500642776489,-0.0103988917544484,0.143089458346367
1.09290504455566,-2.63529324531555,-0.00999994389712811,0.142999470233917
1.34813272953033,-2.63552045822144,-0.00791090819984674,0.142880268394947
1.60315012931824,-2.63543224334717,-0.00468774139881134,0.142727591097355
1.85859608650208,-2.63526844978333,-0.00318163493648171,0.142612211406231
2.11404991149902,-2.63517761230469,-0.00149385549593717,0.14249649643898
2.36966133117676,-2.63507914543152,-0.000296937563689426,0.142446741461754
-2.2244861125946,-2.88273000717163,-0.00328481453470886,0.143714256584644
-1.96937155723572,-2.88279128074646,-0.00355633068829775,0.143525622785091
-1.71409058570862,-2.88308429718018,-0.00435051927343011,0.14337320625782
-1.45873069763184,-2.88331890106201,-0.00528204441070557,0.143227055668831
-1.20351302623749,-2.88359403610229,-0.00532827153801918,0.143093138933182
-0.948264002799988,-2.88388991355896,-0.0052906577475369,0.142940826714039
-0.692978084087372,-2.8841118812561,-0.00520153529942036,0.142809323966503
-0.437749326229095,-2.88415336608887,-0.00463971449062228,0.14267361164093
-0.18254742026329,-2.8841392993927,-0.00373787456192076,0.142514564096928
0.0729755833745003,-2.88428282737732,-0.004064223729074,0.14232037961483
0.329047948122025,-2.88457345962524,-0.00664589600637555,0.142123013734818
0.585058331489563,-2.88478589057922,-0.00871975254267454,0.141980066895485
0.840799689292908,-2.88499999046326,-0.00935011729598045,0.141881592571735
1.09632408618927,-2.88523101806641,-0.00877904146909714,0.141769304871559
1.35192048549652,-2.88561820983887,-0.00830375589430332,0.141627378761768
1.60737884044647,-2.88577342033386,-0.00700645474717021,0.141540683805943
1.86275053024292,-2.88568449020386,-0.00512341363355517,0.141425974667072
2.11831307411194,-2.88565802574158,-0.00387808866798878,0.141332775354385
2.37363862991333,-2.88540983200073,-0.00137703737709671,0.141244523227215
-2.22075200080872,-3.13250946998596,-0.00396524416282773,0.142558619379997
-1.96573483943939,-3.132652759552,-0.00374470464885235,0.142363525927067
-1.71040487289429,-3.13304901123047,-0.00472221057862043,0.142221450805664
-1.45496249198914,-3.13335847854614,-0.00599067797884345,0.14208035171032
-1.19954931735992,-3.1337525844574,-0.00688888318836689,0.141959898173809
-0.944216072559357,-3.13408088684082,-0.00719624012708664,0.141785979270935
-0.688941955566406,-3.13432383537292,-0.00701239937916398,0.141635999083519
-0.433867603540421,-3.13434529304504,-0.00570887420326471,0.141543090343475
-0.178803980350494,-3.13428497314453,-0.00414339220151305,0.14143367856741
0.0766400694847107,-3.13444018363953,-0.00407447200268507,0.141230598092079
0.332571536302567,-3.13469910621643,-0.00598469981923699,0.140958689153194
0.588531076908112,-3.13490128517151,-0.0077957371249795,0.140779606997967
0.844044268131256,-3.13500809669495,-0.00737011106684804,0.140708461403847
1.09958899021149,-3.13518881797791,-0.00686265993863344,0.140576429665089
1.35551750659943,-3.13566970825195,-0.00784266926348209,0.140433177351952
1.6113874912262,-3.13600754737854,-0.00834543164819479,0.140333838760853
1.86666035652161,-3.13595080375671,-0.0059803263284266,0.140223003923893
2.12234902381897,-3.13594818115234,-0.00525983748957515,0.140126019716263
2.37749934196472,-3.13564324378967,-0.00194436428137124,0.140017084777355
-2.21671915054321,-3.38246011734009,-0.00601516338065267,0.141476973891258
-1.96189308166504,-3.38271355628967,-0.00486585404723883,0.141272991895676
-1.7063946723938,-3.38321399688721,-0.00657435739412904,0.141087971627712
-1.45100700855255,-3.38361692428589,-0.00754594476893544,0.140927761793137
-1.19535040855408,-3.38419795036316,-0.00950965750962496,0.140795737504959
-0.940064489841461,-3.38437271118164,-0.00956919975578785,0.140629194676876
-0.684925317764282,-3.38444304466248,-0.00874005816876888,0.140464015305042
-0.429780572652817,-3.38447761535645,-0.00771744409576058,0.140404775738716
-0.174563825130463,-3.38454461097717,-0.00680100917816162,0.140336975455284
0.0808442011475563,-3.38478636741638,-0.00652216142043471,0.140156537294388
0.33653998374939,-3.38496065139771,-0.00732992729172111,0.139872044324875
0.592204391956329,-3.38512635231018,-0.00777104357257485,0.139653109014034
0.847713947296143,-3.38532662391663,-0.00728817703202367,0.139559380710125
1.10342216491699,-3.38560771942139,-0.00747552281245589,0.139409005641937
1.35906267166138,-3.38590741157532,-0.00713661732152104,0.139257490634918
1.61468827724457,-3.38600945472717,-0.00652546854689717,0.13911896198988
1.87017714977264,-3.38597655296326,-0.00509435823187232,0.139000199735165
2.12586069107056,-3.38599061965942,-0.00431756488978863,0.138886176049709
2.38124513626099,-3.38576817512512,-0.00200827792286873,0.138772688806057
-2.21272373199463,-3.63239026069641,-0.00789389200508595,0.1403913423419
-1.95800948143005,-3.63272404670715,-0.00618277536705136,0.140174694359303
-1.70256304740906,-3.63326358795166,-0.00761124165728688,0.139968357980251
-1.44724059104919,-3.63371205329895,-0.00824243947863579,0.13976913690567
-1.19156801700592,-3.63437867164612,-0.0102368919178843,0.139606192708015
-0.936368107795715,-3.6343936920166,-0.00987608078867197,0.139434821903706
-0.681220769882202,-3.63441181182861,-0.00905130337923765,0.139286644756794
-0.425803422927856,-3.63457989692688,-0.00922708678990602,0.139241725206375
-0.170201256871223,-3.63487315177917,-0.0100109009072185,0.139179773628712
0.08534025400877,-3.63516688346863,-0.0102928364649415,0.139040850102901
0.340617269277573,-3.6352641582489,-0.00916556362062693,0.138749226927757
0.59595513343811,-3.63537263870239,-0.00809541065245867,0.138538107275963
0.85146552324295,-3.63569617271423,-0.00757253635674715,0.138418652117252
1.10722947120667,-3.63604164123535,-0.00797127094119787,0.138260208070278
1.36263489723206,-3.63623070716858,-0.00654721772298217,0.138112023472786
1.61779975891113,-3.63612198829651,-0.00385040976107121,0.137900091707706
1.87355983257294,-3.63608026504517,-0.00360425398685038,0.13774311542511
2.12908029556274,-3.63603782653809,-0.00207091844640672,0.137614175677299
2.38499522209167,-3.6360194683075,-0.00208211410790682,0.137508541345596
-2.20943713188171,-3.88215827941895,-0.00650368025526404,0.139320448040962
-1.95465505123138,-3.88248062133789,-0.005073516163975,0.13907215744257
-1.69911062717438,-3.88307523727417,-0.00691598141565919,0.1388144120574
-1.4437940120697,-3.88352489471436,-0.00748627865687013,0.138601385056973
-1.18848192691803,-3.88399791717529,-0.00780595326796174,0.138433679938316
-0.933334350585938,-3.88409924507141,-0.00716982129961252,0.138266839087009
-0.678012549877167,-3.88431572914124,-0.00709972018375993,0.13814864307642
-0.42209529876709,-3.88462853431702,-0.00951377023011446,0.138090908527374
-0.16618338227272,-3.88506054878235,-0.0116618340834975,0.138009302318096
0.0892939493060112,-3.88529086112976,-0.0116180786862969,0.137849643826485
0.344197660684586,-3.8853063583374,-0.00876717921346426,0.13758160173893
0.599442958831787,-3.88543581962585,-0.00724288262426853,0.137429654598236
0.855210244655609,-3.88585138320923,-0.00784006994217634,0.137294575572014
1.11108016967773,-3.88616490364075,-0.00868263281881809,0.137107476592064
1.36637783050537,-3.88640069961548,-0.0067349779419601,0.136927060782909
1.62126934528351,-3.88631653785706,-0.00277562090195715,0.136659756302834
1.87698411941528,-3.8863639831543,-0.00228903722018003,0.136492535471916
2.13256430625916,-3.88634014129639,-0.000989392283372581,0.136331856250763
2.38886094093323,-3.88656330108643,-0.00265369354747236,0.136254027485847
-2.20620965957642,-4.13211584091187,-0.00482654618099332,0.138272322714329
-1.951287150383,-4.13234186172485,-0.00401894515380263,0.137957446277142
-1.69601440429688,-4.13280391693115,-0.00458530522882938,0.137667819857597
-1.44069707393646,-4.13314723968506,-0.00513570057228208,0.137423470616341
-1.18556427955627,-4.13349580764771,-0.00460998993366957,0.137252680957317
-0.930356740951538,-4.13384771347046,-0.00420360919088125,0.137082070112228
-0.674821019172668,-4.13427114486694,-0.00506810517981648,0.136966332793236
-0.418545186519623,-4.13474607467651,-0.00907529983669519,0.136900506913662
-0.162631645798683,-4.13504886627197,-0.0112052243202925,0.136849991977215
0.0926487445831299,-4.13516283035278,-0.0102410418912768,0.136745467782021
0.347650855779648,-4.13525533676147,-0.00779883610084653,0.136494547128677
0.603040218353271,-4.13543033599854,-0.00689010182395577,0.136312648653984
0.858862102031708,-4.13573598861694,-0.00770667148754001,0.136146947741508
1.1147803068161,-4.13607168197632,-0.00873063504695892,0.135930217802525
1.37024569511414,-4.13646030426025,-0.00749231316149235,0.13570524007082
1.62523889541626,-4.13662672042847,-0.00393584370613098,0.135412193834782
1.88080418109894,-4.13676929473877,-0.00273708021268249,0.135279014706612
2.13642716407776,-4.13684368133545,-0.00158606201875955,0.135119773447514
2.39279508590698,-4.13725423812866,-0.00352061120793223,0.135087355971336
-2.20216131210327,-4.38258361816406,-0.00691161537542939,0.137135721743107
-1.94716548919678,-4.38272094726562,-0.00640893960371614,0.136742889881134
-1.69199788570404,-4.38304615020752,-0.00645976001396775,0.136457681655884
-1.43694460391998,-4.38322401046753,-0.00576796289533377,0.136194340884686
-1.1819908618927,-4.38347244262695,-0.00439094053581357,0.136053584516048
-0.926918029785156,-4.38392925262451,-0.00332571170292795,0.135942228138447
-0.671409547328949,-4.38438415527344,-0.00403052661567926,0.135836355388165
-0.41526585817337,-4.38480186462402,-0.00740628596395254,0.1357297077775
-0.159302204847336,-4.38498830795288,-0.00974053237587214,0.13567179441452
0.0960606411099434,-4.38506078720093,-0.00912171974778175,0.135538443922997
0.351493418216705,-4.38530206680298,-0.00858834851533175,0.135299503803253
0.60727721452713,-4.38561391830444,-0.00941772572696209,0.13509052246809
0.863182306289673,-4.38597774505615,-0.0105660287663341,0.134904488921165
1.11862599849701,-4.3861870765686,-0.00942119676619768,0.13471070677042
1.37399959564209,-4.38662767410278,-0.00773031683638692,0.134468860924244
1.62920844554901,-4.38703298568726,-0.00508989114314318,0.134250275790691
1.88475251197815,-4.38729953765869,-0.00375098967924714,0.134157352149487
2.14035964012146,-4.38737344741821,-0.00249316752888262,0.134011566638947
2.39667582511902,-4.38786172866821,-0.00415579415857792,0.134005554020405
-2.19810271263123,-4.63298225402832,-0.00904860533773899,0.135853156447411
-1.94300711154938,-4.63317632675171,-0.00896250829100609,0.135431870818138
-1.68792378902435,-4.63341808319092,-0.00858983024954796,0.135177500545979
-1.43296074867249,-4.63357019424438,-0.00744510907679796,0.134918667376041
-1.17799615859985,-4.63383007049561,-0.00607871124520898,0.134831473231316
-0.923013269901276,-4.63423013687134,-0.00456671556457877,0.134822554886341
-0.667626142501831,-4.63461637496948,-0.00468384847044945,0.134723141789436
-0.411785334348679,-4.63485956192017,-0.00665419548749924,0.134548433125019
-0.155972376465797,-4.63497066497803,-0.00827473402023315,0.134366989135742
0.0997318029403687,-4.6351580619812,-0.00916631426662207,0.134174682199955
0.355715453624725,-4.63571405410767,-0.0110730146989226,0.133938983082771
0.611924231052399,-4.63632297515869,-0.0137641606852412,0.133729375898838
0.867836356163025,-4.63674259185791,-0.0148966321721673,0.133590541779995
1.12295377254486,-4.63690662384033,-0.0122422762215137,0.133453026413918
1.37790679931641,-4.63721227645874,-0.00862951017916203,0.133281655609608
1.63297426700592,-4.63754510879517,-0.00532407034188509,0.133120335638523
1.88862323760986,-4.63781070709229,-0.00441929372027516,0.13301969319582
2.14424133300781,-4.63794136047363,-0.00317117245867848,0.132902406156063
2.40046787261963,-4.63840818405151,-0.00440017459914088,0.132877588272095
-2.19506525993347,-4.88266324996948,-0.00650865817442536,0.134513340890408
-1.93969416618347,-4.88307857513428,-0.00764982867985964,0.134144432842731
-1.68446743488312,-4.8834080696106,-0.00789936073124409,0.133926384150982
-1.42935395240784,-4.88370895385742,-0.00740233156830072,0.133714400231838
-1.17418038845062,-4.8840184211731,-0.00695665972307324,0.133615657687187
-0.919121086597443,-4.88434600830078,-0.00576230324804783,0.133594900369644
-0.663649320602417,-4.88472032546997,-0.00622941600158811,0.133527055382729
-0.407897233963013,-4.88500356674194,-0.00775463413447142,0.133338943123817
-0.152353316545486,-4.88522672653198,-0.00810639746487141,0.133112460374832
0.103354148566723,-4.88551950454712,-0.00897139310836792,0.13285569101572
0.359212070703506,-4.88608932495117,-0.0102730374783278,0.132630810141563
0.615465998649597,-4.88678884506226,-0.0131290545687079,0.132414765655994
0.871498823165894,-4.88737678527832,-0.0147615484893322,0.132279790937901
1.12664520740509,-4.88766717910767,-0.0121947210282087,0.132195644080639
1.38168799877167,-4.88786792755127,-0.008958057500422,0.132074996829033
1.63689351081848,-4.88800191879272,-0.00624956469982862,0.131928965449333
1.89260864257812,-4.88822746276855,-0.00560800451785326,0.131801143288612
2.14823317527771,-4.88848066329956,-0.00434339139610529,0.131672792136669
2.40426063537598,-4.88890743255615,-0.00464998465031385,0.13160402700305
-2.19263887405396,-5.13193368911743,-0.00116849399637431,0.133235074579716
-1.93688821792603,-5.13258361816406,-0.00402276637032628,0.132972754538059
-1.68133807182312,-5.13309383392334,-0.0057224202901125,0.132774636149406
-1.42573428153992,-5.13366937637329,-0.00743084168061614,0.132588058710098
-1.17026543617249,-5.13412809371948,-0.00829445850104094,0.132426902651787
-0.915068209171295,-5.13445520401001,-0.00769415451213717,0.132315501570702
-0.659541249275208,-5.13493061065674,-0.00836747884750366,0.132244430482388
-0.403699815273285,-5.13542509078979,-0.0102463690564036,0.13210041821003
-0.148367494344711,-5.13571929931641,-0.00959058105945587,0.131883412599564
0.107040718197823,-5.1360502243042,-0.00905634742230177,0.131608672440052
0.362494379281998,-5.13647270202637,-0.00850124750286341,0.131421878933907
0.618411183357239,-5.13706016540527,-0.00980950985103846,0.131222747266293
0.874341130256653,-5.13753795623779,-0.0109572745859623,0.131082348525524
1.12974488735199,-5.13781213760376,-0.00952363200485706,0.131003655493259
1.38529634475708,-5.13810062408447,-0.00853883940726519,0.130899474024773
1.64087009429932,-5.13831615447998,-0.00744262523949146,0.130694434046745
1.89655828475952,-5.13868236541748,-0.00663418183103204,0.130519524216652
2.15218901634216,-5.13891506195068,-0.00536237005144358,0.130347959697247
2.40787196159363,-5.13933181762695,-0.00409836322069168,0.130247361958027
-2.18967890739441,-5.3815975189209,0.00172912643756717,0.132026851177216
-1.93368887901306,-5.38235664367676,-0.00219337409362197,0.131873428821564
-1.6778838634491,-5.38307237625122,-0.00502227526158094,0.131654627621174
-1.42204868793488,-5.3837194442749,-0.00775604275986552,0.131476618349552
-1.16659128665924,-5.38422536849976,-0.00852816738188267,0.131273947656155
-0.911383152008057,-5.38456392288208,-0.00794145278632641,0.131102167069912
-0.655731201171875,-5.38515710830688,-0.00914252456277609,0.131028182804585
-0.399613112211227,-5.38583612442017,-0.0122338971123099,0.130952410399914
-0.14431668817997,-5.38616561889648,-0.0113734807819128,0.130719006061554
0.110926426947117,-5.3864917755127,-0.0100514311343431,0.13042426854372
0.366192221641541,-5.38686323165894,-0.00861177314072847,0.130236707627773
0.62187784910202,-5.38738298416138,-0.00884436722844839,0.130091179162264
0.877722263336182,-5.38788461685181,-0.00957214087247849,0.129978898912668
1.13332462310791,-5.38815689086914,-0.00900173000991344,0.129839088767767
1.38906705379486,-5.38833045959473,-0.00884956680238247,0.129668321460485
1.64488554000854,-5.38858699798584,-0.00881380401551723,0.129429887980223
1.90043425559998,-5.38897752761841,-0.00734214810654521,0.129246823489666
2.155921459198,-5.38924407958984,-0.00539130438119173,0.129016600549221
2.41123938560486,-5.38963508605957,-0.00246766814962029,0.128909636288881
-2.18585300445557,-5.63181924819946,0.000659348035696894,0.130830742418766
-1.92988777160645,-5.63255500793457,-0.0031125764362514,0.13074754178524
-1.67405319213867,-5.63328456878662,-0.00603975681588054,0.130516327917576
-1.41838979721069,-5.63390588760376,-0.00794833991676569,0.130310222506523
-1.16320466995239,-5.63437700271606,-0.00743799097836018,0.130102150142193
-0.907873928546906,-5.63480281829834,-0.00737452181056142,0.129917122423649
-0.652034878730774,-5.63543653488159,-0.00939411763101816,0.12982851266861
-0.395529538393021,-5.6362247467041,-0.0142084918916225,0.12977010011673
-0.140121623873711,-5.63662481307983,-0.0138117745518684,0.129521183669567
0.114941768348217,-5.63692426681519,-0.0116357747465372,0.129231218248606
0.370243221521378,-5.63729667663574,-0.0103198504075408,0.128987278789282
0.626195669174194,-5.63791131973267,-0.0117145944386721,0.128891911357641
0.882348597049713,-5.63849592208862,-0.0137886609882116,0.128799296915531
1.13798534870148,-5.63879537582397,-0.0133283669129014,0.128625623881817
1.39346957206726,-5.63901567459106,-0.0119689516723156,0.128419063985348
1.64888775348663,-5.63911056518555,-0.0101086916401982,0.128177523612976
1.9042261838913,-5.63940525054932,-0.00766538549214602,0.127975642681122
2.15960097312927,-5.63966035842896,-0.00517843663692474,0.127739496529102
2.41470408439636,-5.63995027542114,-0.00126975693274289,0.127612262964249
-2.18140196800232,-5.88226175308228,-0.00328659871593118,0.129586100578308
-1.92568576335907,-5.88290643692017,-0.00587203819304705,0.129533141851425
-1.6701123714447,-5.88355588912964,-0.00756035046651959,0.129319831728935
-1.41461038589478,-5.88413286209106,-0.00869172625243664,0.129101969301701
-1.15943610668182,-5.8846583366394,-0.00809150282293558,0.12887367606163
-0.903998374938965,-5.88513946533203,-0.00847789645195007,0.128668069839478
-0.648098587989807,-5.88571739196777,-0.0107419081032276,0.128601782023907
-0.391555160284042,-5.88645076751709,-0.0156963095068932,0.128494821488857
-0.136064320802689,-5.88682222366333,-0.0156414192169905,0.128304991871119
0.118940271437168,-5.88715982437134,-0.0131574599072337,0.128048755228519
0.37444669008255,-5.8876166343689,-0.0127269122749567,0.127854574471712
0.630838930606842,-5.88845157623291,-0.0160557832568884,0.127778474241495
0.887376129627228,-5.88925886154175,-0.0198053326457739,0.127622701227665
1.14276123046875,-5.88949060440063,-0.0181698277592659,0.127433728426695
1.39780151844025,-5.88963747024536,-0.0147763090208173,0.127218816429377
1.65299022197723,-5.88978719711304,-0.0118422480300069,0.126973129808903
1.90815114974976,-5.89001035690308,-0.00857178308069706,0.126779120415449
2.16365122795105,-5.89034557342529,-0.00660285586491227,0.126579362899065
2.41880655288696,-5.89054441452026,-0.0028966935351491,0.126407667994499
-2.1767110824585,-6.13272142410278,-0.00834087748080492,0.128275841474533
-1.92143487930298,-6.13323259353638,-0.00885861646384001,0.128230594098568
-1.66613304615021,-6.13376426696777,-0.009262815117836,0.128059212118387
-1.41079092025757,-6.13431453704834,-0.00962205417454243,0.12783457711339
-1.15545153617859,-6.13492727279663,-0.00973696354776621,0.127596359699965
-0.899927735328674,-6.13544178009033,-0.0104768015444279,0.127395305782557
-0.644023895263672,-6.1359977722168,-0.0127221718430519,0.127330880612135
-0.387785226106644,-6.13656663894653,-0.0162597075104713,0.127251949161291
-0.132279336452484,-6.13695049285889,-0.0162368379533291,0.127102199941874
0.122620865702629,-6.13733959197998,-0.0132393930107355,0.126893300563097
0.378025680780411,-6.13781499862671,-0.012312482111156,0.126741550862789
0.634481251239777,-6.13871812820435,-0.0158896222710609,0.126644689589739
0.891149580478668,-6.1395959854126,-0.0201921798288822,0.126454833894968
1.14698219299316,-6.14008140563965,-0.0205194298177958,0.126263968646526
1.40198254585266,-6.14029407501221,-0.0169027354568243,0.126117061823606
1.65722548961639,-6.14058446884155,-0.0141638377681375,0.125934325158596
1.91243982315063,-6.14083385467529,-0.0110919568687677,0.125705681741238
2.16800093650818,-6.14118576049805,-0.0093552153557539,0.125529352575541
2.42341494560242,-6.14140653610229,-0.00676153274253011,0.125314190983772
-2.17229390144348,-6.38312578201294,-0.0121330535039306,0.126962039619684
-1.91750371456146,-6.38349390029907,-0.0103724701330066,0.126905277371407
-1.66232097148895,-6.38396072387695,-0.0101945092901587,0.126772481948137
-1.40716791152954,-6.38447189331055,-0.00965067371726036,0.12660513818264
-1.15167164802551,-6.38510179519653,-0.0104493498802185,0.12637422978878
-0.896121680736542,-6.38565301895142,-0.0112703256309032,0.126165688037872
-0.640343070030212,-6.38619565963745,-0.0129081886261702,0.126090101897717
-0.384411782026291,-6.38675022125244,-0.0150100467726588,0.126028448343277
-0.128788828849792,-6.38722276687622,-0.0154819097369909,0.125861171633005
0.126143306493759,-6.38761329650879,-0.0125965820625424,0.125660493969917
0.381451278924942,-6.38809299468994,-0.0111974505707622,0.125516388565302
0.637836635112762,-6.38893938064575,-0.0144290309399366,0.125361889600754
0.894431412220001,-6.38979911804199,-0.0183694791048765,0.125135499984026
1.15041840076447,-6.39031934738159,-0.0193591881543398,0.124967943876982
1.40547502040863,-6.39055967330933,-0.0159619003534317,0.124894339591265
1.6609445810318,-6.39101839065552,-0.014195816591382,0.124797765165567
1.91642248630524,-6.39144277572632,-0.0122569939121604,0.124606739729643
2.17203617095947,-6.39187288284302,-0.0107134385034442,0.124489966779947
2.42763352394104,-6.39216947555542,-0.00889496225863695,0.124285284429789
-2.16865944862366,-6.6333589553833,-0.0123134907335043,0.125748030841351
-1.91407263278961,-6.63366842269897,-0.00958291534334421,0.125653579831123
-1.65884590148926,-6.63405847549438,-0.00958018191158772,0.125526156276464
-1.40371942520142,-6.634521484375,-0.00888385344296694,0.125388666987419
-1.14795207977295,-6.63514947891235,-0.010893770493567,0.125180996954441
-0.892392873764038,-6.63576984405518,-0.0117165241390467,0.124946177005768
-0.636957049369812,-6.63629341125488,-0.0117538217455149,0.124861165881157
-0.381311297416687,-6.63693141937256,-0.0125156752765179,0.124769102782011
-0.125400006771088,-6.63758277893066,-0.0142578193917871,0.124609734863043
0.13008987903595,-6.63816833496094,-0.013859935104847,0.124412193894386
0.385550290346146,-6.63871097564697,-0.0131103284657001,0.124296087771654
0.641486585140228,-6.63928747177124,-0.0142916273325682,0.124148424714804
0.897585391998291,-6.63997459411621,-0.0159722659736872,0.12389213591814
1.15336155891418,-6.64040899276733,-0.0159892309457064,0.123704265803099
1.4088282585144,-6.64088106155396,-0.0143919587135315,0.123582396656275
1.66464340686798,-6.6414475440979,-0.0141377551481128,0.12350882217288
1.92030906677246,-6.64193630218506,-0.0130007807165384,0.123401287943125
2.17587733268738,-6.64238548278809,-0.0112176304683089,0.123301234096289
2.43142318725586,-6.64272546768188,-0.00913208071142435,0.12317568063736
-2.16571640968323,-6.88330554962158,-0.00931422505527735,0.124670337885618
-1.91089534759521,-6.88370418548584,-0.00763082085177302,0.124515678733587
-1.65543901920319,-6.88421535491943,-0.00864652078598738,0.124364484101534
-1.39997696876526,-6.88474369049072,-0.00945653300732374,0.124221086502075
-1.14411818981171,-6.88532733917236,-0.0118533000349998,0.124022919684649
-0.888676941394806,-6.88589477539062,-0.0121033461764455,0.123799618333578
-0.633628129959106,-6.88642978668213,-0.0103356670588255,0.123665247112513
-0.378004014492035,-6.88718461990356,-0.0109589463099837,0.123532343655825
-0.12174216657877,-6.88809394836426,-0.0142470961436629,0.12336853146553
0.134355619549751,-6.88891220092773,-0.0165593679994345,0.123169418424368
0.389759987592697,-6.88938236236572,-0.0155211770907044,0.123106192797422
0.645151972770691,-6.88976097106934,-0.0142156258225441,0.122983779758215
0.900671362876892,-6.89016199111938,-0.0132672246545553,0.122772485017776
1.1563503742218,-6.89057159423828,-0.0128199700266123,0.122520238161087
1.41262423992157,-6.89143228530884,-0.0147956227883697,0.122307863086462
1.66868650913239,-6.89199209213257,-0.015615857206285,0.122201599180698
1.9244989156723,-6.892493724823,-0.0150988632813096,0.122117213904858
2.17997002601624,-6.89287567138672,-0.0128482449799776,0.122041329741478
2.43530464172363,-6.89319610595703,-0.00978436134755611,0.122028928250074
-2.16290593147278,-7.13307189941406,-0.00571299577131867,0.123616129159927
-1.90768945217133,-7.13366317749023,-0.00581530295312405,0.123402990400791
-1.65203189849854,-7.13434171676636,-0.00771608063951135,0.123257476836443
-1.39607465267181,-7.13499546051025,-0.0107620926573873,0.123065177351236
-1.14009463787079,-7.13560962677002,-0.0136757688596845,0.122884884476662
-0.884640574455261,-7.13626003265381,-0.0139403585344553,0.122691452503204
-0.629637002944946,-7.13687705993652,-0.011921881698072,0.122506059706211
-0.374256700277328,-7.13760423660278,-0.0113971941173077,0.122337728738785
-0.118272542953491,-7.13847255706787,-0.013389109633863,0.122123513370752
0.13784171640873,-7.13926076889038,-0.0157459732145071,0.121983271092176
0.393331974744797,-7.13974380493164,-0.0150637850165367,0.121942397207022
0.648597240447998,-7.14010143280029,-0.0131533425301313,0.121824637055397
0.90386039018631,-7.14041042327881,-0.0110230725258589,0.121625665575266
1.15975821018219,-7.1409649848938,-0.0115219792351127,0.121341735124588
1.41645956039429,-7.14191198348999,-0.0153821054846048,0.121059842407703
1.67283546924591,-7.14246988296509,-0.0175745654851198,0.120896093547344
1.92866182327271,-7.14299821853638,-0.0170800909399986,0.120886038988829
2.18440532684326,-7.14343976974487,-0.0160043425858021,0.120834901928902
2.44011259078979,-7.14394474029541,-0.0145495356991887,0.120893288403749
2.70022797584534,-7.14623737335205,-0.0323695912957191,0.120933748781681
-2.15944886207581,-7.38298082351685,-0.00509533006697893,0.122431129217148
-1.90412044525146,-7.38375329971313,-0.00566767156124115,0.122208524495363
-1.64847123622894,-7.38444423675537,-0.00749473413452506,0.122043661773205
-1.39237141609192,-7.38531589508057,-0.0111465277150273,0.121842913329601
-1.13623023033142,-7.3860559463501,-0.0147557752206922,0.121705949306488
-0.880490064620972,-7.38673305511475,-0.0162921696901321,0.121530815958977
-0.625403702259064,-7.38730621337891,-0.0146160302683711,0.121323592960835
-0.370321184396744,-7.38794422149658,-0.0126996114850044,0.121161486953497
-0.114758908748627,-7.38872957229614,-0.0127402422949672,0.120962582528591
0.141000509262085,-7.3894419670105,-0.0134580051526427,0.120856247842312
0.396527886390686,-7.38996124267578,-0.0129120778292418,0.12076311185956
0.651946187019348,-7.39037847518921,-0.0116603141650558,0.120603542774916
0.907462596893311,-7.39071893692017,-0.0106402095407248,0.120387371629477
1.16380250453949,-7.39144420623779,-0.013085450977087,0.120133358985186
1.42056560516357,-7.39239120483398,-0.0171860922127962,0.119885250926018
1.67679476737976,-7.39296436309814,-0.0186817012727261,0.119725119322538
1.93223011493683,-7.39345502853394,-0.0164029691368341,0.119672544300556
2.18772864341736,-7.39391660690308,-0.0141997784376144,0.119556754827499
2.44344544410706,-7.39454078674316,-0.0127483243122697,0.119515281170607
2.70108914375305,-7.39612483978271,-0.0195900313556194,0.119315970689058
-2.15504932403564,-7.63322782516479,-0.00881448108702898,0.121111400425434
-1.89997160434723,-7.63408279418945,-0.00818012561649084,0.120943706482649
-1.6445107460022,-7.63479661941528,-0.00909783970564604,0.120824594050646
-1.3888875246048,-7.63567495346069,-0.0105189867317677,0.120638910681009
-1.1328432559967,-7.63641595840454,-0.0136502217501402,0.120494030416012
-0.876606166362762,-7.63722324371338,-0.0174213889986277,0.120309568941593
-0.621041893959045,-7.63790321350098,-0.0178851988166571,0.120114155113697
-0.366025984287262,-7.63848495483398,-0.0156280342489481,0.119980577379465
-0.110933296382427,-7.63908290863037,-0.0135045358911157,0.119864422827959
0.144370838999748,-7.63966512680054,-0.0121280206367373,0.119748007506132
0.399949789047241,-7.64027452468872,-0.0117780473083258,0.119572632014751
0.655685245990753,-7.64070653915405,-0.0119282491505146,0.119337856769562
0.911428451538086,-7.64106845855713,-0.0118963550776243,0.119140021502972
1.16767776012421,-7.64181709289551,-0.0138950860127807,0.118974272161722
1.42393100261688,-7.64266586303711,-0.0156755726784468,0.118755720555782
1.67970943450928,-7.64329290390015,-0.0151141677051783,0.118536956608295
1.93489134311676,-7.64369869232178,-0.0116803022101521,0.118396442383528
2.19067573547363,-7.64435005187988,-0.0107164429500699,0.118315674364567
2.44603061676025,-7.64494466781616,-0.00762701267376542,0.11811063811183
2.70308423042297,-7.64618921279907,-0.0118433777242899,0.117891859263182
-2.15019154548645,-7.88369607925415,-0.0146387787535787,0.119813535362482
-1.89546120166779,-7.88451814651489,-0.0123551273718476,0.119731601327658
-1.64029777050018,-7.88522291183472,-0.0118585657328367,0.119633264839649
-1.38519859313965,-7.88603448867798,-0.0108338920399547,0.119532328099012
-1.12974226474762,-7.88662242889404,-0.0112430742010474,0.11937702819705
-0.873470366001129,-7.8874249458313,-0.0151446703821421,0.1191600933671
-0.617181003093719,-7.88840055465698,-0.0188716351985931,0.11898859590292
-0.361853301525116,-7.88897657394409,-0.0180012173950672,0.118890602141619
-0.106951586902142,-7.88942766189575,-0.0149801475927234,0.118825264275074
0.14783887565136,-7.88983583450317,-0.0112458653748035,0.118637967854738
0.403327077627182,-7.89045858383179,-0.0104514565318823,0.118393443524837
0.659193515777588,-7.89100742340088,-0.0111547531560063,0.11814334616065
0.915062606334686,-7.8914794921875,-0.0116507904604077,0.118019625544548
1.17114794254303,-7.89218807220459,-0.0128805488348007,0.117891382426023
1.42707860469818,-7.89299297332764,-0.0131819350644946,0.117653086781502
1.68267953395844,-7.89365339279175,-0.0117929186671972,0.117445629090071
1.93779504299164,-7.89414358139038,-0.00802939385175705,0.117277976125479
2.19323873519897,-7.89468574523926,-0.00552452215924859,0.117072753608227
2.44895768165588,-7.89527702331543,-0.00403592130169272,0.116864435374737
2.70587301254272,-7.89632129669189,-0.00762626715004444,0.116624604910612
-2.14562010765076,-8.13407516479492,-0.0191436521708965,0.118640661239624
-1.89102971553802,-8.13482570648193,-0.016174579039216,0.118617180734873
-1.63611829280853,-8.13554382324219,-0.0144730331376195,0.118530131876469
-1.38142991065979,-8.13617515563965,-0.0115320468321443,0.118450988084078
-1.12636601924896,-8.13668251037598,-0.0101100476458669,0.118295449763536
-0.870326042175293,-8.13751316070557,-0.012915376573801,0.11804598197341
-0.61349093914032,-8.13875484466553,-0.0190879050642252,0.117901869118214
-0.357655763626099,-8.139404296875,-0.0204925686120987,0.117841877043247
-0.102697141468525,-8.13987922668457,-0.0176896285265684,0.117797695100307
0.151762932538986,-8.14017772674561,-0.0124229481443763,0.117591015994549
0.406745254993439,-8.14066123962402,-0.00930909719318151,0.117274541407824
0.662391066551208,-8.14126491546631,-0.00897881295531988,0.117087662220001
0.918301522731781,-8.14184188842773,-0.00962458271533251,0.11697156727314
1.17437493801117,-8.14256191253662,-0.0107705807313323,0.116807736456394
1.43011522293091,-8.14318656921387,-0.0101999482139945,0.116526991128922
1.685795545578,-8.14384746551514,-0.0091397063806653,0.116354130208492
1.94113528728485,-8.14440727233887,-0.00634687067940831,0.116208959370852
2.19690608978271,-8.14498996734619,-0.00527122942730784,0.115982927381992
2.4525158405304,-8.14556789398193,-0.00326303881593049,0.115754254162312
2.70931482315063,-8.14648628234863,-0.00631274236366153,0.11545392870903
-2.14181113243103,-8.38424301147461,-0.020134050399065,0.117507804185152
-1.8871830701828,-8.38495922088623,-0.0173053685575724,0.117488596588373
-1.63234639167786,-8.38570976257324,-0.0152198215946555,0.117404237389565
-1.37740015983582,-8.38637161254883,-0.0134272100403905,0.117327492684126
-1.12225329875946,-8.38701248168945,-0.0123376110568643,0.117175366729498
-0.866288423538208,-8.38787841796875,-0.0147576862946153,0.116963844746351
-0.609782814979553,-8.38901138305664,-0.019394239410758,0.116776376962662
-0.353681087493896,-8.38973331451416,-0.0219747740775347,0.116682942956686
-0.0985769182443619,-8.39035129547119,-0.0197867210954428,0.116622012108564
0.155871570110321,-8.39059257507324,-0.014433516189456,0.116441644728184
0.41055092215538,-8.39096355438232,-0.00991655327379704,0.116197042167187
0.665732204914093,-8.39159870147705,-0.00744701875373721,0.116043455898762
0.921593725681305,-8.39230728149414,-0.00783163495361805,0.115879345685244
1.17776203155518,-8.3930778503418,-0.00937102362513542,0.115612916648388
1.4334305524826,-8.3936071395874,-0.00845414493232965,0.115330211818218
1.68910980224609,-8.39419269561768,-0.007365089841187,0.115211520344019
1.94467377662659,-8.39476680755615,-0.00554501451551914,0.115138415247202
2.20065331459045,-8.39531707763672,-0.00537344114854932,0.114880386739969
2.4563410282135,-8.39585971832275,-0.00368212955072522,0.114651132375002
2.71304154396057,-8.39669513702393,-0.00626575062051415,0.114316593855619
-2.13869500160217,-8.63434410095215,-0.0179223138839006,0.116359736770391
-1.88412177562714,-8.63502979278564,-0.0148125439882278,0.116311635822058
-1.62899672985077,-8.63588333129883,-0.0140193738043308,0.116204999387264
-1.37376880645752,-8.63666152954102,-0.0134818227961659,0.116121377795935
-1.11816346645355,-8.63752937316895,-0.0144463591277599,0.116005927324295
-0.862077713012695,-8.63838768005371,-0.0173818971961737,0.115850567817688
-0.606064915657043,-8.63910675048828,-0.0197572149336338,0.115630332380533
-0.35013610124588,-8.63991832733154,-0.0215076599270105,0.115472909063101
-0.0944894179701805,-8.6408109664917,-0.0217359457165003,0.115343723446131
0.16059236228466,-8.64136791229248,-0.01919836550951,0.115209750831127
0.415257751941681,-8.64164543151855,-0.0145814511924982,0.11507859826088
0.67015677690506,-8.64233684539795,-0.0107869785279036,0.114941332489252
0.925851881504059,-8.64318084716797,-0.0103694414719939,0.114697556942701
1.18194246292114,-8.64396095275879,-0.0115190474316478,0.114399988204241
1.43747437000275,-8.64438629150391,-0.00995797943323851,0.114164154976606
1.69293093681335,-8.64482879638672,-0.0078434394672513,0.114045824855566
1.94852447509766,-8.64536380767822,-0.00612472649663687,0.113951545208693
2.20445942878723,-8.64590740203857,-0.00571906520053744,0.113702040165663
2.46011924743652,-8.64640998840332,-0.00387225509621203,0.113463129848242
2.71669793128967,-8.64723777770996,-0.00588153442367911,0.113155473023653
-2.13559508323669,-8.88452911376953,-0.0156277790665627,0.115189731121063
-1.88124620914459,-8.88513088226318,-0.0114586660638452,0.115120358765125
-1.6259378194809,-8.88604736328125,-0.0114788599312305,0.115016050636768
-1.37072956562042,-8.88689708709717,-0.0108169624581933,0.114904522895813
-1.114666223526,-8.88789939880371,-0.0138450721278787,0.114779155701399
-0.85844087600708,-8.88880634307861,-0.0173837933689356,0.114667776972055
-0.602561712265015,-8.88941097259521,-0.0191230792552233,0.114476162940264
-0.346752852201462,-8.89022731781006,-0.0202933289110661,0.114267535507679
-0.0904595404863358,-8.89122486114502,-0.0234264805912971,0.114063814282417
0.165486097335815,-8.89216899871826,-0.0247472263872623,0.113953616470098
0.420665055513382,-8.89277076721191,-0.0223890542984009,0.113885514438152
0.675588190555573,-8.89348411560059,-0.0186520535498857,0.113754119724035
0.930842220783234,-8.89423942565918,-0.0161997117102146,0.113482497632504
1.18647527694702,-8.89486598968506,-0.015253541059792,0.113194089382887
1.44188618659973,-8.89525985717773,-0.0131096392869949,0.113035537302494
1.69737589359283,-8.89569664001465,-0.0111045259982347,0.112903609871864
1.95283222198486,-8.89625453948975,-0.00872955098748207,0.112734504044056
2.20846962928772,-8.89684772491455,-0.00695165572687984,0.112529143691063
2.46419787406921,-8.89743709564209,-0.00536788534373045,0.112271901220083
2.72071599960327,-8.89832019805908,-0.00706644495949149,0.11199638620019
-2.13191413879395,-9.13484859466553,-0.0160136185586452,0.113960579037666
-1.87768638134003,-9.13539218902588,-0.0112536009401083,0.113900512456894
-1.62223601341248,-9.13636779785156,-0.0118907010182738,0.113813538104296
-1.3672890663147,-9.13713073730469,-0.00999766308814287,0.113698620349169
-1.1111581325531,-9.13830757141113,-0.0132903987541795,0.113519210368395
-0.855087995529175,-9.13924694061279,-0.0160830691456795,0.113346938043833
-0.599523186683655,-9.13982009887695,-0.0163560751825571,0.113188523799181
-0.343845099210739,-9.14053726196289,-0.0169093087315559,0.113021541386843
-0.0872440934181213,-9.14155101776123,-0.0214155931025743,0.11279684305191
0.169664844870567,-9.14273929595947,-0.0270652342587709,0.112579550594091
0.425600409507751,-9.14369583129883,-0.028072277083993,0.112499006092548
0.680706083774567,-9.14450263977051,-0.0251087844371796,0.112398311495781
0.935589730739594,-9.14503288269043,-0.0209539365023375,0.112215202301741
1.19071340560913,-9.14552974700928,-0.0176788829267025,0.112026952207088
1.44607353210449,-9.14604091644287,-0.0152593282982707,0.111900959163904
1.70171213150024,-9.14665508270264,-0.0138712767511606,0.111778482794762
1.95708572864532,-9.14730644226074,-0.0110794622451067,0.111578736454248
2.212726354599,-9.14797401428223,-0.00927203055471182,0.111329793930054
2.46847820281982,-9.14870071411133,-0.00774543592706323,0.111135445535183
2.72509574890137,-9.14967632293701,-0.00984087120741606,0.110847216099501
-2.12776112556458,-9.38525199890137,-0.0185775607824326,0.112682905048132
-1.87332892417908,-9.38587284088135,-0.01471739821136,0.112646162509918
-1.61811244487762,-9.38677883148193,-0.0142394509166479,0.112566098570824
-1.36303925514221,-9.3875789642334,-0.0128852678462863,0.112446472048759
-1.10733091831207,-9.38861465454102,-0.0142088886350393,0.112219590693712
-0.851666390895844,-9.38950061798096,-0.0151111828163266,0.11198503896594
-0.596338331699371,-9.39013385772705,-0.0142656126990914,0.111818093806505
-0.340790510177612,-9.39087390899658,-0.0141930272802711,0.111672770231962
-0.084414929151535,-9.39183521270752,-0.0176489278674126,0.111469849944115
0.172366693615913,-9.39294052124023,-0.0227006748318672,0.111240956932306
0.42874538898468,-9.3939380645752,-0.02568962238729,0.111062355339527
0.684343338012695,-9.39476299285889,-0.0249235574156046,0.110987294465303
0.939378619194031,-9.39541912078857,-0.0214105732738972,0.110916867852211
1.19457340240479,-9.39608097076416,-0.0184094347059727,0.110829163342714
1.45001137256622,-9.39678287506104,-0.0162900164723396,0.110718477517366
1.70563793182373,-9.39748001098633,-0.0148062407970428,0.110594462603331
1.9609991312027,-9.39817523956299,-0.0119202192872763,0.110422518104315
2.21671652793884,-9.39887046813965,-0.0104189878329635,0.110155463218689
2.47273731231689,-9.39977550506592,-0.010042130947113,0.109970886260271
2.72952222824097,-9.40083312988281,-0.0128392949700356,0.109639395028353
-2.12394142150879,-9.63555335998535,-0.0196070205420256,0.111501064151525
-1.869185090065,-9.63633918762207,-0.0171949155628681,0.111458368599415
-1.61423146724701,-9.63717460632324,-0.0154710002243519,0.111340463161469
-1.35884475708008,-9.63807487487793,-0.0155154149979353,0.111227586865425
-1.10347390174866,-9.63890361785889,-0.0152654005214572,0.110983181744814
-0.847972512245178,-9.63976287841797,-0.0153862545266747,0.110679864883423
-0.592741310596466,-9.64047622680664,-0.0140572665259242,0.110443159937859
-0.337289750576019,-9.64126396179199,-0.013508572243154,0.110331334173679
-0.0815342739224434,-9.64202308654785,-0.0141241336241364,0.110222365707159
0.174210697412491,-9.64292240142822,-0.014454853720963,0.11003165692091
0.430440336465836,-9.64383602142334,-0.0167578440159559,0.109803732484579
0.686628341674805,-9.64473724365234,-0.0186414532363415,0.109644502401352
0.942541241645813,-9.6456937789917,-0.0190482772886753,0.109613988548517
1.19833874702454,-9.64675712585449,-0.0187037941068411,0.109568756073713
1.45383155345917,-9.64762687683105,-0.0167842619121075,0.109454173594713
1.70955729484558,-9.64826965332031,-0.0157153699547052,0.109326753765345
1.96510803699493,-9.64888000488281,-0.013649445027113,0.109172143042088
2.22105407714844,-9.64965724945068,-0.0131276994943619,0.108894445002079
2.47695064544678,-9.65048885345459,-0.0121633103117347,0.108727276325226
2.73375582695007,-9.65157318115234,-0.0150114186108112,0.108396772295237
-2.12047052383423,-9.88577365875244,-0.0190264657139778,0.110470589250326
-1.86567485332489,-9.88666439056396,-0.0167552921921015,0.11038826406002
-1.6108318567276,-9.88750648498535,-0.014487930573523,0.110255643725395
-1.355672955513,-9.8882942199707,-0.013460474088788,0.110062852501869
-1.10049045085907,-9.88895893096924,-0.0123289311304688,0.109800335019827
-0.84483677148819,-9.88986587524414,-0.0131165767088532,0.109492383897305
-0.589156985282898,-9.89070320129395,-0.0138001060113311,0.109202947467566
-0.333528280258179,-9.89156913757324,-0.0140206413343549,0.109071388840675
-0.0782062783837318,-9.89227485656738,-0.0126316249370575,0.109020736068487
0.177016332745552,-9.89311695098877,-0.0105624487623572,0.108928445726633
0.432927191257477,-9.89402389526367,-0.0113949114456773,0.108691994100809
0.689229309558868,-9.89501190185547,-0.0137659180909395,0.108436539769173
0.945475339889526,-9.89610767364502,-0.0156432017683983,0.108316503465176
1.20191264152527,-9.89743137359619,-0.0181354302912951,0.108291402459145
1.45779776573181,-9.89846134185791,-0.0179356057196856,0.108197476714849
1.71356332302094,-9.89902305603027,-0.0170163307338953,0.108006235212088
1.96907448768616,-9.89949512481689,-0.0147485677152872,0.107823446393013
2.22493481636047,-9.90023136138916,-0.0138112250715494,0.107575878500938
2.48113131523132,-9.90108203887939,-0.0141492933034897,0.107392489910126
2.73784065246582,-9.90216541290283,-0.0165335685014725,0.10714452713728
-2.11670446395874,-10.1361799240112,-0.0197983011603355,0.109421618282795
-1.86224067211151,-10.1370325088501,-0.0159607250243425,0.109301719814539
-1.60736620426178,-10.1378974914551,-0.013804268091917,0.109124083071947
-1.35262680053711,-10.1385898590088,-0.0108212772756815,0.108914099633694
-1.0976893901825,-10.1392011642456,-0.00854008086025715,0.108678217977285
-0.842035174369812,-10.1401119232178,-0.00930407643318176,0.108385112136602
-0.58595073223114,-10.1410760879517,-0.0118023799732327,0.108071763068438
-0.32974910736084,-10.1420822143555,-0.0145971067249775,0.107871185988188
-0.0741835162043571,-10.1429986953735,-0.0142663130536675,0.107841547578573
0.181012436747551,-10.143985748291,-0.0120274722576141,0.107830744236708
0.436541378498077,-10.1448802947998,-0.0110922837629914,0.107595462352037
0.69242399930954,-10.1456890106201,-0.0115457586944103,0.107286423444748
0.948534309864044,-10.1465673446655,-0.0127985775470734,0.107124287635088
1.20512163639069,-10.1477708816528,-0.0159489251673222,0.107037663459778
1.46148061752319,-10.1488914489746,-0.0178448986262083,0.10691599175334
1.71732008457184,-10.1495933532715,-0.0172132328152657,0.106642831116915
1.97287452220917,-10.1501731872559,-0.0150975771248341,0.106400854885578
2.22879123687744,-10.1509532928467,-0.0143741462379694,0.106250114738941
2.48513221740723,-10.1517858505249,-0.0153247574344277,0.106036350131035
2.74177980422974,-10.1528787612915,-0.0173982605338097,0.105893474072218
-2.11264324188232,-10.3867330551147,-0.0219259057193995,0.108215752989054
-1.85854840278625,-10.3875112533569,-0.0163500998169184,0.10809088498354
-1.60372984409332,-10.3883590698242,-0.0139018036425114,0.10787745565176
-1.34926009178162,-10.3890466690063,-0.00964444689452648,0.107716649770737
-1.09429967403412,-10.389684677124,-0.00743548991158605,0.107538737356663
-0.838752210140228,-10.3905162811279,-0.00768513092771173,0.107314001768827
-0.582828640937805,-10.3914184570312,-0.0094223702326417,0.107028365135193
-0.326532483100891,-10.3925123214722,-0.0126130226999521,0.1067237816751
-0.0706798732280731,-10.3935546875,-0.0135499723255634,0.106554713100195
0.184713050723076,-10.3946218490601,-0.0121679166331887,0.106500953435898
0.440009981393814,-10.3954515457153,-0.0101517848670483,0.106342658400536
0.695751368999481,-10.3962345123291,-0.00993686448782682,0.106145564466715
0.951948344707489,-10.3970537185669,-0.0115556409582496,0.10600608959794
1.20852172374725,-10.3981103897095,-0.0146243320778012,0.1058664098382
1.46469867229462,-10.3991117477417,-0.0156803466379642,0.10567881166935
1.7204909324646,-10.3999080657959,-0.0148008577525616,0.105388160794973
1.97632372379303,-10.4007711410522,-0.0138812949880958,0.105146363377571
2.23244976997375,-10.4016561508179,-0.0140562606975436,0.104983128607273
2.4886999130249,-10.4025249481201,-0.0145656568929553,0.104750998318195
2.74532532691956,-10.4036207199097,-0.0165086146444082,0.104644365608692
-2.10844087600708,-10.6372728347778,-0.0247078910470009,0.106893792748451
-1.85455536842346,-10.6379861831665,-0.0181292686611414,0.106773603707552
-1.60003101825714,-10.6387529373169,-0.014293109998107,0.106606408953667
-1.34544062614441,-10.6395435333252,-0.0105479722842574,0.106471974402666
-1.09036266803741,-10.6402196884155,-0.0088402172550559,0.106348350644112
-0.834883034229279,-10.641016960144,-0.00874478649348021,0.10620754212141
-0.579312205314636,-10.6417837142944,-0.00884419679641724,0.105921726673841
-0.323316514492035,-10.6428546905518,-0.0106328474357724,0.105574872344732
-0.0676958411931992,-10.6438446044922,-0.0104882223531604,0.105327162891626
0.187727630138397,-10.6448001861572,-0.00922675989568233,0.105208050459623
0.443267554044724,-10.6456413269043,-0.00828463677316904,0.105110999196768
0.699364066123962,-10.6466569900513,-0.00962928775697947,0.105003278702497
0.955912113189697,-10.6475734710693,-0.012793886475265,0.104872766882181
1.21206855773926,-10.6484966278076,-0.0139575758948922,0.104704052209854
1.46767354011536,-10.649341583252,-0.01242143381387,0.1045041680336
1.72346520423889,-10.6502017974854,-0.0115079274401069,0.104237839579582
1.97955513000488,-10.6512403488159,-0.0117002697661519,0.103994693607092
2.2356960773468,-10.6522150039673,-0.0119056040421128,0.103789620101452
2.49180817604065,-10.6531448364258,-0.0117657082155347,0.103541780263186
2.74829196929932,-10.6542072296143,-0.0130538791418076,0.103385020047426
-2.10426163673401,-10.8876991271973,-0.0273908413946629,0.105562098324299
-1.85051250457764,-10.888279914856,-0.0201533176004887,0.105430904775858
-1.59614527225494,-10.8890447616577,-0.0155545407906175,0.105307295918465
-1.34141421318054,-10.8899393081665,-0.0124116465449333,0.105179265141487
-1.08623039722443,-10.8908014297485,-0.0111380880698562,0.10507370531559
-0.830755591392517,-10.8916187286377,-0.010980443097651,0.104972723871469
-0.575535655021667,-10.8923225402832,-0.00944162905216217,0.10477340221405
-0.320035606622696,-10.8932123184204,-0.00894801039248705,0.104489997029305
-0.0646731927990913,-10.8939790725708,-0.00761506613343954,0.104224029928446
0.190767526626587,-10.894868850708,-0.00640982901677489,0.10406069457531
0.446565806865692,-10.8958806991577,-0.00659844372421503,0.103957302868366
0.702977657318115,-10.896951675415,-0.00933647993952036,0.103863317519426
0.959676802158356,-10.8979482650757,-0.0131444819271564,0.103706251829863
1.21547341346741,-10.8989200592041,-0.0126488376408815,0.103521756827831
1.47099673748016,-10.8998222351074,-0.0107104033231735,0.103331621736288
1.7267210483551,-10.9007749557495,-0.00945723615586758,0.103118482977152
1.98297703266144,-10.9018354415894,-0.0103629846125841,0.102876555174589
2.2389976978302,-10.9028072357178,-0.010000909678638,0.10260821506381
2.49485564231873,-10.9036912918091,-0.00870212074369192,0.102394096553326
2.7510712146759,-10.9046831130981,-0.00877345353364944,0.102183237671852
-2.10071778297424,-11.13805103302,-0.0271380748599768,0.10426926985383
-1.84706830978394,-11.1383934020996,-0.0194249246269464,0.104123543947935
-1.59260976314545,-11.1392107009888,-0.0152108343318105,0.104020301252604
-1.3380264043808,-11.1399269104004,-0.0113697359338403,0.103887468576431
-1.08290362358093,-11.140926361084,-0.00977307930588722,0.103756308555603
-0.827475905418396,-11.1418991088867,-0.00935647543519735,0.103655587881804
-0.572077095508575,-11.1427841186523,-0.00859096739441156,0.103506036102772
-0.316565245389938,-11.1436815261841,-0.00811902899295092,0.103358265012503
-0.0611034333705902,-11.1444578170776,-0.0072063859552145,0.103206969797611
0.194449588656425,-11.1454219818115,-0.00647311983630061,0.103048380464315
0.450189173221588,-11.1464033126831,-0.00636459141969681,0.102893244475126
0.706437945365906,-11.1473836898804,-0.0083388676866889,0.102735370397568
0.962939023971558,-11.1483430862427,-0.0112243657931685,0.10253544524312
1.21901941299438,-11.149468421936,-0.0119662508368492,0.102309945970774
1.47492349147797,-11.1506195068359,-0.0116889635100961,0.102087996900082
1.73086869716644,-11.1516990661621,-0.0113825304433703,0.101882319897413
1.98696291446686,-11.1526966094971,-0.0115315737202764,0.101693049073219
2.24265456199646,-11.1535673141479,-0.00967136956751347,0.101476561278105
2.49868965148926,-11.1545715332031,-0.00912031903862953,0.101296376436949
2.75473284721375,-11.155535697937,-0.00839394982904196,0.101100832223892
-2.09812307357788,-11.3883304595947,-0.0224936343729496,0.103037904947996
-1.84445118904114,-11.3884325027466,-0.0148803992196918,0.10290390253067
-1.58969938755035,-11.3892574310303,-0.0119934836402535,0.102773670107126
-1.33505845069885,-11.3898448944092,-0.00840083509683609,0.102645486593246
-1.07982778549194,-11.39098072052,-0.00726143410429358,0.102508086711168
-0.824227154254913,-11.3921947479248,-0.00758932298049331,0.102362856268883
-0.568337380886078,-11.3933448791504,-0.0090184835717082,0.102230213582516
-0.312309741973877,-11.3944330215454,-0.0108511801809072,0.10213079303503
-0.0563565269112587,-11.395471572876,-0.0121167069301009,0.102048192173243
0.199240908026695,-11.3964672088623,-0.0115392794832587,0.101922452449799
0.454534381628036,-11.397310256958,-0.0093743521720171,0.101771421730518
0.71033775806427,-11.3980951309204,-0.00930894073098898,0.101591311395168
0.96660304069519,-11.3990211486816,-0.0110969124361873,0.101367816329002
1.22291171550751,-11.4002962112427,-0.0128233209252357,0.101083263754845
1.47903728485107,-11.401538848877,-0.013500215485692,0.100803028792143
1.73506569862366,-11.4026479721069,-0.0135280359536409,0.100603070110083
1.9911777973175,-11.4036979675293,-0.013715747743845,0.100481986999512
2.24703216552734,-11.4046411514282,-0.0125388838350773,0.100380502641201
2.5033872127533,-11.4057903289795,-0.0133657334372401,0.100223187357187
2.75956392288208,-11.4068431854248,-0.013184517621994,0.100075203925371
-2.09564065933228,-11.6386308670044,-0.0173270739614964,0.101861484348774
-1.84171795845032,-11.6386785507202,-0.0108547993004322,0.101777587085962
-1.58676838874817,-11.6395025253296,-0.00885529257357121,0.101655390113592
-1.33216285705566,-11.640022277832,-0.00507844937965274,0.10152168571949
-1.07664144039154,-11.64124584198,-0.00523984478786588,0.101343799382448
-0.820556104183197,-11.6426200866699,-0.00774788903072476,0.101132746785879
-0.564261138439178,-11.6439456939697,-0.0109824705868959,0.101015150547028
-0.308048069477081,-11.6451549530029,-0.0136140743270516,0.100920956581831
-0.0518901385366917,-11.6464004516602,-0.0157562457025051,0.100831773132086
0.203845784068108,-11.6474666595459,-0.0157617125660181,0.100711766630411
0.458978623151779,-11.64821434021,-0.0128339389339089,0.100564379245043
0.714550793170929,-11.6489868164062,-0.0116824600845575,0.100391361862421
0.97067779302597,-11.6499242782593,-0.0128069259226322,0.100181572139263
1.22684872150421,-11.6511011123657,-0.0138837425038218,0.0999704375863075
1.48274827003479,-11.6522197723389,-0.0135180167853832,0.0996992252767086
1.73870742321014,-11.653356552124,-0.0131996218115091,0.0994784273207188
1.99508583545685,-11.65452003479,-0.0145395305007696,0.0993415601551533
2.25135922431946,-11.6555891036987,-0.015191369690001,0.099225465208292
2.50790810585022,-11.6568231582642,-0.0168386176228523,0.0991010963916779
2.76441287994385,-11.6580171585083,-0.0180677864700556,0.0989367365837097
-2.09254097938538,-11.8889751434326,-0.0150160938501358,0.100700490176678
-1.83810925483704,-11.8892583847046,-0.0108486404642463,0.100668329745531
-1.58303105831146,-11.8900566101074,-0.0094110295176506,0.100531697273254
-1.3281455039978,-11.8907785415649,-0.00687168072909117,0.100421406328678
-1.07251417636871,-11.892071723938,-0.00749498745426536,0.100232917815447
-0.816451251506805,-11.8934288024902,-0.00986326485872269,0.100027028471231
-0.560160279273987,-11.8946952819824,-0.0130465673282743,0.0998957902193069
-0.303750455379486,-11.8959217071533,-0.0165377389639616,0.0998135581612587
-0.0475367829203606,-11.8971509933472,-0.0188957080245018,0.0996761471033096
0.2082389742136,-11.8982677459717,-0.0190383717417717,0.0994934551417828
0.463413089513779,-11.8990440368652,-0.0162554960697889,0.0992962829768658
0.719015657901764,-11.8999938964844,-0.0151870073750615,0.0991147644817829
0.974957585334778,-11.9008979797363,-0.0154375750571489,0.0989427492022514
1.23062562942505,-11.9018182754517,-0.0142293740063906,0.0987808033823967
1.48599255084991,-11.9026985168457,-0.0114532792940736,0.0985545068979263
1.74174833297729,-11.9038553237915,-0.0101911751553416,0.0983783006668091
1.99817335605621,-11.9050331115723,-0.0117120984941721,0.098241813480854
2.25477409362793,-11.9061784744263,-0.0137952519580722,0.0980519950389862
2.5114369392395,-11.9073858261108,-0.015923373401165,0.0979508124291897
2.76817870140076,-11.9086637496948,-0.0181690081954002,0.0977026671171188
-2.08937883377075,-12.1390895843506,-0.0130134969949722,0.0995701476931572
-1.83429419994354,-12.1398305892944,-0.0117973769083619,0.0995387695729733
-1.57910227775574,-12.1407155990601,-0.0108415856957436,0.0993752554059029
-1.32394361495972,-12.1416044235229,-0.00950898323208094,0.0992871411144733
-1.06838607788086,-12.1428213119507,-0.00976082868874073,0.099126759916544
-0.812479376792908,-12.1441345214844,-0.0113779474049807,0.0989626012742519
-0.55635017156601,-12.1453647613525,-0.0137875340878963,0.0988287776708603
-0.299716889858246,-12.1466932296753,-0.018255602568388,0.0987344272434711
-0.0435835085809231,-12.1477746963501,-0.020223256200552,0.0985497497022152
0.211992338299751,-12.1487798690796,-0.0194302946329117,0.0983037687838078
0.467166751623154,-12.1496353149414,-0.0166083350777626,0.0980147831141949
0.722853660583496,-12.150707244873,-0.0158777814358473,0.0977727808058262
0.978833973407745,-12.1516637802124,-0.0162630565464497,0.0976049937307835
1.23420870304108,-12.1524791717529,-0.0137064773589373,0.0974805317819118
1.48938524723053,-12.1533136367798,-0.0100454371422529,0.0973462015390396
1.74506211280823,-12.1544504165649,-0.00840094592422247,0.0972601026296616
2.00134229660034,-12.1555461883545,-0.00924983154982328,0.0971515811979771
2.25783514976501,-12.1566314697266,-0.0108283255249262,0.0969599932432175
2.51453018188477,-12.1578149795532,-0.0130748981609941,0.0968080833554268
2.77131175994873,-12.1590671539307,-0.015473859384656,0.0964706055819988
-2.08678030967712,-12.3888483047485,-0.00842959620058537,0.0985018163919449
-1.83116006851196,-12.390043258667,-0.00962771382182837,0.0983931608498096
-1.57586014270782,-12.3909959793091,-0.00913542881608009,0.0982131212949753
-1.32023656368256,-12.3921737670898,-0.00988934934139252,0.0980853401124477
-1.06439161300659,-12.3934898376465,-0.0114188082516193,0.0979956388473511
-0.808269679546356,-12.394889831543,-0.0139788025990129,0.0979009903967381
-0.552131175994873,-12.3962249755859,-0.0163835342973471,0.0977759920060635
-0.295709937810898,-12.3974647521973,-0.0198521558195353,0.0976004078984261
-0.0399561077356339,-12.3982372283936,-0.0200797952711582,0.0973271355032921
0.215498372912407,-12.3992013931274,-0.0187056250870228,0.0970509760081768
0.470702707767487,-12.4001493453979,-0.0159799568355083,0.0967747904360294
0.726274192333221,-12.4012842178345,-0.0146897882223129,0.0964650847017765
0.982240319252014,-12.4023294448853,-0.0149732427671552,0.0962600857019424
1.23760139942169,-12.403226852417,-0.0123180104419589,0.0961855985224247
1.49277102947235,-12.4040622711182,-0.00859554763883352,0.0961247086524963
1.74839067459106,-12.4050951004028,-0.00667248852550983,0.096089743077755
2.00461840629578,-12.4061803817749,-0.00725839426741004,0.096006415784359
2.26117038726807,-12.4073181152344,-0.0090675400570035,0.0957885682582855
2.51747798919678,-12.4082984924316,-0.00957290641963482,0.0956678614020348
2.77419757843018,-12.4094352722168,-0.0116798533126712,0.0952832400798798
-2.08407974243164,-12.6386461257935,-0.00431555975228548,0.0974597446620464
-1.8282812833786,-12.6400566101074,-0.00629405444487929,0.0972227528691292
-1.57268738746643,-12.6412143707275,-0.00711471447721124,0.0970153398811817
-1.31700801849365,-12.6424322128296,-0.00809305813163519,0.0968070663511753
-1.06082701683044,-12.6438264846802,-0.011130154132843,0.0967066213488579
-0.804211020469666,-12.6454620361328,-0.0159029606729746,0.0966668277978897
-0.548084378242493,-12.6468334197998,-0.0182128343731165,0.0965726301074028
-0.292246878147125,-12.6479196548462,-0.0189920999109745,0.0963514260947704
-0.0368303395807743,-12.6486835479736,-0.0176523886620998,0.0960663035511971
0.218781650066376,-12.6497001647949,-0.0169619470834732,0.0958309732377529
0.474119395017624,-12.6506948471069,-0.0148082477971911,0.0955731309950352
0.729546070098877,-12.6516904830933,-0.0128432437777519,0.0952593870460987
0.985308587551117,-12.6527729034424,-0.0121745206415653,0.0950106270611286
1.24074733257294,-12.6537418365479,-0.00983620621263981,0.0950032770633698
1.49608290195465,-12.6546821594238,-0.0068241311237216,0.0949804298579693
1.75171720981598,-12.6556882858276,-0.00493979174643755,0.0949125401675701
2.0080451965332,-12.6569137573242,-0.00593356462195516,0.09483627602458
2.26468229293823,-12.6580581665039,-0.00809427443891764,0.0946107171475887
2.52079844474792,-12.6590089797974,-0.00771632790565491,0.0944867171347141
2.77734613418579,-12.6599798202515,-0.00904209725558758,0.0941027849912643
-2.08066487312317,-12.8889446258545,-0.00346807297319174,0.0963426604866982
-1.82493090629578,-12.8903293609619,-0.00511991372331977,0.0960058644413948
-1.56908893585205,-12.8916339874268,-0.0070412321947515,0.0958056300878525
-1.31351041793823,-12.8927507400513,-0.00753033487126231,0.0955456681549549
-1.05738735198975,-12.8940935134888,-0.0102738691493869,0.095416147261858
-0.800998091697693,-12.8956708908081,-0.0139800868928432,0.0953512601554394
-0.544862568378448,-12.8970384597778,-0.0163017902523279,0.0952894017100334
-0.2891586124897,-12.8981332778931,-0.0164412800222635,0.0951000303030014
-0.03381622210145,-12.8991069793701,-0.0147182866930962,0.094858817756176
0.221826866269112,-12.9001665115356,-0.0141386296600103,0.0946273542940617
0.477230876684189,-12.9011459350586,-0.0122597385197878,0.0943607054650784
0.7326580286026,-12.9020538330078,-0.0102767255157232,0.0940762721002102
0.988497078418732,-12.9031610488892,-0.00992402713745832,0.0938608981668949
1.24430119991302,-12.9043655395508,-0.00918506924062967,0.0938598625361919
1.50009441375732,-12.905499458313,-0.00818485673516989,0.0938058830797672
1.75599074363708,-12.9066400527954,-0.00743084168061614,0.0937024466693401
2.01209378242493,-12.9078454971313,-0.00738019961863756,0.0935732759535313
2.26854801177979,-12.9089097976685,-0.00869375839829445,0.0933480896055698
2.52497959136963,-12.9101514816284,-0.00966609269380569,0.0932590700685978
2.7811598777771,-12.910961151123,-0.00933281797915697,0.092924028635025
-2.07683992385864,-13.1396713256836,-0.00448555266484618,0.095156691968441
-1.8210985660553,-13.1409978866577,-0.00614022416993976,0.0948068164288998
-1.56527853012085,-13.1422824859619,-0.00792675651609898,0.0945701710879803
-1.30972683429718,-13.1433124542236,-0.00826428644359112,0.0943094715476036
-1.05388104915619,-13.1445579528809,-0.00970676820725203,0.094178345054388
-0.797915756702423,-13.1459274291992,-0.0114546380937099,0.0941116884350777
-0.541855156421661,-13.1473293304443,-0.0134026566520333,0.0940489172935486
-0.285915732383728,-13.1485900878906,-0.0145762143656611,0.0938790440559387
-0.0303134098649025,-13.14967918396,-0.0139986630529165,0.0936439745128155
0.225204512476921,-13.150764465332,-0.0128160770982504,0.0933939926326275
0.480454236268997,-13.1516723632812,-0.0102127445861697,0.0931303948163986
0.736017763614655,-13.1526565551758,-0.00881204009056091,0.0929251275956631
0.992322325706482,-13.1540470123291,-0.010509449057281,0.092760693281889
1.24884045124054,-13.1555042266846,-0.0129353199154139,0.0927020162343979
1.50480616092682,-13.1566076278687,-0.0126734059303999,0.0925912894308567
1.76074004173279,-13.1576862335205,-0.012051104567945,0.0924308821558952
2.01699829101562,-13.1590890884399,-0.0126378936693072,0.0922754630446434
2.2731773853302,-13.1602725982666,-0.0126661285758018,0.0920960195362568
2.52940607070923,-13.1615123748779,-0.0126917967572808,0.0919770151376724
2.78508591651917,-13.1622133255005,-0.0100998049601912,0.0917169116437435
-2.0728325843811,-13.390531539917,-0.00633685430511832,0.0939265452325344
-1.81687033176422,-13.391942024231,-0.00896810926496983,0.0936413779854774
-1.56124019622803,-13.3931255340576,-0.00984756741672754,0.09338304027915
-1.30569005012512,-13.3941917419434,-0.0101374434307218,0.0931809954345226
-1.05007040500641,-13.3953199386597,-0.0105136344209313,0.0930357351899147
-0.794536173343658,-13.3965148925781,-0.0102643128484488,0.0929244682192802
-0.538639545440674,-13.3978900909424,-0.0114333918318152,0.0927927047014236
-0.282759308815002,-13.399115562439,-0.0123107358813286,0.0925882607698441
-0.0270812511444092,-13.4002799987793,-0.0120434295386076,0.0923158749938011
0.228601485490799,-13.4014654159546,-0.0115727381780744,0.0920758619904518
0.48409965634346,-13.4024362564087,-0.0100612258538604,0.0918820239603519
0.740039527416229,-13.4036226272583,-0.0103150987997651,0.0918093100190163
0.996615588665009,-13.4050855636597,-0.0131973214447498,0.0916594229638577
1.25338745117188,-13.4065999984741,-0.0167246274650097,0.0915157049894333
1.50944590568542,-13.4076890945435,-0.0168407801538706,0.0913142524659634
1.76518082618713,-13.4087467193604,-0.0152849722653627,0.0910819657146931
2.02111911773682,-13.410080909729,-0.0144035695120692,0.090908233076334
2.27672719955444,-13.4111957550049,-0.0118471290916204,0.090798694640398
2.53297781944275,-13.412576675415,-0.0119278328493237,0.0906544644385576
2.78824663162231,-13.4132556915283,-0.00747535843402147,0.0904365200549364
-2.06878590583801,-13.6412391662598,-0.00838421937078238,0.0926719754934311
-1.81250333786011,-13.64284324646,-0.0124416640028358,0.0924689508974552
-1.55693233013153,-13.644024848938,-0.0130072636529803,0.092214934527874
-1.30133891105652,-13.6451759338379,-0.0134489238262177,0.0920349843800068
-1.04587256908417,-13.6462659835815,-0.0130836050957441,0.0918449200689793
-0.790502667427063,-13.6473455429077,-0.0120521048083901,0.0916699580848217
-0.534753620624542,-13.6486253738403,-0.0125172147527337,0.0915166959166527
-0.279325515031815,-13.6496953964233,-0.0113072516396642,0.0913257896900177
-0.0237941611558199,-13.650821685791,-0.01034374255687,0.091056976467371
0.232187703251839,-13.6522006988525,-0.01118731405586,0.0908174403011799
0.488310784101486,-13.6536331176758,-0.0124401869252324,0.0906615480780602
0.744741022586823,-13.6550483703613,-0.0148575333878398,0.0905283652245998
1.00114417076111,-13.6562547683716,-0.0169378351420164,0.0903485827147961
1.25738191604614,-13.6575021743774,-0.0180382877588272,0.0901888161897659
1.51308977603912,-13.6584367752075,-0.0165539029985666,0.0899898000061512
1.76861214637756,-13.659441947937,-0.0140162827447057,0.0897842086851597
2.02448153495789,-13.6607618331909,-0.0127966953441501,0.0896132588386536
2.28004097938538,-13.6619749069214,-0.0099846487864852,0.0894940495491028
2.53590869903564,-13.6632385253906,-0.00833701714873314,0.089338282123208
2.7909791469574,-13.6639680862427,-0.00297127361409366,0.0891182068735361
-2.06540513038635,-13.8915491104126,-0.0073792589828372,0.0914139114320278
-1.80890345573425,-13.893328666687,-0.0124033987522125,0.0912291593849659
-1.55328035354614,-13.8946046829224,-0.0131679438054562,0.0909623131155968
-1.29751479625702,-13.8959197998047,-0.0143544226884842,0.0907550863921642
-1.04208302497864,-13.8970651626587,-0.0137903206050396,0.0905299708247185
-0.786638975143433,-13.8981218338013,-0.0130659071728587,0.0903572849929333
-0.530748963356018,-13.8993864059448,-0.0141420606523752,0.0902181975543499
-0.275434017181396,-13.900408744812,-0.0123830828815699,0.0900905914604664
-0.0201785676181316,-13.9014854431152,-0.0101309893652797,0.0898858960717916
0.235887855291367,-13.9030246734619,-0.0113126393407583,0.089658772572875
0.492432475090027,-13.9047250747681,-0.0144223906099796,0.0894111506640911
0.749159693717957,-13.9062080383301,-0.0181419122964144,0.089212941005826
1.00535595417023,-13.9072923660278,-0.0192580372095108,0.0889897439628839
1.26092088222504,-13.9081239700317,-0.0173218231648207,0.0888344328850508
1.51630365848541,-13.9089498519897,-0.0143522471189499,0.0886374413967133
1.77204179763794,-13.9101314544678,-0.0127403251826763,0.0884573590010405
2.02815556526184,-13.911527633667,-0.0125798210501671,0.0883291903883219
2.28392100334167,-13.9128074645996,-0.0106513742357492,0.0882012695074081
2.53962922096252,-13.9140729904175,-0.00825806614011526,0.0880776885896921
2.79459571838379,-13.914867401123,-0.00238995580002666,0.087871041148901
-2.06277894973755,-14.1414651870728,-0.00291140028275549,0.0902414843440056
-1.80627679824829,-14.1433029174805,-0.00790916755795479,0.0899963155388832
-1.55041563510895,-14.1447401046753,-0.00973452720791101,0.0897119995206594
-1.29430615901947,-14.14626121521,-0.0124605419114232,0.0894575379788876
-1.0384966135025,-14.1476783752441,-0.013579573482275,0.0891960225999355
-0.782534718513489,-14.1489524841309,-0.01517862547189,0.0890318043529987
-0.526401519775391,-14.1502637863159,-0.0173260979354382,0.0889235269278288
-0.270979285240173,-14.1513109207153,-0.01601542532444,0.0888711269944906
-0.0158137530088425,-14.1524095535278,-0.0133107649162412,0.0887379609048367
0.239843621850014,-14.1537265777588,-0.0126114711165428,0.0884993672370911
0.496255248785019,-14.1553544998169,-0.0150881791487336,0.0881699565798044
0.75282496213913,-14.156852722168,-0.0180586669594049,0.0879084449261427
1.00896668434143,-14.1580266952515,-0.0188879892230034,0.0876742862164974
1.2644624710083,-14.1588249206543,-0.0166109632700682,0.0875217411667109
1.51991891860962,-14.1597671508789,-0.0139317093417048,0.0873622857034206
1.77606916427612,-14.1611061096191,-0.0141257587820292,0.0871951151639223
2.0326042175293,-14.1626138687134,-0.0158087238669395,0.0870705880224705
2.28839778900146,-14.1639909744263,-0.0139583125710487,0.0869839545339346
2.54410719871521,-14.1651659011841,-0.011538035236299,0.0868639163672924
2.79884171485901,-14.1659488677979,-0.00459879217669368,0.0867191515862942
-2.05972361564636,-14.3914031982422,-0.000431647262303159,0.0891591664403677
-1.80345046520233,-14.3931903839111,-0.00434640608727932,0.0888317264616489
-1.54742455482483,-14.3948154449463,-0.00688921427354217,0.0885182432830334
-1.29126000404358,-14.3964939117432,-0.00982845108956099,0.0881912373006344
-1.03499054908752,-14.3981313705444,-0.0130139235407114,0.0879623331129551
-0.778624713420868,-14.3997220993042,-0.0164060182869434,0.0878047253936529
-0.522348344326019,-14.4012069702148,-0.0191580969840288,0.0876483879983425
-0.266832500696182,-14.4022951126099,-0.0182342324405909,0.0876018591225147
-0.0115597145631909,-14.4032802581787,-0.0159906931221485,0.087509473785758
0.24401718378067,-14.4044618606567,-0.0148985721170902,0.0872960165143013
0.500003576278687,-14.4058485031128,-0.0154283503070474,0.0869879070669413
0.75614869594574,-14.407341003418,-0.0164426304399967,0.086696669459343
1.01223695278168,-14.4086809158325,-0.016986072063446,0.0864529106765985
1.26794040203094,-14.4097061157227,-0.0155971283093095,0.0862786807119846
1.52372097969055,-14.4108037948608,-0.0143330311402678,0.0861513912677765
1.78013491630554,-14.4121570587158,-0.015677047893405,0.085998272523284
2.03668999671936,-14.4136915206909,-0.0174120627343655,0.0858897231519222
2.29227614402771,-14.4148416519165,-0.014617083594203,0.0858087427914143
2.5480420589447,-14.4160270690918,-0.0124145327135921,0.0856611859053373
2.80247044563293,-14.4166851043701,-0.00408692611381412,0.0855933055281639
-2.0555202960968,-14.6418762207031,-0.0032270448282361,0.0879940092563629
-1.79960000514984,-14.6435222625732,-0.00548190856352448,0.0876228008419275
-1.54393756389618,-14.6450347900391,-0.00632165651768446,0.0872805081307888
-1.28791165351868,-14.6467790603638,-0.00858392100781202,0.0869400147348642
-1.0316002368927,-14.6485357284546,-0.0119208935648203,0.0867251940071583
-0.775046408176422,-14.6502695083618,-0.0161319151520729,0.0865535158663988
-0.51870059967041,-14.6519384384155,-0.0191530678421259,0.0863839760422707
-0.263144075870514,-14.6531715393066,-0.0183690916746855,0.0863306988030672
-0.00777284428477287,-14.654125213623,-0.0165437385439873,0.0862311571836472
0.247949182987213,-14.6552724838257,-0.0160806924104691,0.0860400944948196
0.503706157207489,-14.6565256118774,-0.0155451847240329,0.0858010165393353
0.759603679180145,-14.6579809188843,-0.0154077997431159,0.0855510123074055
1.01570069789886,-14.6593904495239,-0.0159544348716736,0.0852875523269176
1.2715255022049,-14.6605319976807,-0.0150722907856107,0.0850825104862452
1.5275377035141,-14.6617670059204,-0.0148073947057128,0.0850239600986242
1.7839343547821,-14.663158416748,-0.0160363707691431,0.0849021952599287
2.04039311408997,-14.6646633148193,-0.0173082500696182,0.0847363471984863
2.29568219184875,-14.665584564209,-0.0131716569885612,0.0845996253192425
2.55131483078003,-14.6666688919067,-0.0103536015376449,0.0844810027629137
2.80575656890869,-14.6672649383545,-0.00206234492361546,0.0844567436724901
-2.05106449127197,-14.8928384780884,-0.0071489131078124,0.0866902880370617
-1.7954910993576,-14.8942852020264,-0.00777566945180297,0.0863199289888144
-1.5399409532547,-14.8957605361938,-0.00806178152561188,0.0859959423542023
-1.2843976020813,-14.8972930908203,-0.00808280147612095,0.0856793969869614
-1.02864253520966,-14.8988008499146,-0.0088522108271718,0.0854655019938946
-0.772300720214844,-14.9004211425781,-0.0120737822726369,0.0853021796792746
-0.515672981739044,-14.9022445678711,-0.0163469910621643,0.0851792953908443
-0.259556442499161,-14.9038028717041,-0.0180654618889093,0.0850902255624533
-0.00398126104846597,-14.9049310684204,-0.0171220563352108,0.0849411822855473
0.251603543758392,-14.9061107635498,-0.0159977301955223,0.0847640745341778
0.50724595785141,-14.9073238372803,-0.0149130439385772,0.0845782328397036
0.763220906257629,-14.9087944030762,-0.0150932027027011,0.0843946635723114
1.01933169364929,-14.9101552963257,-0.0156742446124554,0.0841594394296408
1.27514374256134,-14.9112977981567,-0.0147017268463969,0.0839736945927143
1.53122067451477,-14.9125833511353,-0.0146924275904894,0.0838902145624161
1.7875634431839,-14.9140157699585,-0.0156431905925274,0.0837677139788866
2.04391002655029,-14.915509223938,-0.0163813307881355,0.0835752431303263
2.29933643341064,-14.9164447784424,-0.0128273805603385,0.0834444779902697
2.55485463142395,-14.917441368103,-0.0094738882035017,0.083356823772192
2.80979800224304,-14.9181957244873,-0.00337282544933259,0.0833296924829483
-2.04738688468933,-15.1437730789185,-0.00746748223900795,0.0853773206472397
-1.792027592659,-15.1450624465942,-0.00708283809944987,0.0850291159003973
-1.53668880462646,-15.1464109420776,-0.00637232419103384,0.0847575832158327
-1.28150832653046,-15.147629737854,-0.00471956143155694,0.0844449065625668
-1.02619552612305,-15.1488723754883,-0.00345356203615665,0.084215123206377
-0.769914865493774,-15.1504278182983,-0.0063784564845264,0.0840486399829388
-0.512714326381683,-15.1523876190186,-0.0132405580952764,0.0839257910847664
-0.255913883447647,-15.1541996002197,-0.0180340074002743,0.0838173888623714
-0.000274482008535415,-15.1555967330933,-0.0173265468329191,0.0836173631250858
0.255064100027084,-15.1568374633789,-0.0150431394577026,0.0834608040750027
0.510662317276001,-15.1580390930176,-0.0137278363108635,0.0833606775850058
0.766884863376617,-15.1595048904419,-0.0149999028071761,0.0832726042717695
1.02299022674561,-15.1607732772827,-0.0155318891629577,0.083104532212019
1.27866697311401,-15.1618690490723,-0.0139209069311619,0.0829022098332644
1.53470206260681,-15.1631727218628,-0.0136901093646884,0.0827429331839085
1.7910088300705,-15.164665222168,-0.0144431050866842,0.0825629029422998
2.04733085632324,-15.1661939620972,-0.0150381904095411,0.0824084617197514
2.3031792640686,-15.1674194335938,-0.0133176576346159,0.0823222976177931
2.55890917778015,-15.1685924530029,-0.0108596533536911,0.0822298936545849
2.81444573402405,-15.1696491241455,-0.00734089268371463,0.0821823664009571
-2.04409050941467,-15.394344329834,-0.00605007167905569,0.0841438639909029
-1.78879499435425,-15.3956251144409,-0.00534108188003302,0.0838472135365009
-1.53341042995453,-15.3969278335571,-0.00481592398136854,0.0835671946406364
-1.2783088684082,-15.3981189727783,-0.00277223787270486,0.0832807756960392
-1.02309906482697,-15.3993368148804,-0.00100534479133785,0.0830062068998814
-0.76701545715332,-15.4008331298828,-0.0030036314856261,0.0828334204852581
-0.509683549404144,-15.4028329849243,-0.0104374941438437,0.0827085748314857
-0.252653062343597,-15.4047040939331,-0.0162495356053114,0.0825893077999353
0.00330683612264693,-15.4063339233398,-0.016953120008111,0.0823352560400963
0.258704870939255,-15.4075880050659,-0.0149067109450698,0.0822069421410561
0.514713823795319,-15.4089841842651,-0.0154063189402223,0.0821421463042498
0.771070003509521,-15.4104204177856,-0.0172501765191555,0.0820800699293613
1.02706587314606,-15.4116506576538,-0.0172529295086861,0.0819471273571253
1.28242707252502,-15.4126853942871,-0.01418721023947,0.0817517451941967
1.53817391395569,-15.4139013290405,-0.0126328961923718,0.0815627761185169
1.79458630084991,-15.415454864502,-0.0138248922303319,0.0813044104725122
2.05101346969604,-15.4170999526978,-0.0148486457765102,0.0811724942177534
2.30707406997681,-15.4185762405396,-0.0140239559113979,0.0810909755527973
2.5629096031189,-15.4198207855225,-0.0119973933324218,0.0809891950339079
2.81868410110474,-15.421070098877,-0.00948730949312449,0.0809222795069218
-2.04062056541443,-15.6446571350098,-0.00546211563050747,0.0828981082886457
-1.78525447845459,-15.6460647583008,-0.00503529096022248,0.0826715715229511
-1.52980852127075,-15.647479057312,-0.00475097680464387,0.0824162345379591
-1.27458715438843,-15.6488065719604,-0.00321375392377377,0.0821624081581831
-1.01923680305481,-15.6501264572144,-0.00204959651455283,0.0818964075297117
-0.76325124502182,-15.6516056060791,-0.00356396776624024,0.0816777050495148
-0.506226360797882,-15.6535778045654,-0.00956026092171669,0.0815318282693624
-0.249299913644791,-15.6553964614868,-0.0148704247549176,0.081414857879281
0.00681217107921839,-15.6570491790771,-0.0162355098873377,0.081199998036027
0.26263239979744,-15.6584405899048,-0.0160661935806274,0.08107078820467
0.519113540649414,-15.6600284576416,-0.0186572000384331,0.0809324681758881
0.775513231754303,-15.6615505218506,-0.0206510126590729,0.0808116793632507
1.03132903575897,-15.6627740859985,-0.0198004953563213,0.0806525852531195
1.28647243976593,-15.6638584136963,-0.015709200873971,0.0804906859993935
1.54188919067383,-15.6650352478027,-0.0126363905146718,0.0803331024944782
1.7980580329895,-15.6664428710938,-0.0127138430252671,0.0800632014870644
2.05454397201538,-15.668004989624,-0.013978292234242,0.0798629559576511
2.31066393852234,-15.6694917678833,-0.0133872255682945,0.0798034258186817
2.5667450428009,-15.6709022521973,-0.0124107580631971,0.079668128862977
2.82237124443054,-15.6721267700195,-0.00920849572867155,0.0795931126922369
-2.03726410865784,-15.8949909210205,-0.00434626825153828,0.0815775189548731
-1.7817314863205,-15.8965167999268,-0.00464837159961462,0.0814068578183651
-1.52621603012085,-15.8980178833008,-0.00464427657425404,0.0811637584120035
-1.27081227302551,-15.8995084762573,-0.00389920896850526,0.080948181450367
-1.01514542102814,-15.9009971618652,-0.00413986574858427,0.080704053863883
-0.758938491344452,-15.9025621414185,-0.006624695379287,0.080532256513834
-0.502197861671448,-15.9044952392578,-0.0112836305052042,0.080423129722476
-0.245777100324631,-15.9062404632568,-0.0142530407756567,0.0803078711032867
0.010169742628932,-15.9077816009521,-0.0148429414257407,0.0801190361380577
0.266272515058517,-15.9091663360596,-0.015929788351059,0.0799467992037535
0.522944390773773,-15.9108638763428,-0.0193442329764366,0.079753965139389
0.779376089572906,-15.9125299453735,-0.0214357767254114,0.0795791056007147
1.03516030311584,-15.9138822555542,-0.0203960947692394,0.0794244948774576
1.29041314125061,-15.9150743484497,-0.0167550574988127,0.0792517904192209
1.54568338394165,-15.9161977767944,-0.0129919881001115,0.0790670141577721
1.80181205272675,-15.9175510406494,-0.0128608979284763,0.0788129158318043
2.05852913856506,-15.919116973877,-0.0151284635066986,0.0786398034542799
2.31471943855286,-15.9205360412598,-0.0148231061175466,0.0785486605018377
2.57097148895264,-15.9220066070557,-0.0145698096603155,0.0784521829336882
2.82639169692993,-15.9231176376343,-0.0104223163798451,0.0783952251076698
-2.03428030014038,-16.1453952789307,-0.00149716867599636,0.0802759267389774
-1.77852928638458,-16.1469802856445,-0.00277660903520882,0.0801166985183954
-1.5228488445282,-16.1485805511475,-0.00349545897915959,0.0798945520073175
-1.26719129085541,-16.15016746521,-0.00387968053109944,0.0796698518097401
-1.01135635375977,-16.1517562866211,-0.00485075497999787,0.0794759020209312
-0.754903614521027,-16.1534805297852,-0.0084144975990057,0.0793510545045137
-0.497830003499985,-16.1555824279785,-0.0145457200706005,0.0792697072029114
-0.241678476333618,-16.1571979522705,-0.0162569005042315,0.0791638456285
0.0138337146490812,-16.1585464477539,-0.0148449148982763,0.0790208168327808
0.269566506147385,-16.1597709655762,-0.0142298070713878,0.0788264181464911
0.526178598403931,-16.161548614502,-0.0173361953347921,0.0786274615675211
0.782631516456604,-16.1632404327393,-0.0194929018616676,0.0784382559359074
1.03845179080963,-16.1646289825439,-0.0185844097286463,0.0783118680119514
1.29392445087433,-16.1658878326416,-0.0159002617001534,0.0780673585832119
1.54936194419861,-16.167085647583,-0.0128524471074343,0.077828723937273
1.80566132068634,-16.1685180664062,-0.0134484581649303,0.0775841735303402
2.06270408630371,-16.1702671051025,-0.0171269606798887,0.0774664226919413
2.31915736198425,-16.1717967987061,-0.0179516095668077,0.0774416662752628
2.57576990127563,-16.1733646392822,-0.0192610658705235,0.0774227008223534
2.8312840461731,-16.1744689941406,-0.0154909528791904,0.0774070229381323
-2.03121876716614,-16.3958778381348,0.00099911552388221,0.0790554359555244
-1.77533054351807,-16.3974952697754,-0.000884074019268155,0.0788870435208082
-1.51956617832184,-16.3992004394531,-0.00195151497609913,0.0786954574286938
-1.26367509365082,-16.4009284973145,-0.00336879258975387,0.0784831456840038
-1.00777459144592,-16.4026050567627,-0.00460138544440269,0.0783133413642645
-0.751339435577393,-16.4044017791748,-0.00804440770298243,0.0781727153807878
-0.494289368391037,-16.4064693450928,-0.0140387173742056,0.0780391413718462
-0.238079339265823,-16.4080390930176,-0.0159892756491899,0.0779056679457426
0.0174447204917669,-16.409330368042,-0.0146040618419647,0.0777970869094133
0.272912800312042,-16.4105739593506,-0.0127500696107745,0.0776399299502373
0.529298722743988,-16.4123001098633,-0.0148041686043143,0.0774857383221388
0.785933554172516,-16.4140357971191,-0.0177534017711878,0.0772981941699982
1.04185378551483,-16.4153842926025,-0.0172712318599224,0.0771758612245321
1.29725027084351,-16.4165153503418,-0.0142249166965485,0.0769392903894186
1.55286908149719,-16.4177894592285,-0.0119578531011939,0.076632559299469
1.80938482284546,-16.4194736480713,-0.0134724145755172,0.076381852850318
2.06667113304138,-16.4214668273926,-0.0181889049708843,0.0763027034699917
2.323410987854,-16.4231643676758,-0.0202458910644054,0.0763248167932034
2.58029532432556,-16.4248275756836,-0.0227226205170155,0.0763626489788294
2.83624744415283,-16.4260444641113,-0.0208556838333607,0.0763731971383095
-2.02740001678467,-16.6466426849365,8.24149719846901e-06,0.0778739918023348
-1.77165067195892,-16.6482162475586,-0.00120018399320543,0.0777010731399059
-1.51590514183044,-16.64990234375,-0.00214810646139085,0.0775002557784319
-1.26004827022552,-16.651704788208,-0.00336658488959074,0.0773313753306866
-1.0041606426239,-16.6534805297852,-0.00449702935293317,0.0771694295108318
-0.747951507568359,-16.655252456665,-0.0068725380115211,0.0770280212163925
-0.491272449493408,-16.6571159362793,-0.0111557440832257,0.0767993237823248
-0.234870105981827,-16.6586723327637,-0.0139591880142689,0.0766681488603354
0.0209260955452919,-16.6599922180176,-0.0137837082147598,0.0766135137528181
0.276454597711563,-16.6613578796387,-0.0121621349826455,0.0765174888074398
0.5326988697052,-16.6630191802979,-0.0135470507666469,0.0763207226991653
0.789555728435516,-16.6648387908936,-0.0174646601080894,0.076055858284235
1.04583013057709,-16.6663093566895,-0.0185409355908632,0.0758911184966564
1.30126190185547,-16.667501449585,-0.0156128099188209,0.0756961889564991
1.55675184726715,-16.6687831878662,-0.0127282356843352,0.0754152089357376
1.81316149234772,-16.6706562042236,-0.0137145994231105,0.0751579850912094
2.07029891014099,-16.6726608276367,-0.0177284311503172,0.0750997960567474
2.32721710205078,-16.6744060516357,-0.0205484703183174,0.0750994719564915
2.58395576477051,-16.6760425567627,-0.0223433617502451,0.075115630403161
2.84036421775818,-16.6773586273193,-0.0224699303507805,0.0751242153346539
-2.02280282974243,-16.8977603912354,-0.0045595676638186,0.0766527112573385
-1.7675473690033,-16.8991146087646,-0.00345971528440714,0.0764802787452936
-1.51203525066376,-16.9007148742676,-0.00329892174340785,0.0763004757463932
-1.25636386871338,-16.9024505615234,-0.00363300531171262,0.076207248494029
-1.00041139125824,-16.9043006896973,-0.00502101797610521,0.0760790910571814
-0.744244575500488,-16.9060726165771,-0.00716770952567458,0.0758897848427296
-0.487960547208786,-16.9076652526855,-0.00963296182453632,0.0756143536418676
-0.2317825704813,-16.9090900421143,-0.0113934390246868,0.0754878427833319
0.0244095455855131,-16.9105091094971,-0.0129868322983384,0.0754830129444599
0.280165761709213,-16.9119987487793,-0.0123586012050509,0.0753999929875135
0.536101341247559,-16.9136219024658,-0.0123116010800004,0.0751074403524399
0.792773485183716,-16.9155044555664,-0.0153560061007738,0.0747674219310284
1.04931831359863,-16.9171752929688,-0.0176083091646433,0.0745351649820805
1.30524039268494,-16.9186382293701,-0.0168375018984079,0.0743402000516653
1.56097185611725,-16.9201202392578,-0.014987388625741,0.0741302333772182
1.81716132164001,-16.9219779968262,-0.0149473547935486,0.0739211067557335
2.07381677627563,-16.9237594604492,-0.0167848374694586,0.0738411210477352
2.33056640625,-16.925407409668,-0.0188273172825575,0.0737752262502909
2.58719825744629,-16.9270439147949,-0.0201165266335011,0.073752373456955
2.84369969367981,-16.9283599853516,-0.0206296313554049,0.0737264230847359
-2.01800799369812,-17.1490459442139,-0.010030516423285,0.0753928069025278
-1.76343965530396,-17.1500625610352,-0.00573597010225058,0.0752161145210266
-1.50822401046753,-17.1514320373535,-0.0041894163005054,0.075061984360218
-1.25278878211975,-17.1529941558838,-0.00341578107327223,0.0749885849654675
-0.996588170528412,-17.154935836792,-0.0059030344709754,0.0749044846743345
-0.740094304084778,-17.1569309234619,-0.00949460919946432,0.0747290644794703
-0.483993530273438,-17.158483505249,-0.0110863335430622,0.0744717996567488
-0.228069856762886,-17.1598682403564,-0.0116521362215281,0.0743036400526762
0.028150575235486,-17.1613903045654,-0.0133314896374941,0.074249017983675
0.284031510353088,-17.1629123687744,-0.013234281912446,0.0741242580115795
0.539407432079315,-17.1642971038818,-0.0106322392821312,0.0738706663250923
0.795389175415039,-17.1658687591553,-0.0105465110391378,0.0735545698553324
1.05203413963318,-17.1678009033203,-0.0132049061357975,0.0732820462435484
1.30846869945526,-17.1696186065674,-0.0146905099973083,0.0730630103498697
1.56485605239868,-17.171422958374,-0.0157365575432777,0.0728699620813131
1.82122123241425,-17.173246383667,-0.0164551064372063,0.0726931020617485
2.07777881622314,-17.1749019622803,-0.0178293604403734,0.0725991483777761
2.33416771888733,-17.176399230957,-0.0182356089353561,0.072490094229579
2.59054756164551,-17.1779136657715,-0.0183790773153305,0.0724072586745024
2.84677624702454,-17.1791706085205,-0.0176516771316528,0.0723410956561565
-2.01380658149719,-17.4000778198242,-0.0127721438184381,0.0740879233926535
-1.7597359418869,-17.4008750915527,-0.00615603290498257,0.0739259254187346
-1.50445306301117,-17.4022960662842,-0.00487988814711571,0.0738066211342812
-1.24929463863373,-17.4036102294922,-0.0028186331037432,0.0737104453146458
-0.992793679237366,-17.4056339263916,-0.00664786482229829,0.0736519806087017
-0.736128985881805,-17.4076175689697,-0.010989747941494,0.0734990406781435
-0.480178385972977,-17.4091968536377,-0.0118544930592179,0.0732826553285122
-0.224372759461403,-17.4106636047363,-0.0118383849039674,0.0730717778205872
0.0316523909568787,-17.4123115539551,-0.0125817162916064,0.0729059167206287
0.287387996912003,-17.4137630462646,-0.0117979710921645,0.0727448798716068
0.542635142803192,-17.4150257110596,-0.00859220139682293,0.072556434199214
0.798291921615601,-17.4165344238281,-0.0070104063488543,0.0723219681531191
1.05484771728516,-17.4185485839844,-0.00923217181116343,0.0720738135278225
1.31145906448364,-17.4205284118652,-0.011476163752377,0.0718704666942358
1.56818008422852,-17.4224414825439,-0.0139886140823364,0.0716703403741121
1.82482743263245,-17.4242134094238,-0.0159515161067247,0.0715352483093739
2.08135843276978,-17.4257678985596,-0.0171841289848089,0.071412205696106
2.33744382858276,-17.4271430969238,-0.0162116754800081,0.0712699797004461
2.59374737739563,-17.4285640716553,-0.0159947201609612,0.0711138695478439
2.84968614578247,-17.4297733306885,-0.0139508573338389,0.0710253473371267
-2.01044297218323,-17.6507358551025,-0.0116650247946382,0.072755578905344
-1.7564309835434,-17.6515846252441,-0.00473992526531219,0.0726432893425226
-1.5010701417923,-17.6530475616455,-0.00378990732133389,0.0725588127970695
-1.24589240550995,-17.6543159484863,-0.00179074332118034,0.0724718607962132
-0.989354193210602,-17.6562252044678,-0.00577072845771909,0.0723838098347187
-0.73298054933548,-17.6580219268799,-0.00876253750175238,0.0722596030682325
-0.477051943540573,-17.6597328186035,-0.00948564056307077,0.0720780957490206
-0.22114996612072,-17.661506652832,-0.0098525257781148,0.0718602929264307
0.0348348617553711,-17.6632900238037,-0.0103699387982488,0.0716374237090349
0.29053208231926,-17.6647415161133,-0.00938277132809162,0.0714334305375814
0.546102106571198,-17.6660003662109,-0.00761631596833467,0.0712350122630596
0.801956176757812,-17.6675033569336,-0.00689831702038646,0.071071308106184
1.05830800533295,-17.6694030761719,-0.00817473698407412,0.0708447396755219
1.31474232673645,-17.6713256835938,-0.00959432777017355,0.0706759486347437
1.57139468193054,-17.6732368469238,-0.0117687275633216,0.0705162081867456
1.82805442810059,-17.6749706268311,-0.013763040304184,0.0703707616776228
2.08449482917786,-17.6764755249023,-0.0145642543211579,0.0701862946152687
2.34053683280945,-17.6778411865234,-0.0133722377941012,0.0700387954711914
2.59663486480713,-17.6791515350342,-0.0122196674346924,0.0698510762304068
2.8525242805481,-17.6803894042969,-0.00992867350578308,0.0697463825345039
-2.00736689567566,-17.9012546539307,-0.00923728942871094,0.0714008621871471
-1.75307631492615,-17.9023513793945,-0.00354963471181691,0.0713502801954746
-1.49766635894775,-17.9037914276123,-0.00279733981005847,0.0712856464087963
-1.2422548532486,-17.9052085876465,-0.00183021347038448,0.0712307523936033
-0.986051559448242,-17.9068946838379,-0.00425691669806838,0.0711532104760408
-0.729991674423218,-17.9085960388184,-0.00578740797936916,0.0710614416748285
-0.473799228668213,-17.9105377197266,-0.00767006911337376,0.0709050204604864
-0.217426583170891,-17.9125919342041,-0.0101323807612062,0.0707161352038383
0.0385319963097572,-17.9143695831299,-0.0104967188090086,0.0704778805375099
0.294003248214722,-17.9156932830811,-0.00845953542739153,0.0702421758323908
0.549875199794769,-17.9170608520508,-0.00802311021834612,0.0699842385947704
0.80623471736908,-17.9187164306641,-0.0095484796911478,0.0698068682104349
1.06267297267914,-17.9205532073975,-0.0111834239214659,0.0695948265492916
1.31897330284119,-17.9224224090576,-0.011963402852416,0.0694479085505009
1.57520651817322,-17.9241828918457,-0.0122259827330709,0.0693576280027628
1.8315464258194,-17.9258670806885,-0.0127528691664338,0.0692221280187368
2.08771896362305,-17.9273929595947,-0.0123204104602337,0.068997448310256
2.34377074241638,-17.9287719726562,-0.0111412722617388,0.0687842881307006
2.59978151321411,-17.9301605224609,-0.0095634451135993,0.0686031617224216
2.85583114624023,-17.9315319061279,-0.00794711336493492,0.0684604980051517
-2.00410413742065,-18.1518630981445,-0.00766735104843974,0.0700557148084044
-1.74949681758881,-18.1531715393066,-0.00339590385556221,0.0700380504131317
-1.49405574798584,-18.1545906066895,-0.00275587476789951,0.0699913967400789
-1.23858106136322,-18.1561126708984,-0.00203628186136484,0.0699794190004468
-0.982717156410217,-18.1577014923096,-0.00287694344297051,0.0699624288827181
-0.726680099964142,-18.1594619750977,-0.00426659220829606,0.0699113178998232
-0.470258265733719,-18.1615142822266,-0.0071591273881495,0.0697660148143768
-0.213581323623657,-18.163667678833,-0.0109708989039063,0.0695687616243958
0.0423338077962399,-18.1654472351074,-0.0111016053706408,0.0693129040300846
0.29755711555481,-18.1666965484619,-0.00790826510637999,0.0690511148422956
0.553637742996216,-18.1682052612305,-0.00837472546845675,0.0687869023531675
0.810370683670044,-18.1700439453125,-0.0115416012704372,0.0686196079477668
1.06690299510956,-18.1718502044678,-0.0135678611695766,0.068453261628747
1.3228794336319,-18.1734981536865,-0.0128680700436234,0.0683197267353535
1.57870483398438,-18.175048828125,-0.0112781785428524,0.0682033924385905
1.8349586725235,-18.176664352417,-0.0113932751119137,0.0680354982614517
2.09109830856323,-18.1783428192139,-0.0107690636068583,0.0677885552868247
2.34723854064941,-18.1799602508545,-0.00993397366255522,0.0675341701135039
2.60343265533447,-18.1816120147705,-0.00912071112543344,0.067327824421227
2.85970115661621,-18.1831760406494,-0.00843041390180588,0.0671412469819188
-2.00079011917114,-18.4024429321289,-0.00633988436311483,0.0687155919149518
-1.74595618247986,-18.4038238525391,-0.00307910004630685,0.068707600235939
-1.49046015739441,-18.4053115844727,-0.00265305931679904,0.0687098177149892
-1.2350457906723,-18.4068279266357,-0.00162269931752235,0.0687298132106662
-0.979290127754211,-18.4084892272949,-0.00192579836584628,0.068784985691309
-0.723213911056519,-18.4103775024414,-0.00345104420557618,0.0687757832929492
-0.466836541891098,-18.4123210906982,-0.00611863052472472,0.0686026476323605
-0.210104763507843,-18.414436340332,-0.0101535804569721,0.0683518880978227
0.0458343662321568,-18.4161891937256,-0.0103647680953145,0.068088767118752
0.301058232784271,-18.4175415039062,-0.00713226851075888,0.0678277406841516
0.557107329368591,-18.4191627502441,-0.0074127777479589,0.0675963284447789
0.813590347766876,-18.4209632873535,-0.0094195082783699,0.0674064988270402
1.07017290592194,-18.4228134155273,-0.0116402637213469,0.067300190217793
1.32612860202789,-18.4243927001953,-0.0108245806768537,0.0671511208638549
1.58197271823883,-18.425895690918,-0.00929401721805334,0.0669392412528396
1.83838021755219,-18.4275360107422,-0.0100694932043552,0.0667022448033094
2.09459710121155,-18.4293670654297,-0.00974673684686422,0.0664599947631359
2.35088562965393,-18.4312419891357,-0.00952108670026064,0.066228105686605
2.60722303390503,-18.4330558776855,-0.00929930992424488,0.0659992285072803
2.86368155479431,-18.4347743988037,-0.0094093531370163,0.065799375064671
-1.99754858016968,-18.6529693603516,-0.00468153692781925,0.067387517541647
-1.74250257015228,-18.6543483734131,-0.00237248349003494,0.0673917885869741
-1.48695206642151,-18.6559104919434,-0.00215935963205993,0.0674065807834268
-1.23151648044586,-18.6574382781982,-0.00119233212899417,0.0674604279920459
-0.975790202617645,-18.6591472625732,-0.00132297386880964,0.0675615407526493
-0.719884395599365,-18.6610336303711,-0.00203386950306594,0.0675333151593804
-0.463742166757584,-18.6628170013428,-0.00360900443047285,0.0672967210412025
-0.207113310694695,-18.6648445129395,-0.00715345237404108,0.0670267483219504
0.0491248890757561,-18.6667404174805,-0.00868836883455515,0.0668025398626924
0.304652988910675,-18.6683216094971,-0.00678916368633509,0.0666362978518009
0.560491561889648,-18.6699352264404,-0.00608165515586734,0.0663938978686929
0.816510617733002,-18.6715812683105,-0.0059686591848731,0.0661896597594023
1.07281577587128,-18.6733303070068,-0.00691786222159863,0.0660633938387036
1.32895398139954,-18.6750011444092,-0.00689413724467158,0.0658802995458245
1.58506989479065,-18.6766681671143,-0.00654834881424904,0.0655837766826153
1.84144806861877,-18.6783638000488,-0.00715865241363645,0.0653154756873846
2.09772062301636,-18.6803092956543,-0.00704806065186858,0.0651114340871572
2.35414814949036,-18.6822452545166,-0.00741123408079147,0.0649730321019888
2.61057686805725,-18.6841735839844,-0.00755811901763082,0.0647330125793815
2.86718678474426,-18.6859531402588,-0.00830844696611166,0.0645614955574274
-1.99410605430603,-18.9036884307861,-0.00393825909122825,0.0661663068458438
-1.73888432979584,-18.9050598144531,-0.00241148006170988,0.0661796536296606
-1.48338174819946,-18.9066371917725,-0.00194110965821892,0.0661749504506588
-1.22767984867096,-18.9082469940186,-0.00216131960041821,0.0662164790555835
-0.971989989280701,-18.9098930358887,-0.00209460384212434,0.0662263110280037
-0.716293394565582,-18.9116954803467,-0.00181749614421278,0.0660887295380235
-0.460321754217148,-18.913501739502,-0.00257566734217107,0.0659091453999281
-0.20388850569725,-18.9155254364014,-0.00519476970657706,0.065712558105588
0.0526443421840668,-18.9175682067871,-0.00803057663142681,0.0656156074255705
0.308673650026321,-18.9193935394287,-0.00835814606398344,0.0655292952433228
0.564495503902435,-18.921028137207,-0.00753589952364564,0.0652968622744083
0.820263564586639,-18.9225788116455,-0.00625779712572694,0.0651040207594633
1.0762130022049,-18.9241752624512,-0.00557789020240307,0.0649382378906012
1.33220815658569,-18.9257850646973,-0.00488388119265437,0.0647514062002301
1.58831834793091,-18.9274921417236,-0.00447914376854897,0.064479342661798
1.84453022480011,-18.9292640686035,-0.00430592196062207,0.0642221746966243
2.10075664520264,-18.931245803833,-0.00395625038072467,0.06404675450176
2.35725975036621,-18.9331302642822,-0.00463669095188379,0.0638948995620012
2.61362338066101,-18.9350452423096,-0.00446693552657962,0.0636896919459105
2.87032437324524,-18.9368343353271,-0.00559586798772216,0.0635550441220403
-1.99019002914429,-19.1546573638916,-0.00536926602944732,0.0650284411385655
-1.73500382900238,-19.1559963226318,-0.00364395300857723,0.0650373743847013
-1.47959983348846,-19.1576023101807,-0.00267867604270577,0.0650186482816935
-1.22380220890045,-19.1592178344727,-0.00330401607789099,0.0649738628417253
-0.968048453330994,-19.1608867645264,-0.00349296606145799,0.064878243021667
-0.712367177009583,-19.1626644134521,-0.00311147584579885,0.064677182585001
-0.456531077623367,-19.1644439697266,-0.00321466429159045,0.064529076218605
-0.200235292315483,-19.1664848327637,-0.00516857020556927,0.0644566072151065
0.056374154984951,-19.1686611175537,-0.00830750819295645,0.06446891464293
0.31272304058075,-19.1706962585449,-0.0100358827039599,0.0644141379743814
0.568743109703064,-19.1724224090576,-0.0100686131045222,0.0641545364633203
0.82444965839386,-19.1739368438721,-0.0084763690829277,0.0639593433588743
1.08009898662567,-19.1753425598145,-0.00641954829916358,0.0638133315369487
1.33594679832458,-19.1768188476562,-0.00503784557804465,0.0637158332392573
1.59187698364258,-19.1784210205078,-0.00379826780408621,0.0635252501815557
1.84795832633972,-19.1802654266357,-0.0029988328460604,0.0633096098899841
2.10415554046631,-19.1822032928467,-0.00249234982766211,0.0631081536412239
2.36056041717529,-19.1840839385986,-0.00270237657241523,0.0629310281947255
2.61688709259033,-19.185941696167,-0.00234482996165752,0.0627832319587469
2.87365341186523,-19.1877937316895,-0.00372897344641387,0.0626801075413823
-1.98612654209137,-19.4054794311523,-0.00749998306855559,0.0638089524582028
-1.73126435279846,-19.4067573547363,-0.00424177572131157,0.0638187071308494
-1.47597014904022,-19.4084415435791,-0.00272552575916052,0.0637829108163714
-1.22029626369476,-19.4101505279541,-0.00273751490749419,0.0636987658217549
-0.964259803295135,-19.4120407104492,-0.00417316239327192,0.063538589514792
-0.708233416080475,-19.4139232635498,-0.00533080752938986,0.0633759628981352
-0.452456265687943,-19.4157161712646,-0.00512427976354957,0.0633412627503276
-0.196509152650833,-19.4176082611084,-0.00546058220788836,0.0633794981986284
0.0598981268703938,-19.4197292327881,-0.00764817744493484,0.063428707420826
0.316320896148682,-19.4218158721924,-0.0096757560968399,0.0633706469088793
0.572319626808167,-19.4235572814941,-0.00957739353179932,0.0631196144968271
0.827889919281006,-19.4250144958496,-0.00734036415815353,0.0628960514441133
1.08356690406799,-19.4264278411865,-0.00537678180262446,0.062778108753264
1.33971154689789,-19.4280490875244,-0.00529021630063653,0.0627148821949959
1.59593152999878,-19.4296875,-0.00532001396641135,0.0625580949708819
1.8519994020462,-19.4315090179443,-0.00442583998665214,0.062288811430335
2.10798764228821,-19.433292388916,-0.00296023604460061,0.0620353911072016
2.36410474777222,-19.4350910186768,-0.00185479992069304,0.0618656193837523
2.62046527862549,-19.4369468688965,-0.00161679100710899,0.0617764163762331
2.87736535072327,-19.4389324188232,-0.00355457025580108,0.0617030430585146
-1.98232674598694,-19.6560039520264,-0.00843768194317818,0.0624765865504742
-1.72785091400146,-19.6572570800781,-0.00335660367272794,0.0625123055651784
-1.47255420684814,-19.659086227417,-0.00180527206975967,0.0624920502305031
-1.21725463867188,-19.660774230957,-6.09405324212275e-05,0.0624250331893563
-0.961097776889801,-19.6629943847656,-0.00199012085795403,0.062300669029355
-0.704641461372375,-19.6651554107666,-0.00506553426384926,0.0621675848960876
-0.448534309864044,-19.6670150756836,-0.00633148662745953,0.0621630167588592
-0.192465901374817,-19.668924331665,-0.00718449801206589,0.0622362997382879
0.0638307556509972,-19.6709861755371,-0.00883553083986044,0.0623145587742329
0.320107191801071,-19.6729335784912,-0.0101744038984179,0.0622384902089834
0.575872421264648,-19.6745319366455,-0.00899407267570496,0.0620279526337981
0.831170678138733,-19.6759128570557,-0.00549857411533594,0.0618288852274418
1.08692336082458,-19.6774597167969,-0.00383466831408441,0.0617285249754786
1.34348058700562,-19.6792869567871,-0.00556184770539403,0.0616596285253763
1.60020446777344,-19.6811122894287,-0.00781127763912082,0.0614841440692544
1.85609865188599,-19.6828327178955,-0.00610690331086516,0.0611529806628823
2.11189103126526,-19.6844902038574,-0.00373715464957058,0.0609020451083779
2.36806321144104,-19.6862964630127,-0.00284324935637414,0.0607668710872531
2.62455558776855,-19.6881618499756,-0.00315868877805769,0.0606638453900814
2.88182401657104,-19.6903228759766,-0.00668576033785939,0.0605911072343588
-1.97869622707367,-19.9066524505615,-0.00857933238148689,0.0611489051952958
-1.7243469953537,-19.9079914093018,-0.00286807049997151,0.061222592368722
-1.46910190582275,-19.9098587036133,-0.0010417194571346,0.0612193569540977
-1.21398282051086,-19.9116077423096,0.00157384015619755,0.0612238496541977
-0.958096921443939,-19.9138069152832,0.000920584832783788,0.0611558854579926
-0.701521098613739,-19.9160709381104,-0.00266570667736232,0.0610356461256742
-0.445046484470367,-19.918098449707,-0.00557067198678851,0.0609900616109371
-0.188734591007233,-19.9200458526611,-0.0075013586319983,0.0610027248039842
0.0674539431929588,-19.9219779968262,-0.00863731931895018,0.0610886225476861
0.323545277118683,-19.9237575531006,-0.00911657884716988,0.0609953673556447
0.579362750053406,-19.925329208374,-0.00814504269510508,0.0608804132789373
0.834757685661316,-19.9267749786377,-0.0050499327480793,0.0607616435736418
1.09054172039032,-19.9284820556641,-0.00347990030422807,0.060674836859107
1.347128033638,-19.9305076599121,-0.00528601510450244,0.0605911770835519
1.60407030582428,-19.932487487793,-0.00847172178328037,0.0603898707777262
1.85988545417786,-19.9341259002686,-0.00638532219454646,0.0600551962852478
2.1157214641571,-19.9357929229736,-0.00417719129472971,0.0598480124026537
2.3724057674408,-19.9377326965332,-0.00552996806800365,0.0596920968964696
2.62934732437134,-19.9397144317627,-0.00780330551788211,0.0595561601221561
2.88712120056152,-19.9420318603516,-0.0135284028947353,0.0594156244769692
-1.97513663768768,-20.1576271057129,-0.0083604846149683,0.0598798720166087
-1.72059738636017,-20.1591491699219,-0.00347735732793808,0.059984149876982
-1.46544170379639,-20.1609477996826,-0.00120846624486148,0.0600529354996979
-1.21025335788727,-20.1627254486084,0.00112512765917927,0.0600846596062183
-0.954464554786682,-20.1648044586182,0.000942000770010054,0.0600282680243254
-0.698150813579559,-20.1669788360596,-0.00141538877505809,0.0599622312001884
-0.441504180431366,-20.1691608428955,-0.00506214378401637,0.059934695251286
-0.185022130608559,-20.1711196899414,-0.00773729803040624,0.0599304120987654
0.0709909275174141,-20.1728668212891,-0.00805669650435448,0.059938739053905
0.326756209135056,-20.1744613647461,-0.00703644892200828,0.0598028218373656
0.582463145256042,-20.1760387420654,-0.00553271267563105,0.0597074320539832
0.838311195373535,-20.1776466369629,-0.00444879196584225,0.0596736622974277
1.09457683563232,-20.1796035766602,-0.00500157848000526,0.0596174327656627
1.35118067264557,-20.1817779541016,-0.00683613680303097,0.0594766475260258
1.60775780677795,-20.1837196350098,-0.00834264606237411,0.0592423668131232
1.86361050605774,-20.185417175293,-0.00638582184910774,0.0589813757687807
2.11993288993835,-20.1871776580811,-0.00631914054974914,0.0588288186118007
2.37714862823486,-20.1892757415771,-0.0100001450628042,0.0586445406079292
2.63453507423401,-20.1915245056152,-0.0141931781545281,0.058417784050107
2.8926248550415,-20.1939315795898,-0.0212735272943974,0.0581540958955884
-1.97177112102509,-20.4085807800293,-0.00724356528371572,0.0586219276301563
-1.71698951721191,-20.410270690918,-0.00343397213146091,0.0587416370399296
-1.46181929111481,-20.4120216369629,-0.0012034602696076,0.0588314784690738
-1.20638763904572,-20.4138374328613,4.65781922684982e-05,0.0589102492667735
-0.950385689735413,-20.4158382415771,-0.0010893230792135,0.0589233878999949
-0.694043278694153,-20.4179935455322,-0.00354188471101224,0.0588834430091083
-0.43749475479126,-20.4201812744141,-0.00670000584796071,0.0589285474270582
-0.181197717785835,-20.4221038818359,-0.0084952050819993,0.0589584154076874
0.0744794383645058,-20.4237880706787,-0.00725210551172495,0.0589134441688657
0.329884260892868,-20.4252738952637,-0.00456869183108211,0.0587672097608447
0.585496962070465,-20.4268798828125,-0.00260530854575336,0.0586733040399849
0.84194004535675,-20.4287567138672,-0.00416626175865531,0.0586900794878602
1.09890139102936,-20.4309959411621,-0.00780771998688579,0.0585962603799999
1.35542786121368,-20.4330711364746,-0.009263108484447,0.0583652397617698
1.611363530159,-20.4348468780518,-0.0078555615618825,0.0581226516515017
1.86725473403931,-20.4366664886475,-0.0060276361182332,0.0579282226972282
2.12396454811096,-20.438570022583,-0.0076530915684998,0.0577619187533855
2.38143587112427,-20.4408912658691,-0.0124209122732282,0.0574636003002524
2.63908958435059,-20.4431934356689,-0.0177664123475552,0.0571420076303184
2.89714670181274,-20.4456119537354,-0.0246578454971313,0.0567446020431817
-1.96855366230011,-20.6593074798584,-0.00546342460438609,0.0574139300733805
-1.7137553691864,-20.6610298156738,-0.00169721513520926,0.0575433638878167
-1.45854294300079,-20.6627616882324,0.00036746243131347,0.0576702896505594
-1.20301342010498,-20.6646060943604,0.00119951879605651,0.0577402240596712
-0.946715295314789,-20.6666297912598,-0.00126567110419273,0.0577889136038721
-0.690212786197662,-20.668773651123,-0.00442055985331535,0.0578103950247169
-0.433697789907455,-20.6709785461426,-0.00738720688968897,0.0579218897037208
-0.177503868937492,-20.6729774475098,-0.00866778753697872,0.0580105106346309
0.0781872346997261,-20.6748294830322,-0.0074371499940753,0.0579854291863739
0.333586424589157,-20.6764717102051,-0.00467817904427648,0.0578806856647134
0.589371502399445,-20.6781978607178,-0.00345220067538321,0.0577820250764489
0.846356451511383,-20.6804084777832,-0.00740280840545893,0.0577700636349618
1.1034437417984,-20.6827201843262,-0.011567029170692,0.057622660882771
1.35961663722992,-20.6846160888672,-0.0114009529352188,0.0573462303727865
1.61520385742188,-20.6862316131592,-0.00840021949261427,0.0571050657890737
1.87096869945526,-20.6879367828369,-0.00598049163818359,0.0568846599198878
2.12760710716248,-20.6898345947266,-0.00725221494212747,0.0566448708996177
2.38495135307312,-20.6921138763428,-0.0114225894212723,0.0562368216924369
2.64249634742737,-20.6944408416748,-0.0162476785480976,0.0558591643348336
2.90032315254211,-20.6968173980713,-0.0220863576978445,0.0553757273592055
-1.96529853343964,-20.909969329834,-0.0038667896296829,0.0563681651838124
-1.71065771579742,-20.9116077423096,0.00065225240541622,0.0565060474909842
-1.45530867576599,-20.9134178161621,0.00212289812043309,0.0566045204177499
-1.20000565052032,-20.9151916503906,0.00402295123785734,0.0566897443495691
-0.943795084953308,-20.9172210693359,0.00199039513245225,0.0567292589694262
-0.687358856201172,-20.9193897247314,-0.000830328790470958,0.0567832547239959
-0.430621057748795,-20.9217548370361,-0.00477571459487081,0.0569283664226532
-0.174095436930656,-20.9239063262939,-0.00752990413457155,0.0570153943262994
0.0820363461971283,-20.9260425567627,-0.00825082510709763,0.0569942803122103
0.337922155857086,-20.927942276001,-0.00764711759984493,0.0569007541052997
0.594294667243958,-20.9299793243408,-0.00902062561362982,0.0567751540802419
0.851147890090942,-20.9322624206543,-0.0123210838064551,0.0567328715696931
1.10750794410706,-20.9342498779297,-0.0131808333098888,0.0565781565383077
1.36337149143219,-20.9360752105713,-0.0115871382877231,0.0563521008007228
1.61885559558868,-20.9376182556152,-0.00809486955404282,0.0561814396642148
1.87458288669586,-20.9392566680908,-0.00547915371134877,0.0559391831047833
2.13107299804688,-20.9411487579346,-0.00605353247374296,0.0556433517485857
2.38822340965271,-20.9433193206787,-0.00933433789759874,0.0551416161470115
2.64545011520386,-20.9455013275146,-0.01272202283144,0.0547132515348494
2.90307331085205,-20.9478073120117,-0.0176321752369404,0.0542166237719357
-1.96198630332947,-21.1607284545898,-0.00252634868957102,0.0554354155901819
-1.70744669437408,-21.1622657775879,0.00248278165236115,0.0555710562039167
-1.45192694664001,-21.164234161377,0.00321128591895103,0.0556231436785311
-1.19675064086914,-21.1659755706787,0.00572512717917562,0.0556896757334471
-0.940744519233704,-21.1680297851562,0.00466692540794611,0.0557443709112704
-0.684237241744995,-21.170295715332,0.00155829673167318,0.0558184450492263
-0.427372574806213,-21.1726531982422,-0.00294019700959325,0.0559307746589184
-0.170703887939453,-21.1748523712158,-0.00631397496908903,0.0559243494644761
0.085796944797039,-21.1771106719971,-0.00867574103176594,0.0558866946958005
0.342256009578705,-21.1793384552002,-0.0106159839779139,0.0558293401263654
0.598953068256378,-21.1816959381104,-0.0133925816044211,0.0557047752663493
0.855429649353027,-21.1838321685791,-0.0149556305259466,0.055631737690419
1.11121428012848,-21.1855716705322,-0.0131957605481148,0.0554912430234253
1.36685860157013,-21.1872596740723,-0.0105909379199147,0.0553599540144205
1.62250292301178,-21.1889171600342,-0.00777826923877001,0.0552112874574959
1.87835431098938,-21.1906394958496,-0.00567976851016283,0.0549143184907734
2.13471150398254,-21.1925239562988,-0.00562331918627024,0.0545519716106355
2.39163947105408,-21.1945323944092,-0.00789105612784624,0.0540764019824564
2.64854025840759,-21.1966361999512,-0.00979853793978691,0.0536530576646328
2.90600252151489,-21.198860168457,-0.0139707000926137,0.0531835602596402
-1.95878732204437,-21.4115695953369,-0.000653354334644973,0.0544383048545569
-1.7041836977005,-21.4130935668945,0.00408895593136549,0.0545620322227478
-1.448606133461,-21.4151496887207,0.00459019420668483,0.0546125951223075
-1.19327652454376,-21.4169502258301,0.00643483735620975,0.0546377205755562
-0.937170743942261,-21.4191474914551,0.00496509345248342,0.054678168380633
-0.68040269613266,-21.4216461181641,0.000716028618626297,0.0547477917280048
-0.423351019620895,-21.4240303039551,-0.00460131326690316,0.0548626084346324
-0.166722938418388,-21.4261035919189,-0.00776421232149005,0.0548196816816926
0.089620552957058,-21.428150177002,-0.00939218979328871,0.0547933527268469
0.346115261316299,-21.4303588867188,-0.0114610372111201,0.0547654149122536
0.602672815322876,-21.4327068328857,-0.013568414375186,0.0546466480009258
0.858852863311768,-21.4347839355469,-0.0137575231492519,0.0545174153521657
1.1145144701004,-21.4365139007568,-0.0114101637154818,0.0543812667019665
1.37024879455566,-21.4382228851318,-0.00918018445372581,0.0542620401829481
1.62616813182831,-21.4400672912598,-0.00755701819434762,0.0540716988034546
1.88219928741455,-21.4419536590576,-0.00621764361858368,0.0537575017660856
2.13845062255859,-21.4438953399658,-0.00564533798024058,0.0534423966892064
2.39515900611877,-21.4458408355713,-0.00690191145986319,0.0530384117737412
2.65209031105042,-21.4479732513428,-0.00891069043427706,0.0526136276312172
2.90948557853699,-21.4501438140869,-0.0127576747909188,0.0521598719060421
-1.95570492744446,-21.6623401641846,0.00175256642978638,0.0532564827008173
-1.70093488693237,-21.6639747619629,0.00576469348743558,0.0533833894878626
-1.4452223777771,-21.6660423278809,0.00567458942532539,0.053493580664508
-1.18969428539276,-21.6679515838623,0.00664684269577265,0.0535516364034265
-0.933205783367157,-21.6703834533691,0.00347344996407628,0.0535917086526752
-0.676046967506409,-21.6730461120605,-0.0025168745778501,0.0536498699802905
-0.418822258710861,-21.675479888916,-0.0085816103965044,0.053750280989334
-0.162412479519844,-21.677339553833,-0.0107249822467566,0.0537490649148822
0.0933108925819397,-21.6789665222168,-0.00952372886240482,0.0538013225886971
0.349413335323334,-21.6810207366943,-0.00978636089712381,0.0538210994563997
0.605861008167267,-21.6833934783936,-0.0113609787076712,0.0536930314265192
0.862030923366547,-21.6855411529541,-0.0114674707874656,0.053527002222836
1.11788988113403,-21.6874771118164,-0.00996319577097893,0.0533724292181432
1.37380528450012,-21.6893882751465,-0.00849990919232368,0.0531866073142737
1.62998127937317,-21.6914215087891,-0.00798272527754307,0.0529110333882272
1.88604640960693,-21.6933517456055,-0.00675702234730124,0.0526096234098077
2.14238858222961,-21.6953983306885,-0.0065468936227262,0.0523827492725104
2.39929413795471,-21.6974411010742,-0.00864118803292513,0.0520181756000966
2.65606284141541,-21.699499130249,-0.00989356637001038,0.0516269921790808
2.91337561607361,-21.7016544342041,-0.0133378691971302,0.0511475729290396
-1.95266926288605,-21.9129333496094,0.00435558799654245,0.0519514380721375
-1.69758903980255,-21.9148235321045,0.00698634469881654,0.0521210008882917
-1.44160008430481,-21.917064666748,0.00566820101812482,0.0523165399208665
-1.18586802482605,-21.9191589355469,0.0057528717443347,0.052430757205002
-0.929153442382812,-21.9216766357422,0.00158381357323378,0.0525351716205478
-0.672006964683533,-21.9241886138916,-0.00432674773037434,0.0526196142891422
-0.414856493473053,-21.9265327453613,-0.0100221559405327,0.0526886882726103
-0.158421292901039,-21.9284248352051,-0.0122414147481322,0.052752552786842
0.0972499176859856,-21.930196762085,-0.0107495104894042,0.0528867174871266
0.353318959474564,-21.9323825836182,-0.0108094736933708,0.0529229007661343
0.609694361686707,-21.9347019195557,-0.0120241362601519,0.0527906639035791
0.865722835063934,-21.9367179870605,-0.0114668337628245,0.0526480278931558
1.12165689468384,-21.9386863708496,-0.0102652544155717,0.0525081260129809
1.37778055667877,-21.9407691955566,-0.00969080533832312,0.0522121377289295
1.63408017158508,-21.9429054260254,-0.00968371145427227,0.0518160345964134
1.89005792140961,-21.9448184967041,-0.00802917126566172,0.0515051942784339
2.14640998840332,-21.9468479156494,-0.00782808195799589,0.051338208373636
2.40331268310547,-21.949031829834,-0.00985993072390556,0.0510313529521227
2.66003751754761,-21.9510650634766,-0.0108803799375892,0.0506528520490974
2.91694402694702,-21.953088760376,-0.0124897994101048,0.0501033719629049
-2.20621800422668,-22.1612110137939,0.0114698419347405,0.050173164345324
-1.94980275630951,-22.1634540557861,0.00773487007245421,0.0506834724801593
-1.69406843185425,-22.1657028198242,0.00739964284002781,0.0509513390134089
-1.43793511390686,-22.168025970459,0.00545638799667358,0.0511947322956985
-1.18192648887634,-22.1703681945801,0.00432614050805569,0.0514315309701487
-0.925399303436279,-22.1728019714355,0.00104880763683468,0.051565766276326
-0.668724358081818,-22.1750736236572,-0.00268380506895483,0.0516295597190037
-0.411926478147507,-22.1773109436035,-0.00674241688102484,0.0516597030218691
-0.15519791841507,-22.1794719696045,-0.0102488026022911,0.051729790167883
0.101065315306187,-22.1816387176514,-0.0113894995301962,0.0518545508384705
0.357618242502213,-22.184154510498,-0.0135849211364985,0.0519004353554919
0.614098429679871,-22.1865062713623,-0.0152327790856361,0.0518312512431294
0.869924783706665,-22.1883640289307,-0.0137331234291196,0.0517666996456683
1.12574005126953,-22.1901073455811,-0.0119773950427771,0.0516712435055524
1.38180446624756,-22.1921825408936,-0.0110982861369848,0.0513192433863878
1.63803601264954,-22.1943912506104,-0.0107400016859174,0.0508345365524292
1.89417374134064,-22.196460723877,-0.00975228287279606,0.0505124358460307
2.15056037902832,-22.1985111236572,-0.00966730527579784,0.0503635052591562
2.40718698501587,-22.2005863189697,-0.0104341385886073,0.0500145909609273
2.6636860370636,-22.2025585174561,-0.0104162478819489,0.049595337593928
2.91975378990173,-22.2042140960693,-0.00828505400568247,0.048959476640448
-2.20278215408325,-22.4119625091553,0.0121934963390231,0.0492320666089654
-1.94684863090515,-22.414098739624,0.0107178837060928,0.0496552409604192
-1.69058156013489,-22.4165897369385,0.00796793960034847,0.0499780027894303
-1.43416547775269,-22.4191570281982,0.00477663148194551,0.0502422651043162
-1.17779159545898,-22.4216651916504,0.00201406911946833,0.0505082758900244
-0.921601831912994,-22.4239540100098,0.000315691315336153,0.0506199794835993
-0.665631651878357,-22.4259338378906,-0.000172115076566115,0.0506752688233973
-0.409336060285568,-22.4280033111572,-0.00191475241445005,0.0507144164294004
-0.15245009958744,-22.4304294586182,-0.0060897758230567,0.0507556265220046
0.10475692152977,-22.4331455230713,-0.0114579182118177,0.050826724153012
0.362074017524719,-22.4358730316162,-0.0170796122401953,0.0508918181294575
0.618855714797974,-22.4383411407471,-0.0200448054820299,0.0508893167134374
0.874543130397797,-22.4402179718018,-0.0178680382668972,0.0508896086830646
1.1299569606781,-22.4417915344238,-0.0142687214538455,0.0507353061111644
1.38574171066284,-22.4437255859375,-0.0121006155386567,0.050342085189186
1.64182758331299,-22.4459018707275,-0.0110520552843809,0.049900887766853
1.89820730686188,-22.4480972290039,-0.0111061129719019,0.0496062707388774
2.15469861030579,-22.4502716064453,-0.0114407744258642,0.0494263875298202
2.41074299812317,-22.4519557952881,-0.00960058532655239,0.0489624083274975
2.66692781448364,-22.4539623260498,-0.00814076326787472,0.048539946321398
2.92235231399536,-22.4552707672119,-0.00314305629581213,0.0478918440057896
3.17949080467224,-22.4572429656982,-0.00551505340263247,0.0475466029020026
-2.19931077957153,-22.6628246307373,0.0127606736496091,0.048283705720678
-1.94371271133423,-22.6648788452148,0.0128698237240314,0.0487200818024576
-1.68724513053894,-22.6675491333008,0.00923964288085699,0.049007341847755
-1.43060541152954,-22.6701545715332,0.00505028059706092,0.0493302375543863
-1.17402756214142,-22.6727695465088,0.0013927489053458,0.049569683149457
-0.917752802371979,-22.6751346588135,-0.00065294373780489,0.0497243847348727
-0.661804020404816,-22.6771125793457,-0.00100586912594736,0.0497883142670617
-0.40565213561058,-22.6791515350342,-0.00205609598197043,0.0498425512341782
-0.149049788713455,-22.6814727783203,-0.00490877218544483,0.0498719170936965
0.108275629580021,-22.6841621398926,-0.0107884323224425,0.0499196382879745
0.366324633359909,-22.6872081756592,-0.0196798201650381,0.0499156101723202
0.623494505882263,-22.6897735595703,-0.0243606343865395,0.0498803270747885
0.879104018211365,-22.6918678283691,-0.0217638108879328,0.0498506621224806
1.13394498825073,-22.6934146881104,-0.0155299622565508,0.0496795660001226
1.38934338092804,-22.6951599121094,-0.0115975327789783,0.0493062228779308
1.64534199237823,-22.6972179412842,-0.0101340329274535,0.0489424684201367
1.90190947055817,-22.6994972229004,-0.010991976596415,0.0486998394480906
2.15841007232666,-22.7017688751221,-0.0113251330330968,0.0484862178564072
2.41419553756714,-22.7033576965332,-0.00829862244427204,0.0480247032828629
2.66996479034424,-22.7051906585693,-0.00496596237644553,0.0476046574476641
2.92543888092041,-22.706470489502,-0.000166295722010545,0.0470436679752311
3.1826057434082,-22.7084808349609,-0.00263238721527159,0.0467289769276249
-2.45094847679138,-22.9122047424316,0.0111920703202486,0.0465985236223787
-2.19573020935059,-22.9139232635498,0.012843506410718,0.0472733613569289
-1.94031631946564,-22.915885925293,0.0138330198824406,0.0477515421807766
-1.68375170230865,-22.9185619354248,0.00978770945221186,0.0480726964306086
-1.42717456817627,-22.9211521148682,0.00592048978433013,0.0483716859016567
-1.17049205303192,-22.9238166809082,0.00181805121246725,0.0485539364162832
-0.913748919963837,-22.926399230957,-0.00232765078544617,0.048699518549256
-0.657377004623413,-22.9285774230957,-0.00456584990024567,0.0488184987334535
-0.401043117046356,-22.9306602478027,-0.00640404038131237,0.0489032749901526
-0.144741609692574,-22.9329280853271,-0.00784134306013584,0.048938054300379
0.112243838608265,-22.9354133605957,-0.0121485618874431,0.0489439815864898
0.370274394750595,-22.9385547637939,-0.0209081713110209,0.0488711079960922
0.627623379230499,-22.9412021636963,-0.0263581238687038,0.0487872356170556
0.883175492286682,-22.9432601928711,-0.0234656240791082,0.0487332795310067
1.13758492469788,-22.9446907043457,-0.0152505096048117,0.0485953535098815
1.3928724527359,-22.9463577270508,-0.0107913492247462,0.0483111012454174
1.64906215667725,-22.948392868042,-0.0101590789854527,0.0480534667522079
1.90565729141235,-22.95068359375,-0.0111058121547103,0.0478041740680055
2.16189432144165,-22.9529266357422,-0.0102229509502649,0.0475444688672724
2.41762185096741,-22.9546871185303,-0.00688745127990842,0.0471259966725484
2.67354154586792,-22.9563426971436,-0.00421471055597067,0.0466586450347677
2.92911505699158,-22.9579925537109,0.000213539155083708,0.0461575290537439
3.18606376647949,-22.9600868225098,-0.00123863050248474,0.0457657967926934
3.44289016723633,-22.962230682373,-0.00191578292287886,0.0452505188295618
-2.44720530509949,-23.1633682250977,0.0104861613363028,0.0456787021830678
-2.19177508354187,-23.1653118133545,0.0112109435722232,0.0462661716155708
-1.93632709980011,-23.1673030853271,0.012084661051631,0.0467557164374739
-1.67973852157593,-23.1699733734131,0.00796692445874214,0.047095860587433
-1.42332422733307,-23.1724681854248,0.0048821191303432,0.047378521412611
-1.1665745973587,-23.175142288208,0.000508752767927945,0.047543280525133
-0.909696102142334,-23.1777458190918,-0.0042206053622067,0.0476435786113143
-0.653146982192993,-23.1800289154053,-0.00722319725900888,0.0477586870547384
-0.396682322025299,-23.1821937561035,-0.00961204618215561,0.047864890191704
-0.140568435192108,-23.1844444274902,-0.0101505201309919,0.0479618202662095
0.116100981831551,-23.1869239807129,-0.0129748219624162,0.0479583641281351
0.373634666204453,-23.1898059844971,-0.0194602478295565,0.0478380104759708
0.630761742591858,-23.192346572876,-0.0238801892846823,0.0477311771828681
0.886480867862701,-23.1944370269775,-0.0217125006020069,0.0476913987076841
1.14122653007507,-23.1959896087646,-0.0149766784161329,0.0476271298830397
1.3967570066452,-23.1977157592773,-0.011575099080801,0.0474044127622619
1.65308439731598,-23.1997222900391,-0.0115317078307271,0.0471716306637973
1.90960884094238,-23.2019386291504,-0.0121306013315916,0.0469371107174084
2.1657862663269,-23.2042598724365,-0.0109339552000165,0.046592426719144
2.42157793045044,-23.2062206268311,-0.00782849360257387,0.0461448660353199
2.67752003669739,-23.2080726623535,-0.00519925775006413,0.0457293087383732
2.93355512619019,-23.2099952697754,-0.00276783667504787,0.0452420274959877
3.19052600860596,-23.2122917175293,-0.00425688643008471,0.0448536640033126
3.4477972984314,-23.2146987915039,-0.00684501649811864,0.0443971453933045
-2.69745016098022,-23.4129695892334,0.00253829639405012,0.044207314029336
-2.44267559051514,-23.4149913787842,0.00615599472075701,0.044696481898427
-2.18712878227234,-23.4171314239502,0.00640475749969482,0.0452268640510738
-1.93139433860779,-23.4192886352539,0.00601128581911325,0.0456829671747983
-1.67551910877228,-23.4215297698975,0.0052035553380847,0.046122312778607
-1.41904139518738,-23.4240303039551,0.00186744914390147,0.0464258759748191
-1.16229724884033,-23.4266300201416,-0.00244685774669051,0.0466038410086185
-0.905714809894562,-23.4291114807129,-0.00578342797234654,0.0466617690399289
-0.649653553962708,-23.4312534332275,-0.00651964591816068,0.0467425649985671
-0.393718540668488,-23.4332733154297,-0.0064605725929141,0.0468563758768141
-0.137701451778412,-23.4354801177979,-0.00653159664943814,0.0469601801596582
0.118943423032761,-23.4380722045898,-0.00920457392930984,0.0469398797722533
0.376157730817795,-23.44091796875,-0.014210557565093,0.0468548854114488
0.632986783981323,-23.4433116912842,-0.0172657500952482,0.0467977717053145
0.889002084732056,-23.4453277587891,-0.0164297632873058,0.0467706440249458
1.14466619491577,-23.4472255706787,-0.0137948635965586,0.0467278271680698
1.40073704719543,-23.4491348266602,-0.0127850072458386,0.046598510351032
1.65702617168427,-23.4511909484863,-0.0125260436907411,0.0464033543830737
1.91352796554565,-23.4533748626709,-0.01298962906003,0.0461072309408337
2.16980981826782,-23.4556903839111,-0.0122267324477434,0.0456620844779536
2.42589044570923,-23.4578495025635,-0.0103593217208982,0.045215958263725
2.68188667297363,-23.4598846435547,-0.0079122195020318,0.0448333221720532
2.93849039077759,-23.46217918396,-0.00794159341603518,0.0444243336096406
3.19526171684265,-23.4645900726318,-0.00848335586488247,0.0440092328935862
3.45221447944641,-23.4668273925781,-0.00962857808917761,0.0435208023991436
3.70799708366394,-23.4683666229248,-0.00542789325118065,0.0428204613272101
-2.69390773773193,-23.6642742156982,0.00274249538779259,0.0433838828466833
-2.4386465549469,-23.6664409637451,0.00414120592176914,0.04380893567577
-2.18277430534363,-23.6687870025635,0.0029377993196249,0.0442577484063804
-1.92712080478668,-23.6708831787109,0.00295718759298325,0.0447037108242512
-1.67081892490387,-23.6733741760254,0.000240336084971204,0.045123737771064
-1.41433250904083,-23.6758575439453,-0.00309174857102334,0.0454928176477551
-1.15794396400452,-23.6782722473145,-0.00573782902210951,0.0457354795653373
-0.902045726776123,-23.6804103851318,-0.00591665785759687,0.04582764278166
-0.646614670753479,-23.6822853088379,-0.00374788022600114,0.0459173549897969
-0.391053199768066,-23.684196472168,-0.0019570398144424,0.0460605844855309
-0.135150566697121,-23.6863689422607,-0.00148188008461148,0.0460977640468627
0.121465496718884,-23.689001083374,-0.0039942660368979,0.0460357770789415
0.378546863794327,-23.691801071167,-0.00837466772645712,0.0459832844790071
0.635392189025879,-23.6942310333252,-0.0114772403612733,0.0459786346182227
0.891831576824188,-23.6963958740234,-0.0125281848013401,0.0458626972977072
1.14849030971527,-23.6987285614014,-0.0143267763778567,0.0457744938321412
1.40482842922211,-23.7007865905762,-0.0144740398973227,0.0457340045832098
1.66080224514008,-23.7027168273926,-0.0127667840570211,0.0456082557793707
1.91709423065186,-23.7048416137695,-0.0122564323246479,0.0453022988513112
2.17376399040222,-23.7072067260742,-0.0131985368207097,0.0448530041612685
2.43017578125,-23.7095279693604,-0.0127614121884108,0.0444443540181965
2.68629360198975,-23.7117328643799,-0.0108014475554228,0.0440582879818976
2.94280123710632,-23.7140960693359,-0.0103527409955859,0.043623116100207
3.19958305358887,-23.7164001464844,-0.0109134437516332,0.0431619479786605
3.45609474182129,-23.7183246612549,-0.0100900633260608,0.0426294915378094
3.71179103851318,-23.7196273803711,-0.00549519946798682,0.0419964799657464
-2.943922996521,-23.9146041870117,-0.00612149201333523,0.0416208025999367
-2.69030237197876,-23.9156074523926,0.00265259225852787,0.0424752193503082
-2.43513894081116,-23.9176197052002,0.00452841306105256,0.0429570553824306
-2.17933797836304,-23.9198551177979,0.00367969158105552,0.0433798413723707
-1.92326283454895,-23.9222736358643,0.0018092259997502,0.0437793377786875
-1.66669595241547,-23.9248523712158,-0.0020881425589323,0.0441406844183803
-1.41041338443756,-23.927116394043,-0.00445991707965732,0.0445237252861261
-1.15455389022827,-23.9291973114014,-0.00466021848842502,0.044782807584852
-0.898943543434143,-23.931266784668,-0.0034864186309278,0.0449621630832553
-0.643278360366821,-23.9334201812744,-0.00233406759798527,0.0451525123789907
-0.387557119131088,-23.9355278015137,-0.00122238195035607,0.0453053684905171
-0.131792843341827,-23.9376392364502,-8.64136309246533e-05,0.0453209290280938
0.124442309141159,-23.940055847168,-0.000848672643769532,0.0452423556707799
0.381201088428497,-23.9426708221436,-0.00374927208758891,0.0452256023418158
0.638065695762634,-23.9451351165771,-0.00691048894077539,0.0451676021330059
0.894844055175781,-23.9474868774414,-0.00945512857288122,0.0449412434827536
1.15198922157288,-23.9500617980957,-0.01340351998806,0.0448580628726631
1.40836977958679,-23.9522285461426,-0.0136977639049292,0.0448338098358363
1.66446053981781,-23.9543342590332,-0.012466236948967,0.0447034826502204
1.9207204580307,-23.9565238952637,-0.0117701152339578,0.0443688998930156
2.17745566368103,-23.9588718414307,-0.0129736196249723,0.043988783378154
2.43398141860962,-23.9611053466797,-0.0130233857780695,0.0436496916227043
2.69029307365417,-23.9633235931396,-0.0118936123326421,0.0432863880414516
2.94685697555542,-23.9656314849854,-0.0116650816053152,0.0427962949033827
3.20329022407532,-23.9676837921143,-0.0106617286801338,0.0422708282712847
3.45990705490112,-23.9696311950684,-0.0102685457095504,0.0417545910459012
3.7159857749939,-23.9711952209473,-0.00730888592079282,0.0411698194220662
3.9729528427124,-23.973388671875,-0.00801123306155205,0.040449679363519
-2.94151544570923,-24.1648826599121,-0.000750481383875012,0.0409832298755646
-2.68722796440125,-24.1664142608643,0.00498712435364723,0.0416740048676729
-2.43211770057678,-24.1684017181396,0.00714003900066018,0.0421616630628705
-2.17618608474731,-24.1707706451416,0.00572778098285198,0.042548174969852
-1.92013871669769,-24.1731872558594,0.0040181577205658,0.0429075411520898
-1.66363966464996,-24.175724029541,0.000462302123196423,0.0432033487595618
-1.40742897987366,-24.177942276001,-0.00155101635027677,0.043571365531534
-1.1515885591507,-24.1800174713135,-0.00163451908156276,0.0438610217534006
-0.895760118961334,-24.1821842193604,-0.00142568699084222,0.0441163526847959
-0.639445066452026,-24.184720993042,-0.00318875955417752,0.0443531819619238
-0.383163005113602,-24.1871376037598,-0.004579849075526,0.0445132101885974
-0.127448543906212,-24.189266204834,-0.00317117874510586,0.0444932417012751
0.128410831093788,-24.1914291381836,-0.0022015196736902,0.0443953038193285
0.384711503982544,-24.1937980651855,-0.00300106615759432,0.0443920826073736
0.641379833221436,-24.1962127685547,-0.00524117751047015,0.0443133870139718
0.898305594921112,-24.1987133026123,-0.00840701349079609,0.0441165182273835
1.15572440624237,-24.2015132904053,-0.0135382870212197,0.043976217508316
1.41212701797485,-24.2038459777832,-0.0138789527118206,0.0438637505285442
1.6681877374649,-24.2060165405273,-0.0124693736433983,0.0436877722386271
1.92428410053253,-24.208137512207,-0.0110087282955647,0.043401763541624
2.18084907531738,-24.2104091644287,-0.0114224664866924,0.0431286348029971
2.43730449676514,-24.2125663757324,-0.0111322123557329,0.0428589354269207
2.69377779960632,-24.214750289917,-0.0106990877538919,0.0424593584612012
2.95044350624084,-24.2169895172119,-0.0109001817181706,0.0419471273198724
3.20701169967651,-24.2191696166992,-0.010450673289597,0.0414653839543462
3.4637131690979,-24.2212677001953,-0.0103841871023178,0.0409254115074873
3.72026896476746,-24.2232704162598,-0.00946060102432966,0.0403719856403768
3.9774866104126,-24.2257671356201,-0.0112013295292854,0.039675370324403
-3.1961874961853,-24.4119739532471,0.0119926342740655,0.0396993234753609
-2.93945384025574,-24.4150199890137,0.00622352957725525,0.0403104741126299
-2.68436741828918,-24.4170551300049,0.00830169394612312,0.0409256545826793
-2.42859435081482,-24.4194202423096,0.00743077136576176,0.0413463860750198
-2.17324495315552,-24.4215221405029,0.00873804837465286,0.0417634220793843
-1.91726231575012,-24.4239521026611,0.00736010260879993,0.0420442596077919
-1.66091895103455,-24.4264965057373,0.00455613620579243,0.0423377896659076
-1.40455424785614,-24.4288597106934,0.00187313579954207,0.0427078157663345
-1.14848351478577,-24.4310665130615,0.000769059697631747,0.0430195895023644
-0.892343878746033,-24.4334049224854,-0.00040665635606274,0.043275248259306
-0.635659754276276,-24.4361667633057,-0.00380857428535819,0.0435081110335886
-0.37900373339653,-24.4387588500977,-0.00685971090570092,0.0436550923623145
-0.123120687901974,-24.4409866333008,-0.00617174850776792,0.0436245733872056
0.132818326354027,-24.4431610107422,-0.00552274705842137,0.0435586599633098
0.389007091522217,-24.4454250335693,-0.00578077184036374,0.0435506543144584
0.645614862442017,-24.4478034973145,-0.00770760141313076,0.0434800679795444
0.902575969696045,-24.4503612518311,-0.0109874913468957,0.0433194702491164
1.15966176986694,-24.4530372619629,-0.0145825343206525,0.0430870291311294
1.41567516326904,-24.4553375244141,-0.0131284045055509,0.0428403038531542
1.67155969142914,-24.4573783874512,-0.0109039908275008,0.0426686052232981
1.92759573459625,-24.4594345092773,-0.0091464351862669,0.0425216294825077
2.1841676235199,-24.4617385864258,-0.00955608859658241,0.0423544384539127
2.44079208374023,-24.4640579223633,-0.00997542589902878,0.0420709946192801
2.69750618934631,-24.466423034668,-0.0105679547414184,0.041665121447295
2.95420527458191,-24.4687042236328,-0.0108777033165097,0.0411789775826037
3.21076655387878,-24.4709167480469,-0.0103591354563832,0.0407073879614472
3.46733570098877,-24.4730834960938,-0.00966163258999586,0.0401610140688717
3.72386813163757,-24.475170135498,-0.0085914134979248,0.0396413286216557
3.98097586631775,-24.4775924682617,-0.00981982424855232,0.0389824877493083
4.2376971244812,-24.4800415039062,-0.00911166239529848,0.0383457075804472
-3.19260096549988,-24.662956237793,0.0118709905073047,0.0389272319152951
-2.93649911880493,-24.6657218933105,0.00906985625624657,0.0395626835525036
-2.68105006217957,-24.6680030822754,0.00950962118804455,0.0401718290522695
-2.42546153068542,-24.6703319549561,0.0095312288030982,0.040613753721118
-2.16987347602844,-24.6725807189941,0.00977470632642508,0.041021934710443
-1.91401767730713,-24.6749858856201,0.00901773944497108,0.0412848284468055
-1.65791833400726,-24.6774768829346,0.00737234530970454,0.0416031135246158
-1.40154492855072,-24.6799507141113,0.00469149043783545,0.0419481690041721
-1.14511358737946,-24.6823825836182,0.00197738874703646,0.0422733998857439
-0.888707160949707,-24.6848564147949,-0.000379646779038012,0.042488104198128
-0.632189691066742,-24.6874008178711,-0.00300308945588768,0.0426463619805872
-0.375667005777359,-24.689977645874,-0.00540968403220177,0.0427333950065076
-0.11948025226593,-24.6923141479492,-0.00606778217479587,0.0427008089609444
0.13684569299221,-24.6947116851807,-0.00712739443406463,0.0427091144956648
0.393326044082642,-24.6971244812012,-0.00866004545241594,0.0427178242243826
0.650066494941711,-24.6996250152588,-0.0111359870061278,0.0426722420379519
0.906882584095001,-24.7021160125732,-0.0137216104194522,0.0424882555380464
1.16328740119934,-24.7045230865479,-0.0142176887020469,0.0421986449509859
1.418989777565,-24.706636428833,-0.0113425562158227,0.0419211923144758
1.6747989654541,-24.7086353302002,-0.00875015184283257,0.0418280372396111
1.93107604980469,-24.7107944488525,-0.00803649984300137,0.0417395904660225
2.1878809928894,-24.7131481170654,-0.00945490878075361,0.0415876531042159
2.44481992721558,-24.7156925201416,-0.0112257339060307,0.0412882748059928
2.70152735710144,-24.7182025909424,-0.0117348190397024,0.0409154403023422
2.95786714553833,-24.720458984375,-0.0104053486138582,0.0404640231281519
3.21416997909546,-24.722620010376,-0.00870460364967585,0.0400024140253663
3.47080874443054,-24.7247180938721,-0.00829267594963312,0.0394599051214755
3.72735834121704,-24.7267837524414,-0.00726891867816448,0.0389682077802718
3.98456478118896,-24.729190826416,-0.0089027788490057,0.0383026641793549
4.24170446395874,-24.731761932373,-0.00999828148633242,0.0376015030778944
-3.44301795959473,-24.9124698638916,0.00501820538192987,0.0374972205609083
-3.18870902061462,-24.9142990112305,0.010351081378758,0.0380971850827336
-2.93300151824951,-24.9168758392334,0.00941769685596228,0.038722456432879
-2.67731332778931,-24.9193115234375,0.00879246182739735,0.0392900165170431
-2.42175364494324,-24.9216365814209,0.00898698996752501,0.0398490838706493
-2.16603755950928,-24.9239826202393,0.00868256390094757,0.0402746889740229
-1.91033923625946,-24.9263191223145,0.00869002193212509,0.0405789967626333
-1.65450263023376,-24.9286785125732,0.008286377415061,0.0409322492778301
-1.39831697940826,-24.9311618804932,0.0065095373429358,0.0412832177244127
-1.14177179336548,-24.933687210083,0.00331193534657359,0.0416009477339685
-0.88507080078125,-24.9362983703613,-0.000353815266862512,0.0417551370337605
-0.628655672073364,-24.9387912750244,-0.00247604912146926,0.041841468308121
-0.372462242841721,-24.9411907196045,-0.00335574429482222,0.0418926337733865
-0.116251617670059,-24.9435596466064,-0.00408807350322604,0.0418767682276666
0.140269741415977,-24.9460868835449,-0.00599471665918827,0.0419017095118761
0.39719420671463,-24.94873046875,-0.00949428789317608,0.041889876127243
0.654115319252014,-24.9513721466064,-0.0127395587041974,0.0418182015419006
0.910438060760498,-24.9537124633789,-0.0130616687238216,0.0416441136039793
1.16635179519653,-24.9558811187744,-0.01132323872298,0.041409395635128
1.42198348045349,-24.9578247070312,-0.00811652187258005,0.0412447275593877
1.6781975030899,-24.9600582122803,-0.00729779480025172,0.0411745272576809
1.93507051467896,-24.9625377655029,-0.00920110940933228,0.0410216432064772
2.1919732093811,-24.9649677276611,-0.0110122933983803,0.0408020690083504
2.44893383979797,-24.9675178527832,-0.0128417639061809,0.0404900191351771
2.70546507835388,-24.9699420928955,-0.0125322267413139,0.0401336760260165
2.96166586875916,-24.9721508026123,-0.0105493729934096,0.0397268994711339
3.21779823303223,-24.9741516113281,-0.00806975364685059,0.0393086788244545
3.4743709564209,-24.9761848449707,-0.00733645912259817,0.0387901561334729
3.7315776348114,-24.978645324707,-0.00915453117340803,0.0381940775550902
3.98860502243042,-24.9810161590576,-0.0099610248580575,0.0375273493118584
4.24594974517822,-24.9837760925293,-0.0119038596749306,0.036739447619766
4.50307512283325,-24.9864673614502,-0.0126608954742551,0.0358503325842321
-3.43992877006531,-25.1635093688965,0.00719855725765228,0.0367616163566709
-3.18528389930725,-25.1654682159424,0.0110012926161289,0.0373244462534785
-2.92961430549622,-25.1680335998535,0.0102808885276318,0.0378978913649917
-2.67372488975525,-25.1705760955811,0.00876147858798504,0.0384546769782901
-2.41787123680115,-25.1731052398682,0.00764389848336577,0.0389837687835097
-2.16210412979126,-25.1754131317139,0.00713771861046553,0.0394380101934075
-1.90646719932556,-25.1776390075684,0.00745808333158493,0.0398572366684675
-1.65070199966431,-25.1799507141113,0.00741987908259034,0.040258570574224
-1.39453864097595,-25.1824779510498,0.00579002127051353,0.0406017396599054
-1.1380922794342,-25.1850337982178,0.00309004355221987,0.040888259653002
-0.881054222583771,-25.1877632141113,-0.00207981979474425,0.0410114582628012
-0.624594449996948,-25.1903343200684,-0.00435860035941005,0.0410808925516903
-0.368918299674988,-25.1925582885742,-0.00284280651248991,0.0410965564660728
-0.113066345453262,-25.1947937011719,-0.00191170419566333,0.0411020908504725
0.14331442117691,-25.1973114013672,-0.00314525188878179,0.0411313800141215
0.400419980287552,-25.200122833252,-0.00742248864844441,0.0410923110321164
0.657119452953339,-25.202730178833,-0.00963075459003448,0.0410014525987208
0.913232445716858,-25.2049808502197,-0.00898039620369673,0.0408659665845335
1.16894423961639,-25.2069892883301,-0.00631620734930038,0.0407251892611384
1.42485308647156,-25.2090072631836,-0.00433035753667355,0.0406296546570957
1.68167948722839,-25.2115726470947,-0.00621161470189691,0.0405349754728377
1.93879389762878,-25.2142524719238,-0.00914706103503704,0.0402978481724858
2.19556379318237,-25.2166366577148,-0.0103307943791151,0.0399992866441607
2.45223951339722,-25.2189979553223,-0.010868551209569,0.0397270959801972
2.70884728431702,-25.2213802337646,-0.0108741261065006,0.0394147117622197
2.96554851531982,-25.2237720489502,-0.0110747553408146,0.0390280387364328
3.22201466560364,-25.2258834838867,-0.0100356694310904,0.0385878602974117
3.47853374481201,-25.2280311584473,-0.00901199970394373,0.0380775928497314
3.73564887046814,-25.2305450439453,-0.0103783793747425,0.0374485328793526
3.99265575408936,-25.2329921722412,-0.0110463127493858,0.0367916747927666
4.24978017807007,-25.2356662750244,-0.0119880344718695,0.0360329258255661
4.5065770149231,-25.2381324768066,-0.0112812528386712,0.0352515364065766
-3.69136500358582,-25.4127712249756,0.00521200196817517,0.035397082567215
-3.43668532371521,-25.4146289825439,0.0086596142500639,0.0360335912555456
-3.181973695755,-25.4165496826172,0.0121782263740897,0.0366239612922072
-2.92624402046204,-25.4190139770508,0.0112008787691593,0.0372260008007288
-2.67041516304016,-25.4216156005859,0.0100065004080534,0.0377247203141451
-2.41432809829712,-25.4242858886719,0.00784932728856802,0.038192093372345
-2.15844416618347,-25.4266910552979,0.00684686657041311,0.0386084774509072
-1.90265369415283,-25.4289951324463,0.00650005135685205,0.0390624944120646
-1.64662671089172,-25.4314804077148,0.00530507788062096,0.0395118556916714
-1.39021265506744,-25.4341735839844,0.00257476279512048,0.0398113653063774
-1.13360869884491,-25.4368419647217,-0.00079705158714205,0.0400623613968492
-0.876443684101105,-25.4397144317627,-0.00649161590263247,0.040195619687438
-0.620297014713287,-25.4420604705811,-0.00730897905305028,0.0402808822691441
-0.3651322722435,-25.4440269470215,-0.00343124382197857,0.0403111819177866
-0.109731160104275,-25.4461059570312,-0.000414640293456614,0.0403455453924835
0.146388992667198,-25.4485397338867,-0.000432623899541795,0.0404075663536787
0.403203338384628,-25.4512252807617,-0.00336484098806977,0.0403979979455471
0.659624040126801,-25.4537467956543,-0.00428593112155795,0.0403276612050831
0.915808618068695,-25.4560508728027,-0.00392975332215428,0.0401944410987198
1.17177820205688,-25.4581756591797,-0.00239612115547061,0.0400597532279789
1.42815136909485,-25.4604206085205,-0.00245773396454751,0.0399446943774819
1.68523919582367,-25.4631538391113,-0.00546911079436541,0.0398218450136483
1.94230949878693,-25.4658679962158,-0.00816727709025145,0.0395703706890345
2.19902944564819,-25.4682941436768,-0.00908845104277134,0.0392558672465384
2.4554271697998,-25.4706516265869,-0.00834494736045599,0.0389835848473012
2.71200156211853,-25.4729537963867,-0.00817981921136379,0.0386487245559692
2.96900296211243,-25.4754638671875,-0.00967831257730722,0.0382511937059462
3.22603797912598,-25.4778423309326,-0.0111148664727807,0.0377758671529591
3.48289775848389,-25.4802360534668,-0.0115415118634701,0.0372851551510394
3.73976302146912,-25.4826641082764,-0.0117672616615891,0.0367534346878529
3.99655318260193,-25.4851188659668,-0.0114355655387044,0.0361108873039484
4.2530255317688,-25.4873027801514,-0.00950797647237778,0.0354759329929948
4.5093240737915,-25.4894180297852,-0.00660890759900212,0.0347460508346558
4.76482343673706,-25.4909400939941,-4.48142527602613e-05,0.0340212155133486
-3.68861961364746,-25.6634616851807,0.00893589481711388,0.0348732806742191
-3.43369078636169,-25.6655387878418,0.0112649751827121,0.0354309799149632
-3.17882323265076,-25.6674995422363,0.0140880644321442,0.0360331116244197
-2.92306780815125,-25.6699810028076,0.0130252381786704,0.0365904811769724
-2.66725015640259,-25.6725273132324,0.0119112860411406,0.0371155897155404
-2.41110849380493,-25.6752128601074,0.00953385327011347,0.0375518659129739
-2.15517210960388,-25.6777229309082,0.00833240523934364,0.0379233881831169
-1.89932060241699,-25.680103302002,0.00774470390751958,0.0383207499980927
-1.64306783676147,-25.682710647583,0.00555114541202784,0.0387117890641093
-1.38621032238007,-25.6857414245605,0.000841702043544501,0.0389369437471032
-1.12913596630096,-25.6887531280518,-0.00462449342012405,0.0391573533415794
-0.872186660766602,-25.6915187835693,-0.00929198879748583,0.0393307963386178
-0.616370677947998,-25.6936531066895,-0.00856884755194187,0.0394607987254858
-0.361404985189438,-25.6955261230469,-0.00374837010167539,0.0395611133426428
-0.106203556060791,-25.6975078582764,0.000209878926398233,0.0396692883223295
0.150024071335793,-25.699987411499,-0.000259443331742659,0.0397743629291654
0.406777143478394,-25.7026920318604,-0.00287367613054812,0.0397998141124845
0.663064122200012,-25.705228805542,-0.00314893643371761,0.0397233171388507
0.919054567813873,-25.707483291626,-0.00188230536878109,0.03955416707322
1.17521512508392,-25.7096939086914,-0.0011731986887753,0.0393743780441582
1.43186223506927,-25.7120723724365,-0.00242588901892304,0.0392039576545358
1.68881332874298,-25.7146835327148,-0.00479680998250842,0.0390719254501164
1.94567179679871,-25.7172718048096,-0.00651998817920685,0.0388292698189616
2.20272183418274,-25.7200126647949,-0.00885832216590643,0.0385179514996707
2.45941662788391,-25.722599029541,-0.0093864630907774,0.0382248898968101
2.71605658531189,-25.7250804901123,-0.00945738051086664,0.0378850889392197
2.97287797927856,-25.7274894714355,-0.0101241106167436,0.0374524621292949
3.23020505905151,-25.7300357818604,-0.0128073813393712,0.0369644938036799
3.48746800422668,-25.7326183319092,-0.0149690480902791,0.0365438857115805
3.74410009384155,-25.7349529266357,-0.0141256311908364,0.0361304222606122
4.00030422210693,-25.7370300292969,-0.0111969923600554,0.0355458296835423
4.25644207000732,-25.7390785217285,-0.00776819139719009,0.0349623933434486
4.51263523101807,-25.7411327362061,-0.00437807850539684,0.0342521034181118
4.76879453659058,-25.7431621551514,-0.000635296106338501,0.0335598839446902
-3.94151830673218,-25.9116497039795,0.0138521110638976,0.033725880086422
-3.68621778488159,-25.9139766693115,0.014257375150919,0.0343357603996992
-3.43098020553589,-25.9162693023682,0.0151832504197955,0.0348779456689954
-3.17525291442871,-25.9187755584717,0.0140582481399179,0.03539605345577
-2.91985082626343,-25.9209594726562,0.0146565288305283,0.0359710864722729
-2.66391634941101,-25.9235553741455,0.0130356969311833,0.0364936329424381
-2.40777897834778,-25.9262599945068,0.010716063901782,0.0369024127721786
-2.15192413330078,-25.9288387298584,0.00993766542524099,0.0372842038050294
-1.89618813991547,-25.9311943054199,0.00991815514862537,0.0376703841611743
-1.63997483253479,-25.9337539672852,0.00793472304940224,0.0379846338182688
-1.38279712200165,-25.9369430541992,0.00179251609370112,0.0381369441747665
-1.12534761428833,-25.9402256011963,-0.00534136965870857,0.0383138004690409
-0.868601143360138,-25.9428977966309,-0.00904543418437243,0.0384833104908466
-0.613039433956146,-25.944974899292,-0.0071227471344173,0.0386411640793085
-0.358047008514404,-25.9468669891357,-0.00238880817778409,0.0388482538983226
-0.102402716875076,-25.9490795135498,-0.000399896438466385,0.0390626722946763
0.154381409287453,-25.9517822265625,-0.0033506047911942,0.0391925442963839
0.411226660013199,-25.9546031951904,-0.00632950430735946,0.0391535954549909
0.667258381843567,-25.957088470459,-0.00540438806638122,0.0390190612524748
0.922880053520203,-25.9592304229736,-0.00243320013396442,0.0388381932862103
1.17907202243805,-25.9615268707275,-0.00181952980346978,0.0386232258751988
1.43592607975006,-25.9640197753906,-0.00395804364234209,0.038453184068203
1.69260013103485,-25.966438293457,-0.00506005994975567,0.0383163983933628
1.94915533065796,-25.9688053131104,-0.00540451752021909,0.0380968097597361
2.20661544799805,-25.9717845916748,-0.00952593889087439,0.0377732552587986
2.46400141716003,-25.9747695922852,-0.0130754830315709,0.0374555387534201
2.7209005355835,-25.9774417877197,-0.0142408097162843,0.0371181205846369
2.97728133201599,-25.9795627593994,-0.0129245994612575,0.0366821703501046
3.23455262184143,-25.9821605682373,-0.0153115401044488,0.0362488212995231
3.49213361740112,-25.9849529266357,-0.0188240371644497,0.0358515428379178
3.74862313270569,-25.9872379302979,-0.0173087045550346,0.0354898497462273
4.00439882278442,-25.9890670776367,-0.0124643249437213,0.0349466586485505
4.26036167144775,-25.9910259246826,-0.00823234859853983,0.0343047939240932
4.5169095993042,-25.9933471679688,-0.00634243572130799,0.0336878541857004
4.7737021446228,-25.99582862854,-0.00529977586120367,0.0330410338938236
5.03117418289185,-25.9986705780029,-0.00699099665507674,0.032467620447278
-3.93820691108704,-26.1624450683594,0.0148715311661363,0.033140042796731
-3.68327283859253,-26.1647300720215,0.0170389283448458,0.0337446685880423
-3.42790842056274,-26.1671543121338,0.0174149945378304,0.0342825148254633
-3.17208027839661,-26.1697540283203,0.0158598180860281,0.034821511246264
-2.91627240180969,-26.1722469329834,0.0146235236898065,0.0353588713333011
-2.6601939201355,-26.1749706268311,0.0123830484226346,0.035805624909699
-2.4043071269989,-26.177562713623,0.0112594412639737,0.0362039916217327
-2.14861249923706,-26.1800174713135,0.0112504446879029,0.0366353411227465
-1.89281940460205,-26.1823844909668,0.0110014704987407,0.0370049746707082
-1.63655126094818,-26.1850242614746,0.00880754739046097,0.0372882252559066
-1.37962675094604,-26.1881580352783,0.00386764411814511,0.0374247599393129
-1.12235343456268,-26.1913051605225,-0.00243519898504019,0.0375596703961492
-0.865670561790466,-26.1940879821777,-0.00580234406515956,0.0377040514722466
-0.609828352928162,-26.1963481903076,-0.00511929811909795,0.0378931602463126
-0.354198545217514,-26.1984672546387,-0.0032536294311285,0.0381218977272511
-0.0980201363563538,-26.2009582519531,-0.0036419800017029,0.0383674427866936
0.158802196383476,-26.2036762237549,-0.00672211265191436,0.03844831045717
0.415483027696609,-26.2064571380615,-0.0089113786816597,0.0383650399744511
0.67122745513916,-26.2087650299072,-0.00665548630058765,0.0382142104208469
0.926791369915009,-26.2109260559082,-0.00338044436648488,0.0380846206098795
1.1828008890152,-26.2131900787354,-0.00190435315016657,0.0379179194569588
1.43963062763214,-26.2157402038574,-0.00389021984301507,0.0377559643238783
1.69627344608307,-26.218204498291,-0.00480965804308653,0.0375923421233892
1.95273208618164,-26.2205200195312,-0.00468832720071077,0.0373863922432065
2.210209608078,-26.2234840393066,-0.00885571446269751,0.0370590770617127
2.46803665161133,-26.2265396118164,-0.014340185560286,0.0367054240778089
2.72508955001831,-26.22926902771,-0.0161502417176962,0.0363406287506223
2.98138999938965,-26.2315044403076,-0.0144219836220145,0.0359817072749138
3.23867321014404,-26.2341575622559,-0.0168162304908037,0.0356458863243461
3.4963526725769,-26.2370586395264,-0.0207153223454952,0.0352304745465517
3.75304770469666,-26.2394180297852,-0.0200652275234461,0.0347731104120612
4.00875806808472,-26.2412490844727,-0.0148874996230006,0.034240011125803
4.26486396789551,-26.2433929443359,-0.0112287160009146,0.0336733255535364
4.52180099487305,-26.2460403442383,-0.0109765604138374,0.0330714611336589
4.77877140045166,-26.2487716674805,-0.010645680129528,0.0324873393401504
5.03559732437134,-26.2513065338135,-0.00948073528707027,0.0319003751501441
5.29210233688354,-26.2533226013184,-0.00674933427944779,0.0311954272910953
-4.18844938278198,-26.4121417999268,0.00749902473762631,0.0317375045269728
-3.93427610397339,-26.4139823913574,0.0130417943000793,0.0325586088001728
-3.67949938774109,-26.4161987304688,0.0159863345324993,0.0331673305481672
-3.4239022731781,-26.4186382293701,0.0153087479993701,0.0336627205833793
-3.16834139823914,-26.421178817749,0.0150470063090324,0.0341879231855273
-2.9122519493103,-26.4238395690918,0.0125501984730363,0.0346411820501089
-2.65629076957703,-26.4265403747559,0.0108973598107696,0.0350411161780357
-2.40062165260315,-26.4290084838867,0.0108188660815358,0.035442553460598
-2.14487433433533,-26.4314060211182,0.0105962678790092,0.0359058026224375
-1.88868987560272,-26.4340190887451,0.00859413761645555,0.0363119598478079
-1.63247442245483,-26.4366893768311,0.0066914432682097,0.036595530807972
-1.37615191936493,-26.4395523071289,0.00455053290352225,0.0367486299946904
-1.11952900886536,-26.4424266815186,0.0012582935160026,0.0368755897507071
-0.863045334815979,-26.445125579834,-0.00117000937461853,0.036998625844717
-0.606854200363159,-26.4476528167725,-0.00203495053574443,0.0371522661298513
-0.350563675165176,-26.4501628875732,-0.0031283930875361,0.0373304923996329
-0.0940029844641685,-26.4527492523193,-0.00522093800827861,0.0375134851783514
0.162622898817062,-26.4553203582764,-0.00737871415913105,0.0375914480537176
0.418947041034698,-26.4579372406006,-0.00792045053094625,0.0375138614326715
0.674639165401459,-26.4602832794189,-0.00538720656186342,0.0374291306361556
0.930391311645508,-26.4625301361084,-0.00292351399548352,0.0373576190322638
1.18618905544281,-26.4647388458252,-0.000456880661658943,0.0372549891471863
1.442986369133,-26.4673290252686,-0.00225798995234072,0.0371379442512989
1.70006394386292,-26.4701519012451,-0.00506709609180689,0.036993813700974
1.95679581165314,-26.4726524353027,-0.00611970108002424,0.0367732644081116
2.21370363235474,-26.4752140045166,-0.00772937852889299,0.0363697977736592
2.47098898887634,-26.4779796600342,-0.0107824048027396,0.0359153114259243
2.72800421714783,-26.4806251525879,-0.0124023035168648,0.0355588775128126
2.98455786705017,-26.483081817627,-0.0117521090433002,0.0353259583935142
3.24183082580566,-26.4857807159424,-0.0140649043023586,0.0350466072559357
3.49930906295776,-26.4884948730469,-0.017059126868844,0.0346305398270488
3.75640535354614,-26.4909687042236,-0.0181490387767553,0.0340899070724845
4.0128345489502,-26.4932518005371,-0.0160763170570135,0.0335162552073598
4.26949787139893,-26.4959239959717,-0.0147862015292048,0.0330184986814857
4.52636671066284,-26.4986114501953,-0.0141848148778081,0.0324673848226666
4.78362321853638,-26.5014762878418,-0.0150562878698111,0.0319357197731733
5.04030561447144,-26.5038394927979,-0.013232721015811,0.0313663324341178
5.29720258712769,-26.5060253143311,-0.0121592991054058,0.0307227773591876
-4.44036912918091,-26.6611824035645,0.00813313759863377,0.030339302495122
-4.18595504760742,-26.6632328033447,0.0123784076422453,0.0312108611688018
-3.93111371994019,-26.6653861999512,0.0148261468857527,0.0320299649611115
-3.67589807510376,-26.6677932739258,0.0157557893544436,0.0326614677906036
-3.42013621330261,-26.6702709197998,0.0143478466197848,0.0331101352348924
-3.16402387619019,-26.6730766296387,0.0115642100572586,0.0335910553112626
-2.90794897079468,-26.6756973266602,0.00917648710310459,0.0340020069852471
-2.65245676040649,-26.6781005859375,0.00973126664757729,0.0344195421785116
-2.39699482917786,-26.6804676055908,0.0106492135673761,0.0348074631765485
-2.14073777198792,-26.6831569671631,0.00812294706702232,0.0352099258452654
-1.88410687446594,-26.6860313415527,0.00411838758736849,0.0356007153168321
-1.62804460525513,-26.6886215209961,0.00296449288725853,0.0358756193891168
-1.37231922149658,-26.6911563873291,0.0035971871111542,0.0360666140913963
-1.1163911819458,-26.693790435791,0.00352929742075503,0.0362304421141744
-0.860181927680969,-26.6964340209961,0.00239299586974084,0.0363629898056388
-0.603829443454742,-26.6990242004395,0.000822520290967077,0.0364587940275669
-0.347266346216202,-26.7016296386719,-0.00148034130688757,0.0365317538380623
-0.090767003595829,-26.7042083740234,-0.00325862201862037,0.036632121540606
0.165560364723206,-26.7067012786865,-0.0040271389298141,0.036724179983139
0.42197448015213,-26.7093391418457,-0.00494669424369931,0.0367295825853944
0.678122520446777,-26.7118110656738,-0.00444456376135349,0.0367284659296274
0.934117794036865,-26.7142105102539,-0.00303341285325587,0.0366703290492296
1.18991661071777,-26.7164554595947,-0.000530437740962952,0.0365845588967204
1.44657039642334,-26.7191276550293,-0.00163522374350578,0.036499491892755
1.70397818088531,-26.7222385406494,-0.00586850894615054,0.0363687658682466
1.96105659008026,-26.7249927520752,-0.00841594021767378,0.0361093347892165
2.21749711036682,-26.727331161499,-0.0079064080491662,0.0356515310704708
2.47386860847473,-26.7295799255371,-0.00687781209126115,0.0351737672463059
2.7308087348938,-26.73219871521,-0.00813599769026041,0.0348195759579539
2.98787260055542,-26.7348556518555,-0.0097161578014493,0.034591375850141
3.24524521827698,-26.7375450134277,-0.0124420030042529,0.0343528771772981
3.5024631023407,-26.7400951385498,-0.0142616285011172,0.0340186627581716
3.75943064689636,-26.7425289154053,-0.0147534031420946,0.0335068069398403
4.01630210876465,-26.7451591491699,-0.014573285356164,0.0329288095235825
4.27363348007202,-26.7481708526611,-0.0161671135574579,0.0324227120727301
4.53060913085938,-26.7509651184082,-0.0159855373203754,0.031916243955493
4.787513256073,-26.7534999847412,-0.0153006929904222,0.0313779972493649
5.04526090621948,-26.7563552856445,-0.0180706325918436,0.0307702468708158
5.30323171615601,-26.7591419219971,-0.0215992797166109,0.0301356445997953
5.56448793411255,-26.763557434082,-0.0391055792570114,0.0294982818886638
-4.43710470199585,-26.9126014709473,0.00935991480946541,0.0299792224541306
-4.18299293518066,-26.914436340332,0.0150486901402473,0.0307593336328864
-3.92816710472107,-26.9165897369385,0.0176046304404736,0.0315313702449203
-3.67240142822266,-26.9190654754639,0.0159799754619598,0.0320585872977972
-3.41657614707947,-26.921781539917,0.0143375936895609,0.032593997195363
-3.16005325317383,-26.9247665405273,0.00968483928591013,0.0330327032133937
-2.90401077270508,-26.9273719787598,0.00748993596062064,0.0334135973826051
-2.64883637428284,-26.929500579834,0.0095429215580225,0.0338373892009258
-2.39337968826294,-26.9318943023682,0.0105281760916114,0.0342102330178022
-2.13697934150696,-26.9347629547119,0.00739259365946054,0.0345374746248126
-1.88026392459869,-26.9377365112305,0.00304606556892395,0.0348928077146411
-1.6244010925293,-26.9402618408203,0.00285096699371934,0.0351739749312401
-1.36857032775879,-26.9428958892822,0.00304556172341108,0.0354404682293534
-1.11264789104462,-26.9455089569092,0.00304042501375079,0.0356617020443082
-0.85672652721405,-26.9480228424072,0.0032558455131948,0.0357895633205771
-0.600801587104797,-26.9503936767578,0.00366419786587358,0.0358352605253458
-0.344669967889786,-26.9527702331543,0.00334837194532156,0.035846970975399
-0.0883442461490631,-26.9552955627441,0.00238718814216554,0.0358828082680702
0.168085843324661,-26.9579200744629,0.001189382863231,0.0359327420592308
0.424828588962555,-26.960750579834,-0.00118162564467639,0.035945612937212
0.681597709655762,-26.9634952545166,-0.00344755314290524,0.0359926149249077
0.93795770406723,-26.9661254882812,-0.00363273941911757,0.0359479999169707
1.19392871856689,-26.9684352874756,-0.00186489580664784,0.0358687080442905
1.4503276348114,-26.9709720611572,-0.00179155729711056,0.0357717713341117
1.70773375034332,-26.9740772247314,-0.00597989140078425,0.0356223480775952
1.96498036384583,-26.9769096374512,-0.00923968572169542,0.0353482589125633
2.22117161750793,-26.9792594909668,-0.00756899593397975,0.0349564906209707
2.47731328010559,-26.9814777374268,-0.00547498278319836,0.0345635525882244
2.73427987098694,-26.9841575622559,-0.00681134825572371,0.0342135075479746
2.99175477027893,-26.9869575500488,-0.0101787466555834,0.0338880503550172
3.24920988082886,-26.9896564483643,-0.0132333338260651,0.0336150620132685
3.50627660751343,-26.9922618865967,-0.0143350958824158,0.0333550246432424
3.76290822029114,-26.9946594238281,-0.0133016211912036,0.0329177286475897
4.01950025558472,-26.9970664978027,-0.0118732927367091,0.032387244515121
4.2768669128418,-26.9999313354492,-0.0136071210727096,0.0318890940397978
4.5342583656311,-27.0028018951416,-0.0152219319716096,0.0313349170610309
4.79184341430664,-27.0057353973389,-0.0174573864787817,0.0308008994907141
5.04968404769897,-27.0087146759033,-0.0205837767571211,0.0301663214340806
5.30785989761353,-27.0117111206055,-0.02494484372437,0.0295580234378576
5.56724691390991,-27.0151996612549,-0.0343213491141796,0.0289689730852842
-4.68751049041748,-27.1622428894043,0.00296214036643505,0.0292348405346274
-4.43339157104492,-27.1640472412109,0.00845124013721943,0.0296084471046925
-4.17942571640015,-27.1657657623291,0.0148624982684851,0.03026332706213
-3.92443108558655,-27.1679096221924,0.0166581999510527,0.0308254128322005
-3.66936731338501,-27.1702098846436,0.0183671917766333,0.0315128155052662
-3.4133722782135,-27.1728534698486,0.0159516390413046,0.0320278108119965
-3.15679550170898,-27.1757793426514,0.011073924601078,0.0324020870029926
-2.90065622329712,-27.1785373687744,0.00847917515784502,0.0327395983040333
-2.64526534080505,-27.180871963501,0.00957997422665358,0.0331825790926814
-2.38978600502014,-27.1834278106689,0.0105153294280171,0.0335576115176082
-2.13355708122253,-27.186243057251,0.00821199640631676,0.0338622974231839
-1.87705814838409,-27.1890926361084,0.00489467522129416,0.0342109194025397
-1.6211348772049,-27.1916637420654,0.00445890519768,0.0345048923045397
-1.36485135555267,-27.19460105896,0.00262617086991668,0.0348190767690539
-1.10857021808624,-27.1974487304688,0.00102942390367389,0.0350655578076839
-0.852766275405884,-27.1998500823975,0.00181570556014776,0.0352049889042974
-0.597532987594604,-27.2018146514893,0.00540194334462285,0.0352332424372435
-0.341844737529755,-27.204044342041,0.00714021595194936,0.0352498274296522
-0.0854338556528091,-27.2067108154297,0.00583444721996784,0.035245549865067
0.171197086572647,-27.2094783782959,0.00376483355648816,0.0351843070238829
0.428230494260788,-27.2124633789062,0.000116941744636279,0.0351838432252407
0.685203969478607,-27.21533203125,-0.00303080398589373,0.0352444229647517
0.941722333431244,-27.2179985046387,-0.00389523571357131,0.0352293634787202
1.19779360294342,-27.2203788757324,-0.00253573106601834,0.0351330107077956
1.45398199558258,-27.2228012084961,-0.001483618398197,0.0350271221250296
1.71104943752289,-27.2257862091064,-0.0041194986552,0.0348495598882437
1.968101978302,-27.2285137176514,-0.00648239813745022,0.0345957316458225
2.22431683540344,-27.2308311462402,-0.00489034363999963,0.0343381399288774
2.48082041740417,-27.2332324981689,-0.0043691205792129,0.0340642966330051
2.73816990852356,-27.236083984375,-0.0073661282658577,0.0336851617321372
2.99572658538818,-27.2390098571777,-0.0110462792217731,0.0333050824701786
3.25301313400269,-27.2418079376221,-0.0132992900907993,0.0329816369339824
3.5100634098053,-27.2446346282959,-0.0142651861533523,0.0327105848118663
3.76650023460388,-27.246955871582,-0.0123369069769979,0.0322926631197333
4.02262878417969,-27.2489967346191,-0.00885933917015791,0.0317985508590937
4.27975749969482,-27.2515926361084,-0.0095390472561121,0.0313082030043006
4.53747940063477,-27.2545509338379,-0.0125747537240386,0.0307252490893006
4.79555606842041,-27.2577610015869,-0.0169153548777103,0.0301455883309245
5.05374956130981,-27.2609348297119,-0.0215329527854919,0.0295730512589216
5.31144428253174,-27.2637825012207,-0.0237613748759031,0.028999013826251
5.56944704055786,-27.2665042877197,-0.0271241720765829,0.0284411525353789
5.82601499557495,-27.2685775756836,-0.0240518748760223,0.0279110847041011
-4.68433809280396,-27.4130611419678,0.00450773816555738,0.0287056863307953
-4.42980241775513,-27.4152126312256,0.00809260178357363,0.0291181309148669
-4.1756796836853,-27.4170379638672,0.0138139193877578,0.0296870898455381
-3.92090320587158,-27.4191722869873,0.0166839621961117,0.0303066270425916
-3.66594910621643,-27.4212799072266,0.0189279653131962,0.0308853620663285
-3.41018962860107,-27.4238128662109,0.0176483727991581,0.0313334222882986
-3.15406966209412,-27.4266052246094,0.0149387875571847,0.0317016318440437
-2.89775919914246,-27.4295101165771,0.0115889245644212,0.0320694446563721
-2.64168643951416,-27.4322929382324,0.00958115234971046,0.0325503973290324
-2.38591027259827,-27.4349098205566,0.00917622167617083,0.0329697597771883
-2.12988018989563,-27.4377040863037,0.0078388936817646,0.0332721089944243
-1.87361264228821,-27.4405059814453,0.00563200563192368,0.0335836503654718
-1.61750638484955,-27.4432373046875,0.00440274178981781,0.0338516244664788
-1.36094856262207,-27.446325302124,0.00135536177549511,0.0341507969424129
-1.10442233085632,-27.4492740631104,-0.00132200366351753,0.0343888252973557
-0.848806321620941,-27.4515933990479,0.000365266139851883,0.034550292417407
-0.593826830387115,-27.4534702301025,0.00515099847689271,0.0346374697983265
-0.33834570646286,-27.4556560516357,0.00787415727972984,0.0346808107569814
-0.0817754939198494,-27.4584503173828,0.00588919827714562,0.0346343033015728
0.175151064991951,-27.4613704681396,0.00252254656516016,0.0345106450840831
0.432417362928391,-27.464448928833,-0.00213736202567816,0.0345248198136687
0.689372420310974,-27.467212677002,-0.00517052551731467,0.0345472749322653
0.945659160614014,-27.4696884155273,-0.00496158981695771,0.0345004172995687
1.2014125585556,-27.4720458984375,-0.00212332885712385,0.034405411221087
1.45719945430756,-27.4743576049805,0.000770783226471394,0.0343364095315337
1.71383154392242,-27.4770908355713,0.000106435792986304,0.0341951139271259
1.9706164598465,-27.4796581268311,-0.0010394275886938,0.0339767318218946
2.22718954086304,-27.4821262359619,-0.0010163615224883,0.0337879462167621
2.48414945602417,-27.4848232269287,-0.00247990083880723,0.0335433343425393
2.74171853065491,-27.4878673553467,-0.00640606554225087,0.0331288585439324
2.99902439117432,-27.4908008575439,-0.00892864353954792,0.0327406795695424
3.25613617897034,-27.4936466217041,-0.0103628328070045,0.0323678124696016
3.513347864151,-27.4966449737549,-0.0119968401268125,0.0320346923545003
3.77004957199097,-27.499116897583,-0.0111954873427749,0.0316144889220595
4.02605724334717,-27.5010471343994,-0.00715914461761713,0.0311386846005917
4.28291320800781,-27.5034160614014,-0.00662441179156303,0.030673255212605
4.54090785980225,-27.5065536499023,-0.0108128860592842,0.03015071246773
4.79922580718994,-27.5099563598633,-0.0161606092005968,0.0296024261042476
5.05713701248169,-27.5129375457764,-0.0195244085043669,0.0290652839466929
5.31470489501953,-27.515718460083,-0.0211682878434658,0.0284802382811904
5.57219982147217,-27.5182857513428,-0.0222904700785875,0.027902951464057
5.82956266403198,-27.5210857391357,-0.0225856807082891,0.0272929705679417
6.08780193328857,-27.5244293212891,-0.026423018425703,0.0266004893928766
-4.93908977508545,-27.6597232818604,0.0185809209942818,0.0277108834125102
-4.68194627761841,-27.6635875701904,0.00973114464432001,0.0281665050424635
-4.42665338516235,-27.6661758422852,0.00979742035269737,0.0285832323133945
-4.17182683944702,-27.6684341430664,0.0122691784054041,0.0291314264759421
-3.91718721389771,-27.6705169677734,0.0158232972025871,0.0296513112261891
-3.66235446929932,-27.6726226806641,0.0186829660087824,0.0301638096570969
-3.40697312355042,-27.6750450134277,0.0192127469927073,0.0306074917316437
-3.1510546207428,-27.6777591705322,0.0174764730036259,0.0310317408293486
-2.89451432228088,-27.6808032989502,0.0130984764546156,0.031488424167037
-2.6379132270813,-27.6838893890381,0.00868899654597044,0.0319782588630915
-2.38188481330872,-27.6865997314453,0.00715795997530222,0.0323517322540283
-2.12592601776123,-27.6893653869629,0.00619369791820645,0.0326245203614235
-1.86972188949585,-27.6921997070312,0.0043271672911942,0.032938739284873
-1.61330235004425,-27.6951351165771,0.0017088174354285,0.0332246860489249
-1.356684923172,-27.6982326507568,-0.00156882067676634,0.0334700755774975
-1.10043525695801,-27.7009773254395,-0.00294627388939261,0.0336577277630568
-0.84484076499939,-27.7032871246338,-0.00111919967457652,0.0338424863293767
-0.589651167392731,-27.7053470611572,0.00276234676130116,0.0339759411290288
-0.334167420864105,-27.7075386047363,0.00551750743761659,0.0340333338826895
-0.0777217373251915,-27.7103691101074,0.00415069423615932,0.0339704025536776
0.179342284798622,-27.713357925415,0.000205037125851959,0.0338862771168351
0.436623215675354,-27.7163391113281,-0.00448989309370518,0.0338881956413388
0.693411767482758,-27.7189331054688,-0.00674176914617419,0.0338666951283813
0.949381768703461,-27.7212257385254,-0.00507270125672221,0.0337759861722589
1.20484209060669,-27.7236709594727,-0.000855884805787355,0.0336970360949636
1.46050238609314,-27.7260322570801,0.00265217944979668,0.0336656617000699
1.71708142757416,-27.7287750244141,0.00226250686682761,0.0335418237373233
1.97388303279877,-27.7313404083252,0.00107408559415489,0.0333228753879666
2.2308406829834,-27.7340297698975,-0.00057396775810048,0.0330952508375049
2.48794221878052,-27.7368774414062,-0.00262024090625346,0.03285360801965
2.74526047706604,-27.7397766113281,-0.00540062459185719,0.0324894580990076
3.00218963623047,-27.7425880432129,-0.00621741823852062,0.0321032106876373
3.2592191696167,-27.7454814910889,-0.00724677508696914,0.0317468773573637
3.51661086082458,-27.7485542297363,-0.00964256096631289,0.0313623836264014
3.77348923683167,-27.7511348724365,-0.00958141312003136,0.0309685496613383
4.02980709075928,-27.7532215118408,-0.00686951819807291,0.0305288331583142
4.28648090362549,-27.7554473876953,-0.00550558790564537,0.0300801256671548
4.54444313049316,-27.7585124969482,-0.00952419359236956,0.0296204043552279
4.80270290374756,-27.7618312835693,-0.0145908482372761,0.029119917191565
5.06041049957275,-27.764684677124,-0.0170375555753708,0.0286195771768689
5.31782722473145,-27.7674388885498,-0.0179882571101189,0.0280590131878853
5.57567691802979,-27.7704086303711,-0.0205884203314781,0.0274841170758009
5.83344984054565,-27.7734909057617,-0.0226100441068411,0.0269244993105531
6.09164667129517,-27.7767925262451,-0.0262283831834793,0.0263625085353851
-4.93591833114624,-27.9110851287842,0.020143723115325,0.0272846864536405
-4.67929410934448,-27.9145450592041,0.0137596242129803,0.0276879798620939
-4.42363691329956,-27.9172878265381,0.0121449213474989,0.0281020998954773
-4.1685357093811,-27.9196262359619,0.0133588695898652,0.0286058522760868
-3.91354393959045,-27.9219493865967,0.0153121780604124,0.0290819657966495
-3.65853953361511,-27.924280166626,0.0174291227012873,0.0295922635123134
-3.40310835838318,-27.9267807006836,0.0177759025245905,0.0300669493153691
-3.14709615707397,-27.9295806884766,0.0156520325690508,0.0305314222350717
-2.89056992530823,-27.9326763153076,0.0113906441256404,0.0310008134692907
-2.63403987884521,-27.9356822967529,0.00734686385840178,0.0313985049724579
-2.37818384170532,-27.9382057189941,0.00664213299751282,0.0316788014024496
-2.12240386009216,-27.940767288208,0.00652868859469891,0.0319189187139273
-1.86628866195679,-27.9435520172119,0.00510854506865144,0.0322473729029298
-1.60965263843536,-27.9466209411621,0.00153804989531636,0.0325279245153069
-1.35324108600616,-27.9496307373047,-0.000756814784836024,0.0327408593147993
-1.09722852706909,-27.9522876739502,-0.00101138255558908,0.0329238809645176
-0.841276168823242,-27.9548568725586,-0.000770171114709228,0.033084656111896
-0.585512816905975,-27.9572811126709,0.000550013035535812,0.0331999314948916
-0.329846948385239,-27.9596977233887,0.00253762095235288,0.0332218464463949
-0.0737267807126045,-27.9624252319336,0.00269622332416475,0.0331643065437675
0.182960912585258,-27.9651565551758,0.000483799114590511,0.0331271458417177
0.439876019954681,-27.967809677124,-0.00254141632467508,0.03310760948807
0.696595668792725,-27.9703598022461,-0.00445010373368859,0.0331021770834923
0.952590465545654,-27.9727478027344,-0.0028493907302618,0.0330239394679666
1.2081001996994,-27.9752578735352,0.00118418119382113,0.0329445116221905
1.46404242515564,-27.9778518676758,0.00347679760307074,0.0329261692240834
1.72091364860535,-27.9807777404785,0.00182438804768026,0.032796747982502
1.97789442539215,-27.9834804534912,-0.000117285067972261,0.0325858304277062
2.23483800888062,-27.9862480163574,-0.00165242003276944,0.032353681512177
2.49163413047791,-27.9889984130859,-0.00229804730042815,0.0321468058973551
2.7485032081604,-27.991792678833,-0.0030409162864089,0.0318376999348402
3.00526261329651,-27.994592666626,-0.0030665691010654,0.0314443791285157
3.26231908798218,-27.9973983764648,-0.00419398956000805,0.0310662221163511
3.51984810829163,-28.000431060791,-0.00717434985563159,0.030690117739141
3.77694153785706,-28.0030975341797,-0.00802707020193338,0.0303448857739568
4.03377437591553,-28.0053787231445,-0.0075412318110466,0.0299564879387617
4.29048013687134,-28.0075855255127,-0.00628436729311943,0.0295437024906278
4.54810380935669,-28.0104236602783,-0.0087940227240324,0.0291730249300599
4.80616188049316,-28.0136909484863,-0.0129389418289065,0.0287201888859272
5.06397581100464,-28.0167388916016,-0.0157966073602438,0.02821334451437
5.32152652740479,-28.0196228027344,-0.01728530600667,0.0276246936991811
5.57937860488892,-28.0226898193359,-0.0198478046804667,0.0270593836903572
5.83730792999268,-28.025707244873,-0.0225253906100988,0.0265910448506474
6.095139503479,-28.0287857055664,-0.0245379451662302,0.0261247027665377
6.3519983291626,-28.0313835144043,-0.0221389010548592,0.0257237004116178
-5.18507528305054,-28.161792755127,0.00808624364435673,0.0265505197457969
-4.93217945098877,-28.1628322601318,0.0190381556749344,0.026783381588757
-4.67641973495483,-28.1657485961914,0.0167511943727732,0.0271994229406118
-4.42102336883545,-28.1682548522949,0.0163839403539896,0.0276919072493911
-4.1654109954834,-28.1709613800049,0.0152487875893712,0.0281397756189108
-3.90997052192688,-28.1734504699707,0.015135177411139,0.0286220433190465
-3.65457987785339,-28.1759967803955,0.0154943242669106,0.029079913161695
-3.39892721176147,-28.178617477417,0.0148545606061816,0.0295010041445494
-3.14289975166321,-28.1813888549805,0.0127029912546277,0.0299616837874055
-2.88672876358032,-28.1843128204346,0.01013458147645,0.0304275983944535
-2.63049936294556,-28.1872329711914,0.00753071112558246,0.0307982685044408
-2.37485313415527,-28.1897201538086,0.0078422399237752,0.0310403630137444
-2.11917781829834,-28.1921482086182,0.00823727808892727,0.0313003864139318
-1.86319768428802,-28.1948356628418,0.0074709146283567,0.0316272145137191
-1.6069324016571,-28.1976737976074,0.00562898069620132,0.0318557918071747
-1.35089528560638,-28.2003746032715,0.00506330002099276,0.0320300636813045
-1.09474802017212,-28.2031860351562,0.0042311018332839,0.0322270141914487
-0.838414311408997,-28.2060623168945,0.00277648260816932,0.0324107650667429
-0.582081198692322,-28.2089138031006,0.00155441963579506,0.0324846319854259
-0.326154947280884,-28.2115211486816,0.0024047615006566,0.0324482703581452
-0.0702564790844917,-28.2140369415283,0.00359419593587518,0.032386751845479
0.186068713665009,-28.2166004180908,0.00305751850828528,0.0323169473558664
0.442804932594299,-28.21923828125,0.000880437262821943,0.0322904083877802
0.699493885040283,-28.2218322753906,-0.000852312718052417,0.032310894690454
0.955611109733582,-28.2243480682373,0.00023756266455166,0.0322828758507967
1.21128928661346,-28.2268905639648,0.00354257691651583,0.0321983601897955
1.46757745742798,-28.2296848297119,0.00432554027065635,0.0321846650913358
1.72470271587372,-28.2326488494873,0.00156595872249454,0.03206308465451
1.98196065425873,-28.2355823516846,-0.00156036054249853,0.0318383434787393
2.23874664306641,-28.2383270263672,-0.00234779273159802,0.0315862167626619
2.4950098991394,-28.2408771514893,-0.000584160326980054,0.0314149828627706
2.75153517723083,-28.2436084747314,0.000242545909713954,0.0311907297000289
3.0082893371582,-28.2464847564697,0.000280320266028866,0.0308410851284862
3.26559162139893,-28.2493915557861,-0.00190132670104504,0.0304451119154692
3.52322196960449,-28.252384185791,-0.00530475843697786,0.0301010739058256
3.78053712844849,-28.2550792694092,-0.00710451230406761,0.0297046722844243
4.03776979446411,-28.2576675415039,-0.0083219651132822,0.0293452506884933
4.29447317123413,-28.2599277496338,-0.0070091518573463,0.0290125543251634
4.5515832901001,-28.2625102996826,-0.00723747303709388,0.0287221763283014
4.80939722061157,-28.2656574249268,-0.0102848000824451,0.0282642701640725
5.06734275817871,-28.268798828125,-0.013678346760571,0.0277604553848505
5.32530975341797,-28.2718906402588,-0.0169380772858858,0.0271820547059178
5.58315229415894,-28.2749347686768,-0.0194254573434591,0.0266978889703751
5.84092950820923,-28.2778453826904,-0.0214110836386681,0.026201082393527
6.09847497940063,-28.2808074951172,-0.0221502240747213,0.0257627572864294
6.35564565658569,-28.2836303710938,-0.0210499335080385,0.025323897600174
-5.18225145339966,-28.4125213623047,0.0111887883394957,0.0258875065483153
-4.92868089675903,-28.4141883850098,0.019028689712286,0.0262078735977411
-4.67339038848877,-28.4168834686279,0.0189909264445305,0.0266759525984526
-4.41786098480225,-28.4195117950439,0.018042391166091,0.0271700066514313
-4.16202402114868,-28.4223594665527,0.0158952940255404,0.0276951012201607
-3.9062807559967,-28.4250106811523,0.0144073544070125,0.0282053966075182
-3.65075063705444,-28.4276103973389,0.0141570931300521,0.0285976510494947
-3.39495968818665,-28.4303016662598,0.0129186855629086,0.0289647001773119
-3.1388635635376,-28.4330596923828,0.0104873236268759,0.0293798539787531
-2.8828980922699,-28.4357986450195,0.00890516489744186,0.029828991740942
-2.62721681594849,-28.4384632110596,0.00888227764517069,0.0301696667447686
-2.37165904045105,-28.441068649292,0.00965727306902409,0.0304499780759215
-2.11567449569702,-28.4437503814697,0.00867579784244299,0.0307801142334938
-1.85976600646973,-28.4463672637939,0.00827393773943186,0.031113020144403
-1.6040917634964,-28.4488220214844,0.00916898716241121,0.031303908675909
-1.34853839874268,-28.4513149261475,0.0108525631949306,0.0314582195132971
-1.09234440326691,-28.4541912078857,0.00983873568475246,0.0316551523283124
-0.835745215415955,-28.4573631286621,0.00722130388021469,0.031787795946002
-0.579138398170471,-28.4604892730713,0.00480100186541677,0.0317700747400522
-0.322952121496201,-28.4632244110107,0.00450361054390669,0.0317103043198586
-0.066884346306324,-28.4656963348389,0.00494645535945892,0.0316866375505924
0.189301803708076,-28.4681625366211,0.00507064582780004,0.0316468756645918
0.446005046367645,-28.4708595275879,0.00308531569316983,0.0316157005727291
0.702830493450165,-28.4736232757568,0.000784542295150459,0.0316028539091349
0.959280014038086,-28.476448059082,0.000434652756666765,0.0316109247505665
1.21521532535553,-28.4790744781494,0.00262097548693419,0.031532664783299
1.47143173217773,-28.481632232666,0.00374208204448223,0.0314475288614631
1.72826838493347,-28.4843215942383,0.00229478464461863,0.0313076721504331
1.98524010181427,-28.4872016906738,0.000490080390591174,0.0311148352921009
2.24205994606018,-28.4899845123291,-0.00041187644819729,0.0308896042406559
2.49841523170471,-28.4926776885986,0.000990075874142349,0.0306761870160699
2.75494337081909,-28.4954948425293,0.00184862536843866,0.0304422490298748
3.01166772842407,-28.4984149932861,0.00206100358627737,0.0301530621945858
3.26909303665161,-28.5013275146484,-0.000635759090073407,0.0298321545124054
3.52672743797302,-28.504264831543,-0.00402785697951913,0.0294954450801015
3.78419828414917,-28.5070781707764,-0.006470434833318,0.0290387002751231
4.04153299331665,-28.5099201202393,-0.00807443168014288,0.0286671295762062
4.29836988449097,-28.512414932251,-0.00728684430941939,0.0283761974424124
4.55525827407837,-28.5148983001709,-0.00650821253657341,0.0281554572284222
4.81289005279541,-28.5179195404053,-0.00872944481670856,0.0277681816369295
5.07079648971558,-28.521032333374,-0.0119193410500884,0.0272739119827747
5.32887887954712,-28.5240993499756,-0.0156555287539959,0.0266992934048176
5.58667659759521,-28.5270538330078,-0.0179192535579205,0.0262467171996832
5.84417819976807,-28.5300121307373,-0.0186568573117256,0.0257784696295857
6.10223340988159,-28.533239364624,-0.0215599574148655,0.0253004841506481
6.36039018630981,-28.536548614502,-0.0246629063040018,0.024877306073904
6.62056589126587,-28.5406188964844,-0.0362271778285503,0.0243766568601131
-5.43558645248413,-28.6599178314209,0.0188194382935762,0.0247549510095268
-5.17988348007202,-28.6630306243896,0.0164376311004162,0.0253245190251619
-4.92546033859253,-28.6652946472168,0.0203079655766487,0.0257025591563433
-4.66988182067871,-28.668155670166,0.0189578551799059,0.0262004747055471
-4.41473865509033,-28.6706142425537,0.0198671836405993,0.0267173391766846
-4.15882015228271,-28.6734561920166,0.0173714458942413,0.0272980430163443
-3.90283060073853,-28.6763324737549,0.0147815924137831,0.0277298740111291
-3.64722013473511,-28.6790065765381,0.0142003074288368,0.0280396128073335
-3.39136600494385,-28.6817684173584,0.0127127068117261,0.0283966436982155
-3.13528728485107,-28.684549331665,0.0104071293026209,0.0288125853985548
-2.87938117980957,-28.68727684021,0.00914402864873409,0.0292387474328279
-2.62392139434814,-28.6898918151855,0.0101914815604687,0.0295776557177305
-2.36812162399292,-28.6927089691162,0.00989809632301331,0.0299114556983113
-2.1116144657135,-28.6959018707275,0.00657981494441628,0.0302727017551661
-1.85568785667419,-28.6985454559326,0.00614058785140514,0.0305713741108775
-1.60051429271698,-28.7007122039795,0.0093719819560647,0.0307717714458704
-1.34521400928497,-28.7029113769531,0.0122333718463778,0.0309571782127023
-1.08905947208405,-28.7057075500488,0.0114292064681649,0.0311367707327008
-0.832424581050873,-28.7089004516602,0.00868524424731731,0.0312038902193308
-0.575955390930176,-28.7120056152344,0.00693248631432652,0.031135288067162
-0.31971400976181,-28.7148056030273,0.00642465753480792,0.0310535691678524
-0.0634737759828568,-28.7174320220947,0.00612992374226451,0.0310257086530328
0.192704275250435,-28.7199287414551,0.00633133295923471,0.0310504576191306
0.449421316385269,-28.7226657867432,0.00432392861694098,0.0310337943956256
0.706461310386658,-28.7255973815918,0.00110150268301368,0.0309969298541546
0.963320136070251,-28.7285709381104,-0.00105438660830259,0.0309850489720702
1.21953856945038,-28.7312507629395,-0.000104072722024284,0.0309115825220942
1.47549986839294,-28.7337055206299,0.00220489385537803,0.0308121237903833
1.73177576065063,-28.7361469268799,0.00330443331040442,0.0306476186960936
1.98823761940002,-28.7387466430664,0.00380344549193978,0.0304637709632516
2.2451605796814,-28.741720199585,0.00249208672903478,0.0302245207130909
2.5019097328186,-28.7446556091309,0.00218512932769954,0.0299809835851192
2.75869846343994,-28.747522354126,0.00191803032066673,0.0297453999519348
3.01565980911255,-28.7504653930664,0.00111133209429681,0.0295236371457577
3.27292537689209,-28.7532424926758,-0.000847820425406098,0.0292915366590023
3.53019857406616,-28.7560157775879,-0.0026105500292033,0.028934970498085
3.78738355636597,-28.7588691711426,-0.00374200707301497,0.0284541267901659
4.04466772079468,-28.7619190216064,-0.00506494240835309,0.028058017604053
4.30219554901123,-28.7649536132812,-0.00724053801968694,0.0278057558462024
4.5596022605896,-28.767707824707,-0.00868369918316603,0.0276187639683485
4.81706953048706,-28.770528793335,-0.0101612526923418,0.0272854203358293
5.07459878921509,-28.7733612060547,-0.0116808786988258,0.0268269013613462
5.33236122131348,-28.7763118743896,-0.0139850005507469,0.0262606739997864
5.59017133712769,-28.779390335083,-0.0162534359842539,0.0257536703720689
5.848069190979,-28.7825546264648,-0.0186673793941736,0.0253376727923751
6.10636949539185,-28.7859439849854,-0.0225807577371597,0.0248920535668731
6.36477518081665,-28.7893028259277,-0.0267228558659554,0.0245381556451321
6.6228928565979,-28.7924137115479,-0.0294042117893696,0.0241270400583744
6.87849760055542,-28.7944030761719,-0.0210762675851583,0.0236981911584735
-5.43238544464111,-28.9112720489502,0.0201356783509254,0.0243106129346415
-5.17720222473145,-28.9139308929443,0.020228311419487,0.0248766797594726
-4.92237997055054,-28.9164009094238,0.022251820191741,0.0252947234548628
-4.6668848991394,-28.9192390441895,0.0213349536061287,0.0257517853751779
-4.41156482696533,-28.9217681884766,0.0214477870613337,0.0262609422206879
-4.15586566925049,-28.9244079589844,0.0200056340545416,0.0267488304525614
-3.89991354942322,-28.9273014068604,0.017630822956562,0.0271416888572276
-3.64404487609863,-28.9302864074707,0.0159018579870462,0.0274249403737485
-3.38804769515991,-28.9332542419434,0.0138029539957643,0.027864127419889
-3.13196420669556,-28.9360599517822,0.0115152727812529,0.0283187944442034
-2.87609601020813,-28.9387969970703,0.0104697160422802,0.0287164701148868
-2.62034702301025,-28.9416618347168,0.0102304434403777,0.0290441587567329
-2.36393356323242,-28.9447975158691,0.00714818947017193,0.0293806036934257
-2.1071343421936,-28.9480743408203,0.00252290698699653,0.029718522913754
-1.85131454467773,-28.9505958557129,0.00261555169709027,0.029938648454845
-1.5965564250946,-28.9527149200439,0.00781824719160795,0.0301099764183164
-1.34131765365601,-28.9548835754395,0.0110042029991746,0.0303189866244793
-1.08524942398071,-28.9576244354248,0.0106355482712388,0.0305043831467628
-0.828881561756134,-28.9606227874756,0.0091426707804203,0.0305524747818708
-0.572637856006622,-28.9636173248291,0.00845390558242798,0.0305123813450336
-0.316328167915344,-28.9665355682373,0.00768266245722771,0.0304974867030978
-0.0600208044052124,-28.9692840576172,0.00713090505450964,0.0304744644090533
0.196194648742676,-28.9718456268311,0.00720618199557066,0.0304551599547267
0.452731221914291,-28.9744873046875,0.00604928703978658,0.0303978342562914
0.709461450576782,-28.9773197174072,0.00426228763535619,0.0303401127457619
0.96633106470108,-28.9803314208984,0.00209457543678582,0.0303501468151808
1.22285735607147,-28.9830665588379,0.00168637163005769,0.0303473295643926
1.47905874252319,-28.9856052398682,0.00295325554907322,0.0302488319575787
1.73510122299194,-28.9881229400635,0.00515445740893483,0.0300469789654016
1.99122500419617,-28.9905071258545,0.00718836532905698,0.0297983288764954
2.24812602996826,-28.9934844970703,0.00600781943649054,0.029538955539465
2.50542163848877,-28.9966163635254,0.00330146285705268,0.0293178632855415
2.76246881484985,-28.9995822906494,0.00192360882647336,0.0290858019143343
3.01944160461426,-29.0023899078369,0.00108856556471437,0.0289293816313148
3.27643013000488,-29.005033493042,0.000390264205634594,0.0287378262728453
3.53335452079773,-29.0078067779541,0.000218105298699811,0.0283678695559502
3.79021716117859,-29.0105648040771,0.00054163602180779,0.0278872698545456
4.04766893386841,-29.0137901306152,-0.0014739315956831,0.0275175431743264
4.30597448348999,-29.0173358917236,-0.00700496509671211,0.0272933533415198
4.56404685974121,-29.0206146240234,-0.0112897576764226,0.0270833410322666
4.82130575180054,-29.0231685638428,-0.0118332747370005,0.0267516160383821
5.0783224105835,-29.0256786346436,-0.0110927317291498,0.0263607501983643
5.33547735214233,-29.0284175872803,-0.0107146678492427,0.025857899338007
5.59360694885254,-29.031774520874,-0.0143189067021012,0.0253711892291903
5.85203886032104,-29.0352058410645,-0.0190021526068449,0.0249882405623794
6.11058521270752,-29.0386409759521,-0.0239463839679956,0.024596176110208
6.36829710006714,-29.0415649414062,-0.0250732209533453,0.0242391284555197
6.62535381317139,-29.0441646575928,-0.0231634490191936,0.0238416586071253
6.88107585906982,-29.0461120605469,-0.0153205711394548,0.0234260326251388
-5.68416357040405,-29.1599941253662,0.020565290004015,0.0232166812056676
-5.42884540557861,-29.1628932952881,0.0198513511568308,0.0239046176720876
-5.17395877838135,-29.1653175354004,0.021377781406045,0.0245002406882122
-4.91889715194702,-29.1677684783936,0.0222958978265524,0.0249244668520987
-4.66361474990845,-29.1704483032227,0.0224171038717031,0.0253824843093753
-4.40806436538696,-29.1731395721436,0.0214939434081316,0.0258204559795558
-4.15239763259888,-29.1758041381836,0.0202502217143774,0.0262088547460735
-3.89648509025574,-29.1787109375,0.0181065052747726,0.0265371631830931
-3.64039731025696,-29.1818943023682,0.0154063375666738,0.0268817925825715
-3.38421201705933,-29.1850700378418,0.0124867279082537,0.0273412354290485
-3.12842535972595,-29.187837600708,0.0116365235298872,0.0277993036434054
-2.87275052070618,-29.1905689239502,0.0115386368706822,0.0281641967594624
-2.61650443077087,-29.1936511993408,0.00903492048382759,0.0284770345315337
-2.35953164100647,-29.1969909667969,0.00340581499040127,0.0288015455007553
-2.10304093360901,-29.1999530792236,0.000232085614698008,0.0290387272834778
-1.84784173965454,-29.2022666931152,0.00323296524584293,0.0291593419387937
-1.59304308891296,-29.2043437957764,0.00828171987086535,0.0292924800887704
-1.33734357357025,-29.2068328857422,0.009409892372787,0.0294997524470091
-1.08104777336121,-29.2096996307373,0.00804680399596691,0.029723484069109
-0.825137555599213,-29.2124042510986,0.00867710821330547,0.029837142676115
-0.569362103939056,-29.2150802612305,0.010148199275136,0.0299245920032263
-0.313156574964523,-29.2180919647217,0.00990286935120821,0.0299873296171427
-0.0568125806748867,-29.2209815979004,0.00923494715243578,0.0299697546288371
0.199547991156578,-29.223690032959,0.00869857892394066,0.0298729501664639
0.455975651741028,-29.2263336181641,0.00807583797723055,0.029728471301496
0.712224841117859,-29.2289733886719,0.00849345978349447,0.0296265063807368
0.968580305576324,-29.2316474914551,0.00865562912076712,0.0296888863667846
1.22529244422913,-29.2345504760742,0.00744934612885118,0.0297254268079996
1.48209142684937,-29.2374687194824,0.00608126912266016,0.0296595692634583
1.73839056491852,-29.2402286529541,0.00718397926539183,0.029442435130477
1.99456131458282,-29.2426452636719,0.00904427468776703,0.0291458107531071
2.25136041641235,-29.2454452514648,0.00833754427731037,0.0289063826203346
2.50876879692078,-29.248556137085,0.00515616638585925,0.0286948131397367
2.76593136787415,-29.2515926361084,0.00330446613952518,0.0284833181649446
3.02282500267029,-29.2543392181396,0.00285288342274725,0.0283870389685035
3.27963209152222,-29.2570209503174,0.00300480565056205,0.0282023074105382
3.53668570518494,-29.259916305542,0.00230508157983422,0.0278556393459439
3.79385638237,-29.2628974914551,0.00131971656810492,0.0274118995293975
4.051438331604,-29.2661800384521,-0.00122864823788404,0.0270639127120376
4.30981636047363,-29.2698364257812,-0.00702921114861965,0.026785503141582
4.56809949874878,-29.2732982635498,-0.0121852401643991,0.0265017971396446
4.82538986206055,-29.2759227752686,-0.0128196300938725,0.02622642647475
5.08193922042847,-29.2781867980957,-0.0100087085738778,0.0259361788630486
5.33897686004639,-29.280834197998,-0.0090889148414135,0.0255342805758119
5.59751462936401,-29.2843036651611,-0.0144339464604855,0.0250756172463298
5.85626173019409,-29.2878379821777,-0.0204456299543381,0.0246386555954814
6.11442518234253,-29.2910175323486,-0.0237041991204023,0.0242687510326505
6.37153100967407,-29.2936820983887,-0.0221795421093702,0.023862068541348
6.62883520126343,-29.2965106964111,-0.0212860368192196,0.0234852973371744
6.88548803329468,-29.2988548278809,-0.0174022670835257,0.0230931062251329
7.14422607421875,-29.3019409179688,-0.0222643036395311,0.0227671330794692
-5.68134784698486,-29.4112739562988,0.0236696731299162,0.0228365540970117
-5.42563962936401,-29.4143714904785,0.0211451333016157,0.0234862232755404
-5.17056703567505,-29.4168930053711,0.0218332149088383,0.024100027163513
-4.91541051864624,-29.4193878173828,0.0223459079861641,0.0245586780365556
-4.66022968292236,-29.4218845367432,0.0229716300964355,0.0250220426823944
-4.40444755554199,-29.4247131347656,0.0210034195333719,0.0253770898561925
-4.14854764938354,-29.4275684356689,0.0187197346240282,0.0256705624051392
-3.89246511459351,-29.4306297302246,0.0158352721482515,0.0260371002368629
-3.63638877868652,-29.4337921142578,0.0132340006530285,0.0263990280218422
-3.38021469116211,-29.4370346069336,0.0104225296527147,0.0268034916371107
-3.12448263168335,-29.439905166626,0.00988665036857128,0.0272176386788487
-2.86894392967224,-29.442554473877,0.0104628205299377,0.0275842994451523
-2.61245036125183,-29.4457035064697,0.00685317860916257,0.0278665404766798
-2.3556694984436,-29.4488410949707,0.00214108475483954,0.0281364154070616
-2.09978842735291,-29.4514617919922,0.00181375723332167,0.0282807871699333
-1.84476625919342,-29.453727722168,0.00567177031189203,0.0283891772851348
-1.58946824073792,-29.4560565948486,0.00846613384783268,0.0284900050610304
-1.33317744731903,-29.4589042663574,0.00693665631115437,0.0286895651370287
-1.07703101634979,-29.4616451263428,0.00629529589787126,0.0289131039753556
-0.821672797203064,-29.464111328125,0.00948883127421141,0.0290875164791942
-0.566352486610413,-29.4665756225586,0.0130700254812837,0.0292374016717076
-0.310272306203842,-29.46950340271,0.0134247820824385,0.0293317334726453
-0.0537204667925835,-29.4725551605225,0.0118555575609207,0.0293568531051278
0.202934429049492,-29.4755191802979,0.0100364573299885,0.0292589757591486
0.459361344575882,-29.4782409667969,0.00946331117302179,0.0291071403771639
0.715183198451996,-29.4807071685791,0.0118455719202757,0.0290290806442499
0.971052348613739,-29.483154296875,0.0142253674566746,0.0291378162801266
1.22771847248077,-29.4861030578613,0.013261535204947,0.0292146326974034
1.48491978645325,-29.4893207550049,0.0101338746026158,0.0290875360369682
1.74164640903473,-29.492208480835,0.00935014896094799,0.0288028167560697
1.99821305274963,-29.4948997497559,0.00949251558631659,0.0285425148904324
2.25506520271301,-29.4976825714111,0.00858292728662491,0.028357720002532
2.51237654685974,-29.5007438659668,0.00587035017088056,0.028156272135675
2.76953220367432,-29.503755569458,0.00408472027629614,0.0279242126271129
3.02656245231628,-29.5066204071045,0.00307347299531102,0.0278078000992537
3.28371262550354,-29.5095710754395,0.00176380120683461,0.0276394374668598
3.54097843170166,-29.5126686096191,0.000184406439075246,0.0273243086412549
3.79820871353149,-29.515796661377,-0.00100484513677657,0.0269379820674658
4.05566358566284,-29.5189323425293,-0.00296223117038608,0.0265962891280651
4.31380176544189,-29.5223560333252,-0.007683124858886,0.0262744287028909
4.57191801071167,-29.5257263183594,-0.0120738241821527,0.025938643142581
4.82929992675781,-29.528564453125,-0.0130462748929858,0.025701092556119
5.08585834503174,-29.5309066772461,-0.0102265048772097,0.0255007082596421
5.34308385848999,-29.5336360931396,-0.0100811971351504,0.0251317024230957
5.60183525085449,-29.5371971130371,-0.0163125041872263,0.0247255237773061
5.86059427261353,-29.5406379699707,-0.0223419386893511,0.024269419722259
6.11840295791626,-29.5436630249023,-0.0240265224128962,0.0238818479701877
6.3754677772522,-29.5463981628418,-0.0222747959196568,0.0235274191945791
6.633131980896,-29.5493068695068,-0.0228971131145954,0.0231544114649296
6.89049482345581,-29.5519790649414,-0.0220166798681021,0.0227959593757987
7.14887857437134,-29.5550594329834,-0.0252952929586172,0.0224443818442523
-5.9342474937439,-29.6598167419434,0.0295745562762022,0.0221370635554194
-5.67840099334717,-29.6626853942871,0.0261520035564899,0.0224671335890889
-5.42251682281494,-29.6658039093018,0.0228232908993959,0.0230358889093623
-5.16701126098633,-29.6684608459473,0.0214965231716633,0.0236009596992517
-4.91164493560791,-29.6711540222168,0.0210733599960804,0.0241410004673526
-4.65643072128296,-29.6735649108887,0.0215758625417948,0.024588932050392
-4.40068054199219,-29.6763305664062,0.0198000054806471,0.0249589516315609
-4.14463043212891,-29.6793632507324,0.0168682299554348,0.0252720285207033
-3.88863778114319,-29.6824855804443,0.0144633585587144,0.0256227920763195
-3.63288021087646,-29.6855010986328,0.013396087102592,0.0259754345752299
-3.37684631347656,-29.6886901855469,0.0112799862399697,0.0263208705000579
-3.12078142166138,-29.6917324066162,0.0092390775680542,0.0266421134583652
-2.86507034301758,-29.6944427490234,0.00905692111700773,0.0269339266233146
-2.60875725746155,-29.6973838806152,0.00631254306063056,0.0271983658894897
-2.35256671905518,-29.7001972198486,0.00436459155753255,0.0274701416492462
-2.09695839881897,-29.7028255462646,0.00534599786624312,0.0276414453983307
-1.84178960323334,-29.7052803039551,0.00857731606811285,0.0278041828423738
-1.58600556850433,-29.7079029083252,0.00918419379740953,0.0279525788500905
-1.32955431938171,-29.7106895446777,0.00694299302995205,0.0280955331400037
-1.0737920999527,-29.7133026123047,0.00810425449162722,0.0282381027936935
-0.818506360054016,-29.7157878875732,0.0116714928299189,0.0283836340531707
-0.563177585601807,-29.7183361053467,0.0152595620602369,0.0285151107236743
-0.307175576686859,-29.7212295532227,0.0160058028995991,0.0285865208134055
-0.0504448600113392,-29.7243766784668,0.0136621333658695,0.0286212526261806
0.206434652209282,-29.7274551391602,0.0108651220798492,0.028587331995368
0.462810397148132,-29.7301864624023,0.0105650164186954,0.028513859026134
0.718466460704803,-29.732536315918,0.0137270782142878,0.0285064792260528
0.974532783031464,-29.7351913452148,0.0152708552777767,0.028584255836904
1.23129272460938,-29.7381744384766,0.0139229260385036,0.0286177163943648
1.48858630657196,-29.7414436340332,0.0104216663166881,0.0284618642181158
1.745441198349,-29.7443656921387,0.00910175126045942,0.0281975567340851
2.0020546913147,-29.7471904754639,0.00908871088176966,0.0279617737978697
2.25878357887268,-29.7499923706055,0.00877732411026955,0.027777954004705
2.51605677604675,-29.753002166748,0.00626916810870171,0.0275435103103518
2.77327060699463,-29.7559452056885,0.00425398629158735,0.0273098666220903
3.0307788848877,-29.7590656280518,0.00117235921788961,0.0271829133853316
3.28854966163635,-29.76247215271,-0.00281159556470811,0.0270831743255258
3.54597949981689,-29.7657299041748,-0.00505335349589586,0.0267920615151525
3.8029146194458,-29.7687435150146,-0.00489291781559587,0.0264858147129416
4.06004571914673,-29.7716693878174,-0.00539194699376822,0.0261982968077064
4.31791067123413,-29.7748546600342,-0.00888612680137157,0.0258534820750356
4.57582855224609,-29.7780437469482,-0.0123776169493794,0.0254819197580218
4.83314895629883,-29.7809047698975,-0.0130357854068279,0.0252135442569852
5.09003162384033,-29.7835731506348,-0.0115659032016993,0.0249912291765213
5.34759950637817,-29.786584854126,-0.0128496391698718,0.0246515674516559
5.60631275177002,-29.7901840209961,-0.0188623871654272,0.0242514358833432
5.86460828781128,-29.793363571167,-0.0228501372039318,0.0238291528075933
6.12218427658081,-29.7962741851807,-0.0234915390610695,0.0234671523794532
6.37957191467285,-29.7991104125977,-0.0230946093797684,0.0231706760823727
6.63702297210693,-29.801887512207,-0.0227638948708773,0.0228453101590276
6.89463138580322,-29.8046188354492,-0.0229023508727551,0.0224622907117009
7.15226602554321,-29.8074722290039,-0.0229181349277496,0.0220222449861467
7.40926122665405,-29.8101139068604,-0.0199738554656506,0.0214458592236042
-5.93070697784424,-29.9110507965088,0.0291267931461334,0.0219721086323261
-5.6750020980835,-29.9141025543213,0.0264516361057758,0.0222389721311629
-5.41912412643433,-29.9172210693359,0.023196229711175,0.0226964066969231
-5.1635913848877,-29.9199504852295,0.0217913463711739,0.0232097918051295
-4.90783452987671,-29.9228248596191,0.0195684898644686,0.0236665337724844
-4.65234184265137,-29.9253902435303,0.0188081488013268,0.024105183663778
-4.39672183990479,-29.9280681610107,0.0176904611289501,0.0245086192153394
-4.141028881073,-29.9309978485107,0.0164887737482786,0.0248709935694933
-3.88543725013733,-29.9340343475342,0.0160163920372725,0.0252065488602966
-3.62982726097107,-29.9370994567871,0.015691177919507,0.0255096703767776
-3.37405586242676,-29.9401702880859,0.0148373208940029,0.0258276131935418
-3.11788773536682,-29.9432735443115,0.0123525932431221,0.0261028413660824
-2.86198806762695,-29.9461059570312,0.0113345170393586,0.0263407132588327
-2.60589671134949,-29.9488868713379,0.00964584480971098,0.0265876180492342
-2.34985375404358,-29.9515705108643,0.00840630009770393,0.0268372874706984
-2.09413957595825,-29.9543075561523,0.00894124899059534,0.027050503063947
-1.83864343166351,-29.9570636749268,0.0107180625200272,0.0272558704018593
-1.58300840854645,-29.9597358703613,0.0120601058006287,0.0274297809228301
-1.32687854766846,-29.9623985290527,0.0113284140825272,0.0275330580770969
-1.07108521461487,-29.9648780822754,0.0123618105426431,0.0276353619992733
-0.815467417240143,-29.9674625396729,0.0144400335848331,0.0277433451265097
-0.559893548488617,-29.9701805114746,0.0169546250253916,0.027843726798892
-0.303894877433777,-29.9731159210205,0.0177584234625101,0.027843875810504
-0.0470717139542103,-29.9763488769531,0.0150379855185747,0.0278615551069379
0.20993560552597,-29.9794864654541,0.0117003032937646,0.0279052304103971
0.466231167316437,-29.9821758270264,0.0118003925308585,0.0279355850070715
0.72208708524704,-29.9846649169922,0.0141054661944509,0.0279713869094849
0.97840827703476,-29.987434387207,0.0145431961864233,0.0279720118269324
1.2353847026825,-29.99045753479,0.0122590661048889,0.0279025882482529
1.49263417720795,-29.9936447143555,0.00899122841656208,0.0277707697823644
1.74930214881897,-29.9965019226074,0.0085516544058919,0.0275903856381774
2.00573110580444,-29.9993515014648,0.0094154691323638,0.0273980796337128
2.26237440109253,-30.0022468566895,0.00954036135226488,0.0272181527689099
2.5197160243988,-30.0053195953369,0.00677083898335695,0.0270142601802945
2.77704071998596,-30.0082263946533,0.00429235259070992,0.0267633143812418
3.03492021560669,-30.0114231109619,-0.000401116034481674,0.0265488056465983
3.29310512542725,-30.0151252746582,-0.00615656794980168,0.0263892281800508
3.55059480667114,-30.0184173583984,-0.00861512217670679,0.0261497758328915
3.80728554725647,-30.0213413238525,-0.0073303859680891,0.0259450161829591
4.06405973434448,-30.0241661071777,-0.00621201191097498,0.0257869130000472
4.32176542282104,-30.0272579193115,-0.00896852370351553,0.0254598334431648
4.57972574234009,-30.0304393768311,-0.0126085532829165,0.025062182918191
4.83709907531738,-30.0333309173584,-0.0134568549692631,0.0247236965224147
5.09441709518433,-30.0363178253174,-0.0138253848999739,0.0244513917714357
5.35210275650024,-30.0395832061768,-0.0155530637130141,0.0241298768669367
5.61024522781372,-30.0430030822754,-0.0190383270382881,0.0237758019939065
5.86800003051758,-30.0459957122803,-0.0206399690359831,0.0234351912513375
6.12549114227295,-30.0487098693848,-0.0208966750651598,0.0231318045407534
6.38307523727417,-30.0514640808105,-0.0213326551020145,0.0228885007090867
6.64067983627319,-30.0543804168701,-0.0216162707656622,0.0225059860385954
6.89791965484619,-30.0569934844971,-0.0201284438371658,0.0220804209820926
7.15519666671753,-30.0598526000977,-0.0185598526149988,0.0216230205260217
7.41234159469604,-30.0627250671387,-0.0162044279277325,0.0211772345937788
-6.18099451065063,-30.1594944000244,0.0225128289312124,0.0215301001444459
-5.92666864395142,-30.1624488830566,0.0262930728495121,0.0218066568486392
-5.67122602462769,-30.1655578613281,0.0249358043074608,0.0220849295146763
-5.41571855545044,-30.1685371398926,0.0234888028353453,0.0225028141867369
-5.16004419326782,-30.1714344024658,0.0214677099138498,0.0229149165097624
-4.90416240692139,-30.1743850708008,0.0187042523175478,0.0233416091359686
-4.64845705032349,-30.1771240234375,0.0169958099722862,0.0237527638673782
-4.39287090301514,-30.1799049377441,0.0160974152386189,0.0241653894772753
-4.13766813278198,-30.1826286315918,0.0172462854534388,0.0245411740615964
-3.88254928588867,-30.185453414917,0.0190267730504274,0.0248087320942432
-3.62694001197815,-30.1885395050049,0.0187451038509607,0.0250211765524
-3.37116146087646,-30.1915893554688,0.017889741808176,0.0252729868516326
-3.11511087417603,-30.1946468353271,0.0159884039312601,0.0255371620878577
-2.85937428474426,-30.197473526001,0.0157710984349251,0.0257663941010833
-2.60339617729187,-30.2003555297852,0.0146573940292001,0.0260566188953817
-2.34735631942749,-30.2031154632568,0.0134731940925121,0.0262979883700609
-2.09163236618042,-30.205753326416,0.0139806633815169,0.0265497742220759
-1.83604347705841,-30.20849609375,0.0153561420738697,0.0267556947655976
-1.58049154281616,-30.2111415863037,0.0171128232032061,0.0268961926922202
-1.32438540458679,-30.2138366699219,0.0165251232683659,0.0269523952156305
-1.06821548938751,-30.2165660858154,0.0158768333494663,0.0270083779469132
-0.81213253736496,-30.2193641662598,0.0158674363046885,0.0271301893517375
-0.556386888027191,-30.2221069335938,0.0176317356526852,0.0272458717226982
-0.300346344709396,-30.2250423431396,0.0182826146483421,0.0272279642522335
-0.043418075889349,-30.2283477783203,0.015128499828279,0.0271981321275234
0.213565498590469,-30.2313899993896,0.011928609572351,0.0272539369761944
0.46980345249176,-30.2340717315674,0.0123311681672931,0.027345716021955
0.725759506225586,-30.2367134094238,0.0142378183081746,0.0273554716259241
0.982266783714294,-30.2395782470703,0.0138801978901029,0.0272790538147092
1.23928225040436,-30.2426109313965,0.0114617021754384,0.027210489846766
1.49625289440155,-30.2456226348877,0.00947832316160202,0.0271466160193086
1.7528532743454,-30.2485294342041,0.00938965287059546,0.0270144501700997
2.00939559936523,-30.2514400482178,0.00978829897940159,0.0268275821581483
2.26634454727173,-30.2546062469482,0.00860859546810389,0.0266419565305114
2.5237238407135,-30.2578620910645,0.00573325995355844,0.0264777699485421
2.78076529502869,-30.2607154846191,0.00456152111291885,0.0262297969311476
3.03827095031738,-30.2636089324951,0.00154492643196136,0.0259525002911687
3.29627537727356,-30.2671031951904,-0.0033930407371372,0.0257446458563209
3.55393552780151,-30.2705497741699,-0.00655820453539491,0.0255738170817494
3.81074142456055,-30.2735385894775,-0.00574219925329089,0.0254758317023516
4.06758594512939,-30.2764015197754,-0.00489324145019054,0.0253231236711144
4.32502222061157,-30.2793960571289,-0.00643206667155027,0.0250715343281627
4.58291578292847,-30.282693862915,-0.00972745474427938,0.0247149197384715
4.84076881408691,-30.2859363555908,-0.012617208994925,0.0243496671319008
5.09839677810669,-30.2891254425049,-0.0142862880602479,0.0240618297830224
5.35589742660522,-30.2922649383545,-0.0151744205504656,0.0237214816734195
5.61353302001953,-30.2954235076904,-0.016427056863904,0.0234264638274908
5.87124109268188,-30.2984619140625,-0.0177841819822788,0.0231577446684241
6.1288685798645,-30.301197052002,-0.0185994897037745,0.022857662755996
6.38632011413574,-30.3038520812988,-0.0184338316321373,0.022521682549268
6.64384365081787,-30.3068046569824,-0.0183250531554222,0.0220751911401749
6.90126895904541,-30.3097476959229,-0.0175705030560493,0.0216212510131299
7.15847063064575,-30.3126068115234,-0.0156396571546793,0.0212575974874198
7.4159140586853,-30.3156986236572,-0.0145119875669479,0.0209157858043909
-6.17743921279907,-30.4115581512451,0.0220305733382702,0.0213114847429097
-5.92278528213501,-30.4142875671387,0.0242471843957901,0.0216054599732161
-5.66739654541016,-30.4173049926758,0.0231881812214851,0.0219075062777847
-5.41200113296509,-30.4201850891113,0.0223139673471451,0.0222625499591231
-5.1564245223999,-30.4230670928955,0.0208073928952217,0.0226307155098766
-4.90074491500854,-30.4259223937988,0.0190429650247097,0.0230173445306718
-4.64513969421387,-30.4286041259766,0.0178506299853325,0.0234152303310111
-4.38949966430664,-30.431489944458,0.0167483426630497,0.0238267967069987
-4.13431358337402,-30.4342632293701,0.018025578930974,0.0242273937910795
-3.87915182113647,-30.4371223449707,0.0196491479873657,0.0244386125123128
-3.62340402603149,-30.4402370452881,0.0187573190778494,0.0245686850976199
-3.36747670173645,-30.4432964324951,0.0172458048909903,0.0247413064353168
-3.11162352561951,-30.446252822876,0.0163050163537264,0.0249797336291522
-2.85621309280396,-30.4490146636963,0.0176527835428715,0.0252210013568401
-2.6006121635437,-30.4517955780029,0.0183328036218882,0.0254978900775313
-2.3447949886322,-30.4545116424561,0.0182196702808142,0.0257647917605937
-2.08897018432617,-30.4572448730469,0.0182995405048132,0.0259648398496211
-1.8331286907196,-30.4600944519043,0.0185446459800005,0.0260992487892509
-1.57735979557037,-30.462869644165,0.0193439982831478,0.0261737038381398
-1.32119703292847,-30.4655895233154,0.0185337923467159,0.0262415530160069
-1.06475496292114,-30.468433380127,0.0166774597018957,0.0263289897702634
-0.808387160301208,-30.4713973999023,0.0154126062989235,0.026511968113482
-0.552556455135345,-30.4742374420166,0.0168393924832344,0.026625863276422
-0.29658454656601,-30.4771156311035,0.0178419258445501,0.0266266688704491
-0.0398566052317619,-30.4802513122559,0.0156287234276533,0.0265645300969481
0.216812089085579,-30.4831829071045,0.0138970660045743,0.0266397530212998
0.473087340593338,-30.4860553741455,0.0141889229416847,0.0267101032659411
0.729171216487885,-30.4887599945068,0.0155575191602111,0.0266949869692326
0.985678553581238,-30.4915618896484,0.0152301415801048,0.026623391546309
1.24244737625122,-30.4944286346436,0.0139497518539429,0.026621375232935
1.49909567832947,-30.4973449707031,0.0134513983502984,0.0265736971050501
1.75596582889557,-30.5004997253418,0.0122048612684011,0.0264443848282099
2.01300597190857,-30.50364112854,0.0104187047109008,0.0262585440650582
2.27052998542786,-30.5071392059326,0.00672794319689274,0.0261050034314394
2.52781701087952,-30.5105152130127,0.0043275598436594,0.025974583812058
2.78440475463867,-30.5133094787598,0.00522644584998488,0.0257089966908097
3.04115605354309,-30.5158100128174,0.00557873072102666,0.0254372516646981
3.29854226112366,-30.5188446044922,0.00337941595353186,0.0252568265423179
3.55622935295105,-30.5223407745361,0.000126314829685725,0.0251553179696202
3.8136157989502,-30.5255641937256,-0.00158494478091598,0.0250700591132045
4.07093191146851,-30.528621673584,-0.0027744269464165,0.0248699085786939
4.32835865020752,-30.5316257476807,-0.0042343563400209,0.024604263715446
4.58622360229492,-30.5349884033203,-0.00735928071662784,0.0242784516885877
4.8443660736084,-30.5384654998779,-0.0114601757377386,0.0239358730614185
5.10215044021606,-30.5417060852051,-0.0137746660038829,0.0236406214535236
5.3596134185791,-30.5447692871094,-0.0144665203988552,0.0233136638998985
5.61701917648315,-30.5478229522705,-0.0146852284669876,0.0230223201215267
5.87503910064697,-30.5509910583496,-0.0173555463552475,0.0227547297254205
6.13295412063599,-30.5539684295654,-0.0193579122424126,0.0224496461451054
6.3903956413269,-30.5568084716797,-0.0190838929265738,0.0220513460226357
6.64770889282227,-30.5597229003906,-0.0180217735469341,0.02166797965765
6.9050464630127,-30.56272315979,-0.0168385189026594,0.0213298369199038
7.16241598129272,-30.5657901763916,-0.015569731593132,0.0209778188727796
7.42023658752441,-30.5690994262695,-0.0160086508840322,0.02069180784747
7.67919063568115,-30.5731582641602,-0.0210274942219257,0.0202875728718936
-6.4282808303833,-30.6614971160889,0.0183242224156857,0.0210006460547447
-6.17394638061523,-30.6635513305664,0.0218311697244644,0.0211085444316268
-5.91911840438843,-30.6662006378174,0.0232442785054445,0.0213737478479743
-5.66385173797607,-30.6690006256104,0.0227941442281008,0.0216270769014955
-5.40838623046875,-30.6719493865967,0.0216377563774586,0.0219592393841594
-5.15301084518433,-30.6747226715088,0.0211300253868103,0.0222935420460999
-4.89775037765503,-30.677375793457,0.0213853940367699,0.0226420793915167
-4.642258644104,-30.6800994873047,0.0207774192094803,0.022997087915428
-4.38642120361328,-30.6832160949707,0.0188048481941223,0.0233816475665662
-4.13079738616943,-30.6861686706543,0.0180617906153202,0.0237519222719129
-3.87546539306641,-30.6889972686768,0.0189208723604679,0.0239821333670989
-3.61972069740295,-30.6919384002686,0.0180686619132757,0.024156108382158
-3.36370587348938,-30.6949615478516,0.0161837339401245,0.0243454603478312
-3.10776543617249,-30.6979885101318,0.0148877250030637,0.0245647397823632
-2.85256791114807,-30.7007904052734,0.017285693436861,0.0247551540378481
-2.59729695320129,-30.7034568786621,0.0195411089807749,0.0249761191662401
-2.34177851676941,-30.7060623168945,0.0208514407277107,0.0251794429495931
-2.08584189414978,-30.7089977264404,0.0204711686819792,0.0253641093149781
-1.82959353923798,-30.7120723724365,0.0188866294920444,0.0254845726303756
-1.57354331016541,-30.7149677276611,0.0184350293129683,0.0255281026475132
-1.31751143932343,-30.7176456451416,0.0182709004729986,0.0256032068282366
-1.06142199039459,-30.7203254699707,0.0180683676153421,0.0257069715298712
-0.804932236671448,-30.7233848571777,0.0162907857447863,0.0258738291449845
-0.54868870973587,-30.7264366149902,0.0158812236040831,0.0259920125827193
-0.292579233646393,-30.7293968200684,0.0163048021495342,0.0259997700341046
-0.0361882522702217,-30.732400894165,0.0156664717942476,0.0259817754849792
0.220126420259476,-30.7351760864258,0.0155783202499151,0.0260384250432253
0.476374268531799,-30.7380542755127,0.0160339288413525,0.0260688969865441
0.732515811920166,-30.740779876709,0.0171795170754194,0.0260740965604782
0.9888995885849,-30.7434921264648,0.017441226169467,0.0260220477357507
1.2455233335495,-30.7462749481201,0.0168457608669996,0.0259953821077943
1.50217747688293,-30.7492733001709,0.0163659192621708,0.0258905058726668
1.7591165304184,-30.7524833679199,0.0148494802415371,0.0257339458912611
2.01633810997009,-30.7558250427246,0.012304650619626,0.0255582751706243
2.27406573295593,-30.7595443725586,0.00776067143306136,0.0254124766215682
2.5314633846283,-30.7629432678223,0.00490372255444527,0.0252990880981088
2.78803992271423,-30.7658405303955,0.00590615067631006,0.0251251962035894
3.0445511341095,-30.7683773040771,0.00737588759511709,0.0249876184388995
3.30173325538635,-30.7712478637695,0.00610605953261256,0.024876831099391
3.55930161476135,-30.7745037078857,0.00338864861987531,0.0247677322477102
3.81686878204346,-30.7778072357178,0.000916842313017696,0.0245801359415054
4.07452154159546,-30.7810935974121,-0.00170347816310823,0.0243429699912667
4.3322286605835,-30.7843170166016,-0.0043397918343544,0.024105534888804
4.5901927947998,-30.7877292633057,-0.00785832200199366,0.0238218177109957
4.84825134277344,-30.7910900115967,-0.0115609150379896,0.0234803333878517
5.10603857040405,-30.7943382263184,-0.0138469627127051,0.0231371666304767
5.36332702636719,-30.7973346710205,-0.0137375313788652,0.0228323331102729
5.62059020996094,-30.8003807067871,-0.0132906185463071,0.0226159943267703
5.8786506652832,-30.8035583496094,-0.0160990972071886,0.0223850458860397
6.13685703277588,-30.8068370819092,-0.0192999914288521,0.0220310036092997
6.39450311660767,-30.8098583221436,-0.0198552198708057,0.0216993843205273
6.65193128585815,-30.8128433227539,-0.019241152331233,0.0213910560123622
6.90949964523315,-30.8159923553467,-0.0189997982233763,0.0211359644308686
7.16722726821899,-30.8192558288574,-0.0192135144025087,0.0208009309135377
7.42529773712158,-30.8226642608643,-0.0206729788333178,0.0205230191349983
7.68401765823364,-30.8264751434326,-0.0246588997542858,0.0201576859690249
-6.42546939849854,-30.9126567840576,0.0212644208222628,0.0208123442716897
-6.17064476013184,-30.9151573181152,0.0224976949393749,0.0208975076675415
-5.91563177108765,-30.9179210662842,0.023079190403223,0.0211220039054751
-5.66050481796265,-30.9206981658936,0.0233425553888083,0.0213450607843697
-5.40506839752197,-30.9236259460449,0.0223691463470459,0.0216053575277328
-5.14981365203857,-30.9263668060303,0.0224763993173838,0.0218422824982554
-4.89468240737915,-30.9290542602539,0.0233970452100039,0.022110536461696
-4.63919830322266,-30.9319362640381,0.0228832475841045,0.0224702428095043
-4.38334560394287,-30.9350185394287,0.0208735931664705,0.0228641121648252
-4.12732362747192,-30.9380912780762,0.0182973816990852,0.023184089717688
-3.87172484397888,-30.9409618377686,0.0179411768913269,0.0234216688841116
-3.61595153808594,-30.9439449310303,0.0170043408870697,0.0237258572597057
-3.35995316505432,-30.9469509124756,0.0152410380542278,0.0240348790539429
-3.10399436950684,-30.9499282836914,0.0138975447043777,0.0242107927333564
-2.84876465797424,-30.9527206420898,0.0161895584315062,0.0243003310170025
-2.59356594085693,-30.9554901123047,0.0188415199518204,0.0244188739452511
-2.33802485466003,-30.9582424163818,0.0201076734811068,0.0246080351062119
-2.08202791213989,-30.9611892700195,0.0194923244416714,0.0248193596489727
-1.82573139667511,-30.9642848968506,0.0177306290715933,0.0249560168012977
-1.56972515583038,-30.9671421051025,0.0175240151584148,0.0250241910107434
-1.31406474113464,-30.9697017669678,0.0191123578697443,0.025077317841351
-1.05833148956299,-30.9722423553467,0.0205814633518457,0.0251331776380539
-0.80179899930954,-30.9753379821777,0.0186475105583668,0.0252498434856534
-0.545163691043854,-30.9785594940186,0.0164903849363327,0.0253637358546257
-0.28869292140007,-30.9817295074463,0.0153189171105623,0.0254081850871444
-0.0322576202452183,-30.984790802002,0.0145280724391341,0.0254183863289654
0.224065080285072,-30.9875965118408,0.0144509011879563,0.0254450123757124
0.480236142873764,-30.9904537200928,0.0152990501374006,0.0254465956240892
0.736308097839355,-30.9931640625,0.0168031025677919,0.0254855412058532
0.992592394351959,-30.9958744049072,0.0175598878413439,0.025432902853936
1.24926257133484,-30.99875831604,0.0168069712817669,0.0253504640422761
1.5059586763382,-31.0018291473389,0.0161866396665573,0.0251876697875559
1.7626805305481,-31.0050029754639,0.0156904608011246,0.0250102649442852
2.01970386505127,-31.0081729888916,0.0140589019283652,0.0248660175129771
2.2774224281311,-31.0118217468262,0.00958443526178598,0.0247438657097518
2.5351288318634,-31.015380859375,0.00539697986096144,0.0246111126616597
2.79203319549561,-31.0184993743896,0.00499524315819144,0.0244814991019666
3.04874467849731,-31.0212745666504,0.00564143620431423,0.024439578410238
3.30588388442993,-31.0241947174072,0.00461334642022848,0.0243896329775453
3.56327962875366,-31.0272636413574,0.0026881112717092,0.0242784032598138
3.82081174850464,-31.030517578125,0.000408632244216278,0.0240693343803287
4.07852029800415,-31.0338439941406,-0.00241419044323266,0.0237897243350744
4.33636331558228,-31.0371952056885,-0.00559321325272322,0.0235379436053336
4.59420871734619,-31.0404396057129,-0.0085629103705287,0.0232677021995187
4.85190439224243,-31.0435390472412,-0.0106531977653503,0.0229347036220133
5.10945701599121,-31.0466804504395,-0.0118789337575436,0.0225780289620161
5.36662864685059,-31.0497436523438,-0.0112114977091551,0.022311698179692
5.62396430969238,-31.0529556274414,-0.0110265510156751,0.0221614623442292
5.88196611404419,-31.0561180114746,-0.0135424230247736,0.0219872235320508
6.14030838012695,-31.0595264434814,-0.0172844473272562,0.0216945656575263
6.39837694168091,-31.0628261566162,-0.019611531868577,0.0214280327782035
6.65622091293335,-31.0660743713379,-0.0207345504313707,0.0211265068501234
6.91415739059448,-31.0694103240967,-0.0220244489610195,0.0208703968673944
7.17203950881958,-31.0727615356445,-0.0228497590869665,0.0205450071953237
7.43008041381836,-31.0760879516602,-0.0241408161818981,0.020314063411206
7.68828582763672,-31.0796451568604,-0.0258884746581316,0.0199959557503462
-6.42261600494385,-31.1640205383301,0.024014487862587,0.0205327896401286
-6.16737747192383,-31.1667995452881,0.0233244262635708,0.0206089927814901
-5.91212844848633,-31.1697177886963,0.0228316951543093,0.0207702880725265
-5.65713739395142,-31.1723899841309,0.0237831920385361,0.02102155610919
-5.40174674987793,-31.175313949585,0.0230728220194578,0.0212430357933044
-5.14648103713989,-31.1780776977539,0.0231746155768633,0.0214436892420053
-4.89115762710571,-31.1809635162354,0.023245008662343,0.0216763783246279
-4.63577795028687,-31.1839771270752,0.0232920851558447,0.022036979906261
-4.38023376464844,-31.1868591308594,0.0227687750011683,0.0224188445135951
-4.12414216995239,-31.1899032592773,0.0198990553617477,0.0226991962408647
-3.86814618110657,-31.1929340362549,0.0177218317985535,0.0229358956567012
-3.61210036277771,-31.1960639953613,0.0155599871650338,0.0232379923108965
-3.35620331764221,-31.1990833282471,0.0143231274560094,0.0235519049456343
-3.10052013397217,-31.2019081115723,0.0143035668879747,0.0237255329266191
-2.84538960456848,-31.2046241760254,0.0170946177095175,0.0237492320593446
-2.5899715423584,-31.2075576782227,0.0187810342758894,0.02387319074478
-2.33410859107971,-31.2104969024658,0.0186079423874617,0.0240898397751153
-2.07815027236938,-31.2134189605713,0.0182172823697329,0.0243330630473793
-1.82200062274933,-31.2163982391357,0.017170513048768,0.0244957862887532
-1.56618094444275,-31.2191562652588,0.0178624726831913,0.0245677144266665
-1.31071662902832,-31.2217559814453,0.0204072184860706,0.0246012969873846
-1.05513322353363,-31.2243022918701,0.0226101577281952,0.0246671009808779
-0.798615992069244,-31.2273902893066,0.0207842160016298,0.024727928917855
-0.541735947132111,-31.2306728363037,0.017544437199831,0.0247734980657697
-0.284981399774551,-31.2339305877686,0.0151185458526015,0.0248105451464653
-0.028409019112587,-31.2370872497559,0.0137527203187346,0.0248367367312312
0.227947145700455,-31.2399940490723,0.013578437268734,0.0248675681650639
0.484027504920959,-31.2427768707275,0.014875840395689,0.0248632142320275
0.740210771560669,-31.2455463409424,0.0159225631505251,0.0248868274502456
0.996705710887909,-31.2484817504883,0.0157911721616983,0.0248158690519631
1.25368893146515,-31.2517051696777,0.0137031534686685,0.0247334470041096
1.51045680046082,-31.254846572876,0.0128150172531605,0.0246173129417002
1.76698935031891,-31.257942199707,0.013213699683547,0.0245036510750651
2.02374076843262,-31.2610187530518,0.0128450011834502,0.0244220150634646
2.28105306625366,-31.2643051147461,0.0102014243602753,0.0242630974389613
2.53859949111938,-31.2676963806152,0.00675366725772619,0.0240844218060374
2.795814037323,-31.2709617614746,0.00501593202352524,0.0238781329244375
3.05278873443604,-31.273962020874,0.00455237831920385,0.023859026376158
3.30988192558289,-31.276927947998,0.0037791496142745,0.0238617514260113
3.56711530685425,-31.2799625396729,0.00261682807467878,0.0237495321780443
3.82460570335388,-31.2832565307617,0.000569638446904719,0.0235724467784166
4.08224821090698,-31.2866020202637,-0.00191568292211741,0.0232778592035174
4.34015464782715,-31.2899971008301,-0.00533163454383612,0.0230457582511008
4.59787750244141,-31.2931537628174,-0.0077287801541388,0.0227462225593626
4.85522317886353,-31.2961044311523,-0.00825184676796198,0.0224643293768167
5.11255741119385,-31.2991161346436,-0.00849357899278402,0.0221344982273877
5.36984777450562,-31.302267074585,-0.00830144062638283,0.0219036610797048
5.62737703323364,-31.305606842041,-0.00891462434083223,0.0217945827171206
5.88561153411865,-31.3089561462402,-0.0123917507007718,0.0216907761059701
6.1443133354187,-31.312536239624,-0.0176448579877615,0.0214343946427107
6.40264272689819,-31.3159561157227,-0.0210525114089251,0.0211225696839392
6.66049098968506,-31.3192348480225,-0.0221454109996557,0.0207881326787174
6.91828346252441,-31.3224430084229,-0.0227796733379364,0.0205112923868001
7.17606353759766,-31.3257160186768,-0.0231275763362646,0.0202471539378166
7.43403244018555,-31.3290843963623,-0.0240594334900379,0.0200137258507311
7.69200801849365,-31.3324813842773,-0.0247924383729696,0.0197846416849643
-6.67627811431885,-31.4120311737061,0.0337649136781693,0.0198214594274759
-6.41993618011475,-31.4154796600342,0.0276075508445501,0.0201879707165062
-6.16418504714966,-31.4185466766357,0.0245151203125715,0.0202799178659916
-5.90893030166626,-31.4214420318604,0.0240361727774143,0.020421345718205
-5.65377902984619,-31.4242515563965,0.0242788922041655,0.0206103627569973
-5.39863348007202,-31.4270668029785,0.0247749071568251,0.0208200314082205
-5.14329671859741,-31.4298439025879,0.0245816316455603,0.0210376805625856
-4.8875789642334,-31.4328842163086,0.0228294674307108,0.0212837308645248
-4.63213872909546,-31.4359512329102,0.0226407572627068,0.0216365654487163
-4.37695503234863,-31.438648223877,0.0238556358963251,0.022055302048102
-4.12084150314331,-31.4417572021484,0.0209330841898918,0.0223581739701331
-3.86442732810974,-31.4449863433838,0.0168409515172243,0.0225062519311905
-3.60825896263123,-31.4482936859131,0.0141679933294654,0.0226987834321335
-3.35254216194153,-31.4512634277344,0.0138235008344054,0.0229357099742629
-3.09714531898499,-31.4539813995361,0.0151841035112739,0.0231074596158578
-2.8420786857605,-31.456600189209,0.0183053780347109,0.0232108691125177
-2.58666086196899,-31.4594669342041,0.0200255177915096,0.0234087577555329
-2.33067607879639,-31.4624633789062,0.0193316861987114,0.0236352029023692
-2.07468581199646,-31.4653587341309,0.0188288316130638,0.0238823522813618
-1.81870460510254,-31.4681873321533,0.0185910351574421,0.0240328670479357
-1.56286203861237,-31.4710216522217,0.0192259717732668,0.0241369837895036
-1.30723404884338,-31.4738178253174,0.0210758615285158,0.0241882037371397
-1.05156409740448,-31.4765319824219,0.0229407027363777,0.0242379161063582
-0.795121073722839,-31.4796581268311,0.0215043444186449,0.0242184067610651
-0.538235425949097,-31.4828758239746,0.0182714592665434,0.024175763130188
-0.281573861837387,-31.4859371185303,0.0162902474403381,0.0241666189394891
-0.0250997301191092,-31.488956451416,0.0153986141085625,0.0242091538384557
0.231439039111137,-31.4920978546143,0.0144555121660233,0.0242991950362921
0.488000631332397,-31.4951362609863,0.0136252781376243,0.0243231682106853
0.744633495807648,-31.4981327056885,0.0126935597509146,0.0243056360632181
1.00134301185608,-31.501256942749,0.0116578238084912,0.0242110160179436
1.2581433057785,-31.5044994354248,0.0104534775018692,0.024181641638279
1.51457571983337,-31.5075912475586,0.0111287301406264,0.0241209254600108
1.77132022380829,-31.5107746124268,0.0106254639104009,0.024025646969676
2.02806830406189,-31.513765335083,0.010309130884707,0.0239916103892028
2.28506755828857,-31.5168342590332,0.00909553840756416,0.0238477163948119
2.54213666915894,-31.5198516845703,0.00779128726571798,0.0235919230617583
2.79917120933533,-31.5229816436768,0.00688573066145182,0.0233487547375262
3.05613708496094,-31.5260887145996,0.00651156064122915,0.0232781656086445
3.31319999694824,-31.5292644500732,0.0059381416067481,0.0233013979159296
3.57049489021301,-31.5325241088867,0.0045657460577786,0.0232277573086321
3.8280873298645,-31.5358772277832,0.00210923166014254,0.0230960315093398
4.08574295043945,-31.5391674041748,-0.000403141370043159,0.0228278650902212
4.34358930587769,-31.5425052642822,-0.00352002191357315,0.0226177126169205
4.60120868682861,-31.545654296875,-0.0054216249845922,0.022356434725225
4.85841751098633,-31.5487422943115,-0.00528717692941427,0.0221382174640894
5.11591339111328,-31.5519142150879,-0.0061858375556767,0.0218351106159389
5.37374353408813,-31.5553531646729,-0.00829615909606218,0.0215451465919614
5.63172817230225,-31.5587673187256,-0.0108563471585512,0.021388943772763
5.89008760452271,-31.5621585845947,-0.0148270335048437,0.0212960741482675
6.14871311187744,-31.5657196044922,-0.0197033043950796,0.0210470808669925
6.40702247619629,-31.5691585540771,-0.0229740869253874,0.0207096948288381
6.66462516784668,-31.5723762512207,-0.0229598823934793,0.0203843703493476
6.92204809188843,-31.5754776000977,-0.0219576694071293,0.0201081726700068
7.17965793609619,-31.578649520874,-0.0215381272137165,0.0198959454428405
7.43770122528076,-31.5820598602295,-0.0227480977773666,0.0196874020621181
7.69575548171997,-31.5854148864746,-0.0237844660878181,0.0195015701465309
7.95532608032227,-31.5896415710449,-0.0310254693031311,0.0188591708429158
-6.673020362854,-31.6640071868896,0.0345663167536259,0.0195126589387655
-6.4170184135437,-31.6671600341797,0.0300643108785152,0.0198198221623898
-6.16097450256348,-31.6703243255615,0.0256108026951551,0.0199328325688839
-5.90553188323975,-31.6732559204102,0.024276789277792,0.0200580502860248
-5.65039253234863,-31.6761455535889,0.024631654843688,0.0201518181711435
-5.39555788040161,-31.678825378418,0.0266521666198969,0.0203257757239044
-5.14016199111938,-31.6816730499268,0.0262246187776327,0.0205525942146778
-4.88410902023315,-31.6847515106201,0.0229173433035612,0.0208307020366192
-4.62853670120239,-31.6877040863037,0.0221298113465309,0.0212279902771115
-4.37332248687744,-31.6904392242432,0.0232515707612038,0.0216701971367002
-4.11711406707764,-31.6937427520752,0.0199494436383247,0.0220116588752717
-3.86041259765625,-31.6972198486328,0.0145741626620293,0.0221352644730359
-3.60431146621704,-31.7005500793457,0.0122709181159735,0.0222081439569592
-3.34906816482544,-31.7032566070557,0.0141769861802459,0.0223353658802807
-3.09386467933655,-31.705940246582,0.0164872035384178,0.0225187605246902
-2.83848643302917,-31.7086944580078,0.0182034112513065,0.0227087328967173
-2.58290600776672,-31.7115669250488,0.019206415861845,0.0229438740061596
-2.3270218372345,-31.7144927978516,0.0190201904624701,0.0231433492153883
-2.07118892669678,-31.7172775268555,0.0192826725542545,0.023329159244895
-1.81544709205627,-31.7199764251709,0.0201866403222084,0.0234866144601256
-1.55957114696503,-31.7228984832764,0.0207168646156788,0.0236269279848784
-1.30369901657104,-31.7258415222168,0.0214928276836872,0.0236889549996704
-1.04772019386292,-31.7287902832031,0.0219995696097612,0.0237115561030805
-0.791297018527985,-31.7320327758789,0.0207141675055027,0.0236656174529344
-0.53454726934433,-31.7352466583252,0.018152080476284,0.0235830065794289
-0.278214871883392,-31.7380218505859,0.0176928769797087,0.0235433804336935
-0.0219293460249901,-31.7408695220947,0.0176854114979506,0.0236036353744566
0.234708547592163,-31.744068145752,0.0163332279771566,0.0236739707179368
0.491939127445221,-31.7475967407227,0.0125437909737229,0.0237023141235113
0.749075531959534,-31.7508583068848,0.00939259957522154,0.0236842301674187
1.0058274269104,-31.7539558410645,0.00821029767394066,0.0236031441017985
1.26226580142975,-31.7570114135742,0.008676927536726,0.0236236667260528
1.51853239536285,-31.7599849700928,0.0101352361962199,0.0235834806226194
1.77517795562744,-31.7630786895752,0.010112913325429,0.0235156351700425
2.03193306922913,-31.7661094665527,0.00981247052550316,0.0235203038901091
2.28854823112488,-31.7690391540527,0.0103561617434025,0.0234409142285585
2.54528069496155,-31.7719821929932,0.0105957016348839,0.0232538576237857
2.8022027015686,-31.775053024292,0.0102238161489367,0.0230565122328699
3.05914974212646,-31.7781677246094,0.00997133366763592,0.0229166015051305
3.31619954109192,-31.7814102172852,0.00949887279421091,0.0228410167619586
3.57372164726257,-31.7849082946777,0.00717747071757913,0.0226748790591955
3.83142256736755,-31.7882347106934,0.00427225977182388,0.0224538403563201
4.08910036087036,-31.7915000915527,0.00169636763166636,0.0222827969118953
4.3467493057251,-31.7947940826416,-0.000513168459292501,0.022113274782896
4.60428333282471,-31.79807472229,-0.00198477902449667,0.0219666776247323
4.86172437667847,-31.8013496398926,-0.00281831785105169,0.021794106811285
5.11972618103027,-31.8048553466797,-0.00586747238412499,0.021500940201804
5.37813234329224,-31.8085899353027,-0.0104320989921689,0.021188642596826
5.63636636734009,-31.8120822906494,-0.0140310628339648,0.0209578494541347
5.89465618133545,-31.8155250549316,-0.0176439192146063,0.020774886244908
6.15292406082153,-31.8189029693604,-0.0209306143224239,0.0205066015478224
6.41102027893066,-31.8222694396973,-0.0232352949678898,0.0202447411138564
6.66862154006958,-31.8255634307861,-0.0231630802154541,0.0199869726784527
6.92609119415283,-31.8287754058838,-0.0223048496991396,0.0197709598578513
7.18372631072998,-31.831901550293,-0.0219579748809338,0.0195971596986055
7.44167852401733,-31.8352527618408,-0.0227371286600828,0.0194098309148103
7.69968605041504,-31.8384914398193,-0.0235418546944857,0.0192109346389771
7.95868539810181,-31.8423252105713,-0.028327900916338,0.0186550405342132
-6.66927146911621,-31.9162158966064,0.0330032929778099,0.0192216401919723
-6.41354751586914,-31.9191265106201,0.0298687629401684,0.0194888357073069
-6.15781116485596,-31.9220523834229,0.0269200876355171,0.019591229967773
-5.90202379226685,-31.9250984191895,0.0239809453487396,0.0197224305011332
-5.64695072174072,-31.9278621673584,0.0246881954371929,0.0197657090611756
-5.3922438621521,-31.9305248260498,0.0273661706596613,0.0198831227608025
-5.13701248168945,-31.933443069458,0.0277802404016256,0.0201001665554941
-4.88099527359009,-31.9365844726562,0.0246942173689604,0.020429665222764
-4.62540769577026,-31.9394111633301,0.0238611847162247,0.0208654026500881
-4.36995840072632,-31.9421653747559,0.0239093750715256,0.0212674615904689
-4.11352157592773,-31.9454956054688,0.0195684991776943,0.0216104986611754
-3.85666036605835,-31.9491729736328,0.0135087510570884,0.0217567700892687
-3.6007559299469,-31.9525165557861,0.0121848220005631,0.0217746484559029
-3.34567284584045,-31.955286026001,0.0148994037881494,0.0218132983427495
-3.09041929244995,-31.9579658508301,0.017016539350152,0.02198931586463
-2.83457398414612,-31.960994720459,0.0166167132556438,0.0222207808401436
-2.57889127731323,-31.9639453887939,0.0171979814767838,0.0224491691333242
-2.32312989234924,-31.9667625427246,0.0176204089075327,0.0225813556608045
-2.06752061843872,-31.9694061279297,0.0189583264291286,0.0227357802214101
-1.81197249889374,-31.9720783233643,0.0208048652857542,0.0229094344540499
-1.55616915225983,-31.9749984741211,0.0217156950384378,0.0230620765360072
-1.30026686191559,-31.9779644012451,0.0223960839211941,0.023125383304432
-1.04409515857697,-31.9810276031494,0.0220658294856548,0.0231310676317662
-0.787540018558502,-31.9843120574951,0.0202192943543196,0.0231130009051412
-0.530842900276184,-31.9876136779785,0.0179550480097532,0.0230307711753994
-0.274681746959686,-31.9903869628906,0.0183268282562494,0.0229999567382038
-0.0184256471693516,-31.9932136535645,0.0184935964643955,0.0230866267811507
0.238467559218407,-31.9964790344238,0.0160213876515627,0.0231247416231781
0.495960474014282,-32.0001487731934,0.011093613691628,0.0230922882910818
0.753176867961884,-32.0034446716309,0.00762753840535879,0.0230069207027555
1.00977683067322,-32.006462097168,0.00717312935739756,0.0229555431287736
1.26600766181946,-32.0094184875488,0.00861566606909037,0.0230291467159986
1.52222943305969,-32.0124282836914,0.0103250415995717,0.0230303155258298
1.77866315841675,-32.0153732299805,0.0112848812714219,0.0230268836021423
2.0352144241333,-32.0182762145996,0.011929240077734,0.0230468143709004
2.29181933403015,-32.0212516784668,0.0125627489760518,0.0230079139582813
2.54868483543396,-32.0243988037109,0.0122679648920894,0.0228887530975044
2.80584859848022,-32.0276412963867,0.0108710369095206,0.0227354294620454
3.06295084953308,-32.0308074951172,0.00997048430144787,0.0225907820276916
3.31991720199585,-32.0339393615723,0.00990016013383865,0.0224909046664834
3.57731080055237,-32.0373725891113,0.00818550493568182,0.022209357470274
3.83501434326172,-32.0407981872559,0.00532059418037534,0.0218741833232343
4.09278774261475,-32.0441818237305,0.00237577315419912,0.0216830568388104
4.35024499893188,-32.0474624633789,0.00105452153366059,0.0215307218022645
4.607741355896,-32.050724029541,-0.000213631588849239,0.0214442587457597
4.8655252456665,-32.0541725158691,-0.00249978830106556,0.0212715493980795
5.12391567230225,-32.0579299926758,-0.00719024706631899,0.021033194148913
5.38254356384277,-32.0618171691895,-0.0126661993563175,0.0207779570482671
5.64078807830811,-32.0653228759766,-0.016259890049696,0.0205898098647594
5.8986611366272,-32.0685729980469,-0.0180234834551811,0.0203629524912685
6.15633201599121,-32.0716896057129,-0.018688203766942,0.0201169482897967
6.41408491134644,-32.0749702453613,-0.0194682292640209,0.0198881076648831
6.67203521728516,-32.0783615112305,-0.0208664145320654,0.0196641655638814
6.9301381111145,-32.0819320678711,-0.022679815068841,0.0194677703548223
7.18798446655273,-32.0851516723633,-0.0231945589184761,0.0192992163356394
7.44602298736572,-32.0885276794434,-0.0242960676550865,0.0190499613527209
7.70350408554077,-32.0915374755859,-0.022809499874711,0.0188774061389267
7.96184015274048,-32.0949440002441,-0.0247455108910799,0.0183877120725811
-6.91851234436035,-32.1668968200684,0.0216298084706068,0.0187616692855954
-6.66480827331543,-32.1688232421875,0.0280126631259918,0.0189452087506652
-6.4095344543457,-32.1713943481445,0.0270743500441313,0.0191742908209562
-6.15416383743286,-32.1741065979004,0.0259194821119308,0.0192442871630192
-5.8984580039978,-32.1769676208496,0.023400355130434,0.0194099768996239
-5.64341878890991,-32.1796112060547,0.0243035480380058,0.0194489471614361
-5.38878965377808,-32.1822891235352,0.0274048317223787,0.0194829115644097
-5.13379573822021,-32.1852416992188,0.0290079470723867,0.019645337946713
-4.87810516357422,-32.1883811950684,0.0275282971560955,0.0199834839440882
-4.62248468399048,-32.1912574768066,0.026584642007947,0.0204126103781164
-4.36687707901001,-32.1939888000488,0.02591647580266,0.0208194153383374
-4.11051988601685,-32.197151184082,0.0219748374074697,0.0211544972844422
-3.85386157035828,-32.2008590698242,0.0169199556112289,0.0213726088404655
-3.59798884391785,-32.2041969299316,0.015784028917551,0.0213563409633934
-3.34242677688599,-32.2072486877441,0.016311414539814,0.0213244506157935
-3.08705925941467,-32.2100257873535,0.0179464034736156,0.021451682318002
-2.83097815513611,-32.213207244873,0.0165001172572374,0.0216740167234093
-2.57491397857666,-32.2163391113281,0.015362118370831,0.0218978052726015
-2.31911897659302,-32.2192344665527,0.0156855192035437,0.022027219994925
-2.06375074386597,-32.221736907959,0.0181790553033352,0.0221632369793952
-1.80835342407227,-32.2244186401367,0.020775469020009,0.0223300017823931
-1.55257272720337,-32.2273597717285,0.0218385066837072,0.0224931586562889
-1.29670512676239,-32.2303237915039,0.0227235238999128,0.022529998794198
-1.04029583930969,-32.2335014343262,0.0213508009910583,0.0225335938157514
-0.783504486083984,-32.2368125915527,0.0184619668871164,0.0225493616890162
-0.526885628700256,-32.2400703430176,0.0166003182530403,0.0225301330210641
-0.270956575870514,-32.2428550720215,0.01808768697083,0.0225194294471294
-0.0146695002913475,-32.2457962036133,0.018170477822423,0.0225225675385445
0.242248877882957,-32.2491493225098,0.0156381502747536,0.0224947282113135
0.499376147985458,-32.2525939941406,0.0123981889337301,0.0224143750965595
0.756300389766693,-32.2557144165039,0.0102838380262256,0.0223958734422922
1.01301896572113,-32.2587776184082,0.00933268014341593,0.0223606943618506
1.2693704366684,-32.2618026733398,0.0102740218862891,0.0224172899033874
1.52555334568024,-32.2648429870605,0.0122030135244131,0.0224718193057925
1.78172540664673,-32.2676467895508,0.0143684800714254,0.0225300546735525
2.03831028938293,-32.2705497741699,0.0148983635008335,0.0225075136404485
2.29524326324463,-32.2737159729004,0.0141140520572662,0.0224458666052669
2.55243730545044,-32.2771110534668,0.0124113094061613,0.02236666996032
2.80999183654785,-32.2806625366211,0.00934137031435966,0.0222784103825688
3.06728148460388,-32.2838821411133,0.00765418726950884,0.0221401418093592
3.32414078712463,-32.2869300842285,0.00809980556368828,0.0220036106184125
3.58141255378723,-32.2902641296387,0.0069632176309824,0.0217092051170766
3.83893775939941,-32.2937469482422,0.0049446769990027,0.0213750449474901
4.09659814834595,-32.2972297668457,0.00255827629007399,0.0211634621955454
4.35378837585449,-32.3003807067871,0.00244575296528637,0.0210242541506886
4.61124277114868,-32.3035736083984,0.00139630574267358,0.0209112975280732
4.86924600601196,-32.3071327209473,-0.00180626113433391,0.0207147269975394
5.12790060043335,-32.3110122680664,-0.00760331191122532,0.0205258799251169
5.3867301940918,-32.3149604797363,-0.0139139536768198,0.0203891252167523
5.64516401290894,-32.3185768127441,-0.0182820800691843,0.0202616211026907
5.90269041061401,-32.3217124938965,-0.0184933692216873,0.0199940910097212
6.15976476669312,-32.3246459960938,-0.01652891933918,0.0197840365581214
6.41719532012939,-32.327709197998,-0.0158886946737766,0.0195451617473736
6.67553853988647,-32.3311424255371,-0.0189594142138958,0.0193461643066257
6.93420362472534,-32.3350028991699,-0.0231389850378036,0.0191430090926588
7.19204616546631,-32.3383712768555,-0.0235735177993774,0.0189466403098777
7.44949340820312,-32.341495513916,-0.0221037324517965,0.0186920199776068
7.70692157745361,-32.3444938659668,-0.0203506126999855,0.0184783216100186
7.96478176116943,-32.3476066589355,-0.0202300045639277,0.0180680344346911
-6.91509675979614,-32.4183807373047,0.021520746871829,0.0182959912344813
-6.66071033477783,-32.4209289550781,0.0247181951999664,0.0185749400407076
-6.40574598312378,-32.4234046936035,0.0253210347145796,0.0187958562746644
-6.15043258666992,-32.4261512756348,0.0245005879551172,0.0189125798642635
-5.89505195617676,-32.428840637207,0.0235806461423635,0.0190427266061306
-5.63990783691406,-32.4317092895508,0.0240540951490402,0.0191671438515186
-5.38507127761841,-32.434513092041,0.0262242816388607,0.0192601643502712
-5.1300482749939,-32.4374656677246,0.02773841843009,0.0194045281969011
-4.87466287612915,-32.4405517578125,0.0277588572353125,0.0196441817097366
-4.61918973922729,-32.4434432983398,0.0275673102587461,0.0199829023331404
-4.36375045776367,-32.4460220336914,0.027727035805583,0.0203332914970815
-4.10784387588501,-32.4488754272461,0.0259275138378143,0.0206827167421579
-3.85154914855957,-32.4523735046387,0.0226071905344725,0.0209050052799284
-3.59549236297607,-32.455753326416,0.0206397362053394,0.0208796309307218
-3.33948278427124,-32.459056854248,0.0191222075372934,0.0208194670267403
-3.08382177352905,-32.4620323181152,0.0194405596703291,0.0208798367530107
-2.82768726348877,-32.4652481079102,0.0177896674722433,0.0210504466667771
-2.57139253616333,-32.4685134887695,0.0156294852495193,0.0213243863545358
-2.31560254096985,-32.4715042114258,0.0160328671336174,0.0215544586535543
-2.06044340133667,-32.4739685058594,0.0195419043302536,0.0217323341639712
-1.80508017539978,-32.4766998291016,0.0223457720130682,0.0218486399389803
-1.54903995990753,-32.4797477722168,0.0222569238394499,0.0219081485411152
-1.2927725315094,-32.4829711914062,0.0213628523051739,0.0219191095675342
-1.03603863716125,-32.4863014221191,0.0185531731694937,0.0219606236605614
-0.77914571762085,-32.4895820617676,0.0152413994073868,0.0220460621785605
-0.522831320762634,-32.4926795959473,0.0148145658895373,0.022092676081229
-0.267195343971252,-32.4954223632812,0.0176927857100964,0.0220694134477526
-0.010946755297482,-32.4984893798828,0.0180130377411842,0.0219934640917927
0.245777323842049,-32.5017852783203,0.0164077486842871,0.0219193144002929
0.502585113048553,-32.5050163269043,0.0146442241966724,0.0218864888884127
0.759488523006439,-32.5081253051758,0.0126619720831513,0.0219093943014741
1.01646685600281,-32.5113182067871,0.0105827366933227,0.0218184950063005
1.2728978395462,-32.5143013000488,0.0111985513940454,0.0218193447217345
1.52893757820129,-32.5172805786133,0.0138108180835843,0.0218956517055631
1.78495645523071,-32.520092010498,0.0167104918509722,0.0219383330550045
2.0415415763855,-32.5230979919434,0.0172899048775434,0.021858969470486
2.29870510101318,-32.5263900756836,0.0155207300558686,0.0217648847028613
2.55606842041016,-32.5299224853516,0.0131152700632811,0.021706776227802
2.81393337249756,-32.5336227416992,0.00871155597269535,0.0216355887241662
3.07142162322998,-32.536922454834,0.00618918379768729,0.0214589997194707
3.32853293418884,-32.5401496887207,0.00557721219956875,0.0212846384383738
3.58584094047546,-32.5435256958008,0.00433186301961541,0.0210761403432116
3.84319615364075,-32.5470314025879,0.00312187755480409,0.0209033307619393
4.10051250457764,-32.5504112243652,0.00229698559269309,0.0207590180216357
4.35750198364258,-32.553409576416,0.00310116726905107,0.020657712360844
4.6150074005127,-32.5566520690918,0.00187393964733928,0.0204848510911688
4.87322854995728,-32.5603370666504,-0.0022328021004796,0.0203014604048803
5.13192081451416,-32.5642051696777,-0.00815259013324976,0.0201776620233431
5.39081048965454,-32.5681343078613,-0.0146879088133574,0.0200807225191966
5.64964437484741,-32.5719757080078,-0.0207379329949617,0.0198681418551132
5.90708923339844,-32.5751571655273,-0.0205368511378765,0.0196086838841438
6.16356563568115,-32.5779571533203,-0.0159275569021702,0.0193798495456576
6.42060041427612,-32.5807075500488,-0.0135566825047135,0.0191795531427488
6.67923593521118,-32.5841827392578,-0.0178561080247164,0.0189617559080943
6.93823671340942,-32.5881767272949,-0.0234373044222593,0.0187705499120057
7.19589757919312,-32.5916213989258,-0.0230288226157427,0.0185543455881998
7.45298624038696,-32.5946044921875,-0.0199803560972214,0.0183215679135174
7.71014404296875,-32.5974769592285,-0.0170352179557085,0.0180948603665456
7.9675817489624,-32.6003608703613,-0.0150838494300842,0.0177658022148535
8.22435283660889,-32.6029930114746,-0.0100798336789012,0.017449781531468
-6.91203880310059,-32.669734954834,0.0231206603348255,0.0178829403594136
-6.65732955932617,-32.6724624633789,0.0248197577893734,0.0181707385927439
-6.40234851837158,-32.6751365661621,0.0254166461527348,0.0183496344834566
-6.14740180969238,-32.677734375,0.0263962112367153,0.0185383651405573
-5.89215230941772,-32.6805877685547,0.0261744111776352,0.0186490751802921
-5.63669157028198,-32.6837997436523,0.0252118892967701,0.0188530124723911
-5.3814115524292,-32.6868591308594,0.0253296904265881,0.0190520500764251
-5.12609148025513,-32.6898612976074,0.0254762191325426,0.0192024409770966
-4.87072324752808,-32.6929054260254,0.0256285220384598,0.0193457836285233
-4.61529493331909,-32.6958045959473,0.0257023181766272,0.0195463714189827
-4.36006212234497,-32.6983261108398,0.0268861595541239,0.0198351386934519
-4.10472917556763,-32.7009353637695,0.0278313178569078,0.0201423312537372
-3.848881483078,-32.7041320800781,0.0266340617090464,0.0203028600662947
-3.59281730651855,-32.7074851989746,0.0246663745492697,0.0202687121927738
-3.33673691749573,-32.7108039855957,0.0228543411940336,0.0202575069852173
-3.08103847503662,-32.7137641906738,0.0230316985398531,0.0204407447017729
-2.82487487792969,-32.7170104980469,0.0212865434587002,0.0206370875239372
-2.56828713417053,-32.7204742431641,0.0178155675530434,0.0208795159123838
-2.3122820854187,-32.7236328125,0.0172738432884216,0.0211148504167795
-2.05713534355164,-32.7261962890625,0.0208963099867105,0.0212910815607756
-1.80191957950592,-32.7288703918457,0.0244222600013018,0.0213665324263275
-1.54575169086456,-32.7320594787598,0.023797869682312,0.0213473547482863
-1.28901159763336,-32.7355308532715,0.0207840744405985,0.0213556165108457
-1.03203499317169,-32.7389678955078,0.0169095899909735,0.0214703059755266
-0.775544047355652,-32.7420997619629,0.0154847037047148,0.0215961507055908
-0.519546389579773,-32.745002746582,0.0165376905351877,0.021665923675755
-0.26382127404213,-32.7478523254395,0.0190599914640188,0.021605470796203
-0.00759204430505633,-32.7509994506836,0.0195204541087151,0.0215217688528355
0.248985707759857,-32.7542686462402,0.0186235923320055,0.0214680574426893
0.505963742733002,-32.7575912475586,0.0161320399492979,0.0214757354697213
0.763185739517212,-32.7608451843262,0.012754918076098,0.0214911769144237
1.02011442184448,-32.7639846801758,0.010938772931695,0.0213227379717864
1.2763546705246,-32.7668647766113,0.0124518759548664,0.0212435920257121
1.53219306468964,-32.7697105407715,0.0160020142793655,0.0212662772973999
1.78825151920319,-32.7726097106934,0.0187731850892305,0.0213007472921163
2.04486322402954,-32.7757377624512,0.0192865096032619,0.0212600465165451
2.30211496353149,-32.779109954834,0.0171694625169039,0.021161217126064
2.55946159362793,-32.7826156616211,0.0148757863789797,0.0210981202544644
2.81717467308044,-32.7861328125,0.0111714825034142,0.0209319408750162
3.07476997375488,-32.7895088195801,0.00821734126657248,0.0206712350482121
3.33235669136047,-32.7930603027344,0.00555861089378595,0.0204997505061328
3.59002184867859,-32.7966957092285,0.00279614236205816,0.0204517277888954
3.84750843048096,-32.800235748291,0.00105277425609529,0.0204652769025415
4.10462999343872,-32.8034057617188,0.0011157188564539,0.0204022307880223
4.36164236068726,-32.8064842224121,0.00187499495223165,0.0203014822909608
4.6192102432251,-32.8099250793457,0.000440350413555279,0.0201270338147879
4.87750244140625,-32.8137016296387,-0.00392092112451792,0.0199781871633604
5.13598394393921,-32.8174247741699,-0.00888452399522066,0.0198483322747052
5.39447450637817,-32.8211669921875,-0.0136415800079703,0.0196855131071061
5.65324735641479,-32.825023651123,-0.019379636272788,0.0193945166538469
5.9106125831604,-32.8282203674316,-0.0187871679663658,0.0191421835916117
6.16723155975342,-32.8310279846191,-0.0147593785077333,0.0190027026401367
6.42424011230469,-32.8338356018066,-0.0122257759794593,0.0188887327385601
6.68308591842651,-32.8374443054199,-0.0173829030245543,0.0186847913137171
6.94206762313843,-32.8414611816406,-0.0228353682905436,0.0184644850087352
7.19967222213745,-32.8449249267578,-0.0221387036144733,0.0182433763111476
7.45678758621216,-32.8479461669922,-0.0191584788262844,0.0180140235752333
7.71403551101685,-32.8509140014648,-0.016545943915844,0.0177752160525415
7.97143173217773,-32.8537559509277,-0.0143782403320074,0.0174503774323966
8.22915077209473,-32.8568344116211,-0.013354049064219,0.0170426074473653
-6.90886068344116,-32.9213218688965,0.024152684956789,0.0175191080197692
-6.65414810180664,-32.9240074157715,0.0258782431483269,0.0178000461310148
-6.39915084838867,-32.9267196655273,0.0264482889324427,0.0179830556735396
-6.14434766769409,-32.9292984008789,0.0281677059829235,0.0181527966633439
-5.88911867141724,-32.9322891235352,0.0281049590557814,0.0182252693921328
-5.63348913192749,-32.9356498718262,0.0263921469449997,0.0184451946988702
-5.3779468536377,-32.9388961791992,0.0253224968910217,0.0187046118080616
-5.12229347229004,-32.9420890808105,0.0239453800022602,0.0188994593918324
-4.86675930023193,-32.945182800293,0.0233598221093416,0.0190180614590645
-4.61129474639893,-32.9480781555176,0.023314731195569,0.0191629948094487
-4.35598516464233,-32.950756072998,0.0242061913013458,0.0193964219652116
-4.10057020187378,-32.9535598754883,0.0248391889035702,0.0196038954891264
-3.84481072425842,-32.9567031860352,0.0241062995046377,0.0196918193250895
-3.58899712562561,-32.9598846435547,0.023353535681963,0.0197127130813897
-3.33324074745178,-32.9629402160645,0.0230867173522711,0.0198281933553517
-3.07758235931396,-32.9658889770508,0.0234974976629019,0.0200946507975459
-2.82154297828674,-32.969123840332,0.0223795156925917,0.0203315285034478
-2.56526875495911,-32.9725494384766,0.0204176381230354,0.020494875498116
-2.30931234359741,-32.9756889343262,0.0201422963291407,0.0206600278615952
-2.05406928062439,-32.9782981872559,0.023359565064311,0.0208051593508571
-1.79869854450226,-32.9810371398926,0.0262124370783567,0.0208681034855545
-1.54258453845978,-32.984203338623,0.0258773881942034,0.0208457682747394
-1.28585016727448,-32.9876518249512,0.0229276660829782,0.0208463699091226
-1.02908253669739,-32.9910545349121,0.0200571026653051,0.0209796910639852
-0.772935152053833,-32.9940872192383,0.0202456004917622,0.0211110905511305
-0.516730427742004,-32.9971504211426,0.0203987900167704,0.0211835118243471
-0.260603606700897,-33.0002632141113,0.0211424417793751,0.0211447451729327
-0.00428776303306222,-33.0034255981445,0.0212473887950182,0.0210711110848933
0.252253413200378,-33.006721496582,0.020562132820487,0.0210531845805235
0.509515404701233,-33.0102272033691,0.0168352145701647,0.0210262586479075
0.76688939332962,-33.0135498046875,0.0128160817548633,0.0209781632147497
1.02349603176117,-33.0165519714355,0.0124931950122118,0.0207890784245137
1.27952325344086,-33.0193862915039,0.0150097142904997,0.0206849209498614
1.53548443317413,-33.0223007202148,0.0180502459406853,0.0207097855309257
1.79192852973938,-33.0253715515137,0.0191372167319059,0.0207993553194683
2.04864406585693,-33.0285758972168,0.0192362181842327,0.0208514521073084
2.30577850341797,-33.0319862365723,0.0176962111145258,0.0208048202039208
2.56300830841064,-33.0354347229004,0.0159624963998795,0.0206997686764225
2.82044625282288,-33.0387573242188,0.0135108139365911,0.0204209655930754
3.0779230594635,-33.0421409606934,0.0111271366477013,0.0201137386320625
3.33561778068542,-33.0458221435547,0.00804096553474665,0.0199527560907882
3.59364938735962,-33.0495948791504,0.00369961536489427,0.0199959681194741
3.85151219367981,-33.0531883239746,0.000329289119690657,0.0200697560212575
4.10886907577515,-33.0564842224121,-0.000593223434407264,0.0199893952230923
4.36586141586304,-33.0596733093262,0.000317497062496841,0.0198598930146545
4.62323760986328,-33.0630950927734,-0.000224119343329221,0.0197087668639142
4.88151597976685,-33.0668907165527,-0.00447795120999217,0.019613074924564
5.13979148864746,-33.0705299377441,-0.00849693641066551,0.0194929753633915
5.39785289764404,-33.0741157531738,-0.011342073790729,0.0193227090021537
5.65599155426025,-33.0776824951172,-0.014293129555881,0.0190770706030889
5.91325426101685,-33.0808753967285,-0.0132179716601968,0.0188686278561363
6.17039346694946,-33.083911895752,-0.0114040141925216,0.0187411193473963
6.42789554595947,-33.0870132446289,-0.0109494756907225,0.0185939151560888
6.68675899505615,-33.0908241271973,-0.0161162335425615,0.018347571924096
6.94558048248291,-33.0948143005371,-0.0208340715616941,0.0181117305619409
7.20361995697021,-33.0984764099121,-0.0219576694071293,0.0179425433889264
7.46104383468628,-33.1015930175781,-0.0202572550624609,0.0177624555326474
7.71851968765259,-33.1045913696289,-0.0185784231871367,0.0174677809336572
7.97606229782104,-33.107608795166,-0.0169708654284477,0.0171893113729311
8.23392581939697,-33.1107635498047,-0.0165123492479324,0.0167678543366492
-6.90558767318726,-33.1731033325195,0.0247347913682461,0.0171891283243895
-6.65088558197021,-33.1757545471191,0.0265546571463346,0.0174691760912538
-6.39587020874023,-33.1785850524902,0.0271011851727962,0.0176368216052651
-6.14092016220093,-33.1813545227051,0.0281820427626371,0.0178210632875562
-5.88570833206177,-33.1843299865723,0.0282515939325094,0.0179189378395677
-5.63016891479492,-33.1876335144043,0.0270140301436186,0.0181048540398479
-5.37482738494873,-33.1908187866211,0.0269480422139168,0.0183526081964374
-5.11930847167969,-33.1939277648926,0.0262478478252888,0.0185815133154392
-4.86367654800415,-33.1970100402832,0.0252385046333075,0.0187320383265615
-4.60798645019531,-33.2000694274902,0.0241811200976372,0.018861711025238
-4.35244035720825,-33.2030792236328,0.0240361988544464,0.0190008040517569
-4.09680414199829,-33.2061424255371,0.0236978232860565,0.0191241428256035
-3.84102034568787,-33.2093238830566,0.0229045916348696,0.0191859593614936
-3.58534693717957,-33.2123069763184,0.0228410586714745,0.0192706440575421
-3.32976174354553,-33.2151145935059,0.023398594930768,0.0194842177443206
-3.07404208183289,-33.2180519104004,0.0235650800168514,0.0197566724382341
-2.81805515289307,-33.2213401794434,0.02274782769382,0.0200081272050738
-2.5622398853302,-33.224609375,0.0229636617004871,0.0200944030657411
-2.30664372444153,-33.2275314331055,0.0243875682353973,0.0201627882197499
-2.05108022689819,-33.2303581237793,0.0261727757751942,0.0202273856848478
-1.79528594017029,-33.2333145141602,0.0271190218627453,0.0202656420879066
-1.53925359249115,-33.2363662719727,0.0271935202181339,0.0202821246348321
-1.28283667564392,-33.2396697998047,0.0257410053163767,0.0203149165026844
-1.02620577812195,-33.2431030273438,0.0235471483319998,0.020456132479012
-0.769937694072723,-33.2463226318359,0.0232388582080603,0.0205694418400526
-0.513588845729828,-33.24951171875,0.022782564163208,0.0206446975935251
-0.25740173459053,-33.252613067627,0.0232873316854239,0.0206235772930086
-0.00113863800652325,-33.2557373046875,0.0236703399568796,0.0205435683019459
0.255502104759216,-33.2590866088867,0.0225755609571934,0.0205580373294652
0.512940645217896,-33.262767791748,0.0181038286536932,0.0205484814941883
0.770352602005005,-33.2661247253418,0.0139573998749256,0.0204927965532988
1.02670311927795,-33.2691192626953,0.0148424599319696,0.0203162747784518
1.28274059295654,-33.2719955444336,0.0173573829233646,0.0202521386672743
1.53903901576996,-33.2750968933105,0.0189318712800741,0.0202612667344511
1.79601883888245,-33.2784309387207,0.0176693834364414,0.0203393869160209
2.0529637336731,-33.2817611694336,0.0167949125170708,0.0204203505127225
2.30999612808228,-33.2851104736328,0.0157574135810137,0.0203791535750497
2.56706881523132,-33.2884788513184,0.014769266359508,0.020222918712534
2.82431268692017,-33.2917823791504,0.013233426027,0.0199220814974979
3.08165216445923,-33.2951965332031,0.0115139679983258,0.0197140799136832
3.33910894393921,-33.2986907958984,0.00951086170971394,0.0196600802009925
3.59712338447571,-33.3023643493652,0.00527444016188383,0.0197083567327354
3.85500955581665,-33.3059387207031,0.00183895218651742,0.0196748302259948
4.11246871948242,-33.3093109130859,0.00051434466149658,0.0195400119409896
4.36962461471558,-33.3126525878906,0.000759014801587909,0.0193666009872686
4.62696838378906,-33.3161010742188,0.000409095053328201,0.019222023547627
4.88535642623901,-33.3200035095215,-0.00427226303145289,0.0191517277271487
5.14363527297974,-33.3237686157227,-0.00824699550867081,0.0190842489246279
5.40149259567261,-33.3273544311523,-0.0101499119773507,0.0189953208900988
5.6589822769165,-33.3306198120117,-0.0102475713938475,0.018804605177138
5.91617012023926,-33.3337364196777,-0.00881693884730339,0.0186284564551897
6.17400026321411,-33.3371086120605,-0.00994819868355989,0.0184336542151868
6.43206644058228,-33.3405303955078,-0.0118728317320347,0.0182080874801613
6.69048500061035,-33.3442306518555,-0.0150690646842122,0.0179323710035533
6.94881248474121,-33.3479385375977,-0.0176314674317837,0.0177413948695175
7.20733690261841,-33.3518257141113,-0.0207928828895092,0.0176349084358662
7.4653754234314,-33.3553085327148,-0.021663885563612,0.017501249385532
7.72314310073853,-33.358455657959,-0.0211813785135746,0.01720158115495
7.9808349609375,-33.3615875244141,-0.0201523900032043,0.0169514793669805
8.23868274688721,-33.3647575378418,-0.0195696242153645,0.0165318949148059
-6.90211725234985,-33.4251747131348,0.0243771690875292,0.0169033408164978
-6.64734697341919,-33.4278678894043,0.0259250439703465,0.0171842155978084
-6.39256381988525,-33.4305267333984,0.0276274736970663,0.0173951257020235
-6.13758420944214,-33.433292388916,0.0286145061254501,0.0175033146515489
-5.88238716125488,-33.4363136291504,0.0288090892136097,0.0175788747146726
-5.62704563140869,-33.4395484924316,0.0285642128437757,0.0177209815010428
-5.37168645858765,-33.4427604675293,0.0284605957567692,0.0179941430687904
-5.11619901657104,-33.4458808898926,0.0279606245458126,0.0182584123685956
-4.86042070388794,-33.4490928649902,0.0263123083859682,0.0184009494259953
-4.60461044311523,-33.4522972106934,0.0247465409338474,0.0184918893501163
-4.34885311126709,-33.4554672241211,0.0236620586365461,0.0185954496264458
-4.09300708770752,-33.4587593078613,0.0224040877074003,0.0186750693246722
-3.83710241317749,-33.4620590209961,0.02110555768013,0.0187055831775069
-3.58140254020691,-33.465015411377,0.0209636222571135,0.0187898389995098
-3.3259608745575,-33.467601776123,0.0222232006490231,0.0190395568497479
-3.07040643692017,-33.4703636169434,0.0231951791793108,0.0193872428499162
-2.81462979316711,-33.4735412597656,0.0233993045985699,0.0196251315064728
-2.558913230896,-33.4767684936523,0.0241187997162342,0.0196915362030268
-2.30343127250671,-33.4797248840332,0.026125805452466,0.0196814988739789
-2.0480489730835,-33.4824409484863,0.0287869274616241,0.0196889592334628
-1.79241478443146,-33.4852638244629,0.0305027421563864,0.0196903171017766
-1.53632462024689,-33.4883995056152,0.0303576663136482,0.0196936307474971
-1.27981603145599,-33.4917945861816,0.0285307075828314,0.0197679963894188
-1.02318549156189,-33.4952735900879,0.0263840518891811,0.0199203682132065
-0.766719460487366,-33.4986343383789,0.0252188835293055,0.0200852784328163
-0.510441780090332,-33.5018424987793,0.0251342840492725,0.0201585723552853
-0.254250675439835,-33.5049362182617,0.0256606731563807,0.0201224873308092
0.00197676499374211,-33.5080757141113,0.0262497458606958,0.0200551827438176
0.258723258972168,-33.5115127563477,0.024720860645175,0.0200828628148884
0.516264975070953,-33.5152397155762,0.0198237150907516,0.0201345859095454
0.773750424385071,-33.5187568664551,0.0154035780578852,0.0200572656467557
1.0302746295929,-33.5218048095703,0.0155461868271232,0.0198698053136468
1.28619313240051,-33.5246849060059,0.0186461396515369,0.0197555182967335
1.54258739948273,-33.5278739929199,0.0198391824960709,0.0198258741293103
1.79971718788147,-33.5313339233398,0.0179572869092226,0.019967979984358
2.05695939064026,-33.5348052978516,0.0158017240464687,0.020061603281647
2.31401348114014,-33.5382232666016,0.0147207928821445,0.0200347201898694
2.57104563713074,-33.5415802001953,0.0139610888436437,0.0198511087801307
2.8280348777771,-33.5447959899902,0.0136038204655051,0.0195574077079073
3.08514022827148,-33.5480537414551,0.012957664206624,0.0193123166682199
3.34260535240173,-33.5515670776367,0.0109618101269007,0.0192793764872476
3.60066270828247,-33.5553207397461,0.00658569158986211,0.0193621169310063
3.85878658294678,-33.5590019226074,0.00214693276211619,0.019345314707607
4.11618900299072,-33.5623931884766,0.00111982552334666,0.0191334515111521
4.37307548522949,-33.565673828125,0.002595225116238,0.0188755677081645
4.63053607940674,-33.5692405700684,0.00178459822200239,0.0187418380519375
4.88895797729492,-33.5731658935547,-0.00300200679339468,0.0187422891613096
5.14745426177979,-33.5770683288574,-0.00787551794201136,0.0187688141595572
5.40532159805298,-33.580623626709,-0.00978126097470522,0.0186982412124053
5.66262197494507,-33.583869934082,-0.00900657195597887,0.0185332041000947
5.91984701156616,-33.5870208740234,-0.00769199011847377,0.018349859630689
6.17740964889526,-33.5902442932129,-0.00762854656204581,0.0181413436075673
6.43557167053223,-33.5937080383301,-0.00992748979479074,0.0178614883916453
6.69417142868042,-33.5975036621094,-0.0138575006276369,0.0175424589542672
6.95283126831055,-33.6015396118164,-0.0177809819579124,0.0173550881445408
7.21133327484131,-33.6054801940918,-0.0207931473851204,0.0173235861584544
7.46960973739624,-33.6090927124023,-0.0226326081901789,0.0172622128156945
7.72772121429443,-33.6124572753906,-0.0235605072230101,0.0170745959621854
7.9855694770813,-33.6156234741211,-0.0231530535966158,0.0167346053058282
8.24342346191406,-33.6188125610352,-0.0225423965603113,0.0163358335848898
-6.898362159729,-33.677547454834,0.0226622726768255,0.0166111644357443
-6.64345693588257,-33.6803550720215,0.0236219074577093,0.0168881975114346
-6.3885612487793,-33.6831359863281,0.0248523056507111,0.0171273602172732
-6.13361597061157,-33.6859092712402,0.0260615721344948,0.0172733888030052
-5.87868118286133,-33.6887588500977,0.0275559462606907,0.0173747660592198
-5.62388324737549,-33.691650390625,0.0299359373748302,0.0175229581072927
-5.36913633346558,-33.6944923400879,0.0327737852931023,0.017786730080843
-5.11402463912964,-33.6974067687988,0.0340880453586578,0.0180518664419651
-4.85827445983887,-33.7006340026855,0.0326112471520901,0.0182006135582924
-4.60225105285645,-33.7040519714355,0.0300905518233776,0.01826555095613
-4.34618234634399,-33.7075500488281,0.0276046004146338,0.0183079047128558
-4.09005546569824,-33.711124420166,0.0250895749777555,0.0183350071310997
-3.83401393890381,-33.7144889831543,0.0231914818286896,0.0183611921966076
-3.57832407951355,-33.7172966003418,0.023121690377593,0.0184494443237782
-3.32289958000183,-33.719669342041,0.0244779828935862,0.0186570156365633
-3.06724810600281,-33.7223205566406,0.0250211041420698,0.0189243224449456
-2.81142950057983,-33.7254486083984,0.0250661075115204,0.0190850128419697
-2.55585217475891,-33.7286224365234,0.0264752507209778,0.0190852405503392
-2.30047225952148,-33.731616973877,0.029006939381361,0.019008157774806
-2.04495739936829,-33.7344932556152,0.0311098974198103,0.0189592204988003
-1.78913617134094,-33.7374382019043,0.0320108607411385,0.0189531492069364
-1.53301596641541,-33.7405662536621,0.0317684188485146,0.0190138937905431
-1.27652287483215,-33.7439880371094,0.0300598870962858,0.0191691741347313
-1.01975214481354,-33.747673034668,0.0273334868252277,0.0193669488653541
-0.763015985488892,-33.7513236999512,0.0250004138797522,0.0195271125994623
-0.50658917427063,-33.7546615600586,0.0242914333939552,0.0195885801222175
-0.250478953123093,-33.7576675415039,0.0252264123409986,0.0195654786657542
0.00556565262377262,-33.7606391906738,0.0266804676502943,0.0195428221486509
0.262230068445206,-33.7640228271484,0.0255661197006702,0.0196269380394369
0.519779801368713,-33.767822265625,0.0206854436546564,0.0197364487685263
0.777208089828491,-33.7714157104492,0.0165790040045977,0.0197225518058985
1.03368103504181,-33.7745170593262,0.017005130648613,0.0195878674276173
1.28981447219849,-33.7775344848633,0.0191876050084829,0.0194655249360949
1.54665338993073,-33.7809524536133,0.0184370521456003,0.0194443878717721
1.80418431758881,-33.7846298217773,0.0148143945261836,0.0194552959874272
2.06160521507263,-33.7882194519043,0.011918350122869,0.0194442789070308
2.3186719417572,-33.7916526794434,0.0108366888016462,0.0193656289484352
2.57568550109863,-33.7950325012207,0.0102153774350882,0.0191958204377443
2.83260059356689,-33.798282623291,0.0102488240227103,0.0190090287942439
3.08948040008545,-33.8014831542969,0.0106578040868044,0.0189257429447025
3.34652996063232,-33.8047943115234,0.0105449417605996,0.0189963587326929
3.60406517982483,-33.8082695007324,0.00850982032716274,0.0190433629322797
3.86170482635498,-33.811767578125,0.00624476047232747,0.0188942837994546
4.11879777908325,-33.8150939941406,0.00662239454686642,0.0185676706023514
4.37567663192749,-33.8183898925781,0.00816836208105087,0.0182760492898524
4.63347768783569,-33.822078704834,0.00589958159253001,0.0181794303935021
4.89246559143066,-33.8262748718262,-0.00131770619191229,0.0182577597443014
5.15150499343872,-33.8305053710938,-0.00850264821201563,0.0183601828757674
5.40962600708008,-33.8342475891113,-0.0114540122449398,0.0183355160988867
5.66696834564209,-33.8375358581543,-0.0108102029189467,0.018155392142944
5.92436742782593,-33.8407783508301,-0.0101972110569477,0.0179051916347817
6.18220233917236,-33.8441581726074,-0.0112538989633322,0.0176092906622216
6.44029235839844,-33.8476028442383,-0.0131872445344925,0.0172712306957692
6.69826030731201,-33.85107421875,-0.0143562685698271,0.016964687500149
6.95635318756104,-33.8548126220703,-0.0158029422163963,0.0168662533396855
7.2148904800415,-33.8587989807129,-0.0189209580421448,0.0169734621886164
7.47356748580933,-33.8626899719238,-0.0224186666309834,0.0170320081524551
7.73209238052368,-33.8663482666016,-0.0250503420829773,0.0169206844875589
7.990149974823,-33.8696899414062,-0.0254740975797176,0.0166215357603505
8.24803924560547,-33.8729209899902,-0.0249631516635418,0.0162522658938542
